filename,class_id,class_name,has_enemy,x_center,y_center,width,height,video_id,frame_idx,timestamp,confidence,auto_labeled,bbox_source,aug_type
Federico_sammelt_i_tried_the_new_season_[C-SDrECvTa4]_000000_cea4a646_aug_original.png,0,enemy,1,0.564996,0.493259,0.091759,0.275971,Federico_sammelt__i_tried_the_new_season [C-SDrECvTa4],0,0.000000,1.0000,False,manual_box,original
Federico_sammelt_i_tried_the_new_season_[C-SDrECvTa4]_000000_cea4a646_aug_original.png,1,player,1,0.388700,0.710151,0.162277,0.579699,Federico_sammelt__i_tried_the_new_season [C-SDrECvTa4],0,0.000000,1.0000,False,manual_box,original
Federico_sammelt_i_tried_the_new_season_[C-SDrECvTa4]_000000_cea4a646_aug_photo_exposure.png,0,enemy,1,0.564996,0.493259,0.091759,0.275971,Federico_sammelt__i_tried_the_new_season [C-SDrECvTa4],0,0.000000,1.0000,False,manual_box,photo_exposure
Federico_sammelt_i_tried_the_new_season_[C-SDrECvTa4]_000000_cea4a646_aug_photo_exposure.png,1,player,1,0.388700,0.710151,0.162277,0.579699,Federico_sammelt__i_tried_the_new_season [C-SDrECvTa4],0,0.000000,1.0000,False,manual_box,photo_exposure
Federico_sammelt_i_tried_the_new_season_[C-SDrECvTa4]_000000_cea4a646_aug_photo_gameplay.png,0,enemy,1,0.564996,0.493259,0.091759,0.275971,Federico_sammelt__i_tried_the_new_season [C-SDrECvTa4],0,0.000000,1.0000,False,manual_box,photo_gameplay
Federico_sammelt_i_tried_the_new_season_[C-SDrECvTa4]_000000_cea4a646_aug_photo_gameplay.png,1,player,1,0.388700,0.710151,0.162277,0.579699,Federico_sammelt__i_tried_the_new_season [C-SDrECvTa4],0,0.000000,1.0000,False,manual_box,photo_gameplay
Federico_sammelt_i_tried_the_new_season_[C-SDrECvTa4]_000000_cea4a646_aug_affine_mild.png,0,enemy,1,0.479536,0.549744,0.097230,0.285503,Federico_sammelt__i_tried_the_new_season [C-SDrECvTa4],0,0.000000,1.0000,False,manual_box,affine_mild
Federico_sammelt_i_tried_the_new_season_[C-SDrECvTa4]_000000_cea4a646_aug_affine_mild.png,1,player,1,0.661206,0.725485,0.173456,0.549030,Federico_sammelt__i_tried_the_new_season [C-SDrECvTa4],0,0.000000,1.0000,False,manual_box,affine_mild
Federico_sammelt_i_tried_the_new_season_[C-SDrECvTa4]_000015_358cf771_aug_original.png,1,player,1,0.387850,0.707772,0.160578,0.584456,Federico_sammelt__i_tried_the_new_season [C-SDrECvTa4],15,0.500000,1.0000,False,manual_box,original
Federico_sammelt_i_tried_the_new_season_[C-SDrECvTa4]_000015_358cf771_aug_original.png,0,enemy,1,0.833050,0.695480,0.330501,0.594766,Federico_sammelt__i_tried_the_new_season [C-SDrECvTa4],15,0.500000,1.0000,False,manual_box,original
Federico_sammelt_i_tried_the_new_season_[C-SDrECvTa4]_000015_358cf771_aug_photo_exposure.png,1,player,1,0.387850,0.707772,0.160578,0.584457,Federico_sammelt__i_tried_the_new_season [C-SDrECvTa4],15,0.500000,1.0000,False,manual_box,photo_exposure
Federico_sammelt_i_tried_the_new_season_[C-SDrECvTa4]_000015_358cf771_aug_photo_exposure.png,0,enemy,1,0.833050,0.695480,0.330501,0.594766,Federico_sammelt__i_tried_the_new_season [C-SDrECvTa4],15,0.500000,1.0000,False,manual_box,photo_exposure
Federico_sammelt_i_tried_the_new_season_[C-SDrECvTa4]_000015_358cf771_aug_photo_gameplay.png,1,player,1,0.387850,0.707772,0.160578,0.584457,Federico_sammelt__i_tried_the_new_season [C-SDrECvTa4],15,0.500000,1.0000,False,manual_box,photo_gameplay
Federico_sammelt_i_tried_the_new_season_[C-SDrECvTa4]_000015_358cf771_aug_photo_gameplay.png,0,enemy,1,0.833050,0.695480,0.330501,0.594766,Federico_sammelt__i_tried_the_new_season [C-SDrECvTa4],15,0.500000,1.0000,False,manual_box,photo_gameplay
Federico_sammelt_i_tried_the_new_season_[C-SDrECvTa4]_000015_358cf771_aug_affine_mild.png,1,player,1,0.570586,0.689053,0.181503,0.580345,Federico_sammelt__i_tried_the_new_season [C-SDrECvTa4],15,0.500000,1.0000,False,manual_box,affine_mild
Federico_sammelt_i_tried_the_new_season_[C-SDrECvTa4]_000015_358cf771_aug_affine_mild.png,0,enemy,1,0.142094,0.709390,0.284188,0.581221,Federico_sammelt__i_tried_the_new_season [C-SDrECvTa4],15,0.500000,1.0000,False,manual_box,affine_mild
Federico_sammelt_i_tried_the_new_season_[C-SDrECvTa4]_000015_358cf771_aug_retarget_edge.png,1,player,1,0.474800,0.512292,0.160578,0.584456,Federico_sammelt__i_tried_the_new_season [C-SDrECvTa4],15,0.500000,1.0000,False,manual_box,retarget_edge
Federico_sammelt_i_tried_the_new_season_[C-SDrECvTa4]_000015_358cf771_aug_retarget_edge.png,0,enemy,1,0.877375,0.500000,0.245250,0.594766,Federico_sammelt__i_tried_the_new_season [C-SDrECvTa4],15,0.500000,1.0000,False,manual_box,retarget_edge
Federico_sammelt_i_tried_the_new_season_[C-SDrECvTa4]_000030_0525d1e4_aug_original.png,1,player,1,0.370433,0.710944,0.175021,0.578113,Federico_sammelt__i_tried_the_new_season [C-SDrECvTa4],30,1.000000,1.0000,False,manual_box,original
Federico_sammelt_i_tried_the_new_season_[C-SDrECvTa4]_000030_0525d1e4_aug_photo_exposure.png,1,player,1,0.370433,0.710944,0.175021,0.578112,Federico_sammelt__i_tried_the_new_season [C-SDrECvTa4],30,1.000000,1.0000,False,manual_box,photo_exposure
Federico_sammelt_i_tried_the_new_season_[C-SDrECvTa4]_000030_0525d1e4_aug_photo_gameplay.png,1,player,1,0.370433,0.710944,0.175021,0.578112,Federico_sammelt__i_tried_the_new_season [C-SDrECvTa4],30,1.000000,1.0000,False,manual_box,photo_gameplay
Federico_sammelt_i_tried_the_new_season_[C-SDrECvTa4]_000030_0525d1e4_aug_affine_mild.png,1,player,1,0.583780,0.682901,0.193435,0.585367,Federico_sammelt__i_tried_the_new_season [C-SDrECvTa4],30,1.000000,1.0000,False,manual_box,affine_mild
Federico_sammelt_i_tried_the_new_season_[C-SDrECvTa4]_000030_0525d1e4_aug_retarget_edge.png,1,player,1,0.083755,0.500000,0.167511,0.578113,Federico_sammelt__i_tried_the_new_season [C-SDrECvTa4],30,1.000000,1.0000,False,manual_box,retarget_edge
Federico_sammelt_i_tried_the_new_season_[C-SDrECvTa4]_000045_597a6106_aug_original.png,1,player,1,0.380204,0.727597,0.237043,0.544806,Federico_sammelt__i_tried_the_new_season [C-SDrECvTa4],45,1.500000,1.0000,False,manual_box,original
Federico_sammelt_i_tried_the_new_season_[C-SDrECvTa4]_000045_597a6106_aug_photo_exposure.png,1,player,1,0.380204,0.727597,0.237043,0.544806,Federico_sammelt__i_tried_the_new_season [C-SDrECvTa4],45,1.500000,1.0000,False,manual_box,photo_exposure
Federico_sammelt_i_tried_the_new_season_[C-SDrECvTa4]_000045_597a6106_aug_photo_gameplay.png,1,player,1,0.380204,0.727597,0.237043,0.544806,Federico_sammelt__i_tried_the_new_season [C-SDrECvTa4],45,1.500000,1.0000,False,manual_box,photo_gameplay
Federico_sammelt_i_tried_the_new_season_[C-SDrECvTa4]_000045_597a6106_aug_affine_mild.png,1,player,1,0.657690,0.732406,0.244070,0.535187,Federico_sammelt__i_tried_the_new_season [C-SDrECvTa4],45,1.500000,1.0000,False,manual_box,affine_mild
Federico_sammelt_i_tried_the_new_season_[C-SDrECvTa4]_000045_597a6106_aug_retarget_edge.png,1,player,1,0.099261,0.500000,0.198522,0.544806,Federico_sammelt__i_tried_the_new_season [C-SDrECvTa4],45,1.500000,1.0000,False,manual_box,retarget_edge
Federico_sammelt_i_tried_the_new_season_[C-SDrECvTa4]_000060_b0a23afd_aug_original.png,1,player,1,0.373832,0.753767,0.198811,0.492466,Federico_sammelt__i_tried_the_new_season [C-SDrECvTa4],60,2.000000,1.0000,False,manual_box,original
Federico_sammelt_i_tried_the_new_season_[C-SDrECvTa4]_000060_b0a23afd_aug_photo_exposure.png,1,player,1,0.373832,0.753767,0.198811,0.492466,Federico_sammelt__i_tried_the_new_season [C-SDrECvTa4],60,2.000000,1.0000,False,manual_box,photo_exposure
Federico_sammelt_i_tried_the_new_season_[C-SDrECvTa4]_000060_b0a23afd_aug_photo_gameplay.png,1,player,1,0.373832,0.753767,0.198811,0.492466,Federico_sammelt__i_tried_the_new_season [C-SDrECvTa4],60,2.000000,1.0000,False,manual_box,photo_gameplay
Federico_sammelt_i_tried_the_new_season_[C-SDrECvTa4]_000060_b0a23afd_aug_affine_mild.png,1,player,1,0.369169,0.719043,0.205530,0.461010,Federico_sammelt__i_tried_the_new_season [C-SDrECvTa4],60,2.000000,1.0000,False,manual_box,affine_mild
Federico_sammelt_i_tried_the_new_season_[C-SDrECvTa4]_000060_b0a23afd_aug_retarget_edge.png,1,player,1,0.089703,0.500000,0.179405,0.492466,Federico_sammelt__i_tried_the_new_season [C-SDrECvTa4],60,2.000000,1.0000,False,manual_box,retarget_edge
Federico_sammelt_i_tried_the_new_season_[C-SDrECvTa4]_000075_2f863d86_aug_original.png,1,player,1,0.390824,0.662966,0.214104,0.371134,Federico_sammelt__i_tried_the_new_season [C-SDrECvTa4],75,2.500000,1.0000,False,manual_box,original
Federico_sammelt_i_tried_the_new_season_[C-SDrECvTa4]_000075_2f863d86_aug_photo_exposure.png,1,player,1,0.390824,0.662966,0.214104,0.371134,Federico_sammelt__i_tried_the_new_season [C-SDrECvTa4],75,2.500000,1.0000,False,manual_box,photo_exposure
Federico_sammelt_i_tried_the_new_season_[C-SDrECvTa4]_000075_2f863d86_aug_photo_gameplay.png,1,player,1,0.390824,0.662966,0.214104,0.371134,Federico_sammelt__i_tried_the_new_season [C-SDrECvTa4],75,2.500000,1.0000,False,manual_box,photo_gameplay
Federico_sammelt_i_tried_the_new_season_[C-SDrECvTa4]_000075_2f863d86_aug_affine_mild.png,1,player,1,0.388467,0.672001,0.227916,0.386506,Federico_sammelt__i_tried_the_new_season [C-SDrECvTa4],75,2.500000,1.0000,False,manual_box,affine_mild
Federico_sammelt_i_tried_the_new_season_[C-SDrECvTa4]_000075_2f863d86_aug_retarget_edge.png,1,player,1,0.093526,0.500000,0.187052,0.371134,Federico_sammelt__i_tried_the_new_season [C-SDrECvTa4],75,2.500000,1.0000,False,manual_box,retarget_edge
Federico_sammelt_i_tried_the_new_season_[C-SDrECvTa4]_000075_2f863d86_aug_retarget_corner.png,1,player,1,0.093526,0.132784,0.187052,0.265567,Federico_sammelt__i_tried_the_new_season [C-SDrECvTa4],75,2.500000,1.0000,False,manual_box,retarget_corner
Federico_sammelt_i_tried_the_new_season_[C-SDrECvTa4]_000090_2fb67f5c_aug_original.png,1,player,1,0.395072,0.706582,0.242991,0.477399,Federico_sammelt__i_tried_the_new_season [C-SDrECvTa4],90,3.000000,1.0000,False,manual_box,original
Federico_sammelt_i_tried_the_new_season_[C-SDrECvTa4]_000090_2fb67f5c_aug_photo_exposure.png,1,player,1,0.395072,0.706582,0.242991,0.477399,Federico_sammelt__i_tried_the_new_season [C-SDrECvTa4],90,3.000000,1.0000,False,manual_box,photo_exposure
Federico_sammelt_i_tried_the_new_season_[C-SDrECvTa4]_000090_2fb67f5c_aug_photo_gameplay.png,1,player,1,0.395072,0.706582,0.242991,0.477399,Federico_sammelt__i_tried_the_new_season [C-SDrECvTa4],90,3.000000,1.0000,False,manual_box,photo_gameplay
Federico_sammelt_i_tried_the_new_season_[C-SDrECvTa4]_000090_2fb67f5c_aug_affine_mild.png,1,player,1,0.413194,0.747940,0.255270,0.504120,Federico_sammelt__i_tried_the_new_season [C-SDrECvTa4],90,3.000000,1.0000,False,manual_box,affine_mild
Federico_sammelt_i_tried_the_new_season_[C-SDrECvTa4]_000090_2fb67f5c_aug_retarget_edge.png,1,player,1,0.100748,0.500000,0.201495,0.477399,Federico_sammelt__i_tried_the_new_season [C-SDrECvTa4],90,3.000000,1.0000,False,manual_box,retarget_edge
Federico_sammelt_i_tried_the_new_season_[C-SDrECvTa4]_000105_68c6e220_aug_original.png,1,player,1,0.330501,0.735527,0.231096,0.528945,Federico_sammelt__i_tried_the_new_season [C-SDrECvTa4],105,3.500000,1.0000,False,manual_box,original
Federico_sammelt_i_tried_the_new_season_[C-SDrECvTa4]_000105_68c6e220_aug_original.png,0,enemy,1,0.429907,0.475813,0.039082,0.139572,Federico_sammelt__i_tried_the_new_season [C-SDrECvTa4],105,3.500000,1.0000,False,manual_box,original
Federico_sammelt_i_tried_the_new_season_[C-SDrECvTa4]_000105_68c6e220_aug_original.png,0,enemy,1,0.748938,0.472641,0.087511,0.133228,Federico_sammelt__i_tried_the_new_season [C-SDrECvTa4],105,3.500000,1.0000,False,manual_box,original
Federico_sammelt_i_tried_the_new_season_[C-SDrECvTa4]_000105_68c6e220_aug_photo_exposure.png,1,player,1,0.330501,0.735527,0.231096,0.528945,Federico_sammelt__i_tried_the_new_season [C-SDrECvTa4],105,3.500000,1.0000,False,manual_box,photo_exposure
Federico_sammelt_i_tried_the_new_season_[C-SDrECvTa4]_000105_68c6e220_aug_photo_exposure.png,0,enemy,1,0.429907,0.475813,0.039082,0.139572,Federico_sammelt__i_tried_the_new_season [C-SDrECvTa4],105,3.500000,1.0000,False,manual_box,photo_exposure
Federico_sammelt_i_tried_the_new_season_[C-SDrECvTa4]_000105_68c6e220_aug_photo_exposure.png,0,enemy,1,0.748938,0.472641,0.087511,0.133228,Federico_sammelt__i_tried_the_new_season [C-SDrECvTa4],105,3.500000,1.0000,False,manual_box,photo_exposure
Federico_sammelt_i_tried_the_new_season_[C-SDrECvTa4]_000105_68c6e220_aug_photo_gameplay.png,1,player,1,0.330501,0.735527,0.231096,0.528945,Federico_sammelt__i_tried_the_new_season [C-SDrECvTa4],105,3.500000,1.0000,False,manual_box,photo_gameplay
Federico_sammelt_i_tried_the_new_season_[C-SDrECvTa4]_000105_68c6e220_aug_photo_gameplay.png,0,enemy,1,0.429907,0.475813,0.039082,0.139572,Federico_sammelt__i_tried_the_new_season [C-SDrECvTa4],105,3.500000,1.0000,False,manual_box,photo_gameplay
Federico_sammelt_i_tried_the_new_season_[C-SDrECvTa4]_000105_68c6e220_aug_photo_gameplay.png,0,enemy,1,0.748938,0.472641,0.087511,0.133228,Federico_sammelt__i_tried_the_new_season [C-SDrECvTa4],105,3.500000,1.0000,False,manual_box,photo_gameplay
Federico_sammelt_i_tried_the_new_season_[C-SDrECvTa4]_000105_68c6e220_aug_affine_mild.png,1,player,1,0.339743,0.745416,0.248432,0.509168,Federico_sammelt__i_tried_the_new_season [C-SDrECvTa4],105,3.500000,1.0000,False,manual_box,affine_mild
Federico_sammelt_i_tried_the_new_season_[C-SDrECvTa4]_000105_68c6e220_aug_affine_mild.png,0,enemy,1,0.448274,0.521418,0.044610,0.153639,Federico_sammelt__i_tried_the_new_season [C-SDrECvTa4],105,3.500000,1.0000,False,manual_box,affine_mild
Federico_sammelt_i_tried_the_new_season_[C-SDrECvTa4]_000105_68c6e220_aug_affine_mild.png,0,enemy,1,0.753580,0.555886,0.090602,0.152613,Federico_sammelt__i_tried_the_new_season [C-SDrECvTa4],105,3.500000,1.0000,False,manual_box,affine_mild
Federico_sammelt_i_tried_the_new_season_[C-SDrECvTa4]_000105_68c6e220_aug_retarget_edge.png,1,player,1,0.501563,0.749207,0.231096,0.501586,Federico_sammelt__i_tried_the_new_season [C-SDrECvTa4],105,3.500000,1.0000,False,manual_box,retarget_edge
Federico_sammelt_i_tried_the_new_season_[C-SDrECvTa4]_000105_68c6e220_aug_retarget_edge.png,0,enemy,1,0.600969,0.503172,0.039082,0.139572,Federico_sammelt__i_tried_the_new_season [C-SDrECvTa4],105,3.500000,1.0000,False,manual_box,retarget_edge
Federico_sammelt_i_tried_the_new_season_[C-SDrECvTa4]_000105_68c6e220_aug_retarget_edge.png,0,enemy,1,0.920000,0.500000,0.087511,0.133228,Federico_sammelt__i_tried_the_new_season [C-SDrECvTa4],105,3.500000,1.0000,False,manual_box,retarget_edge
Federico_sammelt_i_tried_the_new_season_[C-SDrECvTa4]_000105_68c6e220_aug_retarget_corner.png,1,player,1,0.501563,0.342886,0.231096,0.528945,Federico_sammelt__i_tried_the_new_season [C-SDrECvTa4],105,3.500000,1.0000,False,manual_box,retarget_corner
Federico_sammelt_i_tried_the_new_season_[C-SDrECvTa4]_000105_68c6e220_aug_retarget_corner.png,0,enemy,1,0.600969,0.083172,0.039082,0.139572,Federico_sammelt__i_tried_the_new_season [C-SDrECvTa4],105,3.500000,1.0000,False,manual_box,retarget_corner
Federico_sammelt_i_tried_the_new_season_[C-SDrECvTa4]_000105_68c6e220_aug_retarget_corner.png,0,enemy,1,0.920000,0.080000,0.087511,0.133228,Federico_sammelt__i_tried_the_new_season [C-SDrECvTa4],105,3.500000,1.0000,False,manual_box,retarget_corner
Federico_sammelt_i_tried_the_new_season_[C-SDrECvTa4]_000120_d4ffcfb4_aug_original.png,0,enemy,1,0.262107,0.517843,0.092608,0.169707,Federico_sammelt__i_tried_the_new_season [C-SDrECvTa4],120,4.000000,1.0000,False,manual_box,original
Federico_sammelt_i_tried_the_new_season_[C-SDrECvTa4]_000120_d4ffcfb4_aug_original.png,0,enemy,1,0.615973,0.321967,0.066270,0.161776,Federico_sammelt__i_tried_the_new_season [C-SDrECvTa4],120,4.000000,1.0000,False,manual_box,original
Federico_sammelt_i_tried_the_new_season_[C-SDrECvTa4]_000120_d4ffcfb4_aug_original.png,0,enemy,1,0.793968,0.521015,0.055225,0.128469,Federico_sammelt__i_tried_the_new_season [C-SDrECvTa4],120,4.000000,1.0000,False,manual_box,original
Federico_sammelt_i_tried_the_new_season_[C-SDrECvTa4]_000120_d4ffcfb4_aug_original.png,0,enemy,1,0.844945,0.269627,0.055225,0.171293,Federico_sammelt__i_tried_the_new_season [C-SDrECvTa4],120,4.000000,1.0000,False,manual_box,original
Federico_sammelt_i_tried_the_new_season_[C-SDrECvTa4]_000120_d4ffcfb4_aug_original.png,1,player,1,0.405692,0.722046,0.204758,0.555908,Federico_sammelt__i_tried_the_new_season [C-SDrECvTa4],120,4.000000,1.0000,False,manual_box,original
Federico_sammelt_i_tried_the_new_season_[C-SDrECvTa4]_000120_d4ffcfb4_aug_photo_exposure.png,0,enemy,1,0.262107,0.517843,0.092608,0.169707,Federico_sammelt__i_tried_the_new_season [C-SDrECvTa4],120,4.000000,1.0000,False,manual_box,photo_exposure
Federico_sammelt_i_tried_the_new_season_[C-SDrECvTa4]_000120_d4ffcfb4_aug_photo_exposure.png,0,enemy,1,0.615973,0.321967,0.066270,0.161776,Federico_sammelt__i_tried_the_new_season [C-SDrECvTa4],120,4.000000,1.0000,False,manual_box,photo_exposure
Federico_sammelt_i_tried_the_new_season_[C-SDrECvTa4]_000120_d4ffcfb4_aug_photo_exposure.png,0,enemy,1,0.793968,0.521015,0.055225,0.128469,Federico_sammelt__i_tried_the_new_season [C-SDrECvTa4],120,4.000000,1.0000,False,manual_box,photo_exposure
Federico_sammelt_i_tried_the_new_season_[C-SDrECvTa4]_000120_d4ffcfb4_aug_photo_exposure.png,0,enemy,1,0.844945,0.269627,0.055225,0.171293,Federico_sammelt__i_tried_the_new_season [C-SDrECvTa4],120,4.000000,1.0000,False,manual_box,photo_exposure
Federico_sammelt_i_tried_the_new_season_[C-SDrECvTa4]_000120_d4ffcfb4_aug_photo_exposure.png,1,player,1,0.405692,0.722046,0.204758,0.555908,Federico_sammelt__i_tried_the_new_season [C-SDrECvTa4],120,4.000000,1.0000,False,manual_box,photo_exposure
Federico_sammelt_i_tried_the_new_season_[C-SDrECvTa4]_000120_d4ffcfb4_aug_photo_gameplay.png,0,enemy,1,0.262107,0.517843,0.092608,0.169707,Federico_sammelt__i_tried_the_new_season [C-SDrECvTa4],120,4.000000,1.0000,False,manual_box,photo_gameplay
Federico_sammelt_i_tried_the_new_season_[C-SDrECvTa4]_000120_d4ffcfb4_aug_photo_gameplay.png,0,enemy,1,0.615973,0.321967,0.066270,0.161776,Federico_sammelt__i_tried_the_new_season [C-SDrECvTa4],120,4.000000,1.0000,False,manual_box,photo_gameplay
Federico_sammelt_i_tried_the_new_season_[C-SDrECvTa4]_000120_d4ffcfb4_aug_photo_gameplay.png,0,enemy,1,0.793968,0.521015,0.055225,0.128469,Federico_sammelt__i_tried_the_new_season [C-SDrECvTa4],120,4.000000,1.0000,False,manual_box,photo_gameplay
Federico_sammelt_i_tried_the_new_season_[C-SDrECvTa4]_000120_d4ffcfb4_aug_photo_gameplay.png,0,enemy,1,0.844945,0.269627,0.055225,0.171293,Federico_sammelt__i_tried_the_new_season [C-SDrECvTa4],120,4.000000,1.0000,False,manual_box,photo_gameplay
Federico_sammelt_i_tried_the_new_season_[C-SDrECvTa4]_000120_d4ffcfb4_aug_photo_gameplay.png,1,player,1,0.405692,0.722046,0.204758,0.555908,Federico_sammelt__i_tried_the_new_season [C-SDrECvTa4],120,4.000000,1.0000,False,manual_box,photo_gameplay
Federico_sammelt_i_tried_the_new_season_[C-SDrECvTa4]_000120_d4ffcfb4_aug_affine_mild.png,0,enemy,1,0.244343,0.558457,0.087853,0.172014,Federico_sammelt__i_tried_the_new_season [C-SDrECvTa4],120,4.000000,1.0000,False,manual_box,affine_mild
Federico_sammelt_i_tried_the_new_season_[C-SDrECvTa4]_000120_d4ffcfb4_aug_affine_mild.png,0,enemy,1,0.568953,0.355306,0.063397,0.163564,Federico_sammelt__i_tried_the_new_season [C-SDrECvTa4],120,4.000000,1.0000,False,manual_box,affine_mild
Federico_sammelt_i_tried_the_new_season_[C-SDrECvTa4]_000120_d4ffcfb4_aug_affine_mild.png,0,enemy,1,0.736138,0.551709,0.052747,0.129938,Federico_sammelt__i_tried_the_new_season [C-SDrECvTa4],120,4.000000,1.0000,False,manual_box,affine_mild
Federico_sammelt_i_tried_the_new_season_[C-SDrECvTa4]_000120_d4ffcfb4_aug_affine_mild.png,0,enemy,1,0.779970,0.298513,0.053309,0.172907,Federico_sammelt__i_tried_the_new_season [C-SDrECvTa4],120,4.000000,1.0000,False,manual_box,affine_mild
Federico_sammelt_i_tried_the_new_season_[C-SDrECvTa4]_000120_d4ffcfb4_aug_affine_mild.png,1,player,1,0.379782,0.739931,0.196616,0.520138,Federico_sammelt__i_tried_the_new_season [C-SDrECvTa4],120,4.000000,1.0000,False,manual_box,affine_mild
Federico_sammelt_i_tried_the_new_season_[C-SDrECvTa4]_000120_d4ffcfb4_aug_retarget_edge.png,0,enemy,1,0.080000,0.500000,0.092608,0.169707,Federico_sammelt__i_tried_the_new_season [C-SDrECvTa4],120,4.000000,1.0000,False,manual_box,retarget_edge
Federico_sammelt_i_tried_the_new_season_[C-SDrECvTa4]_000120_d4ffcfb4_aug_retarget_edge.png,0,enemy,1,0.433866,0.304124,0.066270,0.161776,Federico_sammelt__i_tried_the_new_season [C-SDrECvTa4],120,4.000000,1.0000,False,manual_box,retarget_edge
Federico_sammelt_i_tried_the_new_season_[C-SDrECvTa4]_000120_d4ffcfb4_aug_retarget_edge.png,0,enemy,1,0.611861,0.503172,0.055225,0.128469,Federico_sammelt__i_tried_the_new_season [C-SDrECvTa4],120,4.000000,1.0000,False,manual_box,retarget_edge
Federico_sammelt_i_tried_the_new_season_[C-SDrECvTa4]_000120_d4ffcfb4_aug_retarget_edge.png,0,enemy,1,0.662838,0.251784,0.055225,0.171293,Federico_sammelt__i_tried_the_new_season [C-SDrECvTa4],120,4.000000,1.0000,False,manual_box,retarget_edge
Federico_sammelt_i_tried_the_new_season_[C-SDrECvTa4]_000120_d4ffcfb4_aug_retarget_edge.png,1,player,1,0.223585,0.704203,0.204758,0.555908,Federico_sammelt__i_tried_the_new_season [C-SDrECvTa4],120,4.000000,1.0000,False,manual_box,retarget_edge
Federico_sammelt_i_tried_the_new_season_[C-SDrECvTa4]_000120_d4ffcfb4_aug_retarget_corner.png,0,enemy,1,0.080000,0.917573,0.092608,0.164853,Federico_sammelt__i_tried_the_new_season [C-SDrECvTa4],120,4.000000,1.0000,False,manual_box,retarget_corner
Federico_sammelt_i_tried_the_new_season_[C-SDrECvTa4]_000120_d4ffcfb4_aug_retarget_corner.png,0,enemy,1,0.433866,0.724124,0.066270,0.161776,Federico_sammelt__i_tried_the_new_season [C-SDrECvTa4],120,4.000000,1.0000,False,manual_box,retarget_corner
Federico_sammelt_i_tried_the_new_season_[C-SDrECvTa4]_000120_d4ffcfb4_aug_retarget_corner.png,0,enemy,1,0.611861,0.923172,0.055225,0.128469,Federico_sammelt__i_tried_the_new_season [C-SDrECvTa4],120,4.000000,1.0000,False,manual_box,retarget_corner
Federico_sammelt_i_tried_the_new_season_[C-SDrECvTa4]_000120_d4ffcfb4_aug_retarget_corner.png,0,enemy,1,0.662838,0.671784,0.055225,0.171293,Federico_sammelt__i_tried_the_new_season [C-SDrECvTa4],120,4.000000,1.0000,False,manual_box,retarget_corner
Federico_sammelt_i_tried_the_new_season_[C-SDrECvTa4]_000135_835273e5_aug_original.png,1,player,1,0.386151,0.551943,0.158879,0.406027,Federico_sammelt__i_tried_the_new_season [C-SDrECvTa4],135,4.500000,1.0000,False,manual_box,original
Federico_sammelt_i_tried_the_new_season_[C-SDrECvTa4]_000135_835273e5_aug_photo_exposure.png,1,player,1,0.386151,0.551943,0.158879,0.406027,Federico_sammelt__i_tried_the_new_season [C-SDrECvTa4],135,4.500000,1.0000,False,manual_box,photo_exposure
Federico_sammelt_i_tried_the_new_season_[C-SDrECvTa4]_000135_835273e5_aug_photo_gameplay.png,1,player,1,0.386151,0.551943,0.158879,0.406027,Federico_sammelt__i_tried_the_new_season [C-SDrECvTa4],135,4.500000,1.0000,False,manual_box,photo_gameplay
Federico_sammelt_i_tried_the_new_season_[C-SDrECvTa4]_000135_835273e5_aug_affine_mild.png,1,player,1,0.581672,0.567344,0.157452,0.459625,Federico_sammelt__i_tried_the_new_season [C-SDrECvTa4],135,4.500000,1.0000,False,manual_box,affine_mild
Federico_sammelt_i_tried_the_new_season_[C-SDrECvTa4]_000150_ca101e93_aug_original.png,1,player,1,0.398046,0.674068,0.191164,0.577320,Federico_sammelt__i_tried_the_new_season [C-SDrECvTa4],150,5.000000,1.0000,False,manual_box,original
Federico_sammelt_i_tried_the_new_season_[C-SDrECvTa4]_000150_ca101e93_aug_photo_exposure.png,1,player,1,0.398046,0.674068,0.191164,0.577320,Federico_sammelt__i_tried_the_new_season [C-SDrECvTa4],150,5.000000,1.0000,False,manual_box,photo_exposure
Federico_sammelt_i_tried_the_new_season_[C-SDrECvTa4]_000150_ca101e93_aug_photo_gameplay.png,1,player,1,0.398046,0.674068,0.191164,0.577320,Federico_sammelt__i_tried_the_new_season [C-SDrECvTa4],150,5.000000,1.0000,False,manual_box,photo_gameplay
Federico_sammelt_i_tried_the_new_season_[C-SDrECvTa4]_000150_ca101e93_aug_affine_mild.png,1,player,1,0.434547,0.639318,0.197404,0.641589,Federico_sammelt__i_tried_the_new_season [C-SDrECvTa4],150,5.000000,1.0000,False,manual_box,affine_mild
Federico_sammelt_i_tried_the_new_season_[C-SDrECvTa4]_000150_ca101e93_aug_retarget_edge.png,1,player,1,0.087791,0.500000,0.175582,0.577320,Federico_sammelt__i_tried_the_new_season [C-SDrECvTa4],150,5.000000,1.0000,False,manual_box,retarget_edge
Federico_sammelt_i_tried_the_new_season_[C-SDrECvTa4]_000165_f03eeab8_aug_original.png,1,player,1,0.395497,0.717684,0.179269,0.556701,Federico_sammelt__i_tried_the_new_season [C-SDrECvTa4],165,5.500000,1.0000,False,manual_box,original
Federico_sammelt_i_tried_the_new_season_[C-SDrECvTa4]_000165_f03eeab8_aug_photo_exposure.png,1,player,1,0.395497,0.717684,0.179269,0.556701,Federico_sammelt__i_tried_the_new_season [C-SDrECvTa4],165,5.500000,1.0000,False,manual_box,photo_exposure
Federico_sammelt_i_tried_the_new_season_[C-SDrECvTa4]_000165_f03eeab8_aug_photo_gameplay.png,1,player,1,0.395497,0.717684,0.179269,0.556701,Federico_sammelt__i_tried_the_new_season [C-SDrECvTa4],165,5.500000,1.0000,False,manual_box,photo_gameplay
Federico_sammelt_i_tried_the_new_season_[C-SDrECvTa4]_000165_f03eeab8_aug_affine_mild.png,1,player,1,0.538312,0.654989,0.166088,0.515596,Federico_sammelt__i_tried_the_new_season [C-SDrECvTa4],165,5.500000,1.0000,False,manual_box,affine_mild
Federico_sammelt_i_tried_the_new_season_[C-SDrECvTa4]_000165_f03eeab8_aug_retarget_edge.png,1,player,1,0.084817,0.500000,0.169634,0.556701,Federico_sammelt__i_tried_the_new_season [C-SDrECvTa4],165,5.500000,1.0000,False,manual_box,retarget_edge
Federico_sammelt_i_tried_the_new_season_[C-SDrECvTa4]_000180_8e697712_aug_original.png,1,player,1,0.398046,0.695480,0.196262,0.547185,Federico_sammelt__i_tried_the_new_season [C-SDrECvTa4],180,6.000000,1.0000,False,manual_box,original
Federico_sammelt_i_tried_the_new_season_[C-SDrECvTa4]_000180_8e697712_aug_photo_exposure.png,1,player,1,0.398046,0.695480,0.196262,0.547185,Federico_sammelt__i_tried_the_new_season [C-SDrECvTa4],180,6.000000,1.0000,False,manual_box,photo_exposure
Federico_sammelt_i_tried_the_new_season_[C-SDrECvTa4]_000180_8e697712_aug_photo_gameplay.png,1,player,1,0.398046,0.695480,0.196262,0.547185,Federico_sammelt__i_tried_the_new_season [C-SDrECvTa4],180,6.000000,1.0000,False,manual_box,photo_gameplay
Federico_sammelt_i_tried_the_new_season_[C-SDrECvTa4]_000180_8e697712_aug_affine_mild.png,1,player,1,0.425060,0.687301,0.212613,0.547227,Federico_sammelt__i_tried_the_new_season [C-SDrECvTa4],180,6.000000,1.0000,False,manual_box,affine_mild
Federico_sammelt_i_tried_the_new_season_[C-SDrECvTa4]_000180_8e697712_aug_retarget_edge.png,1,player,1,0.089065,0.500000,0.178131,0.547185,Federico_sammelt__i_tried_the_new_season [C-SDrECvTa4],180,6.000000,1.0000,False,manual_box,retarget_edge
Federico_sammelt_i_tried_the_new_season_[C-SDrECvTa4]_000195_f9825501_aug_original.png,1,player,1,0.406542,0.659001,0.180969,0.597938,Federico_sammelt__i_tried_the_new_season [C-SDrECvTa4],195,6.500000,1.0000,False,manual_box,original
Federico_sammelt_i_tried_the_new_season_[C-SDrECvTa4]_000195_f9825501_aug_photo_exposure.png,1,player,1,0.406542,0.659001,0.180969,0.597938,Federico_sammelt__i_tried_the_new_season [C-SDrECvTa4],195,6.500000,1.0000,False,manual_box,photo_exposure
Federico_sammelt_i_tried_the_new_season_[C-SDrECvTa4]_000195_f9825501_aug_photo_gameplay.png,1,player,1,0.406542,0.659001,0.180969,0.597938,Federico_sammelt__i_tried_the_new_season [C-SDrECvTa4],195,6.500000,1.0000,False,manual_box,photo_gameplay
Federico_sammelt_i_tried_the_new_season_[C-SDrECvTa4]_000195_f9825501_aug_affine_mild.png,1,player,1,0.623313,0.607513,0.197230,0.629873,Federico_sammelt__i_tried_the_new_season [C-SDrECvTa4],195,6.500000,1.0000,False,manual_box,affine_mild
Federico_sammelt_i_tried_the_new_season_[C-SDrECvTa4]_000195_f9825501_aug_retarget_edge.png,1,player,1,0.085242,0.500000,0.170484,0.597938,Federico_sammelt__i_tried_the_new_season [C-SDrECvTa4],195,6.500000,1.0000,False,manual_box,retarget_edge
Federico_sammelt_i_tried_the_new_season_[C-SDrECvTa4]_000210_b52918ea_aug_original.png,1,player,1,0.385726,0.708565,0.225998,0.582870,Federico_sammelt__i_tried_the_new_season [C-SDrECvTa4],210,7.000000,1.0000,False,manual_box,original
Federico_sammelt_i_tried_the_new_season_[C-SDrECvTa4]_000210_b52918ea_aug_original.png,0,enemy,1,0.115123,0.354481,0.031436,0.084060,Federico_sammelt__i_tried_the_new_season [C-SDrECvTa4],210,7.000000,1.0000,False,manual_box,original
Federico_sammelt_i_tried_the_new_season_[C-SDrECvTa4]_000210_b52918ea_aug_original.png,0,enemy,1,0.147833,0.251388,0.032285,0.077716,Federico_sammelt__i_tried_the_new_season [C-SDrECvTa4],210,7.000000,1.0000,False,manual_box,original
Federico_sammelt_i_tried_the_new_season_[C-SDrECvTa4]_000210_b52918ea_aug_original.png,0,enemy,1,0.199660,0.343378,0.028887,0.077716,Federico_sammelt__i_tried_the_new_season [C-SDrECvTa4],210,7.000000,1.0000,False,manual_box,original
Federico_sammelt_i_tried_the_new_season_[C-SDrECvTa4]_000210_b52918ea_aug_original.png,0,enemy,1,0.073917,0.346550,0.030586,0.106265,Federico_sammelt__i_tried_the_new_season [C-SDrECvTa4],210,7.000000,1.0000,False,manual_box,original
Federico_sammelt_i_tried_the_new_season_[C-SDrECvTa4]_000210_b52918ea_aug_photo_exposure.png,1,player,1,0.385726,0.708565,0.225998,0.582870,Federico_sammelt__i_tried_the_new_season [C-SDrECvTa4],210,7.000000,1.0000,False,manual_box,photo_exposure
Federico_sammelt_i_tried_the_new_season_[C-SDrECvTa4]_000210_b52918ea_aug_photo_exposure.png,0,enemy,1,0.115123,0.354481,0.031436,0.084060,Federico_sammelt__i_tried_the_new_season [C-SDrECvTa4],210,7.000000,1.0000,False,manual_box,photo_exposure
Federico_sammelt_i_tried_the_new_season_[C-SDrECvTa4]_000210_b52918ea_aug_photo_exposure.png,0,enemy,1,0.147833,0.251388,0.032285,0.077716,Federico_sammelt__i_tried_the_new_season [C-SDrECvTa4],210,7.000000,1.0000,False,manual_box,photo_exposure
Federico_sammelt_i_tried_the_new_season_[C-SDrECvTa4]_000210_b52918ea_aug_photo_exposure.png,0,enemy,1,0.199660,0.343378,0.028887,0.077716,Federico_sammelt__i_tried_the_new_season [C-SDrECvTa4],210,7.000000,1.0000,False,manual_box,photo_exposure
Federico_sammelt_i_tried_the_new_season_[C-SDrECvTa4]_000210_b52918ea_aug_photo_exposure.png,0,enemy,1,0.073917,0.346550,0.030586,0.106265,Federico_sammelt__i_tried_the_new_season [C-SDrECvTa4],210,7.000000,1.0000,False,manual_box,photo_exposure
Federico_sammelt_i_tried_the_new_season_[C-SDrECvTa4]_000210_b52918ea_aug_photo_gameplay.png,1,player,1,0.385726,0.708565,0.225998,0.582870,Federico_sammelt__i_tried_the_new_season [C-SDrECvTa4],210,7.000000,1.0000,False,manual_box,photo_gameplay
Federico_sammelt_i_tried_the_new_season_[C-SDrECvTa4]_000210_b52918ea_aug_photo_gameplay.png,0,enemy,1,0.115123,0.354481,0.031436,0.084060,Federico_sammelt__i_tried_the_new_season [C-SDrECvTa4],210,7.000000,1.0000,False,manual_box,photo_gameplay
Federico_sammelt_i_tried_the_new_season_[C-SDrECvTa4]_000210_b52918ea_aug_photo_gameplay.png,0,enemy,1,0.147833,0.251388,0.032285,0.077716,Federico_sammelt__i_tried_the_new_season [C-SDrECvTa4],210,7.000000,1.0000,False,manual_box,photo_gameplay
Federico_sammelt_i_tried_the_new_season_[C-SDrECvTa4]_000210_b52918ea_aug_photo_gameplay.png,0,enemy,1,0.199660,0.343378,0.028887,0.077716,Federico_sammelt__i_tried_the_new_season [C-SDrECvTa4],210,7.000000,1.0000,False,manual_box,photo_gameplay
Federico_sammelt_i_tried_the_new_season_[C-SDrECvTa4]_000210_b52918ea_aug_photo_gameplay.png,0,enemy,1,0.073917,0.346550,0.030586,0.106265,Federico_sammelt__i_tried_the_new_season [C-SDrECvTa4],210,7.000000,1.0000,False,manual_box,photo_gameplay
Federico_sammelt_i_tried_the_new_season_[C-SDrECvTa4]_000210_b52918ea_aug_affine_mild.png,1,player,1,0.375212,0.714882,0.255948,0.550641,Federico_sammelt__i_tried_the_new_season [C-SDrECvTa4],210,7.000000,1.0000,False,manual_box,affine_mild
Federico_sammelt_i_tried_the_new_season_[C-SDrECvTa4]_000210_b52918ea_aug_affine_mild.png,0,enemy,1,0.087125,0.394816,0.035654,0.079371,Federico_sammelt__i_tried_the_new_season [C-SDrECvTa4],210,7.000000,1.0000,False,manual_box,affine_mild
Federico_sammelt_i_tried_the_new_season_[C-SDrECvTa4]_000210_b52918ea_aug_affine_mild.png,0,enemy,1,0.124497,0.297681,0.036467,0.073495,Federico_sammelt__i_tried_the_new_season [C-SDrECvTa4],210,7.000000,1.0000,False,manual_box,affine_mild
Federico_sammelt_i_tried_the_new_season_[C-SDrECvTa4]_000210_b52918ea_aug_affine_mild.png,0,enemy,1,0.179251,0.381487,0.032771,0.073375,Federico_sammelt__i_tried_the_new_season [C-SDrECvTa4],210,7.000000,1.0000,False,manual_box,affine_mild
Federico_sammelt_i_tried_the_new_season_[C-SDrECvTa4]_000210_b52918ea_aug_affine_mild.png,0,enemy,1,0.042454,0.388891,0.035118,0.100013,Federico_sammelt__i_tried_the_new_season [C-SDrECvTa4],210,7.000000,1.0000,False,manual_box,affine_mild
Federico_sammelt_i_tried_the_new_season_[C-SDrECvTa4]_000210_b52918ea_aug_retarget_edge.png,1,player,1,0.391809,0.612015,0.225998,0.582870,Federico_sammelt__i_tried_the_new_season [C-SDrECvTa4],210,7.000000,1.0000,False,manual_box,retarget_edge
Federico_sammelt_i_tried_the_new_season_[C-SDrECvTa4]_000210_b52918ea_aug_retarget_edge.png,0,enemy,1,0.121206,0.257931,0.031436,0.084060,Federico_sammelt__i_tried_the_new_season [C-SDrECvTa4],210,7.000000,1.0000,False,manual_box,retarget_edge
Federico_sammelt_i_tried_the_new_season_[C-SDrECvTa4]_000210_b52918ea_aug_retarget_edge.png,0,enemy,1,0.153916,0.154838,0.032285,0.077716,Federico_sammelt__i_tried_the_new_season [C-SDrECvTa4],210,7.000000,1.0000,False,manual_box,retarget_edge
Federico_sammelt_i_tried_the_new_season_[C-SDrECvTa4]_000210_b52918ea_aug_retarget_edge.png,0,enemy,1,0.205743,0.246828,0.028887,0.077716,Federico_sammelt__i_tried_the_new_season [C-SDrECvTa4],210,7.000000,1.0000,False,manual_box,retarget_edge
Federico_sammelt_i_tried_the_new_season_[C-SDrECvTa4]_000210_b52918ea_aug_retarget_edge.png,0,enemy,1,0.080000,0.250000,0.030586,0.106265,Federico_sammelt__i_tried_the_new_season [C-SDrECvTa4],210,7.000000,1.0000,False,manual_box,retarget_edge
Federico_sammelt_i_tried_the_new_season_[C-SDrECvTa4]_000210_b52918ea_aug_retarget_corner.png,1,player,1,0.391809,0.442015,0.225998,0.582870,Federico_sammelt__i_tried_the_new_season [C-SDrECvTa4],210,7.000000,1.0000,False,manual_box,retarget_corner
Federico_sammelt_i_tried_the_new_season_[C-SDrECvTa4]_000210_b52918ea_aug_retarget_corner.png,0,enemy,1,0.121206,0.087931,0.031436,0.084060,Federico_sammelt__i_tried_the_new_season [C-SDrECvTa4],210,7.000000,1.0000,False,manual_box,retarget_corner
Federico_sammelt_i_tried_the_new_season_[C-SDrECvTa4]_000210_b52918ea_aug_retarget_corner.png,0,enemy,1,0.205743,0.076828,0.028887,0.077716,Federico_sammelt__i_tried_the_new_season [C-SDrECvTa4],210,7.000000,1.0000,False,manual_box,retarget_corner
Federico_sammelt_i_tried_the_new_season_[C-SDrECvTa4]_000210_b52918ea_aug_retarget_corner.png,0,enemy,1,0.080000,0.080000,0.030586,0.106265,Federico_sammelt__i_tried_the_new_season [C-SDrECvTa4],210,7.000000,1.0000,False,manual_box,retarget_corner
Federico_sammelt_i_tried_the_new_season_[C-SDrECvTa4]_000225_b6453225_aug_original.png,0,enemy,1,0.490654,0.346550,0.029737,0.074544,Federico_sammelt__i_tried_the_new_season [C-SDrECvTa4],225,7.500000,1.0000,False,manual_box,original
Federico_sammelt_i_tried_the_new_season_[C-SDrECvTa4]_000225_b6453225_aug_original.png,0,enemy,1,0.519116,0.352895,0.015293,0.077716,Federico_sammelt__i_tried_the_new_season [C-SDrECvTa4],225,7.500000,1.0000,False,manual_box,original
Federico_sammelt_i_tried_the_new_season_[C-SDrECvTa4]_000225_b6453225_aug_original.png,0,enemy,1,0.512744,0.424266,0.043331,0.128469,Federico_sammelt__i_tried_the_new_season [C-SDrECvTa4],225,7.500000,1.0000,False,manual_box,original
Federico_sammelt_i_tried_the_new_season_[C-SDrECvTa4]_000225_b6453225_aug_original.png,1,player,1,0.375106,0.727597,0.167375,0.544806,Federico_sammelt__i_tried_the_new_season [C-SDrECvTa4],225,7.500000,1.0000,False,manual_box,original
Federico_sammelt_i_tried_the_new_season_[C-SDrECvTa4]_000225_b6453225_aug_photo_exposure.png,0,enemy,1,0.490654,0.346550,0.029737,0.074544,Federico_sammelt__i_tried_the_new_season [C-SDrECvTa4],225,7.500000,1.0000,False,manual_box,photo_exposure
Federico_sammelt_i_tried_the_new_season_[C-SDrECvTa4]_000225_b6453225_aug_photo_exposure.png,0,enemy,1,0.519116,0.352895,0.015293,0.077716,Federico_sammelt__i_tried_the_new_season [C-SDrECvTa4],225,7.500000,1.0000,False,manual_box,photo_exposure
Federico_sammelt_i_tried_the_new_season_[C-SDrECvTa4]_000225_b6453225_aug_photo_exposure.png,0,enemy,1,0.512744,0.424266,0.043331,0.128469,Federico_sammelt__i_tried_the_new_season [C-SDrECvTa4],225,7.500000,1.0000,False,manual_box,photo_exposure
Federico_sammelt_i_tried_the_new_season_[C-SDrECvTa4]_000225_b6453225_aug_photo_exposure.png,1,player,1,0.375106,0.727597,0.167375,0.544806,Federico_sammelt__i_tried_the_new_season [C-SDrECvTa4],225,7.500000,1.0000,False,manual_box,photo_exposure
Federico_sammelt_i_tried_the_new_season_[C-SDrECvTa4]_000225_b6453225_aug_photo_gameplay.png,0,enemy,1,0.490654,0.346550,0.029737,0.074544,Federico_sammelt__i_tried_the_new_season [C-SDrECvTa4],225,7.500000,1.0000,False,manual_box,photo_gameplay
Federico_sammelt_i_tried_the_new_season_[C-SDrECvTa4]_000225_b6453225_aug_photo_gameplay.png,0,enemy,1,0.519116,0.352895,0.015293,0.077716,Federico_sammelt__i_tried_the_new_season [C-SDrECvTa4],225,7.500000,1.0000,False,manual_box,photo_gameplay
Federico_sammelt_i_tried_the_new_season_[C-SDrECvTa4]_000225_b6453225_aug_photo_gameplay.png,0,enemy,1,0.512744,0.424266,0.043331,0.128469,Federico_sammelt__i_tried_the_new_season [C-SDrECvTa4],225,7.500000,1.0000,False,manual_box,photo_gameplay
Federico_sammelt_i_tried_the_new_season_[C-SDrECvTa4]_000225_b6453225_aug_photo_gameplay.png,1,player,1,0.375106,0.727597,0.167375,0.544806,Federico_sammelt__i_tried_the_new_season [C-SDrECvTa4],225,7.500000,1.0000,False,manual_box,photo_gameplay
Federico_sammelt_i_tried_the_new_season_[C-SDrECvTa4]_000225_b6453225_aug_affine_mild.png,0,enemy,1,0.429114,0.375573,0.030654,0.078243,Federico_sammelt__i_tried_the_new_season [C-SDrECvTa4],225,7.500000,1.0000,False,manual_box,affine_mild
Federico_sammelt_i_tried_the_new_season_[C-SDrECvTa4]_000225_b6453225_aug_affine_mild.png,0,enemy,1,0.456734,0.379562,0.016806,0.080218,Federico_sammelt__i_tried_the_new_season [C-SDrECvTa4],225,7.500000,1.0000,False,manual_box,affine_mild
Federico_sammelt_i_tried_the_new_season_[C-SDrECvTa4]_000225_b6453225_aug_affine_mild.png,0,enemy,1,0.452476,0.452569,0.045192,0.134161,Federico_sammelt__i_tried_the_new_season [C-SDrECvTa4],225,7.500000,1.0000,False,manual_box,affine_mild
Federico_sammelt_i_tried_the_new_season_[C-SDrECvTa4]_000225_b6453225_aug_affine_mild.png,1,player,1,0.327745,0.744309,0.175847,0.511382,Federico_sammelt__i_tried_the_new_season [C-SDrECvTa4],225,7.500000,1.0000,False,manual_box,affine_mild
Federico_sammelt_i_tried_the_new_season_[C-SDrECvTa4]_000240_18b08390_aug_original.png,1,player,1,0.405692,0.703807,0.138488,0.592386,Federico_sammelt__i_tried_the_new_season [C-SDrECvTa4],240,8.000000,1.0000,False,manual_box,original
Federico_sammelt_i_tried_the_new_season_[C-SDrECvTa4]_000240_18b08390_aug_original.png,0,enemy,1,0.528037,0.521808,0.065421,0.130056,Federico_sammelt__i_tried_the_new_season [C-SDrECvTa4],240,8.000000,1.0000,False,manual_box,original
Federico_sammelt_i_tried_the_new_season_[C-SDrECvTa4]_000240_18b08390_aug_original.png,0,enemy,1,0.601105,0.367169,0.021240,0.065028,Federico_sammelt__i_tried_the_new_season [C-SDrECvTa4],240,8.000000,1.0000,False,manual_box,original
Federico_sammelt_i_tried_the_new_season_[C-SDrECvTa4]_000240_18b08390_aug_original.png,0,enemy,1,0.554376,0.270420,0.033135,0.074544,Federico_sammelt__i_tried_the_new_season [C-SDrECvTa4],240,8.000000,1.0000,False,manual_box,original
Federico_sammelt_i_tried_the_new_season_[C-SDrECvTa4]_000240_18b08390_aug_original.png,0,enemy,1,0.526338,0.362411,0.026338,0.084060,Federico_sammelt__i_tried_the_new_season [C-SDrECvTa4],240,8.000000,1.0000,False,manual_box,original
Federico_sammelt_i_tried_the_new_season_[C-SDrECvTa4]_000240_18b08390_aug_original.png,0,enemy,1,0.498726,0.355274,0.025489,0.082474,Federico_sammelt__i_tried_the_new_season [C-SDrECvTa4],240,8.000000,1.0000,False,manual_box,original
Federico_sammelt_i_tried_the_new_season_[C-SDrECvTa4]_000240_18b08390_aug_photo_exposure.png,1,player,1,0.405692,0.703807,0.138488,0.592387,Federico_sammelt__i_tried_the_new_season [C-SDrECvTa4],240,8.000000,1.0000,False,manual_box,photo_exposure
Federico_sammelt_i_tried_the_new_season_[C-SDrECvTa4]_000240_18b08390_aug_photo_exposure.png,0,enemy,1,0.528037,0.521808,0.065421,0.130056,Federico_sammelt__i_tried_the_new_season [C-SDrECvTa4],240,8.000000,1.0000,False,manual_box,photo_exposure
Federico_sammelt_i_tried_the_new_season_[C-SDrECvTa4]_000240_18b08390_aug_photo_exposure.png,0,enemy,1,0.601105,0.367169,0.021240,0.065028,Federico_sammelt__i_tried_the_new_season [C-SDrECvTa4],240,8.000000,1.0000,False,manual_box,photo_exposure
Federico_sammelt_i_tried_the_new_season_[C-SDrECvTa4]_000240_18b08390_aug_photo_exposure.png,0,enemy,1,0.554376,0.270420,0.033135,0.074544,Federico_sammelt__i_tried_the_new_season [C-SDrECvTa4],240,8.000000,1.0000,False,manual_box,photo_exposure
Federico_sammelt_i_tried_the_new_season_[C-SDrECvTa4]_000240_18b08390_aug_photo_exposure.png,0,enemy,1,0.526338,0.362411,0.026338,0.084060,Federico_sammelt__i_tried_the_new_season [C-SDrECvTa4],240,8.000000,1.0000,False,manual_box,photo_exposure
Federico_sammelt_i_tried_the_new_season_[C-SDrECvTa4]_000240_18b08390_aug_photo_exposure.png,0,enemy,1,0.498726,0.355274,0.025489,0.082474,Federico_sammelt__i_tried_the_new_season [C-SDrECvTa4],240,8.000000,1.0000,False,manual_box,photo_exposure
Federico_sammelt_i_tried_the_new_season_[C-SDrECvTa4]_000240_18b08390_aug_photo_gameplay.png,1,player,1,0.405692,0.703807,0.138488,0.592387,Federico_sammelt__i_tried_the_new_season [C-SDrECvTa4],240,8.000000,1.0000,False,manual_box,photo_gameplay
Federico_sammelt_i_tried_the_new_season_[C-SDrECvTa4]_000240_18b08390_aug_photo_gameplay.png,0,enemy,1,0.528037,0.521808,0.065421,0.130056,Federico_sammelt__i_tried_the_new_season [C-SDrECvTa4],240,8.000000,1.0000,False,manual_box,photo_gameplay
Federico_sammelt_i_tried_the_new_season_[C-SDrECvTa4]_000240_18b08390_aug_photo_gameplay.png,0,enemy,1,0.601105,0.367169,0.021240,0.065028,Federico_sammelt__i_tried_the_new_season [C-SDrECvTa4],240,8.000000,1.0000,False,manual_box,photo_gameplay
Federico_sammelt_i_tried_the_new_season_[C-SDrECvTa4]_000240_18b08390_aug_photo_gameplay.png,0,enemy,1,0.554376,0.270420,0.033135,0.074544,Federico_sammelt__i_tried_the_new_season [C-SDrECvTa4],240,8.000000,1.0000,False,manual_box,photo_gameplay
Federico_sammelt_i_tried_the_new_season_[C-SDrECvTa4]_000240_18b08390_aug_photo_gameplay.png,0,enemy,1,0.526338,0.362411,0.026338,0.084060,Federico_sammelt__i_tried_the_new_season [C-SDrECvTa4],240,8.000000,1.0000,False,manual_box,photo_gameplay
Federico_sammelt_i_tried_the_new_season_[C-SDrECvTa4]_000240_18b08390_aug_photo_gameplay.png,0,enemy,1,0.498726,0.355274,0.025489,0.082474,Federico_sammelt__i_tried_the_new_season [C-SDrECvTa4],240,8.000000,1.0000,False,manual_box,photo_gameplay
Federico_sammelt_i_tried_the_new_season_[C-SDrECvTa4]_000240_18b08390_aug_affine_mild.png,1,player,1,0.631680,0.692000,0.151425,0.606261,Federico_sammelt__i_tried_the_new_season [C-SDrECvTa4],240,8.000000,1.0000,False,manual_box,affine_mild
Federico_sammelt_i_tried_the_new_season_[C-SDrECvTa4]_000240_18b08390_aug_affine_mild.png,0,enemy,1,0.519178,0.496090,0.067015,0.137336,Federico_sammelt__i_tried_the_new_season [C-SDrECvTa4],240,8.000000,1.0000,False,manual_box,affine_mild
Federico_sammelt_i_tried_the_new_season_[C-SDrECvTa4]_000240_18b08390_aug_affine_mild.png,0,enemy,1,0.453375,0.333366,0.022445,0.067281,Federico_sammelt__i_tried_the_new_season [C-SDrECvTa4],240,8.000000,1.0000,False,manual_box,affine_mild
Federico_sammelt_i_tried_the_new_season_[C-SDrECvTa4]_000240_18b08390_aug_affine_mild.png,0,enemy,1,0.501358,0.242736,0.034204,0.078189,Federico_sammelt__i_tried_the_new_season [C-SDrECvTa4],240,8.000000,1.0000,False,manual_box,affine_mild
Federico_sammelt_i_tried_the_new_season_[C-SDrECvTa4]_000240_18b08390_aug_affine_mild.png,0,enemy,1,0.525624,0.337671,0.027936,0.086837,Federico_sammelt__i_tried_the_new_season [C-SDrECvTa4],240,8.000000,1.0000,False,manual_box,affine_mild
Federico_sammelt_i_tried_the_new_season_[C-SDrECvTa4]_000240_18b08390_aug_affine_mild.png,0,enemy,1,0.552469,0.333907,0.027069,0.085156,Federico_sammelt__i_tried_the_new_season [C-SDrECvTa4],240,8.000000,1.0000,False,manual_box,affine_mild
Federico_sammelt_i_tried_the_new_season_[C-SDrECvTa4]_000255_189f3e79_aug_original.png,0,enemy,1,0.553951,0.311657,0.027188,0.077716,Federico_sammelt__i_tried_the_new_season [C-SDrECvTa4],255,8.500000,1.0000,False,manual_box,original
Federico_sammelt_i_tried_the_new_season_[C-SDrECvTa4]_000255_189f3e79_aug_original.png,0,enemy,1,0.590909,0.405234,0.029737,0.058684,Federico_sammelt__i_tried_the_new_season [C-SDrECvTa4],255,8.500000,1.0000,False,manual_box,original
Federico_sammelt_i_tried_the_new_season_[C-SDrECvTa4]_000255_189f3e79_aug_original.png,0,enemy,1,0.526338,0.398890,0.028037,0.071372,Federico_sammelt__i_tried_the_new_season [C-SDrECvTa4],255,8.500000,1.0000,False,manual_box,original
Federico_sammelt_i_tried_the_new_season_[C-SDrECvTa4]_000255_189f3e79_aug_original.png,0,enemy,1,0.501699,0.398890,0.031436,0.065028,Federico_sammelt__i_tried_the_new_season [C-SDrECvTa4],255,8.500000,1.0000,False,manual_box,original
Federico_sammelt_i_tried_the_new_season_[C-SDrECvTa4]_000255_189f3e79_aug_original.png,0,enemy,1,0.471113,0.428232,0.016143,0.072958,Federico_sammelt__i_tried_the_new_season [C-SDrECvTa4],255,8.500000,1.0000,False,manual_box,original
Federico_sammelt_i_tried_the_new_season_[C-SDrECvTa4]_000255_189f3e79_aug_original.png,0,enemy,1,0.446899,0.421094,0.040782,0.090404,Federico_sammelt__i_tried_the_new_season [C-SDrECvTa4],255,8.500000,1.0000,False,manual_box,original
Federico_sammelt_i_tried_the_new_season_[C-SDrECvTa4]_000255_189f3e79_aug_original.png,0,enemy,1,0.455395,0.790642,0.062872,0.122125,Federico_sammelt__i_tried_the_new_season [C-SDrECvTa4],255,8.500000,1.0000,False,manual_box,original
Federico_sammelt_i_tried_the_new_season_[C-SDrECvTa4]_000255_189f3e79_aug_original.png,0,enemy,1,0.520391,0.662173,0.067120,0.157018,Federico_sammelt__i_tried_the_new_season [C-SDrECvTa4],255,8.500000,1.0000,False,manual_box,original
Federico_sammelt_i_tried_the_new_season_[C-SDrECvTa4]_000255_189f3e79_aug_original.png,0,enemy,1,0.589635,0.713719,0.073067,0.333069,Federico_sammelt__i_tried_the_new_season [C-SDrECvTa4],255,8.500000,1.0000,False,manual_box,original
Federico_sammelt_i_tried_the_new_season_[C-SDrECvTa4]_000255_189f3e79_aug_original.png,1,player,1,0.373407,0.701031,0.162277,0.586836,Federico_sammelt__i_tried_the_new_season [C-SDrECvTa4],255,8.500000,1.0000,False,manual_box,original
Federico_sammelt_i_tried_the_new_season_[C-SDrECvTa4]_000255_189f3e79_aug_photo_exposure.png,0,enemy,1,0.553951,0.311657,0.027188,0.077716,Federico_sammelt__i_tried_the_new_season [C-SDrECvTa4],255,8.500000,1.0000,False,manual_box,photo_exposure
Federico_sammelt_i_tried_the_new_season_[C-SDrECvTa4]_000255_189f3e79_aug_photo_exposure.png,0,enemy,1,0.590909,0.405234,0.029737,0.058684,Federico_sammelt__i_tried_the_new_season [C-SDrECvTa4],255,8.500000,1.0000,False,manual_box,photo_exposure
Federico_sammelt_i_tried_the_new_season_[C-SDrECvTa4]_000255_189f3e79_aug_photo_exposure.png,0,enemy,1,0.526338,0.398890,0.028037,0.071372,Federico_sammelt__i_tried_the_new_season [C-SDrECvTa4],255,8.500000,1.0000,False,manual_box,photo_exposure
Federico_sammelt_i_tried_the_new_season_[C-SDrECvTa4]_000255_189f3e79_aug_photo_exposure.png,0,enemy,1,0.501699,0.398890,0.031436,0.065028,Federico_sammelt__i_tried_the_new_season [C-SDrECvTa4],255,8.500000,1.0000,False,manual_box,photo_exposure
Federico_sammelt_i_tried_the_new_season_[C-SDrECvTa4]_000255_189f3e79_aug_photo_exposure.png,0,enemy,1,0.471113,0.428232,0.016143,0.072958,Federico_sammelt__i_tried_the_new_season [C-SDrECvTa4],255,8.500000,1.0000,False,manual_box,photo_exposure
Federico_sammelt_i_tried_the_new_season_[C-SDrECvTa4]_000255_189f3e79_aug_photo_exposure.png,0,enemy,1,0.446899,0.421094,0.040782,0.090404,Federico_sammelt__i_tried_the_new_season [C-SDrECvTa4],255,8.500000,1.0000,False,manual_box,photo_exposure
Federico_sammelt_i_tried_the_new_season_[C-SDrECvTa4]_000255_189f3e79_aug_photo_exposure.png,0,enemy,1,0.455395,0.790642,0.062872,0.122125,Federico_sammelt__i_tried_the_new_season [C-SDrECvTa4],255,8.500000,1.0000,False,manual_box,photo_exposure
Federico_sammelt_i_tried_the_new_season_[C-SDrECvTa4]_000255_189f3e79_aug_photo_exposure.png,0,enemy,1,0.520391,0.662173,0.067120,0.157018,Federico_sammelt__i_tried_the_new_season [C-SDrECvTa4],255,8.500000,1.0000,False,manual_box,photo_exposure
Federico_sammelt_i_tried_the_new_season_[C-SDrECvTa4]_000255_189f3e79_aug_photo_exposure.png,0,enemy,1,0.589635,0.713719,0.073067,0.333069,Federico_sammelt__i_tried_the_new_season [C-SDrECvTa4],255,8.500000,1.0000,False,manual_box,photo_exposure
Federico_sammelt_i_tried_the_new_season_[C-SDrECvTa4]_000255_189f3e79_aug_photo_exposure.png,1,player,1,0.373407,0.701031,0.162277,0.586836,Federico_sammelt__i_tried_the_new_season [C-SDrECvTa4],255,8.500000,1.0000,False,manual_box,photo_exposure
Federico_sammelt_i_tried_the_new_season_[C-SDrECvTa4]_000255_189f3e79_aug_photo_gameplay.png,0,enemy,1,0.553951,0.311657,0.027188,0.077716,Federico_sammelt__i_tried_the_new_season [C-SDrECvTa4],255,8.500000,1.0000,False,manual_box,photo_gameplay
Federico_sammelt_i_tried_the_new_season_[C-SDrECvTa4]_000255_189f3e79_aug_photo_gameplay.png,0,enemy,1,0.590909,0.405234,0.029737,0.058684,Federico_sammelt__i_tried_the_new_season [C-SDrECvTa4],255,8.500000,1.0000,False,manual_box,photo_gameplay
Federico_sammelt_i_tried_the_new_season_[C-SDrECvTa4]_000255_189f3e79_aug_photo_gameplay.png,0,enemy,1,0.526338,0.398890,0.028037,0.071372,Federico_sammelt__i_tried_the_new_season [C-SDrECvTa4],255,8.500000,1.0000,False,manual_box,photo_gameplay
Federico_sammelt_i_tried_the_new_season_[C-SDrECvTa4]_000255_189f3e79_aug_photo_gameplay.png,0,enemy,1,0.501699,0.398890,0.031436,0.065028,Federico_sammelt__i_tried_the_new_season [C-SDrECvTa4],255,8.500000,1.0000,False,manual_box,photo_gameplay
Federico_sammelt_i_tried_the_new_season_[C-SDrECvTa4]_000255_189f3e79_aug_photo_gameplay.png,0,enemy,1,0.471113,0.428232,0.016143,0.072958,Federico_sammelt__i_tried_the_new_season [C-SDrECvTa4],255,8.500000,1.0000,False,manual_box,photo_gameplay
Federico_sammelt_i_tried_the_new_season_[C-SDrECvTa4]_000255_189f3e79_aug_photo_gameplay.png,0,enemy,1,0.446899,0.421094,0.040782,0.090404,Federico_sammelt__i_tried_the_new_season [C-SDrECvTa4],255,8.500000,1.0000,False,manual_box,photo_gameplay
Federico_sammelt_i_tried_the_new_season_[C-SDrECvTa4]_000255_189f3e79_aug_photo_gameplay.png,0,enemy,1,0.455395,0.790642,0.062872,0.122125,Federico_sammelt__i_tried_the_new_season [C-SDrECvTa4],255,8.500000,1.0000,False,manual_box,photo_gameplay
Federico_sammelt_i_tried_the_new_season_[C-SDrECvTa4]_000255_189f3e79_aug_photo_gameplay.png,0,enemy,1,0.520391,0.662173,0.067120,0.157018,Federico_sammelt__i_tried_the_new_season [C-SDrECvTa4],255,8.500000,1.0000,False,manual_box,photo_gameplay
Federico_sammelt_i_tried_the_new_season_[C-SDrECvTa4]_000255_189f3e79_aug_photo_gameplay.png,0,enemy,1,0.589635,0.713719,0.073067,0.333069,Federico_sammelt__i_tried_the_new_season [C-SDrECvTa4],255,8.500000,1.0000,False,manual_box,photo_gameplay
Federico_sammelt_i_tried_the_new_season_[C-SDrECvTa4]_000255_189f3e79_aug_photo_gameplay.png,1,player,1,0.373407,0.701031,0.162277,0.586836,Federico_sammelt__i_tried_the_new_season [C-SDrECvTa4],255,8.500000,1.0000,False,manual_box,photo_gameplay
Federico_sammelt_i_tried_the_new_season_[C-SDrECvTa4]_000255_189f3e79_aug_affine_mild.png,0,enemy,1,0.511891,0.317729,0.030750,0.076264,Federico_sammelt__i_tried_the_new_season [C-SDrECvTa4],255,8.500000,1.0000,False,manual_box,affine_mild
Federico_sammelt_i_tried_the_new_season_[C-SDrECvTa4]_000255_189f3e79_aug_affine_mild.png,0,enemy,1,0.548607,0.410039,0.032962,0.058638,Federico_sammelt__i_tried_the_new_season [C-SDrECvTa4],255,8.500000,1.0000,False,manual_box,affine_mild
Federico_sammelt_i_tried_the_new_season_[C-SDrECvTa4]_000255_189f3e79_aug_affine_mild.png,0,enemy,1,0.480448,0.396704,0.031487,0.070389,Federico_sammelt__i_tried_the_new_season [C-SDrECvTa4],255,8.500000,1.0000,False,manual_box,affine_mild
Federico_sammelt_i_tried_the_new_season_[C-SDrECvTa4]_000255_189f3e79_aug_affine_mild.png,0,enemy,1,0.454378,0.393895,0.034921,0.064804,Federico_sammelt__i_tried_the_new_season [C-SDrECvTa4],255,8.500000,1.0000,False,manual_box,affine_mild
Federico_sammelt_i_tried_the_new_season_[C-SDrECvTa4]_000255_189f3e79_aug_affine_mild.png,0,enemy,1,0.421267,0.418030,0.018942,0.070526,Federico_sammelt__i_tried_the_new_season [C-SDrECvTa4],255,8.500000,1.0000,False,manual_box,affine_mild
Federico_sammelt_i_tried_the_new_season_[C-SDrECvTa4]_000255_189f3e79_aug_affine_mild.png,0,enemy,1,0.395829,0.408549,0.045457,0.089759,Federico_sammelt__i_tried_the_new_season [C-SDrECvTa4],255,8.500000,1.0000,False,manual_box,affine_mild
Federico_sammelt_i_tried_the_new_season_[C-SDrECvTa4]_000255_189f3e79_aug_affine_mild.png,0,enemy,1,0.395387,0.757422,0.069640,0.122141,Federico_sammelt__i_tried_the_new_season [C-SDrECvTa4],255,8.500000,1.0000,False,manual_box,affine_mild
Federico_sammelt_i_tried_the_new_season_[C-SDrECvTa4]_000255_189f3e79_aug_affine_mild.png,0,enemy,1,0.467436,0.643889,0.075025,0.155475,Federico_sammelt__i_tried_the_new_season [C-SDrECvTa4],255,8.500000,1.0000,False,manual_box,affine_mild
Federico_sammelt_i_tried_the_new_season_[C-SDrECvTa4]_000255_189f3e79_aug_affine_mild.png,0,enemy,1,0.539386,0.700311,0.085810,0.321893,Federico_sammelt__i_tried_the_new_season [C-SDrECvTa4],255,8.500000,1.0000,False,manual_box,affine_mild
Federico_sammelt_i_tried_the_new_season_[C-SDrECvTa4]_000255_189f3e79_aug_affine_mild.png,1,player,1,0.310925,0.663711,0.186677,0.570969,Federico_sammelt__i_tried_the_new_season [C-SDrECvTa4],255,8.500000,1.0000,False,manual_box,affine_mild
Federico_sammelt_i_tried_the_new_season_[C-SDrECvTa4]_000255_189f3e79_aug_retarget_edge.png,0,enemy,1,0.884316,0.097938,0.027188,0.077716,Federico_sammelt__i_tried_the_new_season [C-SDrECvTa4],255,8.500000,1.0000,False,manual_box,retarget_edge
Federico_sammelt_i_tried_the_new_season_[C-SDrECvTa4]_000255_189f3e79_aug_retarget_edge.png,0,enemy,1,0.921274,0.191515,0.029737,0.058684,Federico_sammelt__i_tried_the_new_season [C-SDrECvTa4],255,8.500000,1.0000,False,manual_box,retarget_edge
Federico_sammelt_i_tried_the_new_season_[C-SDrECvTa4]_000255_189f3e79_aug_retarget_edge.png,0,enemy,1,0.856703,0.185171,0.028037,0.071372,Federico_sammelt__i_tried_the_new_season [C-SDrECvTa4],255,8.500000,1.0000,False,manual_box,retarget_edge
Federico_sammelt_i_tried_the_new_season_[C-SDrECvTa4]_000255_189f3e79_aug_retarget_edge.png,0,enemy,1,0.832064,0.185171,0.031436,0.065028,Federico_sammelt__i_tried_the_new_season [C-SDrECvTa4],255,8.500000,1.0000,False,manual_box,retarget_edge
Federico_sammelt_i_tried_the_new_season_[C-SDrECvTa4]_000255_189f3e79_aug_retarget_edge.png,0,enemy,1,0.801478,0.214513,0.016143,0.072958,Federico_sammelt__i_tried_the_new_season [C-SDrECvTa4],255,8.500000,1.0000,False,manual_box,retarget_edge
Federico_sammelt_i_tried_the_new_season_[C-SDrECvTa4]_000255_189f3e79_aug_retarget_edge.png,0,enemy,1,0.777264,0.207375,0.040782,0.090404,Federico_sammelt__i_tried_the_new_season [C-SDrECvTa4],255,8.500000,1.0000,False,manual_box,retarget_edge
Federico_sammelt_i_tried_the_new_season_[C-SDrECvTa4]_000255_189f3e79_aug_retarget_edge.png,0,enemy,1,0.785760,0.576923,0.062872,0.122125,Federico_sammelt__i_tried_the_new_season [C-SDrECvTa4],255,8.500000,1.0000,False,manual_box,retarget_edge
Federico_sammelt_i_tried_the_new_season_[C-SDrECvTa4]_000255_189f3e79_aug_retarget_edge.png,0,enemy,1,0.850756,0.448454,0.067120,0.157018,Federico_sammelt__i_tried_the_new_season [C-SDrECvTa4],255,8.500000,1.0000,False,manual_box,retarget_edge
Federico_sammelt_i_tried_the_new_season_[C-SDrECvTa4]_000255_189f3e79_aug_retarget_edge.png,0,enemy,1,0.920000,0.500000,0.073067,0.333069,Federico_sammelt__i_tried_the_new_season [C-SDrECvTa4],255,8.500000,1.0000,False,manual_box,retarget_edge
Federico_sammelt_i_tried_the_new_season_[C-SDrECvTa4]_000255_189f3e79_aug_retarget_edge.png,1,player,1,0.703772,0.487312,0.162277,0.586836,Federico_sammelt__i_tried_the_new_season [C-SDrECvTa4],255,8.500000,1.0000,False,manual_box,retarget_edge
Federico_sammelt_i_tried_the_new_season_[C-SDrECvTa4]_000255_189f3e79_aug_retarget_corner.png,0,enemy,1,0.884316,0.517938,0.027188,0.077716,Federico_sammelt__i_tried_the_new_season [C-SDrECvTa4],255,8.500000,1.0000,False,manual_box,retarget_corner
Federico_sammelt_i_tried_the_new_season_[C-SDrECvTa4]_000255_189f3e79_aug_retarget_corner.png,0,enemy,1,0.921274,0.611515,0.029737,0.058684,Federico_sammelt__i_tried_the_new_season [C-SDrECvTa4],255,8.500000,1.0000,False,manual_box,retarget_corner
Federico_sammelt_i_tried_the_new_season_[C-SDrECvTa4]_000255_189f3e79_aug_retarget_corner.png,0,enemy,1,0.856703,0.605171,0.028037,0.071372,Federico_sammelt__i_tried_the_new_season [C-SDrECvTa4],255,8.500000,1.0000,False,manual_box,retarget_corner
Federico_sammelt_i_tried_the_new_season_[C-SDrECvTa4]_000255_189f3e79_aug_retarget_corner.png,0,enemy,1,0.832064,0.605171,0.031436,0.065028,Federico_sammelt__i_tried_the_new_season [C-SDrECvTa4],255,8.500000,1.0000,False,manual_box,retarget_corner
Federico_sammelt_i_tried_the_new_season_[C-SDrECvTa4]_000255_189f3e79_aug_retarget_corner.png,0,enemy,1,0.801478,0.634513,0.016143,0.072958,Federico_sammelt__i_tried_the_new_season [C-SDrECvTa4],255,8.500000,1.0000,False,manual_box,retarget_corner
Federico_sammelt_i_tried_the_new_season_[C-SDrECvTa4]_000255_189f3e79_aug_retarget_corner.png,0,enemy,1,0.777264,0.627375,0.040782,0.090404,Federico_sammelt__i_tried_the_new_season [C-SDrECvTa4],255,8.500000,1.0000,False,manual_box,retarget_corner
Federico_sammelt_i_tried_the_new_season_[C-SDrECvTa4]_000255_189f3e79_aug_retarget_corner.png,0,enemy,1,0.850756,0.868454,0.067120,0.157018,Federico_sammelt__i_tried_the_new_season [C-SDrECvTa4],255,8.500000,1.0000,False,manual_box,retarget_corner
Federico_sammelt_i_tried_the_new_season_[C-SDrECvTa4]_000255_189f3e79_aug_retarget_corner.png,0,enemy,1,0.920000,0.876733,0.073067,0.246535,Federico_sammelt__i_tried_the_new_season [C-SDrECvTa4],255,8.500000,1.0000,False,manual_box,retarget_corner
Federico_sammelt_i_tried_the_new_season_[C-SDrECvTa4]_000255_189f3e79_aug_retarget_corner.png,1,player,1,0.703772,0.806947,0.162277,0.386106,Federico_sammelt__i_tried_the_new_season [C-SDrECvTa4],255,8.500000,1.0000,False,manual_box,retarget_corner
Federico_sammelt_i_tried_the_new_season_[C-SDrECvTa4]_000270_6bb7744b_aug_original.png,1,player,1,0.367035,0.651071,0.173322,0.436162,Federico_sammelt__i_tried_the_new_season [C-SDrECvTa4],270,9.000000,1.0000,False,manual_box,original
Federico_sammelt_i_tried_the_new_season_[C-SDrECvTa4]_000270_6bb7744b_aug_original.png,0,enemy,1,0.501699,0.468676,0.082413,0.277557,Federico_sammelt__i_tried_the_new_season [C-SDrECvTa4],270,9.000000,1.0000,False,manual_box,original
Federico_sammelt_i_tried_the_new_season_[C-SDrECvTa4]_000270_6bb7744b_aug_original.png,0,enemy,1,0.528462,0.203807,0.030586,0.074544,Federico_sammelt__i_tried_the_new_season [C-SDrECvTa4],270,9.000000,1.0000,False,manual_box,original
Federico_sammelt_i_tried_the_new_season_[C-SDrECvTa4]_000270_6bb7744b_aug_original.png,0,enemy,1,0.478760,0.047581,0.046729,0.095162,Federico_sammelt__i_tried_the_new_season [C-SDrECvTa4],270,9.000000,1.0000,False,manual_box,original
Federico_sammelt_i_tried_the_new_season_[C-SDrECvTa4]_000270_6bb7744b_aug_photo_exposure.png,1,player,1,0.367035,0.651071,0.173322,0.436162,Federico_sammelt__i_tried_the_new_season [C-SDrECvTa4],270,9.000000,1.0000,False,manual_box,photo_exposure
Federico_sammelt_i_tried_the_new_season_[C-SDrECvTa4]_000270_6bb7744b_aug_photo_exposure.png,0,enemy,1,0.501699,0.468676,0.082413,0.277557,Federico_sammelt__i_tried_the_new_season [C-SDrECvTa4],270,9.000000,1.0000,False,manual_box,photo_exposure
Federico_sammelt_i_tried_the_new_season_[C-SDrECvTa4]_000270_6bb7744b_aug_photo_exposure.png,0,enemy,1,0.528462,0.203807,0.030586,0.074544,Federico_sammelt__i_tried_the_new_season [C-SDrECvTa4],270,9.000000,1.0000,False,manual_box,photo_exposure
Federico_sammelt_i_tried_the_new_season_[C-SDrECvTa4]_000270_6bb7744b_aug_photo_exposure.png,0,enemy,1,0.478760,0.047581,0.046729,0.095162,Federico_sammelt__i_tried_the_new_season [C-SDrECvTa4],270,9.000000,1.0000,False,manual_box,photo_exposure
Federico_sammelt_i_tried_the_new_season_[C-SDrECvTa4]_000270_6bb7744b_aug_photo_gameplay.png,1,player,1,0.367035,0.651071,0.173322,0.436162,Federico_sammelt__i_tried_the_new_season [C-SDrECvTa4],270,9.000000,1.0000,False,manual_box,photo_gameplay
Federico_sammelt_i_tried_the_new_season_[C-SDrECvTa4]_000270_6bb7744b_aug_photo_gameplay.png,0,enemy,1,0.501699,0.468676,0.082413,0.277557,Federico_sammelt__i_tried_the_new_season [C-SDrECvTa4],270,9.000000,1.0000,False,manual_box,photo_gameplay
Federico_sammelt_i_tried_the_new_season_[C-SDrECvTa4]_000270_6bb7744b_aug_photo_gameplay.png,0,enemy,1,0.528462,0.203807,0.030586,0.074544,Federico_sammelt__i_tried_the_new_season [C-SDrECvTa4],270,9.000000,1.0000,False,manual_box,photo_gameplay
Federico_sammelt_i_tried_the_new_season_[C-SDrECvTa4]_000270_6bb7744b_aug_photo_gameplay.png,0,enemy,1,0.478760,0.047581,0.046729,0.095162,Federico_sammelt__i_tried_the_new_season [C-SDrECvTa4],270,9.000000,1.0000,False,manual_box,photo_gameplay
Federico_sammelt_i_tried_the_new_season_[C-SDrECvTa4]_000270_6bb7744b_aug_affine_mild.png,1,player,1,0.341988,0.627167,0.176163,0.448014,Federico_sammelt__i_tried_the_new_season [C-SDrECvTa4],270,9.000000,1.0000,False,manual_box,affine_mild
Federico_sammelt_i_tried_the_new_season_[C-SDrECvTa4]_000270_6bb7744b_aug_affine_mild.png,0,enemy,1,0.466508,0.437645,0.085426,0.284126,Federico_sammelt__i_tried_the_new_season [C-SDrECvTa4],270,9.000000,1.0000,False,manual_box,affine_mild
Federico_sammelt_i_tried_the_new_season_[C-SDrECvTa4]_000270_6bb7744b_aug_affine_mild.png,0,enemy,1,0.485839,0.168319,0.031030,0.076603,Federico_sammelt__i_tried_the_new_season [C-SDrECvTa4],270,9.000000,1.0000,False,manual_box,affine_mild
Federico_sammelt_i_tried_the_new_season_[C-SDrECvTa4]_000270_6bb7744b_aug_affine_mild.png,0,enemy,1,0.434584,0.030391,0.046963,0.060781,Federico_sammelt__i_tried_the_new_season [C-SDrECvTa4],270,9.000000,1.0000,False,manual_box,affine_mild
Federico_sammelt_i_tried_the_new_season_[C-SDrECvTa4]_000285_5bb7a13c_aug_original.png,0,enemy,1,0.488105,0.624901,0.152082,0.361618,Federico_sammelt__i_tried_the_new_season [C-SDrECvTa4],285,9.500000,1.0000,False,manual_box,original
Federico_sammelt_i_tried_the_new_season_[C-SDrECvTa4]_000285_5bb7a13c_aug_original.png,0,enemy,1,0.521665,0.242665,0.028887,0.095163,Federico_sammelt__i_tried_the_new_season [C-SDrECvTa4],285,9.500000,1.0000,False,manual_box,original
Federico_sammelt_i_tried_the_new_season_[C-SDrECvTa4]_000285_5bb7a13c_aug_original.png,0,enemy,1,0.478760,0.057098,0.041631,0.111023,Federico_sammelt__i_tried_the_new_season [C-SDrECvTa4],285,9.500000,1.0000,False,manual_box,original
Federico_sammelt_i_tried_the_new_season_[C-SDrECvTa4]_000285_5bb7a13c_aug_original.png,0,enemy,1,0.419711,0.256146,0.022090,0.080888,Federico_sammelt__i_tried_the_new_season [C-SDrECvTa4],285,9.500000,1.0000,False,manual_box,original
Federico_sammelt_i_tried_the_new_season_[C-SDrECvTa4]_000285_5bb7a13c_aug_original.png,0,enemy,1,0.390399,0.241872,0.034834,0.099921,Federico_sammelt__i_tried_the_new_season [C-SDrECvTa4],285,9.500000,1.0000,False,manual_box,original
Federico_sammelt_i_tried_the_new_season_[C-SDrECvTa4]_000285_5bb7a13c_aug_original.png,0,enemy,1,0.339847,0.279144,0.049278,0.111023,Federico_sammelt__i_tried_the_new_season [C-SDrECvTa4],285,9.500000,1.0000,False,manual_box,original
Federico_sammelt_i_tried_the_new_season_[C-SDrECvTa4]_000285_5bb7a13c_aug_original.png,0,enemy,1,0.310535,0.273592,0.034834,0.106265,Federico_sammelt__i_tried_the_new_season [C-SDrECvTa4],285,9.500000,1.0000,False,manual_box,original
Federico_sammelt_i_tried_the_new_season_[C-SDrECvTa4]_000285_5bb7a13c_aug_original.png,1,player,1,0.198386,0.586836,0.388275,0.748612,Federico_sammelt__i_tried_the_new_season [C-SDrECvTa4],285,9.500000,1.0000,False,manual_box,original
Federico_sammelt_i_tried_the_new_season_[C-SDrECvTa4]_000285_5bb7a13c_aug_photo_exposure.png,0,enemy,1,0.488105,0.624901,0.152082,0.361618,Federico_sammelt__i_tried_the_new_season [C-SDrECvTa4],285,9.500000,1.0000,False,manual_box,photo_exposure
Federico_sammelt_i_tried_the_new_season_[C-SDrECvTa4]_000285_5bb7a13c_aug_photo_exposure.png,0,enemy,1,0.521665,0.242665,0.028887,0.095163,Federico_sammelt__i_tried_the_new_season [C-SDrECvTa4],285,9.500000,1.0000,False,manual_box,photo_exposure
Federico_sammelt_i_tried_the_new_season_[C-SDrECvTa4]_000285_5bb7a13c_aug_photo_exposure.png,0,enemy,1,0.478760,0.057098,0.041631,0.111023,Federico_sammelt__i_tried_the_new_season [C-SDrECvTa4],285,9.500000,1.0000,False,manual_box,photo_exposure
Federico_sammelt_i_tried_the_new_season_[C-SDrECvTa4]_000285_5bb7a13c_aug_photo_exposure.png,0,enemy,1,0.419711,0.256146,0.022090,0.080888,Federico_sammelt__i_tried_the_new_season [C-SDrECvTa4],285,9.500000,1.0000,False,manual_box,photo_exposure
Federico_sammelt_i_tried_the_new_season_[C-SDrECvTa4]_000285_5bb7a13c_aug_photo_exposure.png,0,enemy,1,0.390399,0.241872,0.034834,0.099921,Federico_sammelt__i_tried_the_new_season [C-SDrECvTa4],285,9.500000,1.0000,False,manual_box,photo_exposure
Federico_sammelt_i_tried_the_new_season_[C-SDrECvTa4]_000285_5bb7a13c_aug_photo_exposure.png,0,enemy,1,0.339847,0.279144,0.049278,0.111023,Federico_sammelt__i_tried_the_new_season [C-SDrECvTa4],285,9.500000,1.0000,False,manual_box,photo_exposure
Federico_sammelt_i_tried_the_new_season_[C-SDrECvTa4]_000285_5bb7a13c_aug_photo_exposure.png,0,enemy,1,0.310535,0.273592,0.034834,0.106265,Federico_sammelt__i_tried_the_new_season [C-SDrECvTa4],285,9.500000,1.0000,False,manual_box,photo_exposure
Federico_sammelt_i_tried_the_new_season_[C-SDrECvTa4]_000285_5bb7a13c_aug_photo_exposure.png,1,player,1,0.198386,0.586836,0.388275,0.748612,Federico_sammelt__i_tried_the_new_season [C-SDrECvTa4],285,9.500000,1.0000,False,manual_box,photo_exposure
Federico_sammelt_i_tried_the_new_season_[C-SDrECvTa4]_000285_5bb7a13c_aug_photo_gameplay.png,0,enemy,1,0.488105,0.624901,0.152082,0.361618,Federico_sammelt__i_tried_the_new_season [C-SDrECvTa4],285,9.500000,1.0000,False,manual_box,photo_gameplay
Federico_sammelt_i_tried_the_new_season_[C-SDrECvTa4]_000285_5bb7a13c_aug_photo_gameplay.png,0,enemy,1,0.521665,0.242665,0.028887,0.095163,Federico_sammelt__i_tried_the_new_season [C-SDrECvTa4],285,9.500000,1.0000,False,manual_box,photo_gameplay
Federico_sammelt_i_tried_the_new_season_[C-SDrECvTa4]_000285_5bb7a13c_aug_photo_gameplay.png,0,enemy,1,0.478760,0.057098,0.041631,0.111023,Federico_sammelt__i_tried_the_new_season [C-SDrECvTa4],285,9.500000,1.0000,False,manual_box,photo_gameplay
Federico_sammelt_i_tried_the_new_season_[C-SDrECvTa4]_000285_5bb7a13c_aug_photo_gameplay.png,0,enemy,1,0.419711,0.256146,0.022090,0.080888,Federico_sammelt__i_tried_the_new_season [C-SDrECvTa4],285,9.500000,1.0000,False,manual_box,photo_gameplay
Federico_sammelt_i_tried_the_new_season_[C-SDrECvTa4]_000285_5bb7a13c_aug_photo_gameplay.png,0,enemy,1,0.390399,0.241872,0.034834,0.099921,Federico_sammelt__i_tried_the_new_season [C-SDrECvTa4],285,9.500000,1.0000,False,manual_box,photo_gameplay
Federico_sammelt_i_tried_the_new_season_[C-SDrECvTa4]_000285_5bb7a13c_aug_photo_gameplay.png,0,enemy,1,0.339847,0.279144,0.049278,0.111023,Federico_sammelt__i_tried_the_new_season [C-SDrECvTa4],285,9.500000,1.0000,False,manual_box,photo_gameplay
Federico_sammelt_i_tried_the_new_season_[C-SDrECvTa4]_000285_5bb7a13c_aug_photo_gameplay.png,0,enemy,1,0.310535,0.273592,0.034834,0.106265,Federico_sammelt__i_tried_the_new_season [C-SDrECvTa4],285,9.500000,1.0000,False,manual_box,photo_gameplay
Federico_sammelt_i_tried_the_new_season_[C-SDrECvTa4]_000285_5bb7a13c_aug_photo_gameplay.png,1,player,1,0.198386,0.586836,0.388275,0.748612,Federico_sammelt__i_tried_the_new_season [C-SDrECvTa4],285,9.500000,1.0000,False,manual_box,photo_gameplay
Federico_sammelt_i_tried_the_new_season_[C-SDrECvTa4]_000285_5bb7a13c_aug_affine_mild.png,0,enemy,1,0.513790,0.685890,0.158317,0.388661,Federico_sammelt__i_tried_the_new_season [C-SDrECvTa4],285,9.500000,1.0000,False,manual_box,affine_mild
Federico_sammelt_i_tried_the_new_season_[C-SDrECvTa4]_000285_5bb7a13c_aug_affine_mild.png,0,enemy,1,0.484035,0.278604,0.030368,0.101970,Federico_sammelt__i_tried_the_new_season [C-SDrECvTa4],285,9.500000,1.0000,False,manual_box,affine_mild
Federico_sammelt_i_tried_the_new_season_[C-SDrECvTa4]_000285_5bb7a13c_aug_affine_mild.png,0,enemy,1,0.529635,0.082521,0.043473,0.119185,Federico_sammelt__i_tried_the_new_season [C-SDrECvTa4],285,9.500000,1.0000,False,manual_box,affine_mild
Federico_sammelt_i_tried_the_new_season_[C-SDrECvTa4]_000285_5bb7a13c_aug_affine_mild.png,0,enemy,1,0.587299,0.295769,0.023314,0.086606,Federico_sammelt__i_tried_the_new_season [C-SDrECvTa4],285,9.500000,1.0000,False,manual_box,affine_mild
Federico_sammelt_i_tried_the_new_season_[C-SDrECvTa4]_000285_5bb7a13c_aug_affine_mild.png,0,enemy,1,0.617192,0.281409,0.036454,0.107194,Federico_sammelt__i_tried_the_new_season [C-SDrECvTa4],285,9.500000,1.0000,False,manual_box,affine_mild
Federico_sammelt_i_tried_the_new_season_[C-SDrECvTa4]_000285_5bb7a13c_aug_affine_mild.png,0,enemy,1,0.668051,0.322438,0.051229,0.119398,Federico_sammelt__i_tried_the_new_season [C-SDrECvTa4],285,9.500000,1.0000,False,manual_box,affine_mild
Federico_sammelt_i_tried_the_new_season_[C-SDrECvTa4]_000285_5bb7a13c_aug_affine_mild.png,0,enemy,1,0.697845,0.317350,0.036525,0.113938,Federico_sammelt__i_tried_the_new_season [C-SDrECvTa4],285,9.500000,1.0000,False,manual_box,affine_mild
Federico_sammelt_i_tried_the_new_season_[C-SDrECvTa4]_000285_5bb7a13c_aug_affine_mild.png,1,player,1,0.803486,0.625078,0.393028,0.749843,Federico_sammelt__i_tried_the_new_season [C-SDrECvTa4],285,9.500000,1.0000,False,manual_box,affine_mild
Federico_sammelt_i_tried_the_new_season_[C-SDrECvTa4]_000300_96d71ae3_aug_original.png,1,player,1,0.210705,0.674465,0.418012,0.651070,Federico_sammelt__i_tried_the_new_season [C-SDrECvTa4],300,10.000000,1.0000,False,manual_box,original
Federico_sammelt_i_tried_the_new_season_[C-SDrECvTa4]_000300_96d71ae3_aug_original.png,0,enemy,1,0.493203,0.643933,0.128292,0.390167,Federico_sammelt__i_tried_the_new_season [C-SDrECvTa4],300,10.000000,1.0000,False,manual_box,original
Federico_sammelt_i_tried_the_new_season_[C-SDrECvTa4]_000300_96d71ae3_aug_original.png,0,enemy,1,0.514019,0.266455,0.027188,0.098335,Federico_sammelt__i_tried_the_new_season [C-SDrECvTa4],300,10.000000,1.0000,False,manual_box,original
Federico_sammelt_i_tried_the_new_season_[C-SDrECvTa4]_000300_96d71ae3_aug_original.png,0,enemy,1,0.470263,0.068200,0.034834,0.114195,Federico_sammelt__i_tried_the_new_season [C-SDrECvTa4],300,10.000000,1.0000,False,manual_box,original
Federico_sammelt_i_tried_the_new_season_[C-SDrECvTa4]_000300_96d71ae3_aug_original.png,0,enemy,1,0.415888,0.276764,0.022940,0.084060,Federico_sammelt__i_tried_the_new_season [C-SDrECvTa4],300,10.000000,1.0000,False,manual_box,original
Federico_sammelt_i_tried_the_new_season_[C-SDrECvTa4]_000300_96d71ae3_aug_original.png,0,enemy,1,0.378080,0.280730,0.030586,0.091990,Federico_sammelt__i_tried_the_new_season [C-SDrECvTa4],300,10.000000,1.0000,False,manual_box,original
Federico_sammelt_i_tried_the_new_season_[C-SDrECvTa4]_000300_96d71ae3_aug_original.png,0,enemy,1,0.328377,0.291039,0.034834,0.118953,Federico_sammelt__i_tried_the_new_season [C-SDrECvTa4],300,10.000000,1.0000,False,manual_box,original
Federico_sammelt_i_tried_the_new_season_[C-SDrECvTa4]_000300_96d71ae3_aug_original.png,0,enemy,1,0.295667,0.278351,0.028887,0.109437,Federico_sammelt__i_tried_the_new_season [C-SDrECvTa4],300,10.000000,1.0000,False,manual_box,original
Federico_sammelt_i_tried_the_new_season_[C-SDrECvTa4]_000300_96d71ae3_aug_photo_exposure.png,1,player,1,0.210705,0.674465,0.418012,0.651071,Federico_sammelt__i_tried_the_new_season [C-SDrECvTa4],300,10.000000,1.0000,False,manual_box,photo_exposure
Federico_sammelt_i_tried_the_new_season_[C-SDrECvTa4]_000300_96d71ae3_aug_photo_exposure.png,0,enemy,1,0.493203,0.643933,0.128292,0.390167,Federico_sammelt__i_tried_the_new_season [C-SDrECvTa4],300,10.000000,1.0000,False,manual_box,photo_exposure
Federico_sammelt_i_tried_the_new_season_[C-SDrECvTa4]_000300_96d71ae3_aug_photo_exposure.png,0,enemy,1,0.514019,0.266455,0.027188,0.098335,Federico_sammelt__i_tried_the_new_season [C-SDrECvTa4],300,10.000000,1.0000,False,manual_box,photo_exposure
Federico_sammelt_i_tried_the_new_season_[C-SDrECvTa4]_000300_96d71ae3_aug_photo_exposure.png,0,enemy,1,0.470263,0.068200,0.034834,0.114195,Federico_sammelt__i_tried_the_new_season [C-SDrECvTa4],300,10.000000,1.0000,False,manual_box,photo_exposure
Federico_sammelt_i_tried_the_new_season_[C-SDrECvTa4]_000300_96d71ae3_aug_photo_exposure.png,0,enemy,1,0.415888,0.276764,0.022940,0.084060,Federico_sammelt__i_tried_the_new_season [C-SDrECvTa4],300,10.000000,1.0000,False,manual_box,photo_exposure
Federico_sammelt_i_tried_the_new_season_[C-SDrECvTa4]_000300_96d71ae3_aug_photo_exposure.png,0,enemy,1,0.378080,0.280730,0.030586,0.091990,Federico_sammelt__i_tried_the_new_season [C-SDrECvTa4],300,10.000000,1.0000,False,manual_box,photo_exposure
Federico_sammelt_i_tried_the_new_season_[C-SDrECvTa4]_000300_96d71ae3_aug_photo_exposure.png,0,enemy,1,0.328377,0.291039,0.034834,0.118953,Federico_sammelt__i_tried_the_new_season [C-SDrECvTa4],300,10.000000,1.0000,False,manual_box,photo_exposure
Federico_sammelt_i_tried_the_new_season_[C-SDrECvTa4]_000300_96d71ae3_aug_photo_exposure.png,0,enemy,1,0.295667,0.278351,0.028887,0.109437,Federico_sammelt__i_tried_the_new_season [C-SDrECvTa4],300,10.000000,1.0000,False,manual_box,photo_exposure
Federico_sammelt_i_tried_the_new_season_[C-SDrECvTa4]_000300_96d71ae3_aug_photo_gameplay.png,1,player,1,0.210705,0.674465,0.418012,0.651071,Federico_sammelt__i_tried_the_new_season [C-SDrECvTa4],300,10.000000,1.0000,False,manual_box,photo_gameplay
Federico_sammelt_i_tried_the_new_season_[C-SDrECvTa4]_000300_96d71ae3_aug_photo_gameplay.png,0,enemy,1,0.493203,0.643933,0.128292,0.390167,Federico_sammelt__i_tried_the_new_season [C-SDrECvTa4],300,10.000000,1.0000,False,manual_box,photo_gameplay
Federico_sammelt_i_tried_the_new_season_[C-SDrECvTa4]_000300_96d71ae3_aug_photo_gameplay.png,0,enemy,1,0.514019,0.266455,0.027188,0.098335,Federico_sammelt__i_tried_the_new_season [C-SDrECvTa4],300,10.000000,1.0000,False,manual_box,photo_gameplay
Federico_sammelt_i_tried_the_new_season_[C-SDrECvTa4]_000300_96d71ae3_aug_photo_gameplay.png,0,enemy,1,0.470263,0.068200,0.034834,0.114195,Federico_sammelt__i_tried_the_new_season [C-SDrECvTa4],300,10.000000,1.0000,False,manual_box,photo_gameplay
Federico_sammelt_i_tried_the_new_season_[C-SDrECvTa4]_000300_96d71ae3_aug_photo_gameplay.png,0,enemy,1,0.415888,0.276764,0.022940,0.084060,Federico_sammelt__i_tried_the_new_season [C-SDrECvTa4],300,10.000000,1.0000,False,manual_box,photo_gameplay
Federico_sammelt_i_tried_the_new_season_[C-SDrECvTa4]_000300_96d71ae3_aug_photo_gameplay.png,0,enemy,1,0.378080,0.280730,0.030586,0.091990,Federico_sammelt__i_tried_the_new_season [C-SDrECvTa4],300,10.000000,1.0000,False,manual_box,photo_gameplay
Federico_sammelt_i_tried_the_new_season_[C-SDrECvTa4]_000300_96d71ae3_aug_photo_gameplay.png,0,enemy,1,0.328377,0.291039,0.034834,0.118953,Federico_sammelt__i_tried_the_new_season [C-SDrECvTa4],300,10.000000,1.0000,False,manual_box,photo_gameplay
Federico_sammelt_i_tried_the_new_season_[C-SDrECvTa4]_000300_96d71ae3_aug_photo_gameplay.png,0,enemy,1,0.295667,0.278351,0.028887,0.109437,Federico_sammelt__i_tried_the_new_season [C-SDrECvTa4],300,10.000000,1.0000,False,manual_box,photo_gameplay
Federico_sammelt_i_tried_the_new_season_[C-SDrECvTa4]_000300_96d71ae3_aug_affine_mild.png,1,player,1,0.254065,0.597100,0.430690,0.733577,Federico_sammelt__i_tried_the_new_season [C-SDrECvTa4],300,10.000000,1.0000,False,manual_box,affine_mild
Federico_sammelt_i_tried_the_new_season_[C-SDrECvTa4]_000300_96d71ae3_aug_affine_mild.png,0,enemy,1,0.523430,0.593669,0.142270,0.427082,Federico_sammelt__i_tried_the_new_season [C-SDrECvTa4],300,10.000000,1.0000,False,manual_box,affine_mild
Federico_sammelt_i_tried_the_new_season_[C-SDrECvTa4]_000300_96d71ae3_aug_affine_mild.png,0,enemy,1,0.563164,0.195335,0.030980,0.107111,Federico_sammelt__i_tried_the_new_season [C-SDrECvTa4],300,10.000000,1.0000,False,manual_box,affine_mild
Federico_sammelt_i_tried_the_new_season_[C-SDrECvTa4]_000300_96d71ae3_aug_affine_mild.png,0,enemy,1,0.469610,0.196212,0.026197,0.091531,Federico_sammelt__i_tried_the_new_season [C-SDrECvTa4],300,10.000000,1.0000,False,manual_box,affine_mild
Federico_sammelt_i_tried_the_new_season_[C-SDrECvTa4]_000300_96d71ae3_aug_affine_mild.png,0,enemy,1,0.433566,0.196543,0.033864,0.100728,Federico_sammelt__i_tried_the_new_season [C-SDrECvTa4],300,10.000000,1.0000,False,manual_box,affine_mild
Federico_sammelt_i_tried_the_new_season_[C-SDrECvTa4]_000300_96d71ae3_aug_affine_mild.png,0,enemy,1,0.385912,0.202385,0.039319,0.129769,Federico_sammelt__i_tried_the_new_season [C-SDrECvTa4],300,10.000000,1.0000,False,manual_box,affine_mild
Federico_sammelt_i_tried_the_new_season_[C-SDrECvTa4]_000300_96d71ae3_aug_affine_mild.png,0,enemy,1,0.355582,0.185571,0.033178,0.119064,Federico_sammelt__i_tried_the_new_season [C-SDrECvTa4],300,10.000000,1.0000,False,manual_box,affine_mild
Federico_sammelt_i_tried_the_new_season_[C-SDrECvTa4]_000315_f66cac83_aug_original.png,0,enemy,1,0.494053,0.631245,0.112999,0.348929,Federico_sammelt__i_tried_the_new_season [C-SDrECvTa4],315,10.500000,1.0000,False,manual_box,original
Federico_sammelt_i_tried_the_new_season_[C-SDrECvTa4]_000315_f66cac83_aug_original.png,0,enemy,1,0.511470,0.246630,0.030586,0.096749,Federico_sammelt__i_tried_the_new_season [C-SDrECvTa4],315,10.500000,1.0000,False,manual_box,original
Federico_sammelt_i_tried_the_new_season_[C-SDrECvTa4]_000315_f66cac83_aug_original.png,0,enemy,1,0.471113,0.066614,0.046729,0.123711,Federico_sammelt__i_tried_the_new_season [C-SDrECvTa4],315,10.500000,1.0000,False,manual_box,original
Federico_sammelt_i_tried_the_new_season_[C-SDrECvTa4]_000315_f66cac83_aug_original.png,0,enemy,1,0.414613,0.252181,0.025489,0.072958,Federico_sammelt__i_tried_the_new_season [C-SDrECvTa4],315,10.500000,1.0000,False,manual_box,original
Federico_sammelt_i_tried_the_new_season_[C-SDrECvTa4]_000315_f66cac83_aug_original.png,0,enemy,1,0.378080,0.254560,0.025489,0.087232,Federico_sammelt__i_tried_the_new_season [C-SDrECvTa4],315,10.500000,1.0000,False,manual_box,original
Federico_sammelt_i_tried_the_new_season_[C-SDrECvTa4]_000315_f66cac83_aug_original.png,0,enemy,1,0.328377,0.270420,0.026338,0.112609,Federico_sammelt__i_tried_the_new_season [C-SDrECvTa4],315,10.500000,1.0000,False,manual_box,original
Federico_sammelt_i_tried_the_new_season_[C-SDrECvTa4]_000315_f66cac83_aug_original.png,0,enemy,1,0.299915,0.268834,0.033985,0.099921,Federico_sammelt__i_tried_the_new_season [C-SDrECvTa4],315,10.500000,1.0000,False,manual_box,original
Federico_sammelt_i_tried_the_new_season_[C-SDrECvTa4]_000315_f66cac83_aug_original.png,1,player,1,0.265081,0.659794,0.513169,0.602696,Federico_sammelt__i_tried_the_new_season [C-SDrECvTa4],315,10.500000,1.0000,False,manual_box,original
Federico_sammelt_i_tried_the_new_season_[C-SDrECvTa4]_000315_f66cac83_aug_photo_exposure.png,0,enemy,1,0.494053,0.631245,0.112999,0.348929,Federico_sammelt__i_tried_the_new_season [C-SDrECvTa4],315,10.500000,1.0000,False,manual_box,photo_exposure
Federico_sammelt_i_tried_the_new_season_[C-SDrECvTa4]_000315_f66cac83_aug_photo_exposure.png,0,enemy,1,0.511470,0.246630,0.030586,0.096749,Federico_sammelt__i_tried_the_new_season [C-SDrECvTa4],315,10.500000,1.0000,False,manual_box,photo_exposure
Federico_sammelt_i_tried_the_new_season_[C-SDrECvTa4]_000315_f66cac83_aug_photo_exposure.png,0,enemy,1,0.471113,0.066614,0.046729,0.123711,Federico_sammelt__i_tried_the_new_season [C-SDrECvTa4],315,10.500000,1.0000,False,manual_box,photo_exposure
Federico_sammelt_i_tried_the_new_season_[C-SDrECvTa4]_000315_f66cac83_aug_photo_exposure.png,0,enemy,1,0.414613,0.252181,0.025489,0.072958,Federico_sammelt__i_tried_the_new_season [C-SDrECvTa4],315,10.500000,1.0000,False,manual_box,photo_exposure
Federico_sammelt_i_tried_the_new_season_[C-SDrECvTa4]_000315_f66cac83_aug_photo_exposure.png,0,enemy,1,0.378080,0.254560,0.025489,0.087232,Federico_sammelt__i_tried_the_new_season [C-SDrECvTa4],315,10.500000,1.0000,False,manual_box,photo_exposure
Federico_sammelt_i_tried_the_new_season_[C-SDrECvTa4]_000315_f66cac83_aug_photo_exposure.png,0,enemy,1,0.328377,0.270420,0.026338,0.112609,Federico_sammelt__i_tried_the_new_season [C-SDrECvTa4],315,10.500000,1.0000,False,manual_box,photo_exposure
Federico_sammelt_i_tried_the_new_season_[C-SDrECvTa4]_000315_f66cac83_aug_photo_exposure.png,0,enemy,1,0.299915,0.268834,0.033985,0.099921,Federico_sammelt__i_tried_the_new_season [C-SDrECvTa4],315,10.500000,1.0000,False,manual_box,photo_exposure
Federico_sammelt_i_tried_the_new_season_[C-SDrECvTa4]_000315_f66cac83_aug_photo_exposure.png,1,player,1,0.265081,0.659794,0.513169,0.602696,Federico_sammelt__i_tried_the_new_season [C-SDrECvTa4],315,10.500000,1.0000,False,manual_box,photo_exposure
Federico_sammelt_i_tried_the_new_season_[C-SDrECvTa4]_000315_f66cac83_aug_photo_gameplay.png,0,enemy,1,0.494053,0.631245,0.112999,0.348929,Federico_sammelt__i_tried_the_new_season [C-SDrECvTa4],315,10.500000,1.0000,False,manual_box,photo_gameplay
Federico_sammelt_i_tried_the_new_season_[C-SDrECvTa4]_000315_f66cac83_aug_photo_gameplay.png,0,enemy,1,0.511470,0.246630,0.030586,0.096749,Federico_sammelt__i_tried_the_new_season [C-SDrECvTa4],315,10.500000,1.0000,False,manual_box,photo_gameplay
Federico_sammelt_i_tried_the_new_season_[C-SDrECvTa4]_000315_f66cac83_aug_photo_gameplay.png,0,enemy,1,0.471113,0.066614,0.046729,0.123711,Federico_sammelt__i_tried_the_new_season [C-SDrECvTa4],315,10.500000,1.0000,False,manual_box,photo_gameplay
Federico_sammelt_i_tried_the_new_season_[C-SDrECvTa4]_000315_f66cac83_aug_photo_gameplay.png,0,enemy,1,0.414613,0.252181,0.025489,0.072958,Federico_sammelt__i_tried_the_new_season [C-SDrECvTa4],315,10.500000,1.0000,False,manual_box,photo_gameplay
Federico_sammelt_i_tried_the_new_season_[C-SDrECvTa4]_000315_f66cac83_aug_photo_gameplay.png,0,enemy,1,0.378080,0.254560,0.025489,0.087232,Federico_sammelt__i_tried_the_new_season [C-SDrECvTa4],315,10.500000,1.0000,False,manual_box,photo_gameplay
Federico_sammelt_i_tried_the_new_season_[C-SDrECvTa4]_000315_f66cac83_aug_photo_gameplay.png,0,enemy,1,0.328377,0.270420,0.026338,0.112609,Federico_sammelt__i_tried_the_new_season [C-SDrECvTa4],315,10.500000,1.0000,False,manual_box,photo_gameplay
Federico_sammelt_i_tried_the_new_season_[C-SDrECvTa4]_000315_f66cac83_aug_photo_gameplay.png,0,enemy,1,0.299915,0.268834,0.033985,0.099921,Federico_sammelt__i_tried_the_new_season [C-SDrECvTa4],315,10.500000,1.0000,False,manual_box,photo_gameplay
Federico_sammelt_i_tried_the_new_season_[C-SDrECvTa4]_000315_f66cac83_aug_photo_gameplay.png,1,player,1,0.265081,0.659794,0.513169,0.602696,Federico_sammelt__i_tried_the_new_season [C-SDrECvTa4],315,10.500000,1.0000,False,manual_box,photo_gameplay
Federico_sammelt_i_tried_the_new_season_[C-SDrECvTa4]_000315_f66cac83_aug_affine_mild.png,0,enemy,1,0.480460,0.661194,0.130536,0.356047,Federico_sammelt__i_tried_the_new_season [C-SDrECvTa4],315,10.500000,1.0000,False,manual_box,affine_mild
Federico_sammelt_i_tried_the_new_season_[C-SDrECvTa4]_000315_f66cac83_aug_affine_mild.png,0,enemy,1,0.510238,0.278356,0.035400,0.098672,Federico_sammelt__i_tried_the_new_season [C-SDrECvTa4],315,10.500000,1.0000,False,manual_box,affine_mild
Federico_sammelt_i_tried_the_new_season_[C-SDrECvTa4]_000315_f66cac83_aug_affine_mild.png,0,enemy,1,0.472511,0.095884,0.053380,0.126687,Federico_sammelt__i_tried_the_new_season [C-SDrECvTa4],315,10.500000,1.0000,False,manual_box,affine_mild
Federico_sammelt_i_tried_the_new_season_[C-SDrECvTa4]_000315_f66cac83_aug_affine_mild.png,0,enemy,1,0.406919,0.277333,0.029277,0.074573,Federico_sammelt__i_tried_the_new_season [C-SDrECvTa4],315,10.500000,1.0000,False,manual_box,affine_mild
Federico_sammelt_i_tried_the_new_season_[C-SDrECvTa4]_000315_f66cac83_aug_affine_mild.png,0,enemy,1,0.367940,0.277232,0.029694,0.088824,Federico_sammelt__i_tried_the_new_season [C-SDrECvTa4],315,10.500000,1.0000,False,manual_box,affine_mild
Federico_sammelt_i_tried_the_new_season_[C-SDrECvTa4]_000315_f66cac83_aug_affine_mild.png,0,enemy,1,0.314541,0.289698,0.031339,0.114220,Federico_sammelt__i_tried_the_new_season [C-SDrECvTa4],315,10.500000,1.0000,False,manual_box,affine_mild
Federico_sammelt_i_tried_the_new_season_[C-SDrECvTa4]_000315_f66cac83_aug_affine_mild.png,0,enemy,1,0.284274,0.286185,0.039113,0.102070,Federico_sammelt__i_tried_the_new_season [C-SDrECvTa4],315,10.500000,1.0000,False,manual_box,affine_mild
Federico_sammelt_i_tried_the_new_season_[C-SDrECvTa4]_000315_f66cac83_aug_affine_mild.png,1,player,1,0.258916,0.674177,0.517832,0.636547,Federico_sammelt__i_tried_the_new_season [C-SDrECvTa4],315,10.500000,1.0000,False,manual_box,affine_mild
Federico_sammelt_i_tried_the_new_season_[C-SDrECvTa4]_000330_f16f39fb_aug_original.png,1,player,1,0.386151,0.672482,0.179269,0.574148,Federico_sammelt__i_tried_the_new_season [C-SDrECvTa4],330,11.000000,1.0000,False,manual_box,original
Federico_sammelt_i_tried_the_new_season_[C-SDrECvTa4]_000330_f16f39fb_aug_original.png,0,enemy,1,0.243840,0.743854,0.202209,0.434576,Federico_sammelt__i_tried_the_new_season [C-SDrECvTa4],330,11.000000,1.0000,False,manual_box,original
Federico_sammelt_i_tried_the_new_season_[C-SDrECvTa4]_000330_f16f39fb_aug_original.png,0,enemy,1,0.535259,0.593973,0.108751,0.277557,Federico_sammelt__i_tried_the_new_season [C-SDrECvTa4],330,11.000000,1.0000,False,manual_box,original
Federico_sammelt_i_tried_the_new_season_[C-SDrECvTa4]_000330_f16f39fb_aug_original.png,0,enemy,1,0.587935,0.274385,0.037383,0.114195,Federico_sammelt__i_tried_the_new_season [C-SDrECvTa4],330,11.000000,1.0000,False,manual_box,original
Federico_sammelt_i_tried_the_new_season_[C-SDrECvTa4]_000330_f16f39fb_aug_original.png,0,enemy,1,0.544180,0.095163,0.036534,0.101507,Federico_sammelt__i_tried_the_new_season [C-SDrECvTa4],330,11.000000,1.0000,False,manual_box,original
Federico_sammelt_i_tried_the_new_season_[C-SDrECvTa4]_000330_f16f39fb_aug_original.png,0,enemy,1,0.505523,0.283902,0.032285,0.107851,Federico_sammelt__i_tried_the_new_season [C-SDrECvTa4],330,11.000000,1.0000,False,manual_box,original
Federico_sammelt_i_tried_the_new_season_[C-SDrECvTa4]_000330_f16f39fb_aug_original.png,0,enemy,1,0.459218,0.269627,0.034834,0.085646,Federico_sammelt__i_tried_the_new_season [C-SDrECvTa4],330,11.000000,1.0000,False,manual_box,original
Federico_sammelt_i_tried_the_new_season_[C-SDrECvTa4]_000330_f16f39fb_aug_original.png,0,enemy,1,0.413339,0.284695,0.033135,0.099921,Federico_sammelt__i_tried_the_new_season [C-SDrECvTa4],330,11.000000,1.0000,False,manual_box,original
Federico_sammelt_i_tried_the_new_season_[C-SDrECvTa4]_000330_f16f39fb_aug_original.png,0,enemy,1,0.387001,0.288660,0.036534,0.101507,Federico_sammelt__i_tried_the_new_season [C-SDrECvTa4],330,11.000000,1.0000,False,manual_box,original
Federico_sammelt_i_tried_the_new_season_[C-SDrECvTa4]_000330_f16f39fb_aug_photo_exposure.png,1,player,1,0.386151,0.672482,0.179269,0.574148,Federico_sammelt__i_tried_the_new_season [C-SDrECvTa4],330,11.000000,1.0000,False,manual_box,photo_exposure
Federico_sammelt_i_tried_the_new_season_[C-SDrECvTa4]_000330_f16f39fb_aug_photo_exposure.png,0,enemy,1,0.243840,0.743854,0.202209,0.434576,Federico_sammelt__i_tried_the_new_season [C-SDrECvTa4],330,11.000000,1.0000,False,manual_box,photo_exposure
Federico_sammelt_i_tried_the_new_season_[C-SDrECvTa4]_000330_f16f39fb_aug_photo_exposure.png,0,enemy,1,0.535259,0.593973,0.108751,0.277557,Federico_sammelt__i_tried_the_new_season [C-SDrECvTa4],330,11.000000,1.0000,False,manual_box,photo_exposure
Federico_sammelt_i_tried_the_new_season_[C-SDrECvTa4]_000330_f16f39fb_aug_photo_exposure.png,0,enemy,1,0.587935,0.274385,0.037383,0.114195,Federico_sammelt__i_tried_the_new_season [C-SDrECvTa4],330,11.000000,1.0000,False,manual_box,photo_exposure
Federico_sammelt_i_tried_the_new_season_[C-SDrECvTa4]_000330_f16f39fb_aug_photo_exposure.png,0,enemy,1,0.544180,0.095163,0.036534,0.101507,Federico_sammelt__i_tried_the_new_season [C-SDrECvTa4],330,11.000000,1.0000,False,manual_box,photo_exposure
Federico_sammelt_i_tried_the_new_season_[C-SDrECvTa4]_000330_f16f39fb_aug_photo_exposure.png,0,enemy,1,0.505523,0.283902,0.032285,0.107851,Federico_sammelt__i_tried_the_new_season [C-SDrECvTa4],330,11.000000,1.0000,False,manual_box,photo_exposure
Federico_sammelt_i_tried_the_new_season_[C-SDrECvTa4]_000330_f16f39fb_aug_photo_exposure.png,0,enemy,1,0.459218,0.269627,0.034834,0.085646,Federico_sammelt__i_tried_the_new_season [C-SDrECvTa4],330,11.000000,1.0000,False,manual_box,photo_exposure
Federico_sammelt_i_tried_the_new_season_[C-SDrECvTa4]_000330_f16f39fb_aug_photo_exposure.png,0,enemy,1,0.413339,0.284695,0.033135,0.099921,Federico_sammelt__i_tried_the_new_season [C-SDrECvTa4],330,11.000000,1.0000,False,manual_box,photo_exposure
Federico_sammelt_i_tried_the_new_season_[C-SDrECvTa4]_000330_f16f39fb_aug_photo_exposure.png,0,enemy,1,0.387001,0.288660,0.036534,0.101507,Federico_sammelt__i_tried_the_new_season [C-SDrECvTa4],330,11.000000,1.0000,False,manual_box,photo_exposure
Federico_sammelt_i_tried_the_new_season_[C-SDrECvTa4]_000330_f16f39fb_aug_photo_gameplay.png,1,player,1,0.386151,0.672482,0.179269,0.574148,Federico_sammelt__i_tried_the_new_season [C-SDrECvTa4],330,11.000000,1.0000,False,manual_box,photo_gameplay
Federico_sammelt_i_tried_the_new_season_[C-SDrECvTa4]_000330_f16f39fb_aug_photo_gameplay.png,0,enemy,1,0.243840,0.743854,0.202209,0.434576,Federico_sammelt__i_tried_the_new_season [C-SDrECvTa4],330,11.000000,1.0000,False,manual_box,photo_gameplay
Federico_sammelt_i_tried_the_new_season_[C-SDrECvTa4]_000330_f16f39fb_aug_photo_gameplay.png,0,enemy,1,0.535259,0.593973,0.108751,0.277557,Federico_sammelt__i_tried_the_new_season [C-SDrECvTa4],330,11.000000,1.0000,False,manual_box,photo_gameplay
Federico_sammelt_i_tried_the_new_season_[C-SDrECvTa4]_000330_f16f39fb_aug_photo_gameplay.png,0,enemy,1,0.587935,0.274385,0.037383,0.114195,Federico_sammelt__i_tried_the_new_season [C-SDrECvTa4],330,11.000000,1.0000,False,manual_box,photo_gameplay
Federico_sammelt_i_tried_the_new_season_[C-SDrECvTa4]_000330_f16f39fb_aug_photo_gameplay.png,0,enemy,1,0.544180,0.095163,0.036534,0.101507,Federico_sammelt__i_tried_the_new_season [C-SDrECvTa4],330,11.000000,1.0000,False,manual_box,photo_gameplay
Federico_sammelt_i_tried_the_new_season_[C-SDrECvTa4]_000330_f16f39fb_aug_photo_gameplay.png,0,enemy,1,0.505523,0.283902,0.032285,0.107851,Federico_sammelt__i_tried_the_new_season [C-SDrECvTa4],330,11.000000,1.0000,False,manual_box,photo_gameplay
Federico_sammelt_i_tried_the_new_season_[C-SDrECvTa4]_000330_f16f39fb_aug_photo_gameplay.png,0,enemy,1,0.459218,0.269627,0.034834,0.085646,Federico_sammelt__i_tried_the_new_season [C-SDrECvTa4],330,11.000000,1.0000,False,manual_box,photo_gameplay
Federico_sammelt_i_tried_the_new_season_[C-SDrECvTa4]_000330_f16f39fb_aug_photo_gameplay.png,0,enemy,1,0.413339,0.284695,0.033135,0.099921,Federico_sammelt__i_tried_the_new_season [C-SDrECvTa4],330,11.000000,1.0000,False,manual_box,photo_gameplay
Federico_sammelt_i_tried_the_new_season_[C-SDrECvTa4]_000330_f16f39fb_aug_photo_gameplay.png,0,enemy,1,0.387001,0.288660,0.036534,0.101507,Federico_sammelt__i_tried_the_new_season [C-SDrECvTa4],330,11.000000,1.0000,False,manual_box,photo_gameplay
Federico_sammelt_i_tried_the_new_season_[C-SDrECvTa4]_000330_f16f39fb_aug_affine_mild.png,1,player,1,0.579738,0.706015,0.166742,0.587970,Federico_sammelt__i_tried_the_new_season [C-SDrECvTa4],330,11.000000,1.0000,False,manual_box,affine_mild
Federico_sammelt_i_tried_the_new_season_[C-SDrECvTa4]_000330_f16f39fb_aug_affine_mild.png,0,enemy,1,0.710971,0.786027,0.187621,0.427946,Federico_sammelt__i_tried_the_new_season [C-SDrECvTa4],330,11.000000,1.0000,False,manual_box,affine_mild
Federico_sammelt_i_tried_the_new_season_[C-SDrECvTa4]_000330_f16f39fb_aug_affine_mild.png,0,enemy,1,0.442246,0.621026,0.101000,0.298529,Federico_sammelt__i_tried_the_new_season [C-SDrECvTa4],330,11.000000,1.0000,False,manual_box,affine_mild
Federico_sammelt_i_tried_the_new_season_[C-SDrECvTa4]_000330_f16f39fb_aug_affine_mild.png,0,enemy,1,0.394301,0.285166,0.034759,0.122024,Federico_sammelt__i_tried_the_new_season [C-SDrECvTa4],330,11.000000,1.0000,False,manual_box,affine_mild
Federico_sammelt_i_tried_the_new_season_[C-SDrECvTa4]_000330_f16f39fb_aug_affine_mild.png,0,enemy,1,0.435082,0.104775,0.033948,0.108825,Federico_sammelt__i_tried_the_new_season [C-SDrECvTa4],330,11.000000,1.0000,False,manual_box,affine_mild
Federico_sammelt_i_tried_the_new_season_[C-SDrECvTa4]_000330_f16f39fb_aug_affine_mild.png,0,enemy,1,0.470366,0.303944,0.030039,0.114918,Federico_sammelt__i_tried_the_new_season [C-SDrECvTa4],330,11.000000,1.0000,False,manual_box,affine_mild
Federico_sammelt_i_tried_the_new_season_[C-SDrECvTa4]_000330_f16f39fb_aug_affine_mild.png,0,enemy,1,0.513147,0.294224,0.032344,0.092256,Federico_sammelt__i_tried_the_new_season [C-SDrECvTa4],330,11.000000,1.0000,False,manual_box,affine_mild
Federico_sammelt_i_tried_the_new_season_[C-SDrECvTa4]_000330_f16f39fb_aug_affine_mild.png,0,enemy,1,0.555472,0.314770,0.030806,0.106818,Federico_sammelt__i_tried_the_new_season [C-SDrECvTa4],330,11.000000,1.0000,False,manual_box,affine_mild
Federico_sammelt_i_tried_the_new_season_[C-SDrECvTa4]_000330_f16f39fb_aug_affine_mild.png,0,enemy,1,0.579779,0.321726,0.033948,0.108825,Federico_sammelt__i_tried_the_new_season [C-SDrECvTa4],330,11.000000,1.0000,False,manual_box,affine_mild
Federico_sammelt_i_tried_the_new_season_[C-SDrECvTa4]_000330_f16f39fb_aug_retarget_edge.png,1,player,1,0.642311,0.780777,0.179269,0.438446,Federico_sammelt__i_tried_the_new_season [C-SDrECvTa4],330,11.000000,1.0000,False,manual_box,retarget_edge
Federico_sammelt_i_tried_the_new_season_[C-SDrECvTa4]_000330_f16f39fb_aug_retarget_edge.png,0,enemy,1,0.500000,0.851356,0.202209,0.297288,Federico_sammelt__i_tried_the_new_season [C-SDrECvTa4],330,11.000000,1.0000,False,manual_box,retarget_edge
Federico_sammelt_i_tried_the_new_season_[C-SDrECvTa4]_000330_f16f39fb_aug_retarget_edge.png,0,enemy,1,0.791419,0.770119,0.108751,0.277557,Federico_sammelt__i_tried_the_new_season [C-SDrECvTa4],330,11.000000,1.0000,False,manual_box,retarget_edge
Federico_sammelt_i_tried_the_new_season_[C-SDrECvTa4]_000330_f16f39fb_aug_retarget_edge.png,0,enemy,1,0.844095,0.450531,0.037383,0.114195,Federico_sammelt__i_tried_the_new_season [C-SDrECvTa4],330,11.000000,1.0000,False,manual_box,retarget_edge
Federico_sammelt_i_tried_the_new_season_[C-SDrECvTa4]_000330_f16f39fb_aug_retarget_edge.png,0,enemy,1,0.800340,0.271309,0.036534,0.101507,Federico_sammelt__i_tried_the_new_season [C-SDrECvTa4],330,11.000000,1.0000,False,manual_box,retarget_edge
Federico_sammelt_i_tried_the_new_season_[C-SDrECvTa4]_000330_f16f39fb_aug_retarget_edge.png,0,enemy,1,0.761683,0.460048,0.032285,0.107851,Federico_sammelt__i_tried_the_new_season [C-SDrECvTa4],330,11.000000,1.0000,False,manual_box,retarget_edge
Federico_sammelt_i_tried_the_new_season_[C-SDrECvTa4]_000330_f16f39fb_aug_retarget_edge.png,0,enemy,1,0.715378,0.445773,0.034834,0.085646,Federico_sammelt__i_tried_the_new_season [C-SDrECvTa4],330,11.000000,1.0000,False,manual_box,retarget_edge
Federico_sammelt_i_tried_the_new_season_[C-SDrECvTa4]_000330_f16f39fb_aug_retarget_edge.png,0,enemy,1,0.669499,0.460841,0.033135,0.099921,Federico_sammelt__i_tried_the_new_season [C-SDrECvTa4],330,11.000000,1.0000,False,manual_box,retarget_edge
Federico_sammelt_i_tried_the_new_season_[C-SDrECvTa4]_000330_f16f39fb_aug_retarget_edge.png,0,enemy,1,0.643161,0.464806,0.036534,0.101507,Federico_sammelt__i_tried_the_new_season [C-SDrECvTa4],330,11.000000,1.0000,False,manual_box,retarget_edge
Federico_sammelt_i_tried_the_new_season_[C-SDrECvTa4]_000330_f16f39fb_aug_retarget_corner.png,1,player,1,0.222311,0.780777,0.179269,0.438446,Federico_sammelt__i_tried_the_new_season [C-SDrECvTa4],330,11.000000,1.0000,False,manual_box,retarget_corner
Federico_sammelt_i_tried_the_new_season_[C-SDrECvTa4]_000330_f16f39fb_aug_retarget_corner.png,0,enemy,1,0.090552,0.851356,0.181104,0.297288,Federico_sammelt__i_tried_the_new_season [C-SDrECvTa4],330,11.000000,1.0000,False,manual_box,retarget_corner
Federico_sammelt_i_tried_the_new_season_[C-SDrECvTa4]_000330_f16f39fb_aug_retarget_corner.png,0,enemy,1,0.371419,0.770119,0.108751,0.277557,Federico_sammelt__i_tried_the_new_season [C-SDrECvTa4],330,11.000000,1.0000,False,manual_box,retarget_corner
Federico_sammelt_i_tried_the_new_season_[C-SDrECvTa4]_000330_f16f39fb_aug_retarget_corner.png,0,enemy,1,0.424095,0.450531,0.037383,0.114195,Federico_sammelt__i_tried_the_new_season [C-SDrECvTa4],330,11.000000,1.0000,False,manual_box,retarget_corner
Federico_sammelt_i_tried_the_new_season_[C-SDrECvTa4]_000330_f16f39fb_aug_retarget_corner.png,0,enemy,1,0.380340,0.271309,0.036534,0.101507,Federico_sammelt__i_tried_the_new_season [C-SDrECvTa4],330,11.000000,1.0000,False,manual_box,retarget_corner
Federico_sammelt_i_tried_the_new_season_[C-SDrECvTa4]_000330_f16f39fb_aug_retarget_corner.png,0,enemy,1,0.341683,0.460048,0.032285,0.107851,Federico_sammelt__i_tried_the_new_season [C-SDrECvTa4],330,11.000000,1.0000,False,manual_box,retarget_corner
Federico_sammelt_i_tried_the_new_season_[C-SDrECvTa4]_000330_f16f39fb_aug_retarget_corner.png,0,enemy,1,0.295378,0.445773,0.034834,0.085646,Federico_sammelt__i_tried_the_new_season [C-SDrECvTa4],330,11.000000,1.0000,False,manual_box,retarget_corner
Federico_sammelt_i_tried_the_new_season_[C-SDrECvTa4]_000330_f16f39fb_aug_retarget_corner.png,0,enemy,1,0.249499,0.460841,0.033135,0.099921,Federico_sammelt__i_tried_the_new_season [C-SDrECvTa4],330,11.000000,1.0000,False,manual_box,retarget_corner
Federico_sammelt_i_tried_the_new_season_[C-SDrECvTa4]_000330_f16f39fb_aug_retarget_corner.png,0,enemy,1,0.223161,0.464806,0.036534,0.101507,Federico_sammelt__i_tried_the_new_season [C-SDrECvTa4],330,11.000000,1.0000,False,manual_box,retarget_corner
Federico_sammelt_i_tried_the_new_season_[C-SDrECvTa4]_000345_b85e0999_aug_original.png,0,enemy,1,0.623195,0.495638,0.119796,0.375892,Federico_sammelt__i_tried_the_new_season [C-SDrECvTa4],345,11.500000,1.0000,False,manual_box,original
Federico_sammelt_i_tried_the_new_season_[C-SDrECvTa4]_000345_b85e0999_aug_original.png,0,enemy,1,0.583687,0.048374,0.025489,0.096749,Federico_sammelt__i_tried_the_new_season [C-SDrECvTa4],345,11.500000,1.0000,False,manual_box,original
Federico_sammelt_i_tried_the_new_season_[C-SDrECvTa4]_000345_b85e0999_aug_photo_exposure.png,0,enemy,1,0.623195,0.495638,0.119796,0.375892,Federico_sammelt__i_tried_the_new_season [C-SDrECvTa4],345,11.500000,1.0000,False,manual_box,photo_exposure
Federico_sammelt_i_tried_the_new_season_[C-SDrECvTa4]_000345_b85e0999_aug_photo_exposure.png,0,enemy,1,0.583687,0.048374,0.025489,0.096749,Federico_sammelt__i_tried_the_new_season [C-SDrECvTa4],345,11.500000,1.0000,False,manual_box,photo_exposure
Federico_sammelt_i_tried_the_new_season_[C-SDrECvTa4]_000345_b85e0999_aug_photo_gameplay.png,0,enemy,1,0.623195,0.495638,0.119796,0.375892,Federico_sammelt__i_tried_the_new_season [C-SDrECvTa4],345,11.500000,1.0000,False,manual_box,photo_gameplay
Federico_sammelt_i_tried_the_new_season_[C-SDrECvTa4]_000345_b85e0999_aug_photo_gameplay.png,0,enemy,1,0.583687,0.048374,0.025489,0.096749,Federico_sammelt__i_tried_the_new_season [C-SDrECvTa4],345,11.500000,1.0000,False,manual_box,photo_gameplay
Federico_sammelt_i_tried_the_new_season_[C-SDrECvTa4]_000345_b85e0999_aug_affine_mild.png,0,enemy,1,0.628728,0.438913,0.111769,0.398346,Federico_sammelt__i_tried_the_new_season [C-SDrECvTa4],345,11.500000,1.0000,False,manual_box,affine_mild
Ich_sammel_i_tried_the_new_season_[C-SDrECvTa4]_000000_95dedb9e_aug_original.png,1,player,1,0.392099,0.700634,0.175871,0.598731,Ich_sammel__i_tried_the_new_season [C-SDrECvTa4],0,0.000000,1.0000,False,manual_box,original
Ich_sammel_i_tried_the_new_season_[C-SDrECvTa4]_000000_95dedb9e_aug_original.png,0,enemy,1,0.559473,0.491673,0.106202,0.269627,Ich_sammel__i_tried_the_new_season [C-SDrECvTa4],0,0.000000,1.0000,False,manual_box,original
Ich_sammel_i_tried_the_new_season_[C-SDrECvTa4]_000000_95dedb9e_aug_photo_exposure.png,1,player,1,0.392099,0.700634,0.175871,0.598731,Ich_sammel__i_tried_the_new_season [C-SDrECvTa4],0,0.000000,1.0000,False,manual_box,photo_exposure
Ich_sammel_i_tried_the_new_season_[C-SDrECvTa4]_000000_95dedb9e_aug_photo_exposure.png,0,enemy,1,0.559473,0.491673,0.106202,0.269627,Ich_sammel__i_tried_the_new_season [C-SDrECvTa4],0,0.000000,1.0000,False,manual_box,photo_exposure
Ich_sammel_i_tried_the_new_season_[C-SDrECvTa4]_000000_95dedb9e_aug_photo_gameplay.png,1,player,1,0.392099,0.700634,0.175871,0.598731,Ich_sammel__i_tried_the_new_season [C-SDrECvTa4],0,0.000000,1.0000,False,manual_box,photo_gameplay
Ich_sammel_i_tried_the_new_season_[C-SDrECvTa4]_000000_95dedb9e_aug_photo_gameplay.png,0,enemy,1,0.559473,0.491673,0.106202,0.269627,Ich_sammel__i_tried_the_new_season [C-SDrECvTa4],0,0.000000,1.0000,False,manual_box,photo_gameplay
Ich_sammel_i_tried_the_new_season_[C-SDrECvTa4]_000000_95dedb9e_aug_affine_mild.png,1,player,1,0.445953,0.666894,0.178452,0.636098,Ich_sammel__i_tried_the_new_season [C-SDrECvTa4],0,0.000000,1.0000,False,manual_box,affine_mild
Ich_sammel_i_tried_the_new_season_[C-SDrECvTa4]_000000_95dedb9e_aug_affine_mild.png,0,enemy,1,0.593331,0.442812,0.105110,0.286984,Ich_sammel__i_tried_the_new_season [C-SDrECvTa4],0,0.000000,1.0000,False,manual_box,affine_mild
Ich_sammel_i_tried_the_new_season_[C-SDrECvTa4]_000015_7afd4c87_aug_original.png,1,player,1,0.390399,0.706979,0.180969,0.586043,Ich_sammel__i_tried_the_new_season [C-SDrECvTa4],15,0.500000,1.0000,False,manual_box,original
Ich_sammel_i_tried_the_new_season_[C-SDrECvTa4]_000015_7afd4c87_aug_original.png,0,enemy,1,0.838997,0.679223,0.313509,0.641554,Ich_sammel__i_tried_the_new_season [C-SDrECvTa4],15,0.500000,1.0000,False,manual_box,original
Ich_sammel_i_tried_the_new_season_[C-SDrECvTa4]_000015_7afd4c87_aug_photo_exposure.png,1,player,1,0.390399,0.706979,0.180969,0.586042,Ich_sammel__i_tried_the_new_season [C-SDrECvTa4],15,0.500000,1.0000,False,manual_box,photo_exposure
Ich_sammel_i_tried_the_new_season_[C-SDrECvTa4]_000015_7afd4c87_aug_photo_exposure.png,0,enemy,1,0.838997,0.679223,0.313509,0.641554,Ich_sammel__i_tried_the_new_season [C-SDrECvTa4],15,0.500000,1.0000,False,manual_box,photo_exposure
Ich_sammel_i_tried_the_new_season_[C-SDrECvTa4]_000015_7afd4c87_aug_photo_gameplay.png,1,player,1,0.390399,0.706979,0.180969,0.586042,Ich_sammel__i_tried_the_new_season [C-SDrECvTa4],15,0.500000,1.0000,False,manual_box,photo_gameplay
Ich_sammel_i_tried_the_new_season_[C-SDrECvTa4]_000015_7afd4c87_aug_photo_gameplay.png,0,enemy,1,0.838997,0.679223,0.313509,0.641554,Ich_sammel__i_tried_the_new_season [C-SDrECvTa4],15,0.500000,1.0000,False,manual_box,photo_gameplay
Ich_sammel_i_tried_the_new_season_[C-SDrECvTa4]_000015_7afd4c87_aug_affine_mild.png,1,player,1,0.391288,0.634675,0.183746,0.536372,Ich_sammel__i_tried_the_new_season [C-SDrECvTa4],15,0.500000,1.0000,False,manual_box,affine_mild
Ich_sammel_i_tried_the_new_season_[C-SDrECvTa4]_000015_7afd4c87_aug_affine_mild.png,0,enemy,1,0.819411,0.601620,0.311414,0.589185,Ich_sammel__i_tried_the_new_season [C-SDrECvTa4],15,0.500000,1.0000,False,manual_box,affine_mild
Ich_sammel_i_tried_the_new_season_[C-SDrECvTa4]_000015_7afd4c87_aug_retarget_edge.png,1,player,1,0.471402,0.527756,0.180969,0.586043,Ich_sammel__i_tried_the_new_season [C-SDrECvTa4],15,0.500000,1.0000,False,manual_box,retarget_edge
Ich_sammel_i_tried_the_new_season_[C-SDrECvTa4]_000015_7afd4c87_aug_retarget_edge.png,0,enemy,1,0.881623,0.500000,0.236754,0.641554,Ich_sammel__i_tried_the_new_season [C-SDrECvTa4],15,0.500000,1.0000,False,manual_box,retarget_edge
Ich_sammel_i_tried_the_new_season_[C-SDrECvTa4]_000030_2c3a4fb8_aug_original.png,1,player,1,0.376381,0.716495,0.186916,0.567010,Ich_sammel__i_tried_the_new_season [C-SDrECvTa4],30,1.000000,1.0000,False,manual_box,original
Ich_sammel_i_tried_the_new_season_[C-SDrECvTa4]_000030_2c3a4fb8_aug_photo_exposure.png,1,player,1,0.376381,0.716495,0.186916,0.567010,Ich_sammel__i_tried_the_new_season [C-SDrECvTa4],30,1.000000,1.0000,False,manual_box,photo_exposure
Ich_sammel_i_tried_the_new_season_[C-SDrECvTa4]_000030_2c3a4fb8_aug_photo_gameplay.png,1,player,1,0.376381,0.716495,0.186916,0.567010,Ich_sammel__i_tried_the_new_season [C-SDrECvTa4],30,1.000000,1.0000,False,manual_box,photo_gameplay
Ich_sammel_i_tried_the_new_season_[C-SDrECvTa4]_000030_2c3a4fb8_aug_affine_mild.png,1,player,1,0.640782,0.647929,0.175774,0.561599,Ich_sammel__i_tried_the_new_season [C-SDrECvTa4],30,1.000000,1.0000,False,manual_box,affine_mild
Ich_sammel_i_tried_the_new_season_[C-SDrECvTa4]_000030_2c3a4fb8_aug_retarget_edge.png,1,player,1,0.086729,0.500000,0.173458,0.567010,Ich_sammel__i_tried_the_new_season [C-SDrECvTa4],30,1.000000,1.0000,False,manual_box,retarget_edge
Ich_sammel_i_tried_the_new_season_[C-SDrECvTa4]_000045_bf5cf375_aug_original.png,1,player,1,0.393798,0.710547,0.211555,0.520222,Ich_sammel__i_tried_the_new_season [C-SDrECvTa4],45,1.500000,1.0000,False,manual_box,original
Ich_sammel_i_tried_the_new_season_[C-SDrECvTa4]_000045_bf5cf375_aug_photo_exposure.png,1,player,1,0.393798,0.710547,0.211555,0.520222,Ich_sammel__i_tried_the_new_season [C-SDrECvTa4],45,1.500000,1.0000,False,manual_box,photo_exposure
Ich_sammel_i_tried_the_new_season_[C-SDrECvTa4]_000045_bf5cf375_aug_photo_gameplay.png,1,player,1,0.393798,0.710547,0.211555,0.520222,Ich_sammel__i_tried_the_new_season [C-SDrECvTa4],45,1.500000,1.0000,False,manual_box,photo_gameplay
Ich_sammel_i_tried_the_new_season_[C-SDrECvTa4]_000045_bf5cf375_aug_affine_mild.png,1,player,1,0.413756,0.703029,0.216174,0.546003,Ich_sammel__i_tried_the_new_season [C-SDrECvTa4],45,1.500000,1.0000,False,manual_box,affine_mild
Ich_sammel_i_tried_the_new_season_[C-SDrECvTa4]_000045_bf5cf375_aug_retarget_edge.png,1,player,1,0.092889,0.500000,0.185777,0.520222,Ich_sammel__i_tried_the_new_season [C-SDrECvTa4],45,1.500000,1.0000,False,manual_box,retarget_edge
Ich_sammel_i_tried_the_new_season_[C-SDrECvTa4]_000060_20203190_aug_original.png,1,player,1,0.375956,0.756146,0.216653,0.487708,Ich_sammel__i_tried_the_new_season [C-SDrECvTa4],60,2.000000,1.0000,False,manual_box,original
Ich_sammel_i_tried_the_new_season_[C-SDrECvTa4]_000060_20203190_aug_photo_exposure.png,1,player,1,0.375956,0.756146,0.216653,0.487708,Ich_sammel__i_tried_the_new_season [C-SDrECvTa4],60,2.000000,1.0000,False,manual_box,photo_exposure
Ich_sammel_i_tried_the_new_season_[C-SDrECvTa4]_000060_20203190_aug_photo_gameplay.png,1,player,1,0.375956,0.756146,0.216653,0.487708,Ich_sammel__i_tried_the_new_season [C-SDrECvTa4],60,2.000000,1.0000,False,manual_box,photo_gameplay
Ich_sammel_i_tried_the_new_season_[C-SDrECvTa4]_000060_20203190_aug_affine_mild.png,1,player,1,0.671007,0.695050,0.206716,0.499815,Ich_sammel__i_tried_the_new_season [C-SDrECvTa4],60,2.000000,1.0000,False,manual_box,affine_mild
Ich_sammel_i_tried_the_new_season_[C-SDrECvTa4]_000060_20203190_aug_retarget_edge.png,1,player,1,0.094163,0.500000,0.188327,0.487708,Ich_sammel__i_tried_the_new_season [C-SDrECvTa4],60,2.000000,1.0000,False,manual_box,retarget_edge
Ich_sammel_i_tried_the_new_season_[C-SDrECvTa4]_000075_07b3db29_aug_original.png,1,player,1,0.397621,0.701031,0.222600,0.450436,Ich_sammel__i_tried_the_new_season [C-SDrECvTa4],75,2.500000,1.0000,False,manual_box,original
Ich_sammel_i_tried_the_new_season_[C-SDrECvTa4]_000075_07b3db29_aug_photo_exposure.png,1,player,1,0.397621,0.701031,0.222600,0.450436,Ich_sammel__i_tried_the_new_season [C-SDrECvTa4],75,2.500000,1.0000,False,manual_box,photo_exposure
Ich_sammel_i_tried_the_new_season_[C-SDrECvTa4]_000075_07b3db29_aug_photo_gameplay.png,1,player,1,0.397621,0.701031,0.222600,0.450436,Ich_sammel__i_tried_the_new_season [C-SDrECvTa4],75,2.500000,1.0000,False,manual_box,photo_gameplay
Ich_sammel_i_tried_the_new_season_[C-SDrECvTa4]_000075_07b3db29_aug_affine_mild.png,1,player,1,0.439052,0.738115,0.227661,0.471188,Ich_sammel__i_tried_the_new_season [C-SDrECvTa4],75,2.500000,1.0000,False,manual_box,affine_mild
Ich_sammel_i_tried_the_new_season_[C-SDrECvTa4]_000075_07b3db29_aug_retarget_edge.png,1,player,1,0.095650,0.500000,0.191300,0.450436,Ich_sammel__i_tried_the_new_season [C-SDrECvTa4],75,2.500000,1.0000,False,manual_box,retarget_edge
Ich_sammel_i_tried_the_new_season_[C-SDrECvTa4]_000090_a977ae8a_aug_original.png,1,player,1,0.405692,0.702617,0.255735,0.513878,Ich_sammel__i_tried_the_new_season [C-SDrECvTa4],90,3.000000,1.0000,False,manual_box,original
Ich_sammel_i_tried_the_new_season_[C-SDrECvTa4]_000090_a977ae8a_aug_photo_exposure.png,1,player,1,0.405692,0.702617,0.255735,0.513878,Ich_sammel__i_tried_the_new_season [C-SDrECvTa4],90,3.000000,1.0000,False,manual_box,photo_exposure
Ich_sammel_i_tried_the_new_season_[C-SDrECvTa4]_000090_a977ae8a_aug_photo_gameplay.png,1,player,1,0.405692,0.702617,0.255735,0.513878,Ich_sammel__i_tried_the_new_season [C-SDrECvTa4],90,3.000000,1.0000,False,manual_box,photo_gameplay
Ich_sammel_i_tried_the_new_season_[C-SDrECvTa4]_000090_a977ae8a_aug_affine_mild.png,1,player,1,0.356153,0.704069,0.284004,0.564663,Ich_sammel__i_tried_the_new_season [C-SDrECvTa4],90,3.000000,1.0000,False,manual_box,affine_mild
Ich_sammel_i_tried_the_new_season_[C-SDrECvTa4]_000090_a977ae8a_aug_retarget_edge.png,1,player,1,0.103934,0.500000,0.207867,0.513878,Ich_sammel__i_tried_the_new_season [C-SDrECvTa4],90,3.000000,1.0000,False,manual_box,retarget_edge
Ich_sammel_i_tried_the_new_season_[C-SDrECvTa4]_000105_5b379f81_aug_original.png,1,player,1,0.338573,0.725218,0.243840,0.549564,Ich_sammel__i_tried_the_new_season [C-SDrECvTa4],105,3.500000,1.0000,False,manual_box,original
Ich_sammel_i_tried_the_new_season_[C-SDrECvTa4]_000105_5b379f81_aug_original.png,0,enemy,1,0.753186,0.480571,0.072218,0.155432,Ich_sammel__i_tried_the_new_season [C-SDrECvTa4],105,3.500000,1.0000,False,manual_box,original
Ich_sammel_i_tried_the_new_season_[C-SDrECvTa4]_000105_5b379f81_aug_original.png,0,enemy,1,0.437978,0.486915,0.072218,0.114195,Ich_sammel__i_tried_the_new_season [C-SDrECvTa4],105,3.500000,1.0000,False,manual_box,original
Ich_sammel_i_tried_the_new_season_[C-SDrECvTa4]_000105_5b379f81_aug_photo_exposure.png,1,player,1,0.338573,0.725218,0.243840,0.549564,Ich_sammel__i_tried_the_new_season [C-SDrECvTa4],105,3.500000,1.0000,False,manual_box,photo_exposure
Ich_sammel_i_tried_the_new_season_[C-SDrECvTa4]_000105_5b379f81_aug_photo_exposure.png,0,enemy,1,0.753186,0.480571,0.072218,0.155432,Ich_sammel__i_tried_the_new_season [C-SDrECvTa4],105,3.500000,1.0000,False,manual_box,photo_exposure
Ich_sammel_i_tried_the_new_season_[C-SDrECvTa4]_000105_5b379f81_aug_photo_exposure.png,0,enemy,1,0.437978,0.486915,0.072218,0.114195,Ich_sammel__i_tried_the_new_season [C-SDrECvTa4],105,3.500000,1.0000,False,manual_box,photo_exposure
Ich_sammel_i_tried_the_new_season_[C-SDrECvTa4]_000105_5b379f81_aug_photo_gameplay.png,1,player,1,0.338573,0.725218,0.243840,0.549564,Ich_sammel__i_tried_the_new_season [C-SDrECvTa4],105,3.500000,1.0000,False,manual_box,photo_gameplay
Ich_sammel_i_tried_the_new_season_[C-SDrECvTa4]_000105_5b379f81_aug_photo_gameplay.png,0,enemy,1,0.753186,0.480571,0.072218,0.155432,Ich_sammel__i_tried_the_new_season [C-SDrECvTa4],105,3.500000,1.0000,False,manual_box,photo_gameplay
Ich_sammel_i_tried_the_new_season_[C-SDrECvTa4]_000105_5b379f81_aug_photo_gameplay.png,0,enemy,1,0.437978,0.486915,0.072218,0.114195,Ich_sammel__i_tried_the_new_season [C-SDrECvTa4],105,3.500000,1.0000,False,manual_box,photo_gameplay
Ich_sammel_i_tried_the_new_season_[C-SDrECvTa4]_000105_5b379f81_aug_affine_mild.png,1,player,1,0.638928,0.739478,0.270448,0.521044,Ich_sammel__i_tried_the_new_season [C-SDrECvTa4],105,3.500000,1.0000,False,manual_box,affine_mild
Ich_sammel_i_tried_the_new_season_[C-SDrECvTa4]_000105_5b379f81_aug_affine_mild.png,0,enemy,1,0.203071,0.471687,0.079949,0.150246,Ich_sammel__i_tried_the_new_season [C-SDrECvTa4],105,3.500000,1.0000,False,manual_box,affine_mild
Ich_sammel_i_tried_the_new_season_[C-SDrECvTa4]_000105_5b379f81_aug_affine_mild.png,0,enemy,1,0.538086,0.514878,0.079110,0.112659,Ich_sammel__i_tried_the_new_season [C-SDrECvTa4],105,3.500000,1.0000,False,manual_box,affine_mild
Ich_sammel_i_tried_the_new_season_[C-SDrECvTa4]_000105_5b379f81_aug_retarget_edge.png,1,player,1,0.505387,0.734932,0.243840,0.530135,Ich_sammel__i_tried_the_new_season [C-SDrECvTa4],105,3.500000,1.0000,False,manual_box,retarget_edge
Ich_sammel_i_tried_the_new_season_[C-SDrECvTa4]_000105_5b379f81_aug_retarget_edge.png,0,enemy,1,0.920000,0.500000,0.072218,0.155432,Ich_sammel__i_tried_the_new_season [C-SDrECvTa4],105,3.500000,1.0000,False,manual_box,retarget_edge
Ich_sammel_i_tried_the_new_season_[C-SDrECvTa4]_000105_5b379f81_aug_retarget_edge.png,0,enemy,1,0.604792,0.506344,0.072218,0.114195,Ich_sammel__i_tried_the_new_season [C-SDrECvTa4],105,3.500000,1.0000,False,manual_box,retarget_edge
Ich_sammel_i_tried_the_new_season_[C-SDrECvTa4]_000105_5b379f81_aug_retarget_corner.png,1,player,1,0.505387,0.324647,0.243840,0.549564,Ich_sammel__i_tried_the_new_season [C-SDrECvTa4],105,3.500000,1.0000,False,manual_box,retarget_corner
Ich_sammel_i_tried_the_new_season_[C-SDrECvTa4]_000105_5b379f81_aug_retarget_corner.png,0,enemy,1,0.920000,0.080000,0.072218,0.155432,Ich_sammel__i_tried_the_new_season [C-SDrECvTa4],105,3.500000,1.0000,False,manual_box,retarget_corner
Ich_sammel_i_tried_the_new_season_[C-SDrECvTa4]_000105_5b379f81_aug_retarget_corner.png,0,enemy,1,0.604792,0.086344,0.072218,0.114195,Ich_sammel__i_tried_the_new_season [C-SDrECvTa4],105,3.500000,1.0000,False,manual_box,retarget_corner
Ich_sammel_i_tried_the_new_season_[C-SDrECvTa4]_000120_e71e084b_aug_original.png,1,player,1,0.393798,0.714512,0.187766,0.547185,Ich_sammel__i_tried_the_new_season [C-SDrECvTa4],120,4.000000,1.0000,False,manual_box,original
Ich_sammel_i_tried_the_new_season_[C-SDrECvTa4]_000120_e71e084b_aug_original.png,0,enemy,1,0.787596,0.508327,0.057774,0.147502,Ich_sammel__i_tried_the_new_season [C-SDrECvTa4],120,4.000000,1.0000,False,manual_box,original
Ich_sammel_i_tried_the_new_season_[C-SDrECvTa4]_000120_e71e084b_aug_original.png,0,enemy,1,0.846644,0.274385,0.055225,0.199841,Ich_sammel__i_tried_the_new_season [C-SDrECvTa4],120,4.000000,1.0000,False,manual_box,original
Ich_sammel_i_tried_the_new_season_[C-SDrECvTa4]_000120_e71e084b_aug_original.png,0,enemy,1,0.614698,0.315623,0.070518,0.196669,Ich_sammel__i_tried_the_new_season [C-SDrECvTa4],120,4.000000,1.0000,False,manual_box,original
Ich_sammel_i_tried_the_new_season_[C-SDrECvTa4]_000120_e71e084b_aug_original.png,0,enemy,1,0.265081,0.506741,0.062872,0.195083,Ich_sammel__i_tried_the_new_season [C-SDrECvTa4],120,4.000000,1.0000,False,manual_box,original
Ich_sammel_i_tried_the_new_season_[C-SDrECvTa4]_000120_e71e084b_aug_photo_exposure.png,1,player,1,0.393798,0.714512,0.187766,0.547185,Ich_sammel__i_tried_the_new_season [C-SDrECvTa4],120,4.000000,1.0000,False,manual_box,photo_exposure
Ich_sammel_i_tried_the_new_season_[C-SDrECvTa4]_000120_e71e084b_aug_photo_exposure.png,0,enemy,1,0.787596,0.508327,0.057774,0.147502,Ich_sammel__i_tried_the_new_season [C-SDrECvTa4],120,4.000000,1.0000,False,manual_box,photo_exposure
Ich_sammel_i_tried_the_new_season_[C-SDrECvTa4]_000120_e71e084b_aug_photo_exposure.png,0,enemy,1,0.846644,0.274385,0.055225,0.199841,Ich_sammel__i_tried_the_new_season [C-SDrECvTa4],120,4.000000,1.0000,False,manual_box,photo_exposure
Ich_sammel_i_tried_the_new_season_[C-SDrECvTa4]_000120_e71e084b_aug_photo_exposure.png,0,enemy,1,0.614698,0.315623,0.070518,0.196669,Ich_sammel__i_tried_the_new_season [C-SDrECvTa4],120,4.000000,1.0000,False,manual_box,photo_exposure
Ich_sammel_i_tried_the_new_season_[C-SDrECvTa4]_000120_e71e084b_aug_photo_exposure.png,0,enemy,1,0.265081,0.506741,0.062872,0.195083,Ich_sammel__i_tried_the_new_season [C-SDrECvTa4],120,4.000000,1.0000,False,manual_box,photo_exposure
Ich_sammel_i_tried_the_new_season_[C-SDrECvTa4]_000120_e71e084b_aug_photo_gameplay.png,1,player,1,0.393798,0.714512,0.187766,0.547185,Ich_sammel__i_tried_the_new_season [C-SDrECvTa4],120,4.000000,1.0000,False,manual_box,photo_gameplay
Ich_sammel_i_tried_the_new_season_[C-SDrECvTa4]_000120_e71e084b_aug_photo_gameplay.png,0,enemy,1,0.787596,0.508327,0.057774,0.147502,Ich_sammel__i_tried_the_new_season [C-SDrECvTa4],120,4.000000,1.0000,False,manual_box,photo_gameplay
Ich_sammel_i_tried_the_new_season_[C-SDrECvTa4]_000120_e71e084b_aug_photo_gameplay.png,0,enemy,1,0.846644,0.274385,0.055225,0.199841,Ich_sammel__i_tried_the_new_season [C-SDrECvTa4],120,4.000000,1.0000,False,manual_box,photo_gameplay
Ich_sammel_i_tried_the_new_season_[C-SDrECvTa4]_000120_e71e084b_aug_photo_gameplay.png,0,enemy,1,0.614698,0.315623,0.070518,0.196669,Ich_sammel__i_tried_the_new_season [C-SDrECvTa4],120,4.000000,1.0000,False,manual_box,photo_gameplay
Ich_sammel_i_tried_the_new_season_[C-SDrECvTa4]_000120_e71e084b_aug_photo_gameplay.png,0,enemy,1,0.265081,0.506741,0.062872,0.195083,Ich_sammel__i_tried_the_new_season [C-SDrECvTa4],120,4.000000,1.0000,False,manual_box,photo_gameplay
Ich_sammel_i_tried_the_new_season_[C-SDrECvTa4]_000120_e71e084b_aug_affine_mild.png,1,player,1,0.351775,0.745048,0.185803,0.507554,Ich_sammel__i_tried_the_new_season [C-SDrECvTa4],120,4.000000,1.0000,False,manual_box,affine_mild
Ich_sammel_i_tried_the_new_season_[C-SDrECvTa4]_000120_e71e084b_aug_affine_mild.png,0,enemy,1,0.735339,0.556766,0.057034,0.136864,Ich_sammel__i_tried_the_new_season [C-SDrECvTa4],120,4.000000,1.0000,False,manual_box,affine_mild
Ich_sammel_i_tried_the_new_season_[C-SDrECvTa4]_000120_e71e084b_aug_affine_mild.png,0,enemy,1,0.794172,0.340658,0.054900,0.185282,Ich_sammel__i_tried_the_new_season [C-SDrECvTa4],120,4.000000,1.0000,False,manual_box,affine_mild
Ich_sammel_i_tried_the_new_season_[C-SDrECvTa4]_000120_e71e084b_aug_affine_mild.png,0,enemy,1,0.568775,0.377337,0.069723,0.182444,Ich_sammel__i_tried_the_new_season [C-SDrECvTa4],120,4.000000,1.0000,False,manual_box,affine_mild
Ich_sammel_i_tried_the_new_season_[C-SDrECvTa4]_000120_e71e084b_aug_affine_mild.png,0,enemy,1,0.228192,0.551959,0.062292,0.180928,Ich_sammel__i_tried_the_new_season [C-SDrECvTa4],120,4.000000,1.0000,False,manual_box,affine_mild
Ich_sammel_i_tried_the_new_season_[C-SDrECvTa4]_000120_e71e084b_aug_retarget_edge.png,1,player,1,0.279100,0.478889,0.187766,0.547185,Ich_sammel__i_tried_the_new_season [C-SDrECvTa4],120,4.000000,1.0000,False,manual_box,retarget_edge
Ich_sammel_i_tried_the_new_season_[C-SDrECvTa4]_000120_e71e084b_aug_retarget_edge.png,0,enemy,1,0.672898,0.272704,0.057774,0.147502,Ich_sammel__i_tried_the_new_season [C-SDrECvTa4],120,4.000000,1.0000,False,manual_box,retarget_edge
Ich_sammel_i_tried_the_new_season_[C-SDrECvTa4]_000120_e71e084b_aug_retarget_edge.png,0,enemy,1,0.731946,0.069341,0.055225,0.138682,Ich_sammel__i_tried_the_new_season [C-SDrECvTa4],120,4.000000,1.0000,False,manual_box,retarget_edge
Ich_sammel_i_tried_the_new_season_[C-SDrECvTa4]_000120_e71e084b_aug_retarget_edge.png,0,enemy,1,0.500000,0.089167,0.070518,0.178334,Ich_sammel__i_tried_the_new_season [C-SDrECvTa4],120,4.000000,1.0000,False,manual_box,retarget_edge
Ich_sammel_i_tried_the_new_season_[C-SDrECvTa4]_000120_e71e084b_aug_retarget_edge.png,0,enemy,1,0.150383,0.271118,0.062872,0.195083,Ich_sammel__i_tried_the_new_season [C-SDrECvTa4],120,4.000000,1.0000,False,manual_box,retarget_edge
Ich_sammel_i_tried_the_new_season_[C-SDrECvTa4]_000120_e71e084b_aug_retarget_corner.png,1,player,1,0.699100,0.478889,0.187766,0.547185,Ich_sammel__i_tried_the_new_season [C-SDrECvTa4],120,4.000000,1.0000,False,manual_box,retarget_corner
Ich_sammel_i_tried_the_new_season_[C-SDrECvTa4]_000120_e71e084b_aug_retarget_corner.png,0,enemy,1,0.920000,0.089167,0.070518,0.178334,Ich_sammel__i_tried_the_new_season [C-SDrECvTa4],120,4.000000,1.0000,False,manual_box,retarget_corner
Ich_sammel_i_tried_the_new_season_[C-SDrECvTa4]_000120_e71e084b_aug_retarget_corner.png,0,enemy,1,0.570383,0.271118,0.062872,0.195083,Ich_sammel__i_tried_the_new_season [C-SDrECvTa4],120,4.000000,1.0000,False,manual_box,retarget_corner
Ich_sammel_i_tried_the_new_season_[C-SDrECvTa4]_000135_9129baad_aug_original.png,1,player,1,0.389125,0.555908,0.163127,0.417129,Ich_sammel__i_tried_the_new_season [C-SDrECvTa4],135,4.500000,1.0000,False,manual_box,original
Ich_sammel_i_tried_the_new_season_[C-SDrECvTa4]_000135_9129baad_aug_photo_exposure.png,1,player,1,0.389125,0.555908,0.163127,0.417129,Ich_sammel__i_tried_the_new_season [C-SDrECvTa4],135,4.500000,1.0000,False,manual_box,photo_exposure
Ich_sammel_i_tried_the_new_season_[C-SDrECvTa4]_000135_9129baad_aug_photo_gameplay.png,1,player,1,0.389125,0.555908,0.163127,0.417129,Ich_sammel__i_tried_the_new_season [C-SDrECvTa4],135,4.500000,1.0000,False,manual_box,photo_gameplay
Ich_sammel_i_tried_the_new_season_[C-SDrECvTa4]_000135_9129baad_aug_affine_mild.png,1,player,1,0.410543,0.547965,0.148824,0.444112,Ich_sammel__i_tried_the_new_season [C-SDrECvTa4],135,4.500000,1.0000,False,manual_box,affine_mild
Ich_sammel_i_tried_the_new_season_[C-SDrECvTa4]_000150_2b232259_aug_original.png,1,player,1,0.409091,0.692704,0.194562,0.614592,Ich_sammel__i_tried_the_new_season [C-SDrECvTa4],150,5.000000,1.0000,False,manual_box,original
Ich_sammel_i_tried_the_new_season_[C-SDrECvTa4]_000150_2b232259_aug_photo_exposure.png,1,player,1,0.409091,0.692704,0.194562,0.614592,Ich_sammel__i_tried_the_new_season [C-SDrECvTa4],150,5.000000,1.0000,False,manual_box,photo_exposure
Ich_sammel_i_tried_the_new_season_[C-SDrECvTa4]_000150_2b232259_aug_photo_gameplay.png,1,player,1,0.409091,0.692704,0.194562,0.614592,Ich_sammel__i_tried_the_new_season [C-SDrECvTa4],150,5.000000,1.0000,False,manual_box,photo_gameplay
Ich_sammel_i_tried_the_new_season_[C-SDrECvTa4]_000150_2b232259_aug_affine_mild.png,1,player,1,0.347513,0.682069,0.238513,0.635861,Ich_sammel__i_tried_the_new_season [C-SDrECvTa4],150,5.000000,1.0000,False,manual_box,affine_mild
Ich_sammel_i_tried_the_new_season_[C-SDrECvTa4]_000150_2b232259_aug_retarget_edge.png,1,player,1,0.088640,0.500000,0.177281,0.614592,Ich_sammel__i_tried_the_new_season [C-SDrECvTa4],150,5.000000,1.0000,False,manual_box,retarget_edge
Ich_sammel_i_tried_the_new_season_[C-SDrECvTa4]_000165_5a5c22cf_aug_original.png,1,player,1,0.400170,0.715702,0.171623,0.568596,Ich_sammel__i_tried_the_new_season [C-SDrECvTa4],165,5.500000,1.0000,False,manual_box,original
Ich_sammel_i_tried_the_new_season_[C-SDrECvTa4]_000165_5a5c22cf_aug_photo_exposure.png,1,player,1,0.400170,0.715702,0.171623,0.568596,Ich_sammel__i_tried_the_new_season [C-SDrECvTa4],165,5.500000,1.0000,False,manual_box,photo_exposure
Ich_sammel_i_tried_the_new_season_[C-SDrECvTa4]_000165_5a5c22cf_aug_photo_gameplay.png,1,player,1,0.400170,0.715702,0.171623,0.568596,Ich_sammel__i_tried_the_new_season [C-SDrECvTa4],165,5.500000,1.0000,False,manual_box,photo_gameplay
Ich_sammel_i_tried_the_new_season_[C-SDrECvTa4]_000165_5a5c22cf_aug_affine_mild.png,1,player,1,0.443739,0.662394,0.192303,0.571744,Ich_sammel__i_tried_the_new_season [C-SDrECvTa4],165,5.500000,1.0000,False,manual_box,affine_mild
Ich_sammel_i_tried_the_new_season_[C-SDrECvTa4]_000165_5a5c22cf_aug_retarget_edge.png,1,player,1,0.082906,0.500000,0.165811,0.568596,Ich_sammel__i_tried_the_new_season [C-SDrECvTa4],165,5.500000,1.0000,False,manual_box,retarget_edge
Ich_sammel_i_tried_the_new_season_[C-SDrECvTa4]_000180_a1c4474f_aug_original.png,1,player,1,0.396347,0.712530,0.223449,0.574940,Ich_sammel__i_tried_the_new_season [C-SDrECvTa4],180,6.000000,1.0000,False,manual_box,original
Ich_sammel_i_tried_the_new_season_[C-SDrECvTa4]_000180_a1c4474f_aug_photo_exposure.png,1,player,1,0.396347,0.712530,0.223449,0.574941,Ich_sammel__i_tried_the_new_season [C-SDrECvTa4],180,6.000000,1.0000,False,manual_box,photo_exposure
Ich_sammel_i_tried_the_new_season_[C-SDrECvTa4]_000180_a1c4474f_aug_photo_gameplay.png,1,player,1,0.396347,0.712530,0.223449,0.574941,Ich_sammel__i_tried_the_new_season [C-SDrECvTa4],180,6.000000,1.0000,False,manual_box,photo_gameplay
Ich_sammel_i_tried_the_new_season_[C-SDrECvTa4]_000180_a1c4474f_aug_affine_mild.png,1,player,1,0.545034,0.719055,0.242625,0.555341,Ich_sammel__i_tried_the_new_season [C-SDrECvTa4],180,6.000000,1.0000,False,manual_box,affine_mild
Ich_sammel_i_tried_the_new_season_[C-SDrECvTa4]_000180_a1c4474f_aug_retarget_edge.png,1,player,1,0.095862,0.500000,0.191724,0.574940,Ich_sammel__i_tried_the_new_season [C-SDrECvTa4],180,6.000000,1.0000,False,manual_box,retarget_edge
Ich_sammel_i_tried_the_new_season_[C-SDrECvTa4]_000195_eb8b4dea_aug_original.png,1,player,1,0.403993,0.663759,0.194562,0.607454,Ich_sammel__i_tried_the_new_season [C-SDrECvTa4],195,6.500000,1.0000,False,manual_box,original
Ich_sammel_i_tried_the_new_season_[C-SDrECvTa4]_000195_eb8b4dea_aug_photo_exposure.png,1,player,1,0.403993,0.663759,0.194562,0.607454,Ich_sammel__i_tried_the_new_season [C-SDrECvTa4],195,6.500000,1.0000,False,manual_box,photo_exposure
Ich_sammel_i_tried_the_new_season_[C-SDrECvTa4]_000195_eb8b4dea_aug_photo_gameplay.png,1,player,1,0.403993,0.663759,0.194562,0.607454,Ich_sammel__i_tried_the_new_season [C-SDrECvTa4],195,6.500000,1.0000,False,manual_box,photo_gameplay
Ich_sammel_i_tried_the_new_season_[C-SDrECvTa4]_000195_eb8b4dea_aug_affine_mild.png,1,player,1,0.615057,0.701994,0.200078,0.596013,Ich_sammel__i_tried_the_new_season [C-SDrECvTa4],195,6.500000,1.0000,False,manual_box,affine_mild
Ich_sammel_i_tried_the_new_season_[C-SDrECvTa4]_000195_eb8b4dea_aug_retarget_edge.png,1,player,1,0.088640,0.500000,0.177281,0.607454,Ich_sammel__i_tried_the_new_season [C-SDrECvTa4],195,6.500000,1.0000,False,manual_box,retarget_edge
Ich_sammel_i_tried_the_new_season_[C-SDrECvTa4]_000210_e2527a32_aug_original.png,1,player,1,0.392523,0.714909,0.215803,0.570182,Ich_sammel__i_tried_the_new_season [C-SDrECvTa4],210,7.000000,1.0000,False,manual_box,original
Ich_sammel_i_tried_the_new_season_[C-SDrECvTa4]_000210_e2527a32_aug_original.png,0,enemy,1,0.194987,0.336241,0.036534,0.060270,Ich_sammel__i_tried_the_new_season [C-SDrECvTa4],210,7.000000,1.0000,False,manual_box,original
Ich_sammel_i_tried_the_new_season_[C-SDrECvTa4]_000210_e2527a32_aug_original.png,0,enemy,1,0.152506,0.245044,0.050127,0.096749,Ich_sammel__i_tried_the_new_season [C-SDrECvTa4],210,7.000000,1.0000,False,manual_box,original
Ich_sammel_i_tried_the_new_season_[C-SDrECvTa4]_000210_e2527a32_aug_original.png,0,enemy,1,0.121071,0.363204,0.051827,0.095163,Ich_sammel__i_tried_the_new_season [C-SDrECvTa4],210,7.000000,1.0000,False,manual_box,original
Ich_sammel_i_tried_the_new_season_[C-SDrECvTa4]_000210_e2527a32_aug_original.png,0,enemy,1,0.074342,0.346550,0.036534,0.090404,Ich_sammel__i_tried_the_new_season [C-SDrECvTa4],210,7.000000,1.0000,False,manual_box,original
Ich_sammel_i_tried_the_new_season_[C-SDrECvTa4]_000210_e2527a32_aug_photo_exposure.png,1,player,1,0.392523,0.714909,0.215803,0.570182,Ich_sammel__i_tried_the_new_season [C-SDrECvTa4],210,7.000000,1.0000,False,manual_box,photo_exposure
Ich_sammel_i_tried_the_new_season_[C-SDrECvTa4]_000210_e2527a32_aug_photo_exposure.png,0,enemy,1,0.194987,0.336241,0.036534,0.060270,Ich_sammel__i_tried_the_new_season [C-SDrECvTa4],210,7.000000,1.0000,False,manual_box,photo_exposure
Ich_sammel_i_tried_the_new_season_[C-SDrECvTa4]_000210_e2527a32_aug_photo_exposure.png,0,enemy,1,0.152506,0.245044,0.050127,0.096749,Ich_sammel__i_tried_the_new_season [C-SDrECvTa4],210,7.000000,1.0000,False,manual_box,photo_exposure
Ich_sammel_i_tried_the_new_season_[C-SDrECvTa4]_000210_e2527a32_aug_photo_exposure.png,0,enemy,1,0.121071,0.363204,0.051827,0.095163,Ich_sammel__i_tried_the_new_season [C-SDrECvTa4],210,7.000000,1.0000,False,manual_box,photo_exposure
Ich_sammel_i_tried_the_new_season_[C-SDrECvTa4]_000210_e2527a32_aug_photo_exposure.png,0,enemy,1,0.074342,0.346550,0.036534,0.090404,Ich_sammel__i_tried_the_new_season [C-SDrECvTa4],210,7.000000,1.0000,False,manual_box,photo_exposure
Ich_sammel_i_tried_the_new_season_[C-SDrECvTa4]_000210_e2527a32_aug_photo_gameplay.png,1,player,1,0.392523,0.714909,0.215803,0.570182,Ich_sammel__i_tried_the_new_season [C-SDrECvTa4],210,7.000000,1.0000,False,manual_box,photo_gameplay
Ich_sammel_i_tried_the_new_season_[C-SDrECvTa4]_000210_e2527a32_aug_photo_gameplay.png,0,enemy,1,0.194987,0.336241,0.036534,0.060270,Ich_sammel__i_tried_the_new_season [C-SDrECvTa4],210,7.000000,1.0000,False,manual_box,photo_gameplay
Ich_sammel_i_tried_the_new_season_[C-SDrECvTa4]_000210_e2527a32_aug_photo_gameplay.png,0,enemy,1,0.152506,0.245044,0.050127,0.096749,Ich_sammel__i_tried_the_new_season [C-SDrECvTa4],210,7.000000,1.0000,False,manual_box,photo_gameplay
Ich_sammel_i_tried_the_new_season_[C-SDrECvTa4]_000210_e2527a32_aug_photo_gameplay.png,0,enemy,1,0.121071,0.363204,0.051827,0.095163,Ich_sammel__i_tried_the_new_season [C-SDrECvTa4],210,7.000000,1.0000,False,manual_box,photo_gameplay
Ich_sammel_i_tried_the_new_season_[C-SDrECvTa4]_000210_e2527a32_aug_photo_gameplay.png,0,enemy,1,0.074342,0.346550,0.036534,0.090404,Ich_sammel__i_tried_the_new_season [C-SDrECvTa4],210,7.000000,1.0000,False,manual_box,photo_gameplay
Ich_sammel_i_tried_the_new_season_[C-SDrECvTa4]_000210_e2527a32_aug_affine_mild.png,1,player,1,0.545239,0.664193,0.245009,0.575243,Ich_sammel__i_tried_the_new_season [C-SDrECvTa4],210,7.000000,1.0000,False,manual_box,affine_mild
Ich_sammel_i_tried_the_new_season_[C-SDrECvTa4]_000210_e2527a32_aug_affine_mild.png,0,enemy,1,0.764061,0.320394,0.040100,0.062344,Ich_sammel__i_tried_the_new_season [C-SDrECvTa4],210,7.000000,1.0000,False,manual_box,affine_mild
Ich_sammel_i_tried_the_new_season_[C-SDrECvTa4]_000210_e2527a32_aug_affine_mild.png,0,enemy,1,0.811491,0.237023,0.055554,0.099123,Ich_sammel__i_tried_the_new_season [C-SDrECvTa4],210,7.000000,1.0000,False,manual_box,affine_mild
Ich_sammel_i_tried_the_new_season_[C-SDrECvTa4]_000210_e2527a32_aug_affine_mild.png,0,enemy,1,0.839529,0.354742,0.057253,0.097781,Ich_sammel__i_tried_the_new_season [C-SDrECvTa4],210,7.000000,1.0000,False,manual_box,affine_mild
Ich_sammel_i_tried_the_new_season_[C-SDrECvTa4]_000210_e2527a32_aug_affine_mild.png,0,enemy,1,0.888520,0.343888,0.041246,0.091466,Ich_sammel__i_tried_the_new_season [C-SDrECvTa4],210,7.000000,1.0000,False,manual_box,affine_mild
Ich_sammel_i_tried_the_new_season_[C-SDrECvTa4]_000210_e2527a32_aug_retarget_edge.png,1,player,1,0.351452,0.601705,0.215803,0.570182,Ich_sammel__i_tried_the_new_season [C-SDrECvTa4],210,7.000000,1.0000,False,manual_box,retarget_edge
Ich_sammel_i_tried_the_new_season_[C-SDrECvTa4]_000210_e2527a32_aug_retarget_edge.png,0,enemy,1,0.153916,0.223037,0.036534,0.060270,Ich_sammel__i_tried_the_new_season [C-SDrECvTa4],210,7.000000,1.0000,False,manual_box,retarget_edge
Ich_sammel_i_tried_the_new_season_[C-SDrECvTa4]_000210_e2527a32_aug_retarget_edge.png,0,enemy,1,0.111435,0.131840,0.050127,0.096749,Ich_sammel__i_tried_the_new_season [C-SDrECvTa4],210,7.000000,1.0000,False,manual_box,retarget_edge
Ich_sammel_i_tried_the_new_season_[C-SDrECvTa4]_000210_e2527a32_aug_retarget_edge.png,0,enemy,1,0.080000,0.250000,0.051827,0.095163,Ich_sammel__i_tried_the_new_season [C-SDrECvTa4],210,7.000000,1.0000,False,manual_box,retarget_edge
Ich_sammel_i_tried_the_new_season_[C-SDrECvTa4]_000210_e2527a32_aug_retarget_edge.png,0,enemy,1,0.033271,0.233346,0.036534,0.090404,Ich_sammel__i_tried_the_new_season [C-SDrECvTa4],210,7.000000,1.0000,False,manual_box,retarget_edge
Ich_sammel_i_tried_the_new_season_[C-SDrECvTa4]_000210_e2527a32_aug_retarget_corner.png,1,player,1,0.351452,0.431705,0.215803,0.570182,Ich_sammel__i_tried_the_new_season [C-SDrECvTa4],210,7.000000,1.0000,False,manual_box,retarget_corner
Ich_sammel_i_tried_the_new_season_[C-SDrECvTa4]_000210_e2527a32_aug_retarget_corner.png,0,enemy,1,0.153916,0.053037,0.036534,0.060270,Ich_sammel__i_tried_the_new_season [C-SDrECvTa4],210,7.000000,1.0000,False,manual_box,retarget_corner
Ich_sammel_i_tried_the_new_season_[C-SDrECvTa4]_000210_e2527a32_aug_retarget_corner.png,0,enemy,1,0.080000,0.080000,0.051827,0.095163,Ich_sammel__i_tried_the_new_season [C-SDrECvTa4],210,7.000000,1.0000,False,manual_box,retarget_corner
Ich_sammel_i_tried_the_new_season_[C-SDrECvTa4]_000210_e2527a32_aug_retarget_corner.png,0,enemy,1,0.033271,0.063346,0.036534,0.090404,Ich_sammel__i_tried_the_new_season [C-SDrECvTa4],210,7.000000,1.0000,False,manual_box,retarget_corner
Ich_sammel_i_tried_the_new_season_[C-SDrECvTa4]_000225_8218ab63_aug_original.png,1,player,1,0.389125,0.717288,0.192014,0.565424,Ich_sammel__i_tried_the_new_season [C-SDrECvTa4],225,7.500000,1.0000,False,manual_box,original
Ich_sammel_i_tried_the_new_season_[C-SDrECvTa4]_000225_8218ab63_aug_original.png,0,enemy,1,0.505098,0.424266,0.038233,0.125297,Ich_sammel__i_tried_the_new_season [C-SDrECvTa4],225,7.500000,1.0000,False,manual_box,original
Ich_sammel_i_tried_the_new_season_[C-SDrECvTa4]_000225_8218ab63_aug_original.png,0,enemy,1,0.547154,0.260904,0.027188,0.109437,Ich_sammel__i_tried_the_new_season [C-SDrECvTa4],225,7.500000,1.0000,False,manual_box,original
Ich_sammel_i_tried_the_new_season_[C-SDrECvTa4]_000225_8218ab63_aug_original.png,0,enemy,1,0.461342,0.382236,0.023789,0.082474,Ich_sammel__i_tried_the_new_season [C-SDrECvTa4],225,7.500000,1.0000,False,manual_box,original
Ich_sammel_i_tried_the_new_season_[C-SDrECvTa4]_000225_8218ab63_aug_photo_exposure.png,1,player,1,0.389125,0.717288,0.192014,0.565424,Ich_sammel__i_tried_the_new_season [C-SDrECvTa4],225,7.500000,1.0000,False,manual_box,photo_exposure
Ich_sammel_i_tried_the_new_season_[C-SDrECvTa4]_000225_8218ab63_aug_photo_exposure.png,0,enemy,1,0.505098,0.424266,0.038233,0.125297,Ich_sammel__i_tried_the_new_season [C-SDrECvTa4],225,7.500000,1.0000,False,manual_box,photo_exposure
Ich_sammel_i_tried_the_new_season_[C-SDrECvTa4]_000225_8218ab63_aug_photo_exposure.png,0,enemy,1,0.547154,0.260904,0.027188,0.109437,Ich_sammel__i_tried_the_new_season [C-SDrECvTa4],225,7.500000,1.0000,False,manual_box,photo_exposure
Ich_sammel_i_tried_the_new_season_[C-SDrECvTa4]_000225_8218ab63_aug_photo_exposure.png,0,enemy,1,0.461342,0.382236,0.023789,0.082474,Ich_sammel__i_tried_the_new_season [C-SDrECvTa4],225,7.500000,1.0000,False,manual_box,photo_exposure
Ich_sammel_i_tried_the_new_season_[C-SDrECvTa4]_000225_8218ab63_aug_photo_gameplay.png,1,player,1,0.389125,0.717288,0.192014,0.565424,Ich_sammel__i_tried_the_new_season [C-SDrECvTa4],225,7.500000,1.0000,False,manual_box,photo_gameplay
Ich_sammel_i_tried_the_new_season_[C-SDrECvTa4]_000225_8218ab63_aug_photo_gameplay.png,0,enemy,1,0.505098,0.424266,0.038233,0.125297,Ich_sammel__i_tried_the_new_season [C-SDrECvTa4],225,7.500000,1.0000,False,manual_box,photo_gameplay
Ich_sammel_i_tried_the_new_season_[C-SDrECvTa4]_000225_8218ab63_aug_photo_gameplay.png,0,enemy,1,0.547154,0.260904,0.027188,0.109437,Ich_sammel__i_tried_the_new_season [C-SDrECvTa4],225,7.500000,1.0000,False,manual_box,photo_gameplay
Ich_sammel_i_tried_the_new_season_[C-SDrECvTa4]_000225_8218ab63_aug_photo_gameplay.png,0,enemy,1,0.461342,0.382236,0.023789,0.082474,Ich_sammel__i_tried_the_new_season [C-SDrECvTa4],225,7.500000,1.0000,False,manual_box,photo_gameplay
Ich_sammel_i_tried_the_new_season_[C-SDrECvTa4]_000225_8218ab63_aug_affine_mild.png,1,player,1,0.652577,0.702255,0.186662,0.581761,Ich_sammel__i_tried_the_new_season [C-SDrECvTa4],225,7.500000,1.0000,False,manual_box,affine_mild
Ich_sammel_i_tried_the_new_season_[C-SDrECvTa4]_000225_8218ab63_aug_affine_mild.png,0,enemy,1,0.549560,0.400362,0.037362,0.128811,Ich_sammel__i_tried_the_new_season [C-SDrECvTa4],225,7.500000,1.0000,False,manual_box,affine_mild
Ich_sammel_i_tried_the_new_season_[C-SDrECvTa4]_000225_8218ab63_aug_affine_mild.png,0,enemy,1,0.513077,0.232610,0.026880,0.112354,Ich_sammel__i_tried_the_new_season [C-SDrECvTa4],225,7.500000,1.0000,False,manual_box,affine_mild
Ich_sammel_i_tried_the_new_season_[C-SDrECvTa4]_000225_8218ab63_aug_affine_mild.png,0,enemy,1,0.590766,0.358544,0.023316,0.084753,Ich_sammel__i_tried_the_new_season [C-SDrECvTa4],225,7.500000,1.0000,False,manual_box,affine_mild
Ich_sammel_i_tried_the_new_season_[C-SDrECvTa4]_000240_06b8b5c3_aug_original.png,1,player,1,0.407816,0.703013,0.154630,0.593973,Ich_sammel__i_tried_the_new_season [C-SDrECvTa4],240,8.000000,1.0000,False,manual_box,original
Ich_sammel_i_tried_the_new_season_[C-SDrECvTa4]_000240_06b8b5c3_aug_original.png,0,enemy,1,0.526763,0.513085,0.054376,0.166534,Ich_sammel__i_tried_the_new_season [C-SDrECvTa4],240,8.000000,1.0000,False,manual_box,original
Ich_sammel_i_tried_the_new_season_[C-SDrECvTa4]_000240_06b8b5c3_aug_original.png,0,enemy,1,0.553951,0.272006,0.020391,0.077716,Ich_sammel__i_tried_the_new_season [C-SDrECvTa4],240,8.000000,1.0000,False,manual_box,original
Ich_sammel_i_tried_the_new_season_[C-SDrECvTa4]_000240_06b8b5c3_aug_original.png,0,enemy,1,0.532710,0.355274,0.028887,0.072958,Ich_sammel__i_tried_the_new_season [C-SDrECvTa4],240,8.000000,1.0000,False,manual_box,original
Ich_sammel_i_tried_the_new_season_[C-SDrECvTa4]_000240_06b8b5c3_aug_original.png,0,enemy,1,0.499575,0.362411,0.027188,0.090404,Ich_sammel__i_tried_the_new_season [C-SDrECvTa4],240,8.000000,1.0000,False,manual_box,original
Ich_sammel_i_tried_the_new_season_[C-SDrECvTa4]_000240_06b8b5c3_aug_photo_exposure.png,1,player,1,0.407816,0.703013,0.154630,0.593973,Ich_sammel__i_tried_the_new_season [C-SDrECvTa4],240,8.000000,1.0000,False,manual_box,photo_exposure
Ich_sammel_i_tried_the_new_season_[C-SDrECvTa4]_000240_06b8b5c3_aug_photo_exposure.png,0,enemy,1,0.526763,0.513085,0.054376,0.166534,Ich_sammel__i_tried_the_new_season [C-SDrECvTa4],240,8.000000,1.0000,False,manual_box,photo_exposure
Ich_sammel_i_tried_the_new_season_[C-SDrECvTa4]_000240_06b8b5c3_aug_photo_exposure.png,0,enemy,1,0.553951,0.272006,0.020391,0.077716,Ich_sammel__i_tried_the_new_season [C-SDrECvTa4],240,8.000000,1.0000,False,manual_box,photo_exposure
Ich_sammel_i_tried_the_new_season_[C-SDrECvTa4]_000240_06b8b5c3_aug_photo_exposure.png,0,enemy,1,0.532710,0.355274,0.028887,0.072958,Ich_sammel__i_tried_the_new_season [C-SDrECvTa4],240,8.000000,1.0000,False,manual_box,photo_exposure
Ich_sammel_i_tried_the_new_season_[C-SDrECvTa4]_000240_06b8b5c3_aug_photo_exposure.png,0,enemy,1,0.499575,0.362411,0.027188,0.090404,Ich_sammel__i_tried_the_new_season [C-SDrECvTa4],240,8.000000,1.0000,False,manual_box,photo_exposure
Ich_sammel_i_tried_the_new_season_[C-SDrECvTa4]_000240_06b8b5c3_aug_photo_gameplay.png,1,player,1,0.407816,0.703013,0.154630,0.593973,Ich_sammel__i_tried_the_new_season [C-SDrECvTa4],240,8.000000,1.0000,False,manual_box,photo_gameplay
Ich_sammel_i_tried_the_new_season_[C-SDrECvTa4]_000240_06b8b5c3_aug_photo_gameplay.png,0,enemy,1,0.526763,0.513085,0.054376,0.166534,Ich_sammel__i_tried_the_new_season [C-SDrECvTa4],240,8.000000,1.0000,False,manual_box,photo_gameplay
Ich_sammel_i_tried_the_new_season_[C-SDrECvTa4]_000240_06b8b5c3_aug_photo_gameplay.png,0,enemy,1,0.553951,0.272006,0.020391,0.077716,Ich_sammel__i_tried_the_new_season [C-SDrECvTa4],240,8.000000,1.0000,False,manual_box,photo_gameplay
Ich_sammel_i_tried_the_new_season_[C-SDrECvTa4]_000240_06b8b5c3_aug_photo_gameplay.png,0,enemy,1,0.532710,0.355274,0.028887,0.072958,Ich_sammel__i_tried_the_new_season [C-SDrECvTa4],240,8.000000,1.0000,False,manual_box,photo_gameplay
Ich_sammel_i_tried_the_new_season_[C-SDrECvTa4]_000240_06b8b5c3_aug_photo_gameplay.png,0,enemy,1,0.499575,0.362411,0.027188,0.090404,Ich_sammel__i_tried_the_new_season [C-SDrECvTa4],240,8.000000,1.0000,False,manual_box,photo_gameplay
Ich_sammel_i_tried_the_new_season_[C-SDrECvTa4]_000240_06b8b5c3_aug_affine_mild.png,1,player,1,0.451104,0.695455,0.147806,0.609091,Ich_sammel__i_tried_the_new_season [C-SDrECvTa4],240,8.000000,1.0000,False,manual_box,affine_mild
Ich_sammel_i_tried_the_new_season_[C-SDrECvTa4]_000240_06b8b5c3_aug_affine_mild.png,0,enemy,1,0.560991,0.500557,0.051727,0.180088,Ich_sammel__i_tried_the_new_season [C-SDrECvTa4],240,8.000000,1.0000,False,manual_box,affine_mild
Ich_sammel_i_tried_the_new_season_[C-SDrECvTa4]_000240_06b8b5c3_aug_affine_mild.png,0,enemy,1,0.584944,0.243977,0.019488,0.083643,Ich_sammel__i_tried_the_new_season [C-SDrECvTa4],240,8.000000,1.0000,False,manual_box,affine_mild
Ich_sammel_i_tried_the_new_season_[C-SDrECvTa4]_000240_06b8b5c3_aug_affine_mild.png,0,enemy,1,0.565611,0.333547,0.027388,0.079301,Ich_sammel__i_tried_the_new_season [C-SDrECvTa4],240,8.000000,1.0000,False,manual_box,affine_mild
Ich_sammel_i_tried_the_new_season_[C-SDrECvTa4]_000240_06b8b5c3_aug_affine_mild.png,0,enemy,1,0.534730,0.343728,0.025905,0.097576,Ich_sammel__i_tried_the_new_season [C-SDrECvTa4],240,8.000000,1.0000,False,manual_box,affine_mild
Ich_sammel_i_tried_the_new_season_[C-SDrECvTa4]_000255_f3312145_aug_original.png,1,player,1,0.389975,0.706582,0.129142,0.569389,Ich_sammel__i_tried_the_new_season [C-SDrECvTa4],255,8.500000,1.0000,False,manual_box,original
Ich_sammel_i_tried_the_new_season_[C-SDrECvTa4]_000255_f3312145_aug_original.png,0,enemy,1,0.459643,0.793814,0.062872,0.106265,Ich_sammel__i_tried_the_new_season [C-SDrECvTa4],255,8.500000,1.0000,False,manual_box,original
Ich_sammel_i_tried_the_new_season_[C-SDrECvTa4]_000255_f3312145_aug_original.png,0,enemy,1,0.519541,0.647105,0.058624,0.095163,Ich_sammel__i_tried_the_new_season [C-SDrECvTa4],255,8.500000,1.0000,False,manual_box,original
Ich_sammel_i_tried_the_new_season_[C-SDrECvTa4]_000255_f3312145_aug_original.png,0,enemy,1,0.589210,0.731959,0.070518,0.385408,Ich_sammel__i_tried_the_new_season [C-SDrECvTa4],255,8.500000,1.0000,False,manual_box,original
Ich_sammel_i_tried_the_new_season_[C-SDrECvTa4]_000255_f3312145_aug_original.png,0,enemy,1,0.589210,0.403648,0.019541,0.065028,Ich_sammel__i_tried_the_new_season [C-SDrECvTa4],255,8.500000,1.0000,False,manual_box,original
Ich_sammel_i_tried_the_new_season_[C-SDrECvTa4]_000255_f3312145_aug_original.png,0,enemy,1,0.556075,0.306899,0.026338,0.080888,Ich_sammel__i_tried_the_new_season [C-SDrECvTa4],255,8.500000,1.0000,False,manual_box,original
Ich_sammel_i_tried_the_new_season_[C-SDrECvTa4]_000255_f3312145_aug_original.png,0,enemy,1,0.526338,0.403648,0.019541,0.080888,Ich_sammel__i_tried_the_new_season [C-SDrECvTa4],255,8.500000,1.0000,False,manual_box,original
Ich_sammel_i_tried_the_new_season_[C-SDrECvTa4]_000255_f3312145_aug_original.png,0,enemy,1,0.502974,0.403648,0.028887,0.090404,Ich_sammel__i_tried_the_new_season [C-SDrECvTa4],255,8.500000,1.0000,False,manual_box,original
Ich_sammel_i_tried_the_new_season_[C-SDrECvTa4]_000255_f3312145_aug_original.png,0,enemy,1,0.472387,0.438541,0.028887,0.109437,Ich_sammel__i_tried_the_new_season [C-SDrECvTa4],255,8.500000,1.0000,False,manual_box,original
Ich_sammel_i_tried_the_new_season_[C-SDrECvTa4]_000255_f3312145_aug_photo_exposure.png,1,player,1,0.389975,0.706582,0.129142,0.569389,Ich_sammel__i_tried_the_new_season [C-SDrECvTa4],255,8.500000,1.0000,False,manual_box,photo_exposure
Ich_sammel_i_tried_the_new_season_[C-SDrECvTa4]_000255_f3312145_aug_photo_exposure.png,0,enemy,1,0.459643,0.793814,0.062872,0.106265,Ich_sammel__i_tried_the_new_season [C-SDrECvTa4],255,8.500000,1.0000,False,manual_box,photo_exposure
Ich_sammel_i_tried_the_new_season_[C-SDrECvTa4]_000255_f3312145_aug_photo_exposure.png,0,enemy,1,0.519541,0.647105,0.058624,0.095163,Ich_sammel__i_tried_the_new_season [C-SDrECvTa4],255,8.500000,1.0000,False,manual_box,photo_exposure
Ich_sammel_i_tried_the_new_season_[C-SDrECvTa4]_000255_f3312145_aug_photo_exposure.png,0,enemy,1,0.589210,0.731959,0.070518,0.385408,Ich_sammel__i_tried_the_new_season [C-SDrECvTa4],255,8.500000,1.0000,False,manual_box,photo_exposure
Ich_sammel_i_tried_the_new_season_[C-SDrECvTa4]_000255_f3312145_aug_photo_exposure.png,0,enemy,1,0.589210,0.403648,0.019541,0.065028,Ich_sammel__i_tried_the_new_season [C-SDrECvTa4],255,8.500000,1.0000,False,manual_box,photo_exposure
Ich_sammel_i_tried_the_new_season_[C-SDrECvTa4]_000255_f3312145_aug_photo_exposure.png,0,enemy,1,0.556075,0.306899,0.026338,0.080888,Ich_sammel__i_tried_the_new_season [C-SDrECvTa4],255,8.500000,1.0000,False,manual_box,photo_exposure
Ich_sammel_i_tried_the_new_season_[C-SDrECvTa4]_000255_f3312145_aug_photo_exposure.png,0,enemy,1,0.526338,0.403648,0.019541,0.080888,Ich_sammel__i_tried_the_new_season [C-SDrECvTa4],255,8.500000,1.0000,False,manual_box,photo_exposure
Ich_sammel_i_tried_the_new_season_[C-SDrECvTa4]_000255_f3312145_aug_photo_exposure.png,0,enemy,1,0.502974,0.403648,0.028887,0.090404,Ich_sammel__i_tried_the_new_season [C-SDrECvTa4],255,8.500000,1.0000,False,manual_box,photo_exposure
Ich_sammel_i_tried_the_new_season_[C-SDrECvTa4]_000255_f3312145_aug_photo_exposure.png,0,enemy,1,0.472387,0.438541,0.028887,0.109437,Ich_sammel__i_tried_the_new_season [C-SDrECvTa4],255,8.500000,1.0000,False,manual_box,photo_exposure
Ich_sammel_i_tried_the_new_season_[C-SDrECvTa4]_000255_f3312145_aug_photo_gameplay.png,1,player,1,0.389975,0.706582,0.129142,0.569389,Ich_sammel__i_tried_the_new_season [C-SDrECvTa4],255,8.500000,1.0000,False,manual_box,photo_gameplay
Ich_sammel_i_tried_the_new_season_[C-SDrECvTa4]_000255_f3312145_aug_photo_gameplay.png,0,enemy,1,0.459643,0.793814,0.062872,0.106265,Ich_sammel__i_tried_the_new_season [C-SDrECvTa4],255,8.500000,1.0000,False,manual_box,photo_gameplay
Ich_sammel_i_tried_the_new_season_[C-SDrECvTa4]_000255_f3312145_aug_photo_gameplay.png,0,enemy,1,0.519541,0.647105,0.058624,0.095163,Ich_sammel__i_tried_the_new_season [C-SDrECvTa4],255,8.500000,1.0000,False,manual_box,photo_gameplay
Ich_sammel_i_tried_the_new_season_[C-SDrECvTa4]_000255_f3312145_aug_photo_gameplay.png,0,enemy,1,0.589210,0.731959,0.070518,0.385408,Ich_sammel__i_tried_the_new_season [C-SDrECvTa4],255,8.500000,1.0000,False,manual_box,photo_gameplay
Ich_sammel_i_tried_the_new_season_[C-SDrECvTa4]_000255_f3312145_aug_photo_gameplay.png,0,enemy,1,0.589210,0.403648,0.019541,0.065028,Ich_sammel__i_tried_the_new_season [C-SDrECvTa4],255,8.500000,1.0000,False,manual_box,photo_gameplay
Ich_sammel_i_tried_the_new_season_[C-SDrECvTa4]_000255_f3312145_aug_photo_gameplay.png,0,enemy,1,0.556075,0.306899,0.026338,0.080888,Ich_sammel__i_tried_the_new_season [C-SDrECvTa4],255,8.500000,1.0000,False,manual_box,photo_gameplay
Ich_sammel_i_tried_the_new_season_[C-SDrECvTa4]_000255_f3312145_aug_photo_gameplay.png,0,enemy,1,0.526338,0.403648,0.019541,0.080888,Ich_sammel__i_tried_the_new_season [C-SDrECvTa4],255,8.500000,1.0000,False,manual_box,photo_gameplay
Ich_sammel_i_tried_the_new_season_[C-SDrECvTa4]_000255_f3312145_aug_photo_gameplay.png,0,enemy,1,0.502974,0.403648,0.028887,0.090404,Ich_sammel__i_tried_the_new_season [C-SDrECvTa4],255,8.500000,1.0000,False,manual_box,photo_gameplay
Ich_sammel_i_tried_the_new_season_[C-SDrECvTa4]_000255_f3312145_aug_photo_gameplay.png,0,enemy,1,0.472387,0.438541,0.028887,0.109437,Ich_sammel__i_tried_the_new_season [C-SDrECvTa4],255,8.500000,1.0000,False,manual_box,photo_gameplay
Ich_sammel_i_tried_the_new_season_[C-SDrECvTa4]_000255_f3312145_aug_affine_mild.png,1,player,1,0.409724,0.689759,0.135395,0.620482,Ich_sammel__i_tried_the_new_season [C-SDrECvTa4],255,8.500000,1.0000,False,manual_box,affine_mild
Ich_sammel_i_tried_the_new_season_[C-SDrECvTa4]_000255_f3312145_aug_affine_mild.png,0,enemy,1,0.476020,0.797297,0.062992,0.122058,Ich_sammel__i_tried_the_new_season [C-SDrECvTa4],255,8.500000,1.0000,False,manual_box,affine_mild
Ich_sammel_i_tried_the_new_season_[C-SDrECvTa4]_000255_f3312145_aug_affine_mild.png,0,enemy,1,0.536810,0.644891,0.058669,0.109561,Ich_sammel__i_tried_the_new_season [C-SDrECvTa4],255,8.500000,1.0000,False,manual_box,affine_mild
Ich_sammel_i_tried_the_new_season_[C-SDrECvTa4]_000255_f3312145_aug_affine_mild.png,0,enemy,1,0.603147,0.744492,0.075206,0.425393,Ich_sammel__i_tried_the_new_season [C-SDrECvTa4],255,8.500000,1.0000,False,manual_box,affine_mild
Ich_sammel_i_tried_the_new_season_[C-SDrECvTa4]_000255_f3312145_aug_affine_mild.png,0,enemy,1,0.608763,0.388714,0.020126,0.072614,Ich_sammel__i_tried_the_new_season [C-SDrECvTa4],255,8.500000,1.0000,False,manual_box,affine_mild
Ich_sammel_i_tried_the_new_season_[C-SDrECvTa4]_000255_f3312145_aug_affine_mild.png,0,enemy,1,0.578177,0.280234,0.027011,0.090547,Ich_sammel__i_tried_the_new_season [C-SDrECvTa4],255,8.500000,1.0000,False,manual_box,affine_mild
Ich_sammel_i_tried_the_new_season_[C-SDrECvTa4]_000255_f3312145_aug_affine_mild.png,0,enemy,1,0.547588,0.381812,0.020397,0.089801,Ich_sammel__i_tried_the_new_season [C-SDrECvTa4],255,8.500000,1.0000,False,manual_box,affine_mild
Ich_sammel_i_tried_the_new_season_[C-SDrECvTa4]_000255_f3312145_aug_affine_mild.png,0,enemy,1,0.524854,0.379247,0.029654,0.101139,Ich_sammel__i_tried_the_new_season [C-SDrECvTa4],255,8.500000,1.0000,False,manual_box,affine_mild
Ich_sammel_i_tried_the_new_season_[C-SDrECvTa4]_000255_f3312145_aug_affine_mild.png,0,enemy,1,0.494496,0.413701,0.029979,0.121764,Ich_sammel__i_tried_the_new_season [C-SDrECvTa4],255,8.500000,1.0000,False,manual_box,affine_mild
Ich_sammel_i_tried_the_new_season_[C-SDrECvTa4]_000255_f3312145_aug_retarget_edge.png,1,player,1,0.720765,0.474623,0.129142,0.569389,Ich_sammel__i_tried_the_new_season [C-SDrECvTa4],255,8.500000,1.0000,False,manual_box,retarget_edge
Ich_sammel_i_tried_the_new_season_[C-SDrECvTa4]_000255_f3312145_aug_retarget_edge.png,0,enemy,1,0.790433,0.561855,0.062872,0.106265,Ich_sammel__i_tried_the_new_season [C-SDrECvTa4],255,8.500000,1.0000,False,manual_box,retarget_edge
Ich_sammel_i_tried_the_new_season_[C-SDrECvTa4]_000255_f3312145_aug_retarget_edge.png,0,enemy,1,0.850331,0.415146,0.058624,0.095163,Ich_sammel__i_tried_the_new_season [C-SDrECvTa4],255,8.500000,1.0000,False,manual_box,retarget_edge
Ich_sammel_i_tried_the_new_season_[C-SDrECvTa4]_000255_f3312145_aug_retarget_edge.png,0,enemy,1,0.920000,0.500000,0.070518,0.385408,Ich_sammel__i_tried_the_new_season [C-SDrECvTa4],255,8.500000,1.0000,False,manual_box,retarget_edge
Ich_sammel_i_tried_the_new_season_[C-SDrECvTa4]_000255_f3312145_aug_retarget_edge.png,0,enemy,1,0.920000,0.171689,0.019541,0.065028,Ich_sammel__i_tried_the_new_season [C-SDrECvTa4],255,8.500000,1.0000,False,manual_box,retarget_edge
Ich_sammel_i_tried_the_new_season_[C-SDrECvTa4]_000255_f3312145_aug_retarget_edge.png,0,enemy,1,0.886865,0.074940,0.026338,0.080888,Ich_sammel__i_tried_the_new_season [C-SDrECvTa4],255,8.500000,1.0000,False,manual_box,retarget_edge
Ich_sammel_i_tried_the_new_season_[C-SDrECvTa4]_000255_f3312145_aug_retarget_edge.png,0,enemy,1,0.857128,0.171689,0.019541,0.080888,Ich_sammel__i_tried_the_new_season [C-SDrECvTa4],255,8.500000,1.0000,False,manual_box,retarget_edge
Ich_sammel_i_tried_the_new_season_[C-SDrECvTa4]_000255_f3312145_aug_retarget_edge.png,0,enemy,1,0.833764,0.171689,0.028887,0.090404,Ich_sammel__i_tried_the_new_season [C-SDrECvTa4],255,8.500000,1.0000,False,manual_box,retarget_edge
Ich_sammel_i_tried_the_new_season_[C-SDrECvTa4]_000255_f3312145_aug_retarget_edge.png,0,enemy,1,0.803177,0.206582,0.028887,0.109437,Ich_sammel__i_tried_the_new_season [C-SDrECvTa4],255,8.500000,1.0000,False,manual_box,retarget_edge
Ich_sammel_i_tried_the_new_season_[C-SDrECvTa4]_000255_f3312145_aug_retarget_corner.png,1,player,1,0.720765,0.804964,0.129142,0.390072,Ich_sammel__i_tried_the_new_season [C-SDrECvTa4],255,8.500000,1.0000,False,manual_box,retarget_corner
Ich_sammel_i_tried_the_new_season_[C-SDrECvTa4]_000255_f3312145_aug_retarget_corner.png,0,enemy,1,0.790433,0.964361,0.062872,0.071278,Ich_sammel__i_tried_the_new_season [C-SDrECvTa4],255,8.500000,1.0000,False,manual_box,retarget_corner
Ich_sammel_i_tried_the_new_season_[C-SDrECvTa4]_000255_f3312145_aug_retarget_corner.png,0,enemy,1,0.850331,0.835146,0.058624,0.095163,Ich_sammel__i_tried_the_new_season [C-SDrECvTa4],255,8.500000,1.0000,False,manual_box,retarget_corner
Ich_sammel_i_tried_the_new_season_[C-SDrECvTa4]_000255_f3312145_aug_retarget_corner.png,0,enemy,1,0.920000,0.863648,0.070518,0.272704,Ich_sammel__i_tried_the_new_season [C-SDrECvTa4],255,8.500000,1.0000,False,manual_box,retarget_corner
Ich_sammel_i_tried_the_new_season_[C-SDrECvTa4]_000255_f3312145_aug_retarget_corner.png,0,enemy,1,0.920000,0.591689,0.019541,0.065028,Ich_sammel__i_tried_the_new_season [C-SDrECvTa4],255,8.500000,1.0000,False,manual_box,retarget_corner
Ich_sammel_i_tried_the_new_season_[C-SDrECvTa4]_000255_f3312145_aug_retarget_corner.png,0,enemy,1,0.886865,0.494940,0.026338,0.080888,Ich_sammel__i_tried_the_new_season [C-SDrECvTa4],255,8.500000,1.0000,False,manual_box,retarget_corner
Ich_sammel_i_tried_the_new_season_[C-SDrECvTa4]_000255_f3312145_aug_retarget_corner.png,0,enemy,1,0.857128,0.591689,0.019541,0.080888,Ich_sammel__i_tried_the_new_season [C-SDrECvTa4],255,8.500000,1.0000,False,manual_box,retarget_corner
Ich_sammel_i_tried_the_new_season_[C-SDrECvTa4]_000255_f3312145_aug_retarget_corner.png,0,enemy,1,0.833764,0.591689,0.028887,0.090404,Ich_sammel__i_tried_the_new_season [C-SDrECvTa4],255,8.500000,1.0000,False,manual_box,retarget_corner
Ich_sammel_i_tried_the_new_season_[C-SDrECvTa4]_000255_f3312145_aug_retarget_corner.png,0,enemy,1,0.803177,0.626582,0.028887,0.109437,Ich_sammel__i_tried_the_new_season [C-SDrECvTa4],255,8.500000,1.0000,False,manual_box,retarget_corner
Ich_sammel_i_tried_the_new_season_[C-SDrECvTa4]_000270_1eaeca4e_aug_original.png,1,player,1,0.387426,0.649485,0.166525,0.394925,Ich_sammel__i_tried_the_new_season [C-SDrECvTa4],270,9.000000,1.0000,False,manual_box,original
Ich_sammel_i_tried_the_new_season_[C-SDrECvTa4]_000270_1eaeca4e_aug_original.png,0,enemy,1,0.492778,0.448057,0.100255,0.229976,Ich_sammel__i_tried_the_new_season [C-SDrECvTa4],270,9.000000,1.0000,False,manual_box,original
Ich_sammel_i_tried_the_new_season_[C-SDrECvTa4]_000270_1eaeca4e_aug_original.png,0,enemy,1,0.526763,0.195083,0.020391,0.072958,Ich_sammel__i_tried_the_new_season [C-SDrECvTa4],270,9.000000,1.0000,False,manual_box,original
Ich_sammel_i_tried_the_new_season_[C-SDrECvTa4]_000270_1eaeca4e_aug_original.png,0,enemy,1,0.486831,0.045202,0.039082,0.090404,Ich_sammel__i_tried_the_new_season [C-SDrECvTa4],270,9.000000,1.0000,False,manual_box,original
Ich_sammel_i_tried_the_new_season_[C-SDrECvTa4]_000270_1eaeca4e_aug_original.png,0,enemy,1,0.439677,0.210151,0.024639,0.080888,Ich_sammel__i_tried_the_new_season [C-SDrECvTa4],270,9.000000,1.0000,False,manual_box,original
Ich_sammel_i_tried_the_new_season_[C-SDrECvTa4]_000270_1eaeca4e_aug_original.png,0,enemy,1,0.367035,0.232355,0.028887,0.109437,Ich_sammel__i_tried_the_new_season [C-SDrECvTa4],270,9.000000,1.0000,False,manual_box,original
Ich_sammel_i_tried_the_new_season_[C-SDrECvTa4]_000270_1eaeca4e_aug_original.png,0,enemy,1,0.412065,0.195083,0.023789,0.101507,Ich_sammel__i_tried_the_new_season [C-SDrECvTa4],270,9.000000,1.0000,False,manual_box,original
Ich_sammel_i_tried_the_new_season_[C-SDrECvTa4]_000270_1eaeca4e_aug_original.png,0,enemy,1,0.342821,0.209358,0.029737,0.114195,Ich_sammel__i_tried_the_new_season [C-SDrECvTa4],270,9.000000,1.0000,False,manual_box,original
Ich_sammel_i_tried_the_new_season_[C-SDrECvTa4]_000270_1eaeca4e_aug_photo_exposure.png,1,player,1,0.387426,0.649485,0.166525,0.394925,Ich_sammel__i_tried_the_new_season [C-SDrECvTa4],270,9.000000,1.0000,False,manual_box,photo_exposure
Ich_sammel_i_tried_the_new_season_[C-SDrECvTa4]_000270_1eaeca4e_aug_photo_exposure.png,0,enemy,1,0.492778,0.448057,0.100255,0.229976,Ich_sammel__i_tried_the_new_season [C-SDrECvTa4],270,9.000000,1.0000,False,manual_box,photo_exposure
Ich_sammel_i_tried_the_new_season_[C-SDrECvTa4]_000270_1eaeca4e_aug_photo_exposure.png,0,enemy,1,0.526763,0.195083,0.020391,0.072958,Ich_sammel__i_tried_the_new_season [C-SDrECvTa4],270,9.000000,1.0000,False,manual_box,photo_exposure
Ich_sammel_i_tried_the_new_season_[C-SDrECvTa4]_000270_1eaeca4e_aug_photo_exposure.png,0,enemy,1,0.486831,0.045202,0.039082,0.090404,Ich_sammel__i_tried_the_new_season [C-SDrECvTa4],270,9.000000,1.0000,False,manual_box,photo_exposure
Ich_sammel_i_tried_the_new_season_[C-SDrECvTa4]_000270_1eaeca4e_aug_photo_exposure.png,0,enemy,1,0.439677,0.210151,0.024639,0.080888,Ich_sammel__i_tried_the_new_season [C-SDrECvTa4],270,9.000000,1.0000,False,manual_box,photo_exposure
Ich_sammel_i_tried_the_new_season_[C-SDrECvTa4]_000270_1eaeca4e_aug_photo_exposure.png,0,enemy,1,0.367035,0.232355,0.028887,0.109437,Ich_sammel__i_tried_the_new_season [C-SDrECvTa4],270,9.000000,1.0000,False,manual_box,photo_exposure
Ich_sammel_i_tried_the_new_season_[C-SDrECvTa4]_000270_1eaeca4e_aug_photo_exposure.png,0,enemy,1,0.412065,0.195083,0.023789,0.101507,Ich_sammel__i_tried_the_new_season [C-SDrECvTa4],270,9.000000,1.0000,False,manual_box,photo_exposure
Ich_sammel_i_tried_the_new_season_[C-SDrECvTa4]_000270_1eaeca4e_aug_photo_exposure.png,0,enemy,1,0.342821,0.209358,0.029737,0.114195,Ich_sammel__i_tried_the_new_season [C-SDrECvTa4],270,9.000000,1.0000,False,manual_box,photo_exposure
Ich_sammel_i_tried_the_new_season_[C-SDrECvTa4]_000270_1eaeca4e_aug_photo_gameplay.png,1,player,1,0.387426,0.649485,0.166525,0.394925,Ich_sammel__i_tried_the_new_season [C-SDrECvTa4],270,9.000000,1.0000,False,manual_box,photo_gameplay
Ich_sammel_i_tried_the_new_season_[C-SDrECvTa4]_000270_1eaeca4e_aug_photo_gameplay.png,0,enemy,1,0.492778,0.448057,0.100255,0.229976,Ich_sammel__i_tried_the_new_season [C-SDrECvTa4],270,9.000000,1.0000,False,manual_box,photo_gameplay
Ich_sammel_i_tried_the_new_season_[C-SDrECvTa4]_000270_1eaeca4e_aug_photo_gameplay.png,0,enemy,1,0.526763,0.195083,0.020391,0.072958,Ich_sammel__i_tried_the_new_season [C-SDrECvTa4],270,9.000000,1.0000,False,manual_box,photo_gameplay
Ich_sammel_i_tried_the_new_season_[C-SDrECvTa4]_000270_1eaeca4e_aug_photo_gameplay.png,0,enemy,1,0.486831,0.045202,0.039082,0.090404,Ich_sammel__i_tried_the_new_season [C-SDrECvTa4],270,9.000000,1.0000,False,manual_box,photo_gameplay
Ich_sammel_i_tried_the_new_season_[C-SDrECvTa4]_000270_1eaeca4e_aug_photo_gameplay.png,0,enemy,1,0.439677,0.210151,0.024639,0.080888,Ich_sammel__i_tried_the_new_season [C-SDrECvTa4],270,9.000000,1.0000,False,manual_box,photo_gameplay
Ich_sammel_i_tried_the_new_season_[C-SDrECvTa4]_000270_1eaeca4e_aug_photo_gameplay.png,0,enemy,1,0.367035,0.232355,0.028887,0.109437,Ich_sammel__i_tried_the_new_season [C-SDrECvTa4],270,9.000000,1.0000,False,manual_box,photo_gameplay
Ich_sammel_i_tried_the_new_season_[C-SDrECvTa4]_000270_1eaeca4e_aug_photo_gameplay.png,0,enemy,1,0.412065,0.195083,0.023789,0.101507,Ich_sammel__i_tried_the_new_season [C-SDrECvTa4],270,9.000000,1.0000,False,manual_box,photo_gameplay
Ich_sammel_i_tried_the_new_season_[C-SDrECvTa4]_000270_1eaeca4e_aug_photo_gameplay.png,0,enemy,1,0.342821,0.209358,0.029737,0.114195,Ich_sammel__i_tried_the_new_season [C-SDrECvTa4],270,9.000000,1.0000,False,manual_box,photo_gameplay
Ich_sammel_i_tried_the_new_season_[C-SDrECvTa4]_000270_1eaeca4e_aug_affine_mild.png,1,player,1,0.368886,0.588002,0.175197,0.377362,Ich_sammel__i_tried_the_new_season [C-SDrECvTa4],270,9.000000,1.0000,False,manual_box,affine_mild
Ich_sammel_i_tried_the_new_season_[C-SDrECvTa4]_000270_1eaeca4e_aug_affine_mild.png,0,enemy,1,0.479154,0.397761,0.105384,0.219787,Ich_sammel__i_tried_the_new_season [C-SDrECvTa4],270,9.000000,1.0000,False,manual_box,affine_mild
Ich_sammel_i_tried_the_new_season_[C-SDrECvTa4]_000270_1eaeca4e_aug_affine_mild.png,0,enemy,1,0.516941,0.157685,0.021743,0.069592,Ich_sammel__i_tried_the_new_season [C-SDrECvTa4],270,9.000000,1.0000,False,manual_box,affine_mild
Ich_sammel_i_tried_the_new_season_[C-SDrECvTa4]_000270_1eaeca4e_aug_affine_mild.png,0,enemy,1,0.477814,0.028970,0.041090,0.057940,Ich_sammel__i_tried_the_new_season [C-SDrECvTa4],270,9.000000,1.0000,False,manual_box,affine_mild
Ich_sammel_i_tried_the_new_season_[C-SDrECvTa4]_000270_1eaeca4e_aug_affine_mild.png,0,enemy,1,0.427578,0.170989,0.026187,0.077180,Ich_sammel__i_tried_the_new_season [C-SDrECvTa4],270,9.000000,1.0000,False,manual_box,affine_mild
Ich_sammel_i_tried_the_new_season_[C-SDrECvTa4]_000270_1eaeca4e_aug_affine_mild.png,0,enemy,1,0.352922,0.191244,0.030874,0.104368,Ich_sammel__i_tried_the_new_season [C-SDrECvTa4],270,9.000000,1.0000,False,manual_box,affine_mild
Ich_sammel_i_tried_the_new_season_[C-SDrECvTa4]_000270_1eaeca4e_aug_affine_mild.png,0,enemy,1,0.399478,0.156342,0.025559,0.096770,Ich_sammel__i_tried_the_new_season [C-SDrECvTa4],270,9.000000,1.0000,False,manual_box,affine_mild
Ich_sammel_i_tried_the_new_season_[C-SDrECvTa4]_000270_1eaeca4e_aug_affine_mild.png,0,enemy,1,0.328396,0.169100,0.031801,0.108901,Ich_sammel__i_tried_the_new_season [C-SDrECvTa4],270,9.000000,1.0000,False,manual_box,affine_mild
Ich_sammel_i_tried_the_new_season_[C-SDrECvTa4]_000285_f92150e1_aug_original.png,1,player,1,0.200085,0.613402,0.391674,0.773196,Ich_sammel__i_tried_the_new_season [C-SDrECvTa4],285,9.500000,1.0000,False,manual_box,original
Ich_sammel_i_tried_the_new_season_[C-SDrECvTa4]_000285_f92150e1_aug_original.png,0,enemy,1,0.513169,0.612213,0.202209,0.374306,Ich_sammel__i_tried_the_new_season [C-SDrECvTa4],285,9.500000,1.0000,False,manual_box,original
Ich_sammel_i_tried_the_new_season_[C-SDrECvTa4]_000285_f92150e1_aug_original.png,0,enemy,1,0.520816,0.249009,0.028887,0.101507,Ich_sammel__i_tried_the_new_season [C-SDrECvTa4],285,9.500000,1.0000,False,manual_box,original
Ich_sammel_i_tried_the_new_season_[C-SDrECvTa4]_000285_f92150e1_aug_original.png,0,enemy,1,0.481733,0.060270,0.054376,0.117367,Ich_sammel__i_tried_the_new_season [C-SDrECvTa4],285,9.500000,1.0000,False,manual_box,original
Ich_sammel_i_tried_the_new_season_[C-SDrECvTa4]_000285_f92150e1_aug_original.png,0,enemy,1,0.420986,0.252181,0.017842,0.101507,Ich_sammel__i_tried_the_new_season [C-SDrECvTa4],285,9.500000,1.0000,False,manual_box,original
Ich_sammel_i_tried_the_new_season_[C-SDrECvTa4]_000285_f92150e1_aug_original.png,0,enemy,1,0.389550,0.256939,0.028037,0.079302,Ich_sammel__i_tried_the_new_season [C-SDrECvTa4],285,9.500000,1.0000,False,manual_box,original
Ich_sammel_i_tried_the_new_season_[C-SDrECvTa4]_000285_f92150e1_aug_original.png,0,enemy,1,0.338573,0.277557,0.026338,0.107851,Ich_sammel__i_tried_the_new_season [C-SDrECvTa4],285,9.500000,1.0000,False,manual_box,original
Ich_sammel_i_tried_the_new_season_[C-SDrECvTa4]_000285_f92150e1_aug_original.png,0,enemy,1,0.310960,0.276764,0.032285,0.125297,Ich_sammel__i_tried_the_new_season [C-SDrECvTa4],285,9.500000,1.0000,False,manual_box,original
Ich_sammel_i_tried_the_new_season_[C-SDrECvTa4]_000285_f92150e1_aug_photo_exposure.png,1,player,1,0.200085,0.613402,0.391674,0.773196,Ich_sammel__i_tried_the_new_season [C-SDrECvTa4],285,9.500000,1.0000,False,manual_box,photo_exposure
Ich_sammel_i_tried_the_new_season_[C-SDrECvTa4]_000285_f92150e1_aug_photo_exposure.png,0,enemy,1,0.513169,0.612213,0.202209,0.374306,Ich_sammel__i_tried_the_new_season [C-SDrECvTa4],285,9.500000,1.0000,False,manual_box,photo_exposure
Ich_sammel_i_tried_the_new_season_[C-SDrECvTa4]_000285_f92150e1_aug_photo_exposure.png,0,enemy,1,0.520816,0.249009,0.028887,0.101507,Ich_sammel__i_tried_the_new_season [C-SDrECvTa4],285,9.500000,1.0000,False,manual_box,photo_exposure
Ich_sammel_i_tried_the_new_season_[C-SDrECvTa4]_000285_f92150e1_aug_photo_exposure.png,0,enemy,1,0.481733,0.060270,0.054376,0.117367,Ich_sammel__i_tried_the_new_season [C-SDrECvTa4],285,9.500000,1.0000,False,manual_box,photo_exposure
Ich_sammel_i_tried_the_new_season_[C-SDrECvTa4]_000285_f92150e1_aug_photo_exposure.png,0,enemy,1,0.420986,0.252181,0.017842,0.101507,Ich_sammel__i_tried_the_new_season [C-SDrECvTa4],285,9.500000,1.0000,False,manual_box,photo_exposure
Ich_sammel_i_tried_the_new_season_[C-SDrECvTa4]_000285_f92150e1_aug_photo_exposure.png,0,enemy,1,0.389550,0.256939,0.028037,0.079302,Ich_sammel__i_tried_the_new_season [C-SDrECvTa4],285,9.500000,1.0000,False,manual_box,photo_exposure
Ich_sammel_i_tried_the_new_season_[C-SDrECvTa4]_000285_f92150e1_aug_photo_exposure.png,0,enemy,1,0.338573,0.277557,0.026338,0.107851,Ich_sammel__i_tried_the_new_season [C-SDrECvTa4],285,9.500000,1.0000,False,manual_box,photo_exposure
Ich_sammel_i_tried_the_new_season_[C-SDrECvTa4]_000285_f92150e1_aug_photo_exposure.png,0,enemy,1,0.310960,0.276764,0.032285,0.125297,Ich_sammel__i_tried_the_new_season [C-SDrECvTa4],285,9.500000,1.0000,False,manual_box,photo_exposure
Ich_sammel_i_tried_the_new_season_[C-SDrECvTa4]_000285_f92150e1_aug_photo_gameplay.png,1,player,1,0.200085,0.613402,0.391674,0.773196,Ich_sammel__i_tried_the_new_season [C-SDrECvTa4],285,9.500000,1.0000,False,manual_box,photo_gameplay
Ich_sammel_i_tried_the_new_season_[C-SDrECvTa4]_000285_f92150e1_aug_photo_gameplay.png,0,enemy,1,0.513169,0.612213,0.202209,0.374306,Ich_sammel__i_tried_the_new_season [C-SDrECvTa4],285,9.500000,1.0000,False,manual_box,photo_gameplay
Ich_sammel_i_tried_the_new_season_[C-SDrECvTa4]_000285_f92150e1_aug_photo_gameplay.png,0,enemy,1,0.520816,0.249009,0.028887,0.101507,Ich_sammel__i_tried_the_new_season [C-SDrECvTa4],285,9.500000,1.0000,False,manual_box,photo_gameplay
Ich_sammel_i_tried_the_new_season_[C-SDrECvTa4]_000285_f92150e1_aug_photo_gameplay.png,0,enemy,1,0.481733,0.060270,0.054376,0.117367,Ich_sammel__i_tried_the_new_season [C-SDrECvTa4],285,9.500000,1.0000,False,manual_box,photo_gameplay
Ich_sammel_i_tried_the_new_season_[C-SDrECvTa4]_000285_f92150e1_aug_photo_gameplay.png,0,enemy,1,0.420986,0.252181,0.017842,0.101507,Ich_sammel__i_tried_the_new_season [C-SDrECvTa4],285,9.500000,1.0000,False,manual_box,photo_gameplay
Ich_sammel_i_tried_the_new_season_[C-SDrECvTa4]_000285_f92150e1_aug_photo_gameplay.png,0,enemy,1,0.389550,0.256939,0.028037,0.079302,Ich_sammel__i_tried_the_new_season [C-SDrECvTa4],285,9.500000,1.0000,False,manual_box,photo_gameplay
Ich_sammel_i_tried_the_new_season_[C-SDrECvTa4]_000285_f92150e1_aug_photo_gameplay.png,0,enemy,1,0.338573,0.277557,0.026338,0.107851,Ich_sammel__i_tried_the_new_season [C-SDrECvTa4],285,9.500000,1.0000,False,manual_box,photo_gameplay
Ich_sammel_i_tried_the_new_season_[C-SDrECvTa4]_000285_f92150e1_aug_photo_gameplay.png,0,enemy,1,0.310960,0.276764,0.032285,0.125297,Ich_sammel__i_tried_the_new_season [C-SDrECvTa4],285,9.500000,1.0000,False,manual_box,photo_gameplay
Ich_sammel_i_tried_the_new_season_[C-SDrECvTa4]_000285_f92150e1_aug_affine_mild.png,1,player,1,0.803858,0.589568,0.392283,0.807517,Ich_sammel__i_tried_the_new_season [C-SDrECvTa4],285,9.500000,1.0000,False,manual_box,affine_mild
Ich_sammel_i_tried_the_new_season_[C-SDrECvTa4]_000285_f92150e1_aug_affine_mild.png,0,enemy,1,0.494495,0.601474,0.209769,0.391449,Ich_sammel__i_tried_the_new_season [C-SDrECvTa4],285,9.500000,1.0000,False,manual_box,affine_mild
Ich_sammel_i_tried_the_new_season_[C-SDrECvTa4]_000285_f92150e1_aug_affine_mild.png,0,enemy,1,0.481690,0.230181,0.030638,0.105068,Ich_sammel__i_tried_the_new_season [C-SDrECvTa4],285,9.500000,1.0000,False,manual_box,affine_mild
Ich_sammel_i_tried_the_new_season_[C-SDrECvTa4]_000285_f92150e1_aug_affine_mild.png,0,enemy,1,0.518590,0.048308,0.056642,0.096615,Ich_sammel__i_tried_the_new_season [C-SDrECvTa4],285,9.500000,1.0000,False,manual_box,affine_mild
Ich_sammel_i_tried_the_new_season_[C-SDrECvTa4]_000285_f92150e1_aug_affine_mild.png,0,enemy,1,0.582717,0.229242,0.019465,0.104605,Ich_sammel__i_tried_the_new_season [C-SDrECvTa4],285,9.500000,1.0000,False,manual_box,affine_mild
Ich_sammel_i_tried_the_new_season_[C-SDrECvTa4]_000285_f92150e1_aug_affine_mild.png,0,enemy,1,0.614583,0.232792,0.029468,0.082313,Ich_sammel__i_tried_the_new_season [C-SDrECvTa4],285,9.500000,1.0000,False,manual_box,affine_mild
Ich_sammel_i_tried_the_new_season_[C-SDrECvTa4]_000285_f92150e1_aug_affine_mild.png,0,enemy,1,0.666437,0.251751,0.028148,0.111452,Ich_sammel__i_tried_the_new_season [C-SDrECvTa4],285,9.500000,1.0000,False,manual_box,affine_mild
Ich_sammel_i_tried_the_new_season_[C-SDrECvTa4]_000285_f92150e1_aug_affine_mild.png,0,enemy,1,0.694357,0.249782,0.034407,0.129552,Ich_sammel__i_tried_the_new_season [C-SDrECvTa4],285,9.500000,1.0000,False,manual_box,affine_mild
Ich_sammel_i_tried_the_new_season_[C-SDrECvTa4]_000300_358f266c_aug_original.png,1,player,1,0.221325,0.666534,0.437553,0.666931,Ich_sammel__i_tried_the_new_season [C-SDrECvTa4],300,10.000000,1.0000,False,manual_box,original
Ich_sammel_i_tried_the_new_season_[C-SDrECvTa4]_000300_358f266c_aug_original.png,0,enemy,1,0.505098,0.659794,0.116398,0.371134,Ich_sammel__i_tried_the_new_season [C-SDrECvTa4],300,10.000000,1.0000,False,manual_box,original
Ich_sammel_i_tried_the_new_season_[C-SDrECvTa4]_000300_358f266c_aug_original.png,0,enemy,1,0.517842,0.265662,0.033135,0.118953,Ich_sammel__i_tried_the_new_season [C-SDrECvTa4],300,10.000000,1.0000,False,manual_box,original
Ich_sammel_i_tried_the_new_season_[C-SDrECvTa4]_000300_358f266c_aug_original.png,0,enemy,1,0.473237,0.076130,0.047579,0.120539,Ich_sammel__i_tried_the_new_season [C-SDrECvTa4],300,10.000000,1.0000,False,manual_box,original
Ich_sammel_i_tried_the_new_season_[C-SDrECvTa4]_000300_358f266c_aug_original.png,0,enemy,1,0.415888,0.275178,0.024639,0.112609,Ich_sammel__i_tried_the_new_season [C-SDrECvTa4],300,10.000000,1.0000,False,manual_box,original
Ich_sammel_i_tried_the_new_season_[C-SDrECvTa4]_000300_358f266c_aug_original.png,0,enemy,1,0.378080,0.268834,0.032285,0.096749,Ich_sammel__i_tried_the_new_season [C-SDrECvTa4],300,10.000000,1.0000,False,manual_box,original
Ich_sammel_i_tried_the_new_season_[C-SDrECvTa4]_000300_358f266c_aug_original.png,0,enemy,1,0.325404,0.293418,0.027188,0.123711,Ich_sammel__i_tried_the_new_season [C-SDrECvTa4],300,10.000000,1.0000,False,manual_box,original
Ich_sammel_i_tried_the_new_season_[C-SDrECvTa4]_000300_358f266c_aug_original.png,0,enemy,1,0.296092,0.279937,0.031436,0.115781,Ich_sammel__i_tried_the_new_season [C-SDrECvTa4],300,10.000000,1.0000,False,manual_box,original
Ich_sammel_i_tried_the_new_season_[C-SDrECvTa4]_000300_358f266c_aug_photo_exposure.png,1,player,1,0.221325,0.666534,0.437553,0.666931,Ich_sammel__i_tried_the_new_season [C-SDrECvTa4],300,10.000000,1.0000,False,manual_box,photo_exposure
Ich_sammel_i_tried_the_new_season_[C-SDrECvTa4]_000300_358f266c_aug_photo_exposure.png,0,enemy,1,0.505098,0.659794,0.116398,0.371134,Ich_sammel__i_tried_the_new_season [C-SDrECvTa4],300,10.000000,1.0000,False,manual_box,photo_exposure
Ich_sammel_i_tried_the_new_season_[C-SDrECvTa4]_000300_358f266c_aug_photo_exposure.png,0,enemy,1,0.517842,0.265662,0.033135,0.118953,Ich_sammel__i_tried_the_new_season [C-SDrECvTa4],300,10.000000,1.0000,False,manual_box,photo_exposure
Ich_sammel_i_tried_the_new_season_[C-SDrECvTa4]_000300_358f266c_aug_photo_exposure.png,0,enemy,1,0.473237,0.076130,0.047579,0.120539,Ich_sammel__i_tried_the_new_season [C-SDrECvTa4],300,10.000000,1.0000,False,manual_box,photo_exposure
Ich_sammel_i_tried_the_new_season_[C-SDrECvTa4]_000300_358f266c_aug_photo_exposure.png,0,enemy,1,0.415888,0.275178,0.024639,0.112609,Ich_sammel__i_tried_the_new_season [C-SDrECvTa4],300,10.000000,1.0000,False,manual_box,photo_exposure
Ich_sammel_i_tried_the_new_season_[C-SDrECvTa4]_000300_358f266c_aug_photo_exposure.png,0,enemy,1,0.378080,0.268834,0.032285,0.096749,Ich_sammel__i_tried_the_new_season [C-SDrECvTa4],300,10.000000,1.0000,False,manual_box,photo_exposure
Ich_sammel_i_tried_the_new_season_[C-SDrECvTa4]_000300_358f266c_aug_photo_exposure.png,0,enemy,1,0.325404,0.293418,0.027188,0.123711,Ich_sammel__i_tried_the_new_season [C-SDrECvTa4],300,10.000000,1.0000,False,manual_box,photo_exposure
Ich_sammel_i_tried_the_new_season_[C-SDrECvTa4]_000300_358f266c_aug_photo_exposure.png,0,enemy,1,0.296092,0.279937,0.031436,0.115781,Ich_sammel__i_tried_the_new_season [C-SDrECvTa4],300,10.000000,1.0000,False,manual_box,photo_exposure
Ich_sammel_i_tried_the_new_season_[C-SDrECvTa4]_000300_358f266c_aug_photo_gameplay.png,1,player,1,0.221325,0.666534,0.437553,0.666931,Ich_sammel__i_tried_the_new_season [C-SDrECvTa4],300,10.000000,1.0000,False,manual_box,photo_gameplay
Ich_sammel_i_tried_the_new_season_[C-SDrECvTa4]_000300_358f266c_aug_photo_gameplay.png,0,enemy,1,0.505098,0.659794,0.116398,0.371134,Ich_sammel__i_tried_the_new_season [C-SDrECvTa4],300,10.000000,1.0000,False,manual_box,photo_gameplay
Ich_sammel_i_tried_the_new_season_[C-SDrECvTa4]_000300_358f266c_aug_photo_gameplay.png,0,enemy,1,0.517842,0.265662,0.033135,0.118953,Ich_sammel__i_tried_the_new_season [C-SDrECvTa4],300,10.000000,1.0000,False,manual_box,photo_gameplay
Ich_sammel_i_tried_the_new_season_[C-SDrECvTa4]_000300_358f266c_aug_photo_gameplay.png,0,enemy,1,0.473237,0.076130,0.047579,0.120539,Ich_sammel__i_tried_the_new_season [C-SDrECvTa4],300,10.000000,1.0000,False,manual_box,photo_gameplay
Ich_sammel_i_tried_the_new_season_[C-SDrECvTa4]_000300_358f266c_aug_photo_gameplay.png,0,enemy,1,0.415888,0.275178,0.024639,0.112609,Ich_sammel__i_tried_the_new_season [C-SDrECvTa4],300,10.000000,1.0000,False,manual_box,photo_gameplay
Ich_sammel_i_tried_the_new_season_[C-SDrECvTa4]_000300_358f266c_aug_photo_gameplay.png,0,enemy,1,0.378080,0.268834,0.032285,0.096749,Ich_sammel__i_tried_the_new_season [C-SDrECvTa4],300,10.000000,1.0000,False,manual_box,photo_gameplay
Ich_sammel_i_tried_the_new_season_[C-SDrECvTa4]_000300_358f266c_aug_photo_gameplay.png,0,enemy,1,0.325404,0.293418,0.027188,0.123711,Ich_sammel__i_tried_the_new_season [C-SDrECvTa4],300,10.000000,1.0000,False,manual_box,photo_gameplay
Ich_sammel_i_tried_the_new_season_[C-SDrECvTa4]_000300_358f266c_aug_photo_gameplay.png,0,enemy,1,0.296092,0.279937,0.031436,0.115781,Ich_sammel__i_tried_the_new_season [C-SDrECvTa4],300,10.000000,1.0000,False,manual_box,photo_gameplay
Ich_sammel_i_tried_the_new_season_[C-SDrECvTa4]_000300_358f266c_aug_affine_mild.png,1,player,1,0.209760,0.659147,0.419520,0.681705,Ich_sammel__i_tried_the_new_season [C-SDrECvTa4],300,10.000000,1.0000,False,manual_box,affine_mild
Ich_sammel_i_tried_the_new_season_[C-SDrECvTa4]_000300_358f266c_aug_affine_mild.png,0,enemy,1,0.482117,0.717028,0.129777,0.405337,Ich_sammel__i_tried_the_new_season [C-SDrECvTa4],300,10.000000,1.0000,False,manual_box,affine_mild
Ich_sammel_i_tried_the_new_season_[C-SDrECvTa4]_000300_358f266c_aug_affine_mild.png,0,enemy,1,0.502860,0.300853,0.037189,0.129479,Ich_sammel__i_tried_the_new_season [C-SDrECvTa4],300,10.000000,1.0000,False,manual_box,affine_mild
Ich_sammel_i_tried_the_new_season_[C-SDrECvTa4]_000300_358f266c_aug_affine_mild.png,0,enemy,1,0.459260,0.095408,0.052472,0.132671,Ich_sammel__i_tried_the_new_season [C-SDrECvTa4],300,10.000000,1.0000,False,manual_box,affine_mild
Ich_sammel_i_tried_the_new_season_[C-SDrECvTa4]_000300_358f266c_aug_affine_mild.png,0,enemy,1,0.395020,0.300257,0.028100,0.121869,Ich_sammel__i_tried_the_new_season [C-SDrECvTa4],300,10.000000,1.0000,False,manual_box,affine_mild
Ich_sammel_i_tried_the_new_season_[C-SDrECvTa4]_000300_358f266c_aug_affine_mild.png,0,enemy,1,0.355212,0.289577,0.035881,0.105869,Ich_sammel__i_tried_the_new_season [C-SDrECvTa4],300,10.000000,1.0000,False,manual_box,affine_mild
Ich_sammel_i_tried_the_new_season_[C-SDrECvTa4]_000300_358f266c_aug_affine_mild.png,0,enemy,1,0.299131,0.310103,0.030997,0.133896,Ich_sammel__i_tried_the_new_season [C-SDrECvTa4],300,10.000000,1.0000,False,manual_box,affine_mild
Ich_sammel_i_tried_the_new_season_[C-SDrECvTa4]_000300_358f266c_aug_affine_mild.png,0,enemy,1,0.268427,0.292753,0.035337,0.125941,Ich_sammel__i_tried_the_new_season [C-SDrECvTa4],300,10.000000,1.0000,False,manual_box,affine_mild
Ich_sammel_i_tried_the_new_season_[C-SDrECvTa4]_000300_358f266c_aug_retarget_edge.png,1,player,1,0.217502,0.796637,0.435003,0.406725,Ich_sammel__i_tried_the_new_season [C-SDrECvTa4],300,10.000000,1.0000,False,manual_box,retarget_edge
Ich_sammel_i_tried_the_new_season_[C-SDrECvTa4]_000300_358f266c_aug_retarget_edge.png,0,enemy,1,0.500000,0.867216,0.116398,0.265567,Ich_sammel__i_tried_the_new_season [C-SDrECvTa4],300,10.000000,1.0000,False,manual_box,retarget_edge
Ich_sammel_i_tried_the_new_season_[C-SDrECvTa4]_000300_358f266c_aug_retarget_edge.png,0,enemy,1,0.512744,0.525868,0.033135,0.118953,Ich_sammel__i_tried_the_new_season [C-SDrECvTa4],300,10.000000,1.0000,False,manual_box,retarget_edge
Ich_sammel_i_tried_the_new_season_[C-SDrECvTa4]_000300_358f266c_aug_retarget_edge.png,0,enemy,1,0.468139,0.336336,0.047579,0.120539,Ich_sammel__i_tried_the_new_season [C-SDrECvTa4],300,10.000000,1.0000,False,manual_box,retarget_edge
Ich_sammel_i_tried_the_new_season_[C-SDrECvTa4]_000300_358f266c_aug_retarget_edge.png,0,enemy,1,0.410790,0.535384,0.024639,0.112609,Ich_sammel__i_tried_the_new_season [C-SDrECvTa4],300,10.000000,1.0000,False,manual_box,retarget_edge
Ich_sammel_i_tried_the_new_season_[C-SDrECvTa4]_000300_358f266c_aug_retarget_edge.png,0,enemy,1,0.372982,0.529040,0.032285,0.096749,Ich_sammel__i_tried_the_new_season [C-SDrECvTa4],300,10.000000,1.0000,False,manual_box,retarget_edge
Ich_sammel_i_tried_the_new_season_[C-SDrECvTa4]_000300_358f266c_aug_retarget_edge.png,0,enemy,1,0.320306,0.553624,0.027188,0.123711,Ich_sammel__i_tried_the_new_season [C-SDrECvTa4],300,10.000000,1.0000,False,manual_box,retarget_edge
Ich_sammel_i_tried_the_new_season_[C-SDrECvTa4]_000300_358f266c_aug_retarget_edge.png,0,enemy,1,0.290994,0.540143,0.031436,0.115781,Ich_sammel__i_tried_the_new_season [C-SDrECvTa4],300,10.000000,1.0000,False,manual_box,retarget_edge
Ich_sammel_i_tried_the_new_season_[C-SDrECvTa4]_000300_358f266c_aug_retarget_corner.png,1,player,1,0.636227,0.796637,0.437553,0.406725,Ich_sammel__i_tried_the_new_season [C-SDrECvTa4],300,10.000000,1.0000,False,manual_box,retarget_corner
Ich_sammel_i_tried_the_new_season_[C-SDrECvTa4]_000300_358f266c_aug_retarget_corner.png,0,enemy,1,0.920000,0.867216,0.116398,0.265567,Ich_sammel__i_tried_the_new_season [C-SDrECvTa4],300,10.000000,1.0000,False,manual_box,retarget_corner
Ich_sammel_i_tried_the_new_season_[C-SDrECvTa4]_000300_358f266c_aug_retarget_corner.png,0,enemy,1,0.932744,0.525868,0.033135,0.118953,Ich_sammel__i_tried_the_new_season [C-SDrECvTa4],300,10.000000,1.0000,False,manual_box,retarget_corner
Ich_sammel_i_tried_the_new_season_[C-SDrECvTa4]_000300_358f266c_aug_retarget_corner.png,0,enemy,1,0.888139,0.336336,0.047579,0.120539,Ich_sammel__i_tried_the_new_season [C-SDrECvTa4],300,10.000000,1.0000,False,manual_box,retarget_corner
Ich_sammel_i_tried_the_new_season_[C-SDrECvTa4]_000300_358f266c_aug_retarget_corner.png,0,enemy,1,0.830790,0.535384,0.024639,0.112609,Ich_sammel__i_tried_the_new_season [C-SDrECvTa4],300,10.000000,1.0000,False,manual_box,retarget_corner
Ich_sammel_i_tried_the_new_season_[C-SDrECvTa4]_000300_358f266c_aug_retarget_corner.png,0,enemy,1,0.792982,0.529040,0.032285,0.096749,Ich_sammel__i_tried_the_new_season [C-SDrECvTa4],300,10.000000,1.0000,False,manual_box,retarget_corner
Ich_sammel_i_tried_the_new_season_[C-SDrECvTa4]_000300_358f266c_aug_retarget_corner.png,0,enemy,1,0.740306,0.553624,0.027188,0.123711,Ich_sammel__i_tried_the_new_season [C-SDrECvTa4],300,10.000000,1.0000,False,manual_box,retarget_corner
Ich_sammel_i_tried_the_new_season_[C-SDrECvTa4]_000300_358f266c_aug_retarget_corner.png,0,enemy,1,0.710994,0.540143,0.031436,0.115781,Ich_sammel__i_tried_the_new_season [C-SDrECvTa4],300,10.000000,1.0000,False,manual_box,retarget_corner
Ich_sammel_i_tried_the_new_season_[C-SDrECvTa4]_000315_a3d94cc5_aug_original.png,1,player,1,0.234919,0.668914,0.440952,0.662173,Ich_sammel__i_tried_the_new_season [C-SDrECvTa4],315,10.500000,1.0000,False,manual_box,original
Ich_sammel_i_tried_the_new_season_[C-SDrECvTa4]_000315_a3d94cc5_aug_original.png,0,enemy,1,0.297791,0.276764,0.038233,0.134814,Ich_sammel__i_tried_the_new_season [C-SDrECvTa4],315,10.500000,1.0000,False,manual_box,original
Ich_sammel_i_tried_the_new_season_[C-SDrECvTa4]_000315_a3d94cc5_aug_original.png,0,enemy,1,0.330926,0.280730,0.033135,0.120539,Ich_sammel__i_tried_the_new_season [C-SDrECvTa4],315,10.500000,1.0000,False,manual_box,original
Ich_sammel_i_tried_the_new_season_[C-SDrECvTa4]_000315_a3d94cc5_aug_original.png,0,enemy,1,0.515293,0.248216,0.028037,0.093577,Ich_sammel__i_tried_the_new_season [C-SDrECvTa4],315,10.500000,1.0000,False,manual_box,original
Ich_sammel_i_tried_the_new_season_[C-SDrECvTa4]_000315_a3d94cc5_aug_original.png,0,enemy,1,0.416737,0.242665,0.038233,0.104679,Ich_sammel__i_tried_the_new_season [C-SDrECvTa4],315,10.500000,1.0000,False,manual_box,original
Ich_sammel_i_tried_the_new_season_[C-SDrECvTa4]_000315_a3d94cc5_aug_original.png,0,enemy,1,0.376805,0.247423,0.036534,0.095163,Ich_sammel__i_tried_the_new_season [C-SDrECvTa4],315,10.500000,1.0000,False,manual_box,original
Ich_sammel_i_tried_the_new_season_[C-SDrECvTa4]_000315_a3d94cc5_aug_original.png,0,enemy,1,0.468989,0.064235,0.047579,0.115781,Ich_sammel__i_tried_the_new_season [C-SDrECvTa4],315,10.500000,1.0000,False,manual_box,original
Ich_sammel_i_tried_the_new_season_[C-SDrECvTa4]_000315_a3d94cc5_aug_photo_exposure.png,1,player,1,0.234919,0.668914,0.440952,0.662172,Ich_sammel__i_tried_the_new_season [C-SDrECvTa4],315,10.500000,1.0000,False,manual_box,photo_exposure
Ich_sammel_i_tried_the_new_season_[C-SDrECvTa4]_000315_a3d94cc5_aug_photo_exposure.png,0,enemy,1,0.297791,0.276764,0.038233,0.134814,Ich_sammel__i_tried_the_new_season [C-SDrECvTa4],315,10.500000,1.0000,False,manual_box,photo_exposure
Ich_sammel_i_tried_the_new_season_[C-SDrECvTa4]_000315_a3d94cc5_aug_photo_exposure.png,0,enemy,1,0.330926,0.280730,0.033135,0.120539,Ich_sammel__i_tried_the_new_season [C-SDrECvTa4],315,10.500000,1.0000,False,manual_box,photo_exposure
Ich_sammel_i_tried_the_new_season_[C-SDrECvTa4]_000315_a3d94cc5_aug_photo_exposure.png,0,enemy,1,0.515293,0.248216,0.028037,0.093577,Ich_sammel__i_tried_the_new_season [C-SDrECvTa4],315,10.500000,1.0000,False,manual_box,photo_exposure
Ich_sammel_i_tried_the_new_season_[C-SDrECvTa4]_000315_a3d94cc5_aug_photo_exposure.png,0,enemy,1,0.416737,0.242665,0.038233,0.104679,Ich_sammel__i_tried_the_new_season [C-SDrECvTa4],315,10.500000,1.0000,False,manual_box,photo_exposure
Ich_sammel_i_tried_the_new_season_[C-SDrECvTa4]_000315_a3d94cc5_aug_photo_exposure.png,0,enemy,1,0.376805,0.247423,0.036534,0.095163,Ich_sammel__i_tried_the_new_season [C-SDrECvTa4],315,10.500000,1.0000,False,manual_box,photo_exposure
Ich_sammel_i_tried_the_new_season_[C-SDrECvTa4]_000315_a3d94cc5_aug_photo_exposure.png,0,enemy,1,0.468989,0.064235,0.047579,0.115781,Ich_sammel__i_tried_the_new_season [C-SDrECvTa4],315,10.500000,1.0000,False,manual_box,photo_exposure
Ich_sammel_i_tried_the_new_season_[C-SDrECvTa4]_000315_a3d94cc5_aug_photo_gameplay.png,1,player,1,0.234919,0.668914,0.440952,0.662172,Ich_sammel__i_tried_the_new_season [C-SDrECvTa4],315,10.500000,1.0000,False,manual_box,photo_gameplay
Ich_sammel_i_tried_the_new_season_[C-SDrECvTa4]_000315_a3d94cc5_aug_photo_gameplay.png,0,enemy,1,0.297791,0.276764,0.038233,0.134814,Ich_sammel__i_tried_the_new_season [C-SDrECvTa4],315,10.500000,1.0000,False,manual_box,photo_gameplay
Ich_sammel_i_tried_the_new_season_[C-SDrECvTa4]_000315_a3d94cc5_aug_photo_gameplay.png,0,enemy,1,0.330926,0.280730,0.033135,0.120539,Ich_sammel__i_tried_the_new_season [C-SDrECvTa4],315,10.500000,1.0000,False,manual_box,photo_gameplay
Ich_sammel_i_tried_the_new_season_[C-SDrECvTa4]_000315_a3d94cc5_aug_photo_gameplay.png,0,enemy,1,0.515293,0.248216,0.028037,0.093577,Ich_sammel__i_tried_the_new_season [C-SDrECvTa4],315,10.500000,1.0000,False,manual_box,photo_gameplay
Ich_sammel_i_tried_the_new_season_[C-SDrECvTa4]_000315_a3d94cc5_aug_photo_gameplay.png,0,enemy,1,0.416737,0.242665,0.038233,0.104679,Ich_sammel__i_tried_the_new_season [C-SDrECvTa4],315,10.500000,1.0000,False,manual_box,photo_gameplay
Ich_sammel_i_tried_the_new_season_[C-SDrECvTa4]_000315_a3d94cc5_aug_photo_gameplay.png,0,enemy,1,0.376805,0.247423,0.036534,0.095163,Ich_sammel__i_tried_the_new_season [C-SDrECvTa4],315,10.500000,1.0000,False,manual_box,photo_gameplay
Ich_sammel_i_tried_the_new_season_[C-SDrECvTa4]_000315_a3d94cc5_aug_photo_gameplay.png,0,enemy,1,0.468989,0.064235,0.047579,0.115781,Ich_sammel__i_tried_the_new_season [C-SDrECvTa4],315,10.500000,1.0000,False,manual_box,photo_gameplay
Ich_sammel_i_tried_the_new_season_[C-SDrECvTa4]_000315_a3d94cc5_aug_affine_mild.png,1,player,1,0.224432,0.656123,0.448864,0.687753,Ich_sammel__i_tried_the_new_season [C-SDrECvTa4],315,10.500000,1.0000,False,manual_box,affine_mild
Ich_sammel_i_tried_the_new_season_[C-SDrECvTa4]_000315_a3d94cc5_aug_affine_mild.png,0,enemy,1,0.282018,0.260647,0.042885,0.147069,Ich_sammel__i_tried_the_new_season [C-SDrECvTa4],315,10.500000,1.0000,False,manual_box,affine_mild
Ich_sammel_i_tried_the_new_season_[C-SDrECvTa4]_000315_a3d94cc5_aug_affine_mild.png,0,enemy,1,0.317239,0.266572,0.037226,0.131444,Ich_sammel__i_tried_the_new_season [C-SDrECvTa4],315,10.500000,1.0000,False,manual_box,affine_mild
Ich_sammel_i_tried_the_new_season_[C-SDrECvTa4]_000315_a3d94cc5_aug_affine_mild.png,0,enemy,1,0.514091,0.240770,0.031363,0.102158,Ich_sammel__i_tried_the_new_season [C-SDrECvTa4],315,10.500000,1.0000,False,manual_box,affine_mild
Ich_sammel_i_tried_the_new_season_[C-SDrECvTa4]_000315_a3d94cc5_aug_affine_mild.png,0,enemy,1,0.409230,0.229871,0.042400,0.114621,Ich_sammel__i_tried_the_new_season [C-SDrECvTa4],315,10.500000,1.0000,False,manual_box,affine_mild
Ich_sammel_i_tried_the_new_season_[C-SDrECvTa4]_000315_a3d94cc5_aug_affine_mild.png,0,enemy,1,0.366631,0.233000,0.040437,0.104290,Ich_sammel__i_tried_the_new_season [C-SDrECvTa4],315,10.500000,1.0000,False,manual_box,affine_mild
Ich_sammel_i_tried_the_new_season_[C-SDrECvTa4]_000315_a3d94cc5_aug_affine_mild.png,0,enemy,1,0.467747,0.051939,0.052531,0.103879,Ich_sammel__i_tried_the_new_season [C-SDrECvTa4],315,10.500000,1.0000,False,manual_box,affine_mild
Ich_sammel_i_tried_the_new_season_[C-SDrECvTa4]_000315_a3d94cc5_aug_retarget_edge.png,1,player,1,0.265930,0.676796,0.440952,0.646408,Ich_sammel__i_tried_the_new_season [C-SDrECvTa4],315,10.500000,1.0000,False,manual_box,retarget_edge
Ich_sammel_i_tried_the_new_season_[C-SDrECvTa4]_000315_a3d94cc5_aug_retarget_edge.png,0,enemy,1,0.328802,0.292529,0.038233,0.134814,Ich_sammel__i_tried_the_new_season [C-SDrECvTa4],315,10.500000,1.0000,False,manual_box,retarget_edge
Ich_sammel_i_tried_the_new_season_[C-SDrECvTa4]_000315_a3d94cc5_aug_retarget_edge.png,0,enemy,1,0.361937,0.296495,0.033135,0.120539,Ich_sammel__i_tried_the_new_season [C-SDrECvTa4],315,10.500000,1.0000,False,manual_box,retarget_edge
Ich_sammel_i_tried_the_new_season_[C-SDrECvTa4]_000315_a3d94cc5_aug_retarget_edge.png,0,enemy,1,0.546304,0.263981,0.028037,0.093577,Ich_sammel__i_tried_the_new_season [C-SDrECvTa4],315,10.500000,1.0000,False,manual_box,retarget_edge
Ich_sammel_i_tried_the_new_season_[C-SDrECvTa4]_000315_a3d94cc5_aug_retarget_edge.png,0,enemy,1,0.447748,0.258430,0.038233,0.104679,Ich_sammel__i_tried_the_new_season [C-SDrECvTa4],315,10.500000,1.0000,False,manual_box,retarget_edge
Ich_sammel_i_tried_the_new_season_[C-SDrECvTa4]_000315_a3d94cc5_aug_retarget_edge.png,0,enemy,1,0.407816,0.263188,0.036534,0.095163,Ich_sammel__i_tried_the_new_season [C-SDrECvTa4],315,10.500000,1.0000,False,manual_box,retarget_edge
Ich_sammel_i_tried_the_new_season_[C-SDrECvTa4]_000315_a3d94cc5_aug_retarget_edge.png,0,enemy,1,0.500000,0.080000,0.047579,0.115781,Ich_sammel__i_tried_the_new_season [C-SDrECvTa4],315,10.500000,1.0000,False,manual_box,retarget_edge
Ich_sammel_i_tried_the_new_season_[C-SDrECvTa4]_000315_a3d94cc5_aug_retarget_corner.png,1,player,1,0.685930,0.676796,0.440952,0.646408,Ich_sammel__i_tried_the_new_season [C-SDrECvTa4],315,10.500000,1.0000,False,manual_box,retarget_corner
Ich_sammel_i_tried_the_new_season_[C-SDrECvTa4]_000315_a3d94cc5_aug_retarget_corner.png,0,enemy,1,0.748802,0.292529,0.038233,0.134814,Ich_sammel__i_tried_the_new_season [C-SDrECvTa4],315,10.500000,1.0000,False,manual_box,retarget_corner
Ich_sammel_i_tried_the_new_season_[C-SDrECvTa4]_000315_a3d94cc5_aug_retarget_corner.png,0,enemy,1,0.781937,0.296495,0.033135,0.120539,Ich_sammel__i_tried_the_new_season [C-SDrECvTa4],315,10.500000,1.0000,False,manual_box,retarget_corner
Ich_sammel_i_tried_the_new_season_[C-SDrECvTa4]_000315_a3d94cc5_aug_retarget_corner.png,0,enemy,1,0.966304,0.263981,0.028037,0.093577,Ich_sammel__i_tried_the_new_season [C-SDrECvTa4],315,10.500000,1.0000,False,manual_box,retarget_corner
Ich_sammel_i_tried_the_new_season_[C-SDrECvTa4]_000315_a3d94cc5_aug_retarget_corner.png,0,enemy,1,0.867748,0.258430,0.038233,0.104679,Ich_sammel__i_tried_the_new_season [C-SDrECvTa4],315,10.500000,1.0000,False,manual_box,retarget_corner
Ich_sammel_i_tried_the_new_season_[C-SDrECvTa4]_000315_a3d94cc5_aug_retarget_corner.png,0,enemy,1,0.827816,0.263188,0.036534,0.095163,Ich_sammel__i_tried_the_new_season [C-SDrECvTa4],315,10.500000,1.0000,False,manual_box,retarget_corner
Ich_sammel_i_tried_the_new_season_[C-SDrECvTa4]_000315_a3d94cc5_aug_retarget_corner.png,0,enemy,1,0.920000,0.080000,0.047579,0.115781,Ich_sammel__i_tried_the_new_season [C-SDrECvTa4],315,10.500000,1.0000,False,manual_box,retarget_corner
Ich_sammel_i_tried_the_new_season_[C-SDrECvTa4]_000330_65d80842_aug_original.png,1,player,1,0.396771,0.702220,0.173322,0.595559,Ich_sammel__i_tried_the_new_season [C-SDrECvTa4],330,11.000000,1.0000,False,manual_box,original
Ich_sammel_i_tried_the_new_season_[C-SDrECvTa4]_000330_65d80842_aug_original.png,0,enemy,1,0.250212,0.747026,0.196262,0.421887,Ich_sammel__i_tried_the_new_season [C-SDrECvTa4],330,11.000000,1.0000,False,manual_box,original
Ich_sammel_i_tried_the_new_season_[C-SDrECvTa4]_000330_65d80842_aug_original.png,0,enemy,1,0.531861,0.573354,0.098556,0.283902,Ich_sammel__i_tried_the_new_season [C-SDrECvTa4],330,11.000000,1.0000,False,manual_box,original
Ich_sammel_i_tried_the_new_season_[C-SDrECvTa4]_000330_65d80842_aug_original.png,0,enemy,1,0.590909,0.272799,0.028037,0.088818,Ich_sammel__i_tried_the_new_season [C-SDrECvTa4],330,11.000000,1.0000,False,manual_box,original
Ich_sammel_i_tried_the_new_season_[C-SDrECvTa4]_000330_65d80842_aug_original.png,0,enemy,1,0.548003,0.091197,0.052676,0.131642,Ich_sammel__i_tried_the_new_season [C-SDrECvTa4],330,11.000000,1.0000,False,manual_box,original
Ich_sammel_i_tried_the_new_season_[C-SDrECvTa4]_000330_65d80842_aug_original.png,0,enemy,1,0.495752,0.269627,0.021240,0.098335,Ich_sammel__i_tried_the_new_season [C-SDrECvTa4],330,11.000000,1.0000,False,manual_box,original
Ich_sammel_i_tried_the_new_season_[C-SDrECvTa4]_000330_65d80842_aug_original.png,0,enemy,1,0.459643,0.277557,0.018692,0.079302,Ich_sammel__i_tried_the_new_season [C-SDrECvTa4],330,11.000000,1.0000,False,manual_box,original
Ich_sammel_i_tried_the_new_season_[C-SDrECvTa4]_000330_65d80842_aug_original.png,0,enemy,1,0.411640,0.298969,0.028037,0.099921,Ich_sammel__i_tried_the_new_season [C-SDrECvTa4],330,11.000000,1.0000,False,manual_box,original
Ich_sammel_i_tried_the_new_season_[C-SDrECvTa4]_000330_65d80842_aug_original.png,0,enemy,1,0.388275,0.283902,0.030586,0.098335,Ich_sammel__i_tried_the_new_season [C-SDrECvTa4],330,11.000000,1.0000,False,manual_box,original
Ich_sammel_i_tried_the_new_season_[C-SDrECvTa4]_000330_65d80842_aug_photo_exposure.png,1,player,1,0.396771,0.702220,0.173322,0.595559,Ich_sammel__i_tried_the_new_season [C-SDrECvTa4],330,11.000000,1.0000,False,manual_box,photo_exposure
Ich_sammel_i_tried_the_new_season_[C-SDrECvTa4]_000330_65d80842_aug_photo_exposure.png,0,enemy,1,0.250212,0.747026,0.196262,0.421887,Ich_sammel__i_tried_the_new_season [C-SDrECvTa4],330,11.000000,1.0000,False,manual_box,photo_exposure
Ich_sammel_i_tried_the_new_season_[C-SDrECvTa4]_000330_65d80842_aug_photo_exposure.png,0,enemy,1,0.531861,0.573354,0.098556,0.283902,Ich_sammel__i_tried_the_new_season [C-SDrECvTa4],330,11.000000,1.0000,False,manual_box,photo_exposure
Ich_sammel_i_tried_the_new_season_[C-SDrECvTa4]_000330_65d80842_aug_photo_exposure.png,0,enemy,1,0.590909,0.272799,0.028037,0.088818,Ich_sammel__i_tried_the_new_season [C-SDrECvTa4],330,11.000000,1.0000,False,manual_box,photo_exposure
Ich_sammel_i_tried_the_new_season_[C-SDrECvTa4]_000330_65d80842_aug_photo_exposure.png,0,enemy,1,0.548003,0.091197,0.052676,0.131642,Ich_sammel__i_tried_the_new_season [C-SDrECvTa4],330,11.000000,1.0000,False,manual_box,photo_exposure
Ich_sammel_i_tried_the_new_season_[C-SDrECvTa4]_000330_65d80842_aug_photo_exposure.png,0,enemy,1,0.495752,0.269627,0.021240,0.098335,Ich_sammel__i_tried_the_new_season [C-SDrECvTa4],330,11.000000,1.0000,False,manual_box,photo_exposure
Ich_sammel_i_tried_the_new_season_[C-SDrECvTa4]_000330_65d80842_aug_photo_exposure.png,0,enemy,1,0.459643,0.277557,0.018692,0.079302,Ich_sammel__i_tried_the_new_season [C-SDrECvTa4],330,11.000000,1.0000,False,manual_box,photo_exposure
Ich_sammel_i_tried_the_new_season_[C-SDrECvTa4]_000330_65d80842_aug_photo_exposure.png,0,enemy,1,0.411640,0.298969,0.028037,0.099921,Ich_sammel__i_tried_the_new_season [C-SDrECvTa4],330,11.000000,1.0000,False,manual_box,photo_exposure
Ich_sammel_i_tried_the_new_season_[C-SDrECvTa4]_000330_65d80842_aug_photo_exposure.png,0,enemy,1,0.388275,0.283902,0.030586,0.098335,Ich_sammel__i_tried_the_new_season [C-SDrECvTa4],330,11.000000,1.0000,False,manual_box,photo_exposure
Ich_sammel_i_tried_the_new_season_[C-SDrECvTa4]_000330_65d80842_aug_photo_gameplay.png,1,player,1,0.396771,0.702220,0.173322,0.595559,Ich_sammel__i_tried_the_new_season [C-SDrECvTa4],330,11.000000,1.0000,False,manual_box,photo_gameplay
Ich_sammel_i_tried_the_new_season_[C-SDrECvTa4]_000330_65d80842_aug_photo_gameplay.png,0,enemy,1,0.250212,0.747026,0.196262,0.421887,Ich_sammel__i_tried_the_new_season [C-SDrECvTa4],330,11.000000,1.0000,False,manual_box,photo_gameplay
Ich_sammel_i_tried_the_new_season_[C-SDrECvTa4]_000330_65d80842_aug_photo_gameplay.png,0,enemy,1,0.531861,0.573354,0.098556,0.283902,Ich_sammel__i_tried_the_new_season [C-SDrECvTa4],330,11.000000,1.0000,False,manual_box,photo_gameplay
Ich_sammel_i_tried_the_new_season_[C-SDrECvTa4]_000330_65d80842_aug_photo_gameplay.png,0,enemy,1,0.590909,0.272799,0.028037,0.088818,Ich_sammel__i_tried_the_new_season [C-SDrECvTa4],330,11.000000,1.0000,False,manual_box,photo_gameplay
Ich_sammel_i_tried_the_new_season_[C-SDrECvTa4]_000330_65d80842_aug_photo_gameplay.png,0,enemy,1,0.548003,0.091197,0.052676,0.131642,Ich_sammel__i_tried_the_new_season [C-SDrECvTa4],330,11.000000,1.0000,False,manual_box,photo_gameplay
Ich_sammel_i_tried_the_new_season_[C-SDrECvTa4]_000330_65d80842_aug_photo_gameplay.png,0,enemy,1,0.495752,0.269627,0.021240,0.098335,Ich_sammel__i_tried_the_new_season [C-SDrECvTa4],330,11.000000,1.0000,False,manual_box,photo_gameplay
Ich_sammel_i_tried_the_new_season_[C-SDrECvTa4]_000330_65d80842_aug_photo_gameplay.png,0,enemy,1,0.459643,0.277557,0.018692,0.079302,Ich_sammel__i_tried_the_new_season [C-SDrECvTa4],330,11.000000,1.0000,False,manual_box,photo_gameplay
Ich_sammel_i_tried_the_new_season_[C-SDrECvTa4]_000330_65d80842_aug_photo_gameplay.png,0,enemy,1,0.411640,0.298969,0.028037,0.099921,Ich_sammel__i_tried_the_new_season [C-SDrECvTa4],330,11.000000,1.0000,False,manual_box,photo_gameplay
Ich_sammel_i_tried_the_new_season_[C-SDrECvTa4]_000330_65d80842_aug_photo_gameplay.png,0,enemy,1,0.388275,0.283902,0.030586,0.098335,Ich_sammel__i_tried_the_new_season [C-SDrECvTa4],330,11.000000,1.0000,False,manual_box,photo_gameplay
Ich_sammel_i_tried_the_new_season_[C-SDrECvTa4]_000330_65d80842_aug_affine_mild.png,1,player,1,0.362128,0.715154,0.169097,0.569692,Ich_sammel__i_tried_the_new_season [C-SDrECvTa4],330,11.000000,1.0000,False,manual_box,affine_mild
Ich_sammel_i_tried_the_new_season_[C-SDrECvTa4]_000330_65d80842_aug_affine_mild.png,0,enemy,1,0.220167,0.764321,0.190914,0.416952,Ich_sammel__i_tried_the_new_season [C-SDrECvTa4],330,11.000000,1.0000,False,manual_box,affine_mild
Ich_sammel_i_tried_the_new_season_[C-SDrECvTa4]_000330_65d80842_aug_affine_mild.png,0,enemy,1,0.493176,0.600227,0.096031,0.279883,Ich_sammel__i_tried_the_new_season [C-SDrECvTa4],330,11.000000,1.0000,False,manual_box,affine_mild
Ich_sammel_i_tried_the_new_season_[C-SDrECvTa4]_000330_65d80842_aug_affine_mild.png,0,enemy,1,0.551003,0.307328,0.027337,0.087503,Ich_sammel__i_tried_the_new_season [C-SDrECvTa4],330,11.000000,1.0000,False,manual_box,affine_mild
Ich_sammel_i_tried_the_new_season_[C-SDrECvTa4]_000330_65d80842_aug_affine_mild.png,0,enemy,1,0.509878,0.128716,0.051282,0.129924,Ich_sammel__i_tried_the_new_season [C-SDrECvTa4],330,11.000000,1.0000,False,manual_box,affine_mild
Ich_sammel_i_tried_the_new_season_[C-SDrECvTa4]_000330_65d80842_aug_affine_mild.png,0,enemy,1,0.458903,0.302242,0.020779,0.096675,Ich_sammel__i_tried_the_new_season [C-SDrECvTa4],330,11.000000,1.0000,False,manual_box,affine_mild
Ich_sammel_i_tried_the_new_season_[C-SDrECvTa4]_000330_65d80842_aug_affine_mild.png,0,enemy,1,0.423934,0.309251,0.018270,0.077995,Ich_sammel__i_tried_the_new_season [C-SDrECvTa4],330,11.000000,1.0000,False,manual_box,affine_mild
Ich_sammel_i_tried_the_new_season_[C-SDrECvTa4]_000330_65d80842_aug_affine_mild.png,0,enemy,1,0.377422,0.329206,0.027362,0.098368,Ich_sammel__i_tried_the_new_season [C-SDrECvTa4],330,11.000000,1.0000,False,manual_box,affine_mild
Ich_sammel_i_tried_the_new_season_[C-SDrECvTa4]_000330_65d80842_aug_affine_mild.png,0,enemy,1,0.354840,0.313974,0.029825,0.096869,Ich_sammel__i_tried_the_new_season [C-SDrECvTa4],330,11.000000,1.0000,False,manual_box,affine_mild
Ich_sammel_i_tried_the_new_season_[C-SDrECvTa4]_000330_65d80842_aug_retarget_edge.png,1,player,1,0.646559,0.788707,0.173322,0.422585,Ich_sammel__i_tried_the_new_season [C-SDrECvTa4],330,11.000000,1.0000,False,manual_box,retarget_edge
Ich_sammel_i_tried_the_new_season_[C-SDrECvTa4]_000330_65d80842_aug_retarget_edge.png,0,enemy,1,0.500000,0.854528,0.196262,0.290944,Ich_sammel__i_tried_the_new_season [C-SDrECvTa4],330,11.000000,1.0000,False,manual_box,retarget_edge
Ich_sammel_i_tried_the_new_season_[C-SDrECvTa4]_000330_65d80842_aug_retarget_edge.png,0,enemy,1,0.781649,0.746328,0.098556,0.283902,Ich_sammel__i_tried_the_new_season [C-SDrECvTa4],330,11.000000,1.0000,False,manual_box,retarget_edge
Ich_sammel_i_tried_the_new_season_[C-SDrECvTa4]_000330_65d80842_aug_retarget_edge.png,0,enemy,1,0.840697,0.445773,0.028037,0.088818,Ich_sammel__i_tried_the_new_season [C-SDrECvTa4],330,11.000000,1.0000,False,manual_box,retarget_edge
Ich_sammel_i_tried_the_new_season_[C-SDrECvTa4]_000330_65d80842_aug_retarget_edge.png,0,enemy,1,0.797791,0.264171,0.052676,0.131642,Ich_sammel__i_tried_the_new_season [C-SDrECvTa4],330,11.000000,1.0000,False,manual_box,retarget_edge
Ich_sammel_i_tried_the_new_season_[C-SDrECvTa4]_000330_65d80842_aug_retarget_edge.png,0,enemy,1,0.745540,0.442601,0.021240,0.098335,Ich_sammel__i_tried_the_new_season [C-SDrECvTa4],330,11.000000,1.0000,False,manual_box,retarget_edge
Ich_sammel_i_tried_the_new_season_[C-SDrECvTa4]_000330_65d80842_aug_retarget_edge.png,0,enemy,1,0.709431,0.450531,0.018692,0.079302,Ich_sammel__i_tried_the_new_season [C-SDrECvTa4],330,11.000000,1.0000,False,manual_box,retarget_edge
Ich_sammel_i_tried_the_new_season_[C-SDrECvTa4]_000330_65d80842_aug_retarget_edge.png,0,enemy,1,0.661428,0.471943,0.028037,0.099921,Ich_sammel__i_tried_the_new_season [C-SDrECvTa4],330,11.000000,1.0000,False,manual_box,retarget_edge
Ich_sammel_i_tried_the_new_season_[C-SDrECvTa4]_000330_65d80842_aug_retarget_edge.png,0,enemy,1,0.638063,0.456876,0.030586,0.098335,Ich_sammel__i_tried_the_new_season [C-SDrECvTa4],330,11.000000,1.0000,False,manual_box,retarget_edge
Ich_sammel_i_tried_the_new_season_[C-SDrECvTa4]_000330_65d80842_aug_retarget_corner.png,1,player,1,0.226559,0.788707,0.173322,0.422585,Ich_sammel__i_tried_the_new_season [C-SDrECvTa4],330,11.000000,1.0000,False,manual_box,retarget_corner
Ich_sammel_i_tried_the_new_season_[C-SDrECvTa4]_000330_65d80842_aug_retarget_corner.png,0,enemy,1,0.089065,0.854528,0.178131,0.290944,Ich_sammel__i_tried_the_new_season [C-SDrECvTa4],330,11.000000,1.0000,False,manual_box,retarget_corner
Ich_sammel_i_tried_the_new_season_[C-SDrECvTa4]_000330_65d80842_aug_retarget_corner.png,0,enemy,1,0.361649,0.746328,0.098556,0.283902,Ich_sammel__i_tried_the_new_season [C-SDrECvTa4],330,11.000000,1.0000,False,manual_box,retarget_corner
Ich_sammel_i_tried_the_new_season_[C-SDrECvTa4]_000330_65d80842_aug_retarget_corner.png,0,enemy,1,0.420697,0.445773,0.028037,0.088818,Ich_sammel__i_tried_the_new_season [C-SDrECvTa4],330,11.000000,1.0000,False,manual_box,retarget_corner
Ich_sammel_i_tried_the_new_season_[C-SDrECvTa4]_000330_65d80842_aug_retarget_corner.png,0,enemy,1,0.377791,0.264171,0.052676,0.131642,Ich_sammel__i_tried_the_new_season [C-SDrECvTa4],330,11.000000,1.0000,False,manual_box,retarget_corner
Ich_sammel_i_tried_the_new_season_[C-SDrECvTa4]_000330_65d80842_aug_retarget_corner.png,0,enemy,1,0.325540,0.442601,0.021240,0.098335,Ich_sammel__i_tried_the_new_season [C-SDrECvTa4],330,11.000000,1.0000,False,manual_box,retarget_corner
Ich_sammel_i_tried_the_new_season_[C-SDrECvTa4]_000330_65d80842_aug_retarget_corner.png,0,enemy,1,0.289431,0.450531,0.018692,0.079302,Ich_sammel__i_tried_the_new_season [C-SDrECvTa4],330,11.000000,1.0000,False,manual_box,retarget_corner
Ich_sammel_i_tried_the_new_season_[C-SDrECvTa4]_000330_65d80842_aug_retarget_corner.png,0,enemy,1,0.241428,0.471943,0.028037,0.099921,Ich_sammel__i_tried_the_new_season [C-SDrECvTa4],330,11.000000,1.0000,False,manual_box,retarget_corner
Ich_sammel_i_tried_the_new_season_[C-SDrECvTa4]_000330_65d80842_aug_retarget_corner.png,0,enemy,1,0.218063,0.456876,0.030586,0.098335,Ich_sammel__i_tried_the_new_season [C-SDrECvTa4],330,11.000000,1.0000,False,manual_box,retarget_corner
Ich_sammel_i_tried_the_new_season_[C-SDrECvTa4]_000345_51f1b1e1_aug_original.png,1,player,1,0.409941,0.672879,0.203059,0.654243,Ich_sammel__i_tried_the_new_season [C-SDrECvTa4],345,11.500000,1.0000,False,manual_box,original
Ich_sammel_i_tried_the_new_season_[C-SDrECvTa4]_000345_51f1b1e1_aug_original.png,0,enemy,1,0.624044,0.494052,0.112999,0.325139,Ich_sammel__i_tried_the_new_season [C-SDrECvTa4],345,11.500000,1.0000,False,manual_box,original
Ich_sammel_i_tried_the_new_season_[C-SDrECvTa4]_000345_51f1b1e1_aug_original.png,0,enemy,1,0.592608,0.053132,0.065421,0.103093,Ich_sammel__i_tried_the_new_season [C-SDrECvTa4],345,11.500000,1.0000,False,manual_box,original
Ich_sammel_i_tried_the_new_season_[C-SDrECvTa4]_000345_51f1b1e1_aug_original.png,0,enemy,1,0.517842,0.283902,0.034834,0.107851,Ich_sammel__i_tried_the_new_season [C-SDrECvTa4],345,11.500000,1.0000,False,manual_box,original
Ich_sammel_i_tried_the_new_season_[C-SDrECvTa4]_000345_51f1b1e1_aug_original.png,0,enemy,1,0.476636,0.275971,0.025489,0.091990,Ich_sammel__i_tried_the_new_season [C-SDrECvTa4],345,11.500000,1.0000,False,manual_box,original
Ich_sammel_i_tried_the_new_season_[C-SDrECvTa4]_000345_51f1b1e1_aug_original.png,0,enemy,1,0.438403,0.272006,0.032285,0.090404,Ich_sammel__i_tried_the_new_season [C-SDrECvTa4],345,11.500000,1.0000,False,manual_box,original
Ich_sammel_i_tried_the_new_season_[C-SDrECvTa4]_000345_51f1b1e1_aug_original.png,0,enemy,1,0.406967,0.275971,0.025489,0.098335,Ich_sammel__i_tried_the_new_season [C-SDrECvTa4],345,11.500000,1.0000,False,manual_box,original
Ich_sammel_i_tried_the_new_season_[C-SDrECvTa4]_000345_51f1b1e1_aug_photo_exposure.png,1,player,1,0.409941,0.672879,0.203059,0.654242,Ich_sammel__i_tried_the_new_season [C-SDrECvTa4],345,11.500000,1.0000,False,manual_box,photo_exposure
Ich_sammel_i_tried_the_new_season_[C-SDrECvTa4]_000345_51f1b1e1_aug_photo_exposure.png,0,enemy,1,0.624044,0.494052,0.112999,0.325139,Ich_sammel__i_tried_the_new_season [C-SDrECvTa4],345,11.500000,1.0000,False,manual_box,photo_exposure
Ich_sammel_i_tried_the_new_season_[C-SDrECvTa4]_000345_51f1b1e1_aug_photo_exposure.png,0,enemy,1,0.592608,0.053132,0.065421,0.103093,Ich_sammel__i_tried_the_new_season [C-SDrECvTa4],345,11.500000,1.0000,False,manual_box,photo_exposure
Ich_sammel_i_tried_the_new_season_[C-SDrECvTa4]_000345_51f1b1e1_aug_photo_exposure.png,0,enemy,1,0.517842,0.283902,0.034834,0.107851,Ich_sammel__i_tried_the_new_season [C-SDrECvTa4],345,11.500000,1.0000,False,manual_box,photo_exposure
Ich_sammel_i_tried_the_new_season_[C-SDrECvTa4]_000345_51f1b1e1_aug_photo_exposure.png,0,enemy,1,0.476636,0.275971,0.025489,0.091990,Ich_sammel__i_tried_the_new_season [C-SDrECvTa4],345,11.500000,1.0000,False,manual_box,photo_exposure
Ich_sammel_i_tried_the_new_season_[C-SDrECvTa4]_000345_51f1b1e1_aug_photo_exposure.png,0,enemy,1,0.438403,0.272006,0.032285,0.090404,Ich_sammel__i_tried_the_new_season [C-SDrECvTa4],345,11.500000,1.0000,False,manual_box,photo_exposure
Ich_sammel_i_tried_the_new_season_[C-SDrECvTa4]_000345_51f1b1e1_aug_photo_exposure.png,0,enemy,1,0.406967,0.275971,0.025489,0.098335,Ich_sammel__i_tried_the_new_season [C-SDrECvTa4],345,11.500000,1.0000,False,manual_box,photo_exposure
Ich_sammel_i_tried_the_new_season_[C-SDrECvTa4]_000345_51f1b1e1_aug_photo_gameplay.png,1,player,1,0.409941,0.672879,0.203059,0.654242,Ich_sammel__i_tried_the_new_season [C-SDrECvTa4],345,11.500000,1.0000,False,manual_box,photo_gameplay
Ich_sammel_i_tried_the_new_season_[C-SDrECvTa4]_000345_51f1b1e1_aug_photo_gameplay.png,0,enemy,1,0.624044,0.494052,0.112999,0.325139,Ich_sammel__i_tried_the_new_season [C-SDrECvTa4],345,11.500000,1.0000,False,manual_box,photo_gameplay
Ich_sammel_i_tried_the_new_season_[C-SDrECvTa4]_000345_51f1b1e1_aug_photo_gameplay.png,0,enemy,1,0.592608,0.053132,0.065421,0.103093,Ich_sammel__i_tried_the_new_season [C-SDrECvTa4],345,11.500000,1.0000,False,manual_box,photo_gameplay
Ich_sammel_i_tried_the_new_season_[C-SDrECvTa4]_000345_51f1b1e1_aug_photo_gameplay.png,0,enemy,1,0.517842,0.283902,0.034834,0.107851,Ich_sammel__i_tried_the_new_season [C-SDrECvTa4],345,11.500000,1.0000,False,manual_box,photo_gameplay
Ich_sammel_i_tried_the_new_season_[C-SDrECvTa4]_000345_51f1b1e1_aug_photo_gameplay.png,0,enemy,1,0.476636,0.275971,0.025489,0.091990,Ich_sammel__i_tried_the_new_season [C-SDrECvTa4],345,11.500000,1.0000,False,manual_box,photo_gameplay
Ich_sammel_i_tried_the_new_season_[C-SDrECvTa4]_000345_51f1b1e1_aug_photo_gameplay.png,0,enemy,1,0.438403,0.272006,0.032285,0.090404,Ich_sammel__i_tried_the_new_season [C-SDrECvTa4],345,11.500000,1.0000,False,manual_box,photo_gameplay
Ich_sammel_i_tried_the_new_season_[C-SDrECvTa4]_000345_51f1b1e1_aug_photo_gameplay.png,0,enemy,1,0.406967,0.275971,0.025489,0.098335,Ich_sammel__i_tried_the_new_season [C-SDrECvTa4],345,11.500000,1.0000,False,manual_box,photo_gameplay
Ich_sammel_i_tried_the_new_season_[C-SDrECvTa4]_000345_51f1b1e1_aug_affine_mild.png,1,player,1,0.606967,0.687165,0.221045,0.625669,Ich_sammel__i_tried_the_new_season [C-SDrECvTa4],345,11.500000,1.0000,False,manual_box,affine_mild
Ich_sammel_i_tried_the_new_season_[C-SDrECvTa4]_000345_51f1b1e1_aug_affine_mild.png,0,enemy,1,0.382643,0.546736,0.122342,0.350773,Ich_sammel__i_tried_the_new_season [C-SDrECvTa4],345,11.500000,1.0000,False,manual_box,affine_mild
Ich_sammel_i_tried_the_new_season_[C-SDrECvTa4]_000345_51f1b1e1_aug_affine_mild.png,0,enemy,1,0.407586,0.076781,0.069373,0.112612,Ich_sammel__i_tried_the_new_season [C-SDrECvTa4],345,11.500000,1.0000,False,manual_box,affine_mild
Ich_sammel_i_tried_the_new_season_[C-SDrECvTa4]_000345_51f1b1e1_aug_affine_mild.png,0,enemy,1,0.488801,0.318458,0.037845,0.116229,Ich_sammel__i_tried_the_new_season [C-SDrECvTa4],345,11.500000,1.0000,False,manual_box,affine_mild
Ich_sammel_i_tried_the_new_season_[C-SDrECvTa4]_000345_51f1b1e1_aug_affine_mild.png,0,enemy,1,0.531249,0.308093,0.027916,0.098938,Ich_sammel__i_tried_the_new_season [C-SDrECvTa4],345,11.500000,1.0000,False,manual_box,affine_mild
Ich_sammel_i_tried_the_new_season_[C-SDrECvTa4]_000345_51f1b1e1_aug_affine_mild.png,0,enemy,1,0.570693,0.302083,0.034912,0.097572,Ich_sammel__i_tried_the_new_season [C-SDrECvTa4],345,11.500000,1.0000,False,manual_box,affine_mild
Ich_sammel_i_tried_the_new_season_[C-SDrECvTa4]_000345_51f1b1e1_aug_affine_mild.png,0,enemy,1,0.603248,0.304817,0.028024,0.105679,Ich_sammel__i_tried_the_new_season [C-SDrECvTa4],345,11.500000,1.0000,False,manual_box,affine_mild
Ich_sammel_i_tried_the_new_season_[C-SDrECvTa4]_000360_0f179f2c_aug_original.png,1,player,1,0.398046,0.693497,0.216653,0.613006,Ich_sammel__i_tried_the_new_season [C-SDrECvTa4],360,12.000000,1.0000,False,manual_box,original
Ich_sammel_i_tried_the_new_season_[C-SDrECvTa4]_000360_0f179f2c_aug_original.png,0,enemy,1,0.469414,0.353688,0.031436,0.117367,Ich_sammel__i_tried_the_new_season [C-SDrECvTa4],360,12.000000,1.0000,False,manual_box,original
Ich_sammel_i_tried_the_new_season_[C-SDrECvTa4]_000360_0f179f2c_aug_original.png,0,enemy,1,0.573492,0.334655,0.039082,0.107851,Ich_sammel__i_tried_the_new_season [C-SDrECvTa4],360,12.000000,1.0000,False,manual_box,original
Ich_sammel_i_tried_the_new_season_[C-SDrECvTa4]_000360_0f179f2c_aug_original.png,0,enemy,1,0.558199,0.107058,0.049278,0.137986,Ich_sammel__i_tried_the_new_season [C-SDrECvTa4],360,12.000000,1.0000,False,manual_box,original
Ich_sammel_i_tried_the_new_season_[C-SDrECvTa4]_000360_0f179f2c_aug_photo_exposure.png,1,player,1,0.398046,0.693497,0.216653,0.613006,Ich_sammel__i_tried_the_new_season [C-SDrECvTa4],360,12.000000,1.0000,False,manual_box,photo_exposure
Ich_sammel_i_tried_the_new_season_[C-SDrECvTa4]_000360_0f179f2c_aug_photo_exposure.png,0,enemy,1,0.469414,0.353688,0.031436,0.117367,Ich_sammel__i_tried_the_new_season [C-SDrECvTa4],360,12.000000,1.0000,False,manual_box,photo_exposure
Ich_sammel_i_tried_the_new_season_[C-SDrECvTa4]_000360_0f179f2c_aug_photo_exposure.png,0,enemy,1,0.573492,0.334655,0.039082,0.107851,Ich_sammel__i_tried_the_new_season [C-SDrECvTa4],360,12.000000,1.0000,False,manual_box,photo_exposure
Ich_sammel_i_tried_the_new_season_[C-SDrECvTa4]_000360_0f179f2c_aug_photo_exposure.png,0,enemy,1,0.558199,0.107058,0.049278,0.137986,Ich_sammel__i_tried_the_new_season [C-SDrECvTa4],360,12.000000,1.0000,False,manual_box,photo_exposure
Ich_sammel_i_tried_the_new_season_[C-SDrECvTa4]_000360_0f179f2c_aug_photo_gameplay.png,1,player,1,0.398046,0.693497,0.216653,0.613006,Ich_sammel__i_tried_the_new_season [C-SDrECvTa4],360,12.000000,1.0000,False,manual_box,photo_gameplay
Ich_sammel_i_tried_the_new_season_[C-SDrECvTa4]_000360_0f179f2c_aug_photo_gameplay.png,0,enemy,1,0.469414,0.353688,0.031436,0.117367,Ich_sammel__i_tried_the_new_season [C-SDrECvTa4],360,12.000000,1.0000,False,manual_box,photo_gameplay
Ich_sammel_i_tried_the_new_season_[C-SDrECvTa4]_000360_0f179f2c_aug_photo_gameplay.png,0,enemy,1,0.573492,0.334655,0.039082,0.107851,Ich_sammel__i_tried_the_new_season [C-SDrECvTa4],360,12.000000,1.0000,False,manual_box,photo_gameplay
Ich_sammel_i_tried_the_new_season_[C-SDrECvTa4]_000360_0f179f2c_aug_photo_gameplay.png,0,enemy,1,0.558199,0.107058,0.049278,0.137986,Ich_sammel__i_tried_the_new_season [C-SDrECvTa4],360,12.000000,1.0000,False,manual_box,photo_gameplay
Ich_sammel_i_tried_the_new_season_[C-SDrECvTa4]_000360_0f179f2c_aug_affine_mild.png,1,player,1,0.428264,0.698860,0.218639,0.580320,Ich_sammel__i_tried_the_new_season [C-SDrECvTa4],360,12.000000,1.0000,False,manual_box,affine_mild
Ich_sammel_i_tried_the_new_season_[C-SDrECvTa4]_000360_0f179f2c_aug_affine_mild.png,0,enemy,1,0.486345,0.378278,0.032456,0.111051,Ich_sammel__i_tried_the_new_season [C-SDrECvTa4],360,12.000000,1.0000,False,manual_box,affine_mild
Ich_sammel_i_tried_the_new_season_[C-SDrECvTa4]_000360_0f179f2c_aug_affine_mild.png,0,enemy,1,0.583310,0.360902,0.039370,0.102106,Ich_sammel__i_tried_the_new_season [C-SDrECvTa4],360,12.000000,1.0000,False,manual_box,affine_mild
Ich_sammel_i_tried_the_new_season_[C-SDrECvTa4]_000360_0f179f2c_aug_affine_mild.png,0,enemy,1,0.563134,0.145818,0.049693,0.130631,Ich_sammel__i_tried_the_new_season [C-SDrECvTa4],360,12.000000,1.0000,False,manual_box,affine_mild
Ich_sammel_i_tried_the_new_season_[C-SDrECvTa4]_000360_0f179f2c_aug_retarget_edge.png,1,player,1,0.339847,0.666439,0.216653,0.613006,Ich_sammel__i_tried_the_new_season [C-SDrECvTa4],360,12.000000,1.0000,False,manual_box,retarget_edge
Ich_sammel_i_tried_the_new_season_[C-SDrECvTa4]_000360_0f179f2c_aug_retarget_edge.png,0,enemy,1,0.411215,0.326630,0.031436,0.117367,Ich_sammel__i_tried_the_new_season [C-SDrECvTa4],360,12.000000,1.0000,False,manual_box,retarget_edge
Ich_sammel_i_tried_the_new_season_[C-SDrECvTa4]_000360_0f179f2c_aug_retarget_edge.png,0,enemy,1,0.515293,0.307597,0.039082,0.107851,Ich_sammel__i_tried_the_new_season [C-SDrECvTa4],360,12.000000,1.0000,False,manual_box,retarget_edge
Ich_sammel_i_tried_the_new_season_[C-SDrECvTa4]_000360_0f179f2c_aug_retarget_edge.png,0,enemy,1,0.500000,0.080000,0.049278,0.137986,Ich_sammel__i_tried_the_new_season [C-SDrECvTa4],360,12.000000,1.0000,False,manual_box,retarget_edge
Ich_sammel_i_tried_the_new_season_[C-SDrECvTa4]_000360_0f179f2c_aug_retarget_corner.png,1,player,1,0.759847,0.666439,0.216653,0.613006,Ich_sammel__i_tried_the_new_season [C-SDrECvTa4],360,12.000000,1.0000,False,manual_box,retarget_corner
Ich_sammel_i_tried_the_new_season_[C-SDrECvTa4]_000360_0f179f2c_aug_retarget_corner.png,0,enemy,1,0.831215,0.326630,0.031436,0.117367,Ich_sammel__i_tried_the_new_season [C-SDrECvTa4],360,12.000000,1.0000,False,manual_box,retarget_corner
Ich_sammel_i_tried_the_new_season_[C-SDrECvTa4]_000360_0f179f2c_aug_retarget_corner.png,0,enemy,1,0.935293,0.307597,0.039082,0.107851,Ich_sammel__i_tried_the_new_season [C-SDrECvTa4],360,12.000000,1.0000,False,manual_box,retarget_corner
Ich_sammel_i_tried_the_new_season_[C-SDrECvTa4]_000360_0f179f2c_aug_retarget_corner.png,0,enemy,1,0.920000,0.080000,0.049278,0.137986,Ich_sammel__i_tried_the_new_season [C-SDrECvTa4],360,12.000000,1.0000,False,manual_box,retarget_corner
Ich_sammel_i_tried_the_new_season_[C-SDrECvTa4]_000375_300b9eb1_aug_original.png,1,player,1,0.373407,0.692704,0.218352,0.614592,Ich_sammel__i_tried_the_new_season [C-SDrECvTa4],375,12.500000,1.0000,False,manual_box,original
Ich_sammel_i_tried_the_new_season_[C-SDrECvTa4]_000375_300b9eb1_aug_original.png,0,enemy,1,0.648683,0.414750,0.029737,0.103093,Ich_sammel__i_tried_the_new_season [C-SDrECvTa4],375,12.500000,1.0000,False,manual_box,original
Ich_sammel_i_tried_the_new_season_[C-SDrECvTa4]_000375_300b9eb1_aug_original.png,0,enemy,1,0.774427,0.421094,0.026338,0.118953,Ich_sammel__i_tried_the_new_season [C-SDrECvTa4],375,12.500000,1.0000,False,manual_box,original
Ich_sammel_i_tried_the_new_season_[C-SDrECvTa4]_000375_300b9eb1_aug_original.png,0,enemy,1,0.769329,0.110230,0.056924,0.166534,Ich_sammel__i_tried_the_new_season [C-SDrECvTa4],375,12.500000,1.0000,False,manual_box,original
Ich_sammel_i_tried_the_new_season_[C-SDrECvTa4]_000375_300b9eb1_aug_original.png,0,enemy,1,0.606627,0.422680,0.020391,0.096749,Ich_sammel__i_tried_the_new_season [C-SDrECvTa4],375,12.500000,1.0000,False,manual_box,original
Ich_sammel_i_tried_the_new_season_[C-SDrECvTa4]_000375_300b9eb1_aug_original.png,0,enemy,1,0.553526,0.433783,0.031436,0.137986,Ich_sammel__i_tried_the_new_season [C-SDrECvTa4],375,12.500000,1.0000,False,manual_box,original
Ich_sammel_i_tried_the_new_season_[C-SDrECvTa4]_000375_300b9eb1_aug_original.png,0,enemy,1,0.526763,0.421887,0.028887,0.101507,Ich_sammel__i_tried_the_new_season [C-SDrECvTa4],375,12.500000,1.0000,False,manual_box,original
Ich_sammel_i_tried_the_new_season_[C-SDrECvTa4]_000375_300b9eb1_aug_photo_exposure.png,1,player,1,0.373407,0.692704,0.218352,0.614592,Ich_sammel__i_tried_the_new_season [C-SDrECvTa4],375,12.500000,1.0000,False,manual_box,photo_exposure
Ich_sammel_i_tried_the_new_season_[C-SDrECvTa4]_000375_300b9eb1_aug_photo_exposure.png,0,enemy,1,0.648683,0.414750,0.029737,0.103093,Ich_sammel__i_tried_the_new_season [C-SDrECvTa4],375,12.500000,1.0000,False,manual_box,photo_exposure
Ich_sammel_i_tried_the_new_season_[C-SDrECvTa4]_000375_300b9eb1_aug_photo_exposure.png,0,enemy,1,0.774427,0.421094,0.026338,0.118953,Ich_sammel__i_tried_the_new_season [C-SDrECvTa4],375,12.500000,1.0000,False,manual_box,photo_exposure
Ich_sammel_i_tried_the_new_season_[C-SDrECvTa4]_000375_300b9eb1_aug_photo_exposure.png,0,enemy,1,0.769329,0.110230,0.056924,0.166534,Ich_sammel__i_tried_the_new_season [C-SDrECvTa4],375,12.500000,1.0000,False,manual_box,photo_exposure
Ich_sammel_i_tried_the_new_season_[C-SDrECvTa4]_000375_300b9eb1_aug_photo_exposure.png,0,enemy,1,0.606627,0.422680,0.020391,0.096749,Ich_sammel__i_tried_the_new_season [C-SDrECvTa4],375,12.500000,1.0000,False,manual_box,photo_exposure
Ich_sammel_i_tried_the_new_season_[C-SDrECvTa4]_000375_300b9eb1_aug_photo_exposure.png,0,enemy,1,0.553526,0.433783,0.031436,0.137986,Ich_sammel__i_tried_the_new_season [C-SDrECvTa4],375,12.500000,1.0000,False,manual_box,photo_exposure
Ich_sammel_i_tried_the_new_season_[C-SDrECvTa4]_000375_300b9eb1_aug_photo_exposure.png,0,enemy,1,0.526763,0.421887,0.028887,0.101507,Ich_sammel__i_tried_the_new_season [C-SDrECvTa4],375,12.500000,1.0000,False,manual_box,photo_exposure
Ich_sammel_i_tried_the_new_season_[C-SDrECvTa4]_000375_300b9eb1_aug_photo_gameplay.png,1,player,1,0.373407,0.692704,0.218352,0.614592,Ich_sammel__i_tried_the_new_season [C-SDrECvTa4],375,12.500000,1.0000,False,manual_box,photo_gameplay
Ich_sammel_i_tried_the_new_season_[C-SDrECvTa4]_000375_300b9eb1_aug_photo_gameplay.png,0,enemy,1,0.648683,0.414750,0.029737,0.103093,Ich_sammel__i_tried_the_new_season [C-SDrECvTa4],375,12.500000,1.0000,False,manual_box,photo_gameplay
Ich_sammel_i_tried_the_new_season_[C-SDrECvTa4]_000375_300b9eb1_aug_photo_gameplay.png,0,enemy,1,0.774427,0.421094,0.026338,0.118953,Ich_sammel__i_tried_the_new_season [C-SDrECvTa4],375,12.500000,1.0000,False,manual_box,photo_gameplay
Ich_sammel_i_tried_the_new_season_[C-SDrECvTa4]_000375_300b9eb1_aug_photo_gameplay.png,0,enemy,1,0.769329,0.110230,0.056924,0.166534,Ich_sammel__i_tried_the_new_season [C-SDrECvTa4],375,12.500000,1.0000,False,manual_box,photo_gameplay
Ich_sammel_i_tried_the_new_season_[C-SDrECvTa4]_000375_300b9eb1_aug_photo_gameplay.png,0,enemy,1,0.606627,0.422680,0.020391,0.096749,Ich_sammel__i_tried_the_new_season [C-SDrECvTa4],375,12.500000,1.0000,False,manual_box,photo_gameplay
Ich_sammel_i_tried_the_new_season_[C-SDrECvTa4]_000375_300b9eb1_aug_photo_gameplay.png,0,enemy,1,0.553526,0.433783,0.031436,0.137986,Ich_sammel__i_tried_the_new_season [C-SDrECvTa4],375,12.500000,1.0000,False,manual_box,photo_gameplay
Ich_sammel_i_tried_the_new_season_[C-SDrECvTa4]_000375_300b9eb1_aug_photo_gameplay.png,0,enemy,1,0.526763,0.421887,0.028887,0.101507,Ich_sammel__i_tried_the_new_season [C-SDrECvTa4],375,12.500000,1.0000,False,manual_box,photo_gameplay
Ich_sammel_i_tried_the_new_season_[C-SDrECvTa4]_000375_300b9eb1_aug_affine_mild.png,1,player,1,0.315452,0.679870,0.235074,0.640260,Ich_sammel__i_tried_the_new_season [C-SDrECvTa4],375,12.500000,1.0000,False,manual_box,affine_mild
Ich_sammel_i_tried_the_new_season_[C-SDrECvTa4]_000375_300b9eb1_aug_affine_mild.png,0,enemy,1,0.592291,0.407607,0.032776,0.110761,Ich_sammel__i_tried_the_new_season [C-SDrECvTa4],375,12.500000,1.0000,False,manual_box,affine_mild
Ich_sammel_i_tried_the_new_season_[C-SDrECvTa4]_000375_300b9eb1_aug_affine_mild.png,0,enemy,1,0.713512,0.419809,0.030116,0.127454,Ich_sammel__i_tried_the_new_season [C-SDrECvTa4],375,12.500000,1.0000,False,manual_box,affine_mild
Ich_sammel_i_tried_the_new_season_[C-SDrECvTa4]_000375_300b9eb1_aug_affine_mild.png,0,enemy,1,0.720799,0.089577,0.061531,0.179153,Ich_sammel__i_tried_the_new_season [C-SDrECvTa4],375,12.500000,1.0000,False,manual_box,affine_mild
Ich_sammel_i_tried_the_new_season_[C-SDrECvTa4]_000375_300b9eb1_aug_affine_mild.png,0,enemy,1,0.551353,0.414200,0.023499,0.103618,Ich_sammel__i_tried_the_new_season [C-SDrECvTa4],375,12.500000,1.0000,False,manual_box,affine_mild
Ich_sammel_i_tried_the_new_season_[C-SDrECvTa4]_000375_300b9eb1_aug_affine_mild.png,0,enemy,1,0.499621,0.423681,0.035788,0.147886,Ich_sammel__i_tried_the_new_season [C-SDrECvTa4],375,12.500000,1.0000,False,manual_box,affine_mild
Ich_sammel_i_tried_the_new_season_[C-SDrECvTa4]_000375_300b9eb1_aug_affine_mild.png,0,enemy,1,0.474234,0.409886,0.031893,0.109040,Ich_sammel__i_tried_the_new_season [C-SDrECvTa4],375,12.500000,1.0000,False,manual_box,affine_mild
Ich_sammel_i_tried_the_new_season_[C-SDrECvTa4]_000375_300b9eb1_aug_retarget_edge.png,1,player,1,0.354078,0.662474,0.218352,0.614592,Ich_sammel__i_tried_the_new_season [C-SDrECvTa4],375,12.500000,1.0000,False,manual_box,retarget_edge
Ich_sammel_i_tried_the_new_season_[C-SDrECvTa4]_000375_300b9eb1_aug_retarget_edge.png,0,enemy,1,0.629354,0.384520,0.029737,0.103093,Ich_sammel__i_tried_the_new_season [C-SDrECvTa4],375,12.500000,1.0000,False,manual_box,retarget_edge
Ich_sammel_i_tried_the_new_season_[C-SDrECvTa4]_000375_300b9eb1_aug_retarget_edge.png,0,enemy,1,0.755098,0.390864,0.026338,0.118953,Ich_sammel__i_tried_the_new_season [C-SDrECvTa4],375,12.500000,1.0000,False,manual_box,retarget_edge
Ich_sammel_i_tried_the_new_season_[C-SDrECvTa4]_000375_300b9eb1_aug_retarget_edge.png,0,enemy,1,0.750000,0.081634,0.056924,0.163267,Ich_sammel__i_tried_the_new_season [C-SDrECvTa4],375,12.500000,1.0000,False,manual_box,retarget_edge
Ich_sammel_i_tried_the_new_season_[C-SDrECvTa4]_000375_300b9eb1_aug_retarget_edge.png,0,enemy,1,0.587298,0.392450,0.020391,0.096749,Ich_sammel__i_tried_the_new_season [C-SDrECvTa4],375,12.500000,1.0000,False,manual_box,retarget_edge
Ich_sammel_i_tried_the_new_season_[C-SDrECvTa4]_000375_300b9eb1_aug_retarget_edge.png,0,enemy,1,0.534197,0.403553,0.031436,0.137986,Ich_sammel__i_tried_the_new_season [C-SDrECvTa4],375,12.500000,1.0000,False,manual_box,retarget_edge
Ich_sammel_i_tried_the_new_season_[C-SDrECvTa4]_000375_300b9eb1_aug_retarget_edge.png,0,enemy,1,0.507434,0.391657,0.028887,0.101507,Ich_sammel__i_tried_the_new_season [C-SDrECvTa4],375,12.500000,1.0000,False,manual_box,retarget_edge
Ich_sammel_i_tried_the_new_season_[C-SDrECvTa4]_000375_300b9eb1_aug_retarget_corner.png,1,player,1,0.524078,0.662474,0.218352,0.614592,Ich_sammel__i_tried_the_new_season [C-SDrECvTa4],375,12.500000,1.0000,False,manual_box,retarget_corner
Ich_sammel_i_tried_the_new_season_[C-SDrECvTa4]_000375_300b9eb1_aug_retarget_corner.png,0,enemy,1,0.799354,0.384520,0.029737,0.103093,Ich_sammel__i_tried_the_new_season [C-SDrECvTa4],375,12.500000,1.0000,False,manual_box,retarget_corner
Ich_sammel_i_tried_the_new_season_[C-SDrECvTa4]_000375_300b9eb1_aug_retarget_corner.png,0,enemy,1,0.925098,0.390864,0.026338,0.118953,Ich_sammel__i_tried_the_new_season [C-SDrECvTa4],375,12.500000,1.0000,False,manual_box,retarget_corner
Ich_sammel_i_tried_the_new_season_[C-SDrECvTa4]_000375_300b9eb1_aug_retarget_corner.png,0,enemy,1,0.920000,0.081634,0.056924,0.163267,Ich_sammel__i_tried_the_new_season [C-SDrECvTa4],375,12.500000,1.0000,False,manual_box,retarget_corner
Ich_sammel_i_tried_the_new_season_[C-SDrECvTa4]_000375_300b9eb1_aug_retarget_corner.png,0,enemy,1,0.757298,0.392450,0.020391,0.096749,Ich_sammel__i_tried_the_new_season [C-SDrECvTa4],375,12.500000,1.0000,False,manual_box,retarget_corner
Ich_sammel_i_tried_the_new_season_[C-SDrECvTa4]_000375_300b9eb1_aug_retarget_corner.png,0,enemy,1,0.704197,0.403553,0.031436,0.137986,Ich_sammel__i_tried_the_new_season [C-SDrECvTa4],375,12.500000,1.0000,False,manual_box,retarget_corner
Ich_sammel_i_tried_the_new_season_[C-SDrECvTa4]_000375_300b9eb1_aug_retarget_corner.png,0,enemy,1,0.677434,0.391657,0.028887,0.101507,Ich_sammel__i_tried_the_new_season [C-SDrECvTa4],375,12.500000,1.0000,False,manual_box,retarget_corner
Ich_sammel_i_tried_the_new_season_[C-SDrECvTa4]_000390_db5eed3f_aug_original.png,1,player,1,0.379354,0.687153,0.174172,0.625694,Ich_sammel__i_tried_the_new_season [C-SDrECvTa4],390,13.000000,1.0000,False,manual_box,original
Ich_sammel_i_tried_the_new_season_[C-SDrECvTa4]_000390_db5eed3f_aug_original.png,0,enemy,1,0.167375,0.718477,0.278675,0.482157,Ich_sammel__i_tried_the_new_season [C-SDrECvTa4],390,13.000000,1.0000,False,manual_box,original
Ich_sammel_i_tried_the_new_season_[C-SDrECvTa4]_000390_db5eed3f_aug_original.png,0,enemy,1,0.222600,0.570975,0.059473,0.222046,Ich_sammel__i_tried_the_new_season [C-SDrECvTa4],390,13.000000,1.0000,False,manual_box,original
Ich_sammel_i_tried_the_new_season_[C-SDrECvTa4]_000390_db5eed3f_aug_original.png,0,enemy,1,0.500000,0.538462,0.055225,0.163362,Ich_sammel__i_tried_the_new_season [C-SDrECvTa4],390,13.000000,1.0000,False,manual_box,original
Ich_sammel_i_tried_the_new_season_[C-SDrECvTa4]_000390_db5eed3f_aug_original.png,0,enemy,1,0.672472,0.550357,0.055225,0.168121,Ich_sammel__i_tried_the_new_season [C-SDrECvTa4],390,13.000000,1.0000,False,manual_box,original
Ich_sammel_i_tried_the_new_season_[C-SDrECvTa4]_000390_db5eed3f_aug_original.png,0,enemy,1,0.818182,0.546392,0.052676,0.163362,Ich_sammel__i_tried_the_new_season [C-SDrECvTa4],390,13.000000,1.0000,False,manual_box,original
Ich_sammel_i_tried_the_new_season_[C-SDrECvTa4]_000390_db5eed3f_aug_photo_exposure.png,1,player,1,0.379354,0.687153,0.174172,0.625694,Ich_sammel__i_tried_the_new_season [C-SDrECvTa4],390,13.000000,1.0000,False,manual_box,photo_exposure
Ich_sammel_i_tried_the_new_season_[C-SDrECvTa4]_000390_db5eed3f_aug_photo_exposure.png,0,enemy,1,0.167375,0.718477,0.278675,0.482157,Ich_sammel__i_tried_the_new_season [C-SDrECvTa4],390,13.000000,1.0000,False,manual_box,photo_exposure
Ich_sammel_i_tried_the_new_season_[C-SDrECvTa4]_000390_db5eed3f_aug_photo_exposure.png,0,enemy,1,0.222600,0.570975,0.059473,0.222046,Ich_sammel__i_tried_the_new_season [C-SDrECvTa4],390,13.000000,1.0000,False,manual_box,photo_exposure
Ich_sammel_i_tried_the_new_season_[C-SDrECvTa4]_000390_db5eed3f_aug_photo_exposure.png,0,enemy,1,0.500000,0.538462,0.055225,0.163362,Ich_sammel__i_tried_the_new_season [C-SDrECvTa4],390,13.000000,1.0000,False,manual_box,photo_exposure
Ich_sammel_i_tried_the_new_season_[C-SDrECvTa4]_000390_db5eed3f_aug_photo_exposure.png,0,enemy,1,0.672472,0.550357,0.055225,0.168121,Ich_sammel__i_tried_the_new_season [C-SDrECvTa4],390,13.000000,1.0000,False,manual_box,photo_exposure
Ich_sammel_i_tried_the_new_season_[C-SDrECvTa4]_000390_db5eed3f_aug_photo_exposure.png,0,enemy,1,0.818182,0.546392,0.052676,0.163362,Ich_sammel__i_tried_the_new_season [C-SDrECvTa4],390,13.000000,1.0000,False,manual_box,photo_exposure
Ich_sammel_i_tried_the_new_season_[C-SDrECvTa4]_000390_db5eed3f_aug_photo_gameplay.png,1,player,1,0.379354,0.687153,0.174172,0.625694,Ich_sammel__i_tried_the_new_season [C-SDrECvTa4],390,13.000000,1.0000,False,manual_box,photo_gameplay
Ich_sammel_i_tried_the_new_season_[C-SDrECvTa4]_000390_db5eed3f_aug_photo_gameplay.png,0,enemy,1,0.167375,0.718477,0.278675,0.482157,Ich_sammel__i_tried_the_new_season [C-SDrECvTa4],390,13.000000,1.0000,False,manual_box,photo_gameplay
Ich_sammel_i_tried_the_new_season_[C-SDrECvTa4]_000390_db5eed3f_aug_photo_gameplay.png,0,enemy,1,0.222600,0.570975,0.059473,0.222046,Ich_sammel__i_tried_the_new_season [C-SDrECvTa4],390,13.000000,1.0000,False,manual_box,photo_gameplay
Ich_sammel_i_tried_the_new_season_[C-SDrECvTa4]_000390_db5eed3f_aug_photo_gameplay.png,0,enemy,1,0.500000,0.538462,0.055225,0.163362,Ich_sammel__i_tried_the_new_season [C-SDrECvTa4],390,13.000000,1.0000,False,manual_box,photo_gameplay
Ich_sammel_i_tried_the_new_season_[C-SDrECvTa4]_000390_db5eed3f_aug_photo_gameplay.png,0,enemy,1,0.672472,0.550357,0.055225,0.168121,Ich_sammel__i_tried_the_new_season [C-SDrECvTa4],390,13.000000,1.0000,False,manual_box,photo_gameplay
Ich_sammel_i_tried_the_new_season_[C-SDrECvTa4]_000390_db5eed3f_aug_photo_gameplay.png,0,enemy,1,0.818182,0.546392,0.052676,0.163362,Ich_sammel__i_tried_the_new_season [C-SDrECvTa4],390,13.000000,1.0000,False,manual_box,photo_gameplay
Ich_sammel_i_tried_the_new_season_[C-SDrECvTa4]_000390_db5eed3f_aug_affine_mild.png,1,player,1,0.347557,0.688594,0.189418,0.622811,Ich_sammel__i_tried_the_new_season [C-SDrECvTa4],390,13.000000,1.0000,False,manual_box,affine_mild
Ich_sammel_i_tried_the_new_season_[C-SDrECvTa4]_000390_db5eed3f_aug_affine_mild.png,0,enemy,1,0.139369,0.746084,0.278739,0.507831,Ich_sammel__i_tried_the_new_season [C-SDrECvTa4],390,13.000000,1.0000,False,manual_box,affine_mild
Ich_sammel_i_tried_the_new_season_[C-SDrECvTa4]_000390_db5eed3f_aug_affine_mild.png,0,enemy,1,0.191775,0.594125,0.064860,0.236379,Ich_sammel__i_tried_the_new_season [C-SDrECvTa4],390,13.000000,1.0000,False,manual_box,affine_mild
Ich_sammel_i_tried_the_new_season_[C-SDrECvTa4]_000390_db5eed3f_aug_affine_mild.png,0,enemy,1,0.472606,0.548870,0.059301,0.174361,Ich_sammel__i_tried_the_new_season [C-SDrECvTa4],390,13.000000,1.0000,False,manual_box,affine_mild
Ich_sammel_i_tried_the_new_season_[C-SDrECvTa4]_000390_db5eed3f_aug_affine_mild.png,0,enemy,1,0.646516,0.554575,0.059404,0.179377,Ich_sammel__i_tried_the_new_season [C-SDrECvTa4],390,13.000000,1.0000,False,manual_box,affine_mild
Ich_sammel_i_tried_the_new_season_[C-SDrECvTa4]_000390_db5eed3f_aug_affine_mild.png,0,enemy,1,0.793744,0.544624,0.056727,0.174260,Ich_sammel__i_tried_the_new_season [C-SDrECvTa4],390,13.000000,1.0000,False,manual_box,affine_mild
Ich_sammel_i_tried_the_new_season_[C-SDrECvTa4]_000390_db5eed3f_aug_retarget_edge.png,1,player,1,0.291979,0.468676,0.174172,0.625694,Ich_sammel__i_tried_the_new_season [C-SDrECvTa4],390,13.000000,1.0000,False,manual_box,retarget_edge
Ich_sammel_i_tried_the_new_season_[C-SDrECvTa4]_000390_db5eed3f_aug_retarget_edge.png,0,enemy,1,0.109669,0.500000,0.219337,0.482157,Ich_sammel__i_tried_the_new_season [C-SDrECvTa4],390,13.000000,1.0000,False,manual_box,retarget_edge
Ich_sammel_i_tried_the_new_season_[C-SDrECvTa4]_000390_db5eed3f_aug_retarget_edge.png,0,enemy,1,0.135225,0.352498,0.059473,0.222046,Ich_sammel__i_tried_the_new_season [C-SDrECvTa4],390,13.000000,1.0000,False,manual_box,retarget_edge
Ich_sammel_i_tried_the_new_season_[C-SDrECvTa4]_000390_db5eed3f_aug_retarget_edge.png,0,enemy,1,0.412625,0.319985,0.055225,0.163362,Ich_sammel__i_tried_the_new_season [C-SDrECvTa4],390,13.000000,1.0000,False,manual_box,retarget_edge
Ich_sammel_i_tried_the_new_season_[C-SDrECvTa4]_000390_db5eed3f_aug_retarget_edge.png,0,enemy,1,0.585097,0.331880,0.055225,0.168121,Ich_sammel__i_tried_the_new_season [C-SDrECvTa4],390,13.000000,1.0000,False,manual_box,retarget_edge
Ich_sammel_i_tried_the_new_season_[C-SDrECvTa4]_000390_db5eed3f_aug_retarget_edge.png,0,enemy,1,0.730807,0.327915,0.052676,0.163362,Ich_sammel__i_tried_the_new_season [C-SDrECvTa4],390,13.000000,1.0000,False,manual_box,retarget_edge
Ich_sammel_i_tried_the_new_season_[C-SDrECvTa4]_000405_e4a311ad_aug_original.png,1,player,1,0.214953,0.608644,0.421410,0.782712,Ich_sammel__i_tried_the_new_season [C-SDrECvTa4],405,13.500000,1.0000,False,manual_box,original
Ich_sammel_i_tried_the_new_season_[C-SDrECvTa4]_000405_e4a311ad_aug_original.png,0,enemy,1,0.882328,0.571768,0.063721,0.157018,Ich_sammel__i_tried_the_new_season [C-SDrECvTa4],405,13.500000,1.0000,False,manual_box,original
Ich_sammel_i_tried_the_new_season_[C-SDrECvTa4]_000405_e4a311ad_aug_original.png,0,enemy,1,0.702634,0.567010,0.064571,0.179223,Ich_sammel__i_tried_the_new_season [C-SDrECvTa4],405,13.500000,1.0000,False,manual_box,original
Ich_sammel_i_tried_the_new_season_[C-SDrECvTa4]_000405_e4a311ad_aug_original.png,0,enemy,1,0.503398,0.553529,0.050127,0.196669,Ich_sammel__i_tried_the_new_season [C-SDrECvTa4],405,13.500000,1.0000,False,manual_box,original
Ich_sammel_i_tried_the_new_season_[C-SDrECvTa4]_000405_e4a311ad_aug_photo_exposure.png,1,player,1,0.214953,0.608644,0.421410,0.782712,Ich_sammel__i_tried_the_new_season [C-SDrECvTa4],405,13.500000,1.0000,False,manual_box,photo_exposure
Ich_sammel_i_tried_the_new_season_[C-SDrECvTa4]_000405_e4a311ad_aug_photo_exposure.png,0,enemy,1,0.882328,0.571768,0.063721,0.157018,Ich_sammel__i_tried_the_new_season [C-SDrECvTa4],405,13.500000,1.0000,False,manual_box,photo_exposure
Ich_sammel_i_tried_the_new_season_[C-SDrECvTa4]_000405_e4a311ad_aug_photo_exposure.png,0,enemy,1,0.702634,0.567010,0.064571,0.179223,Ich_sammel__i_tried_the_new_season [C-SDrECvTa4],405,13.500000,1.0000,False,manual_box,photo_exposure
Ich_sammel_i_tried_the_new_season_[C-SDrECvTa4]_000405_e4a311ad_aug_photo_exposure.png,0,enemy,1,0.503398,0.553529,0.050127,0.196669,Ich_sammel__i_tried_the_new_season [C-SDrECvTa4],405,13.500000,1.0000,False,manual_box,photo_exposure
Ich_sammel_i_tried_the_new_season_[C-SDrECvTa4]_000405_e4a311ad_aug_photo_gameplay.png,1,player,1,0.214953,0.608644,0.421410,0.782712,Ich_sammel__i_tried_the_new_season [C-SDrECvTa4],405,13.500000,1.0000,False,manual_box,photo_gameplay
Ich_sammel_i_tried_the_new_season_[C-SDrECvTa4]_000405_e4a311ad_aug_photo_gameplay.png,0,enemy,1,0.882328,0.571768,0.063721,0.157018,Ich_sammel__i_tried_the_new_season [C-SDrECvTa4],405,13.500000,1.0000,False,manual_box,photo_gameplay
Ich_sammel_i_tried_the_new_season_[C-SDrECvTa4]_000405_e4a311ad_aug_photo_gameplay.png,0,enemy,1,0.702634,0.567010,0.064571,0.179223,Ich_sammel__i_tried_the_new_season [C-SDrECvTa4],405,13.500000,1.0000,False,manual_box,photo_gameplay
Ich_sammel_i_tried_the_new_season_[C-SDrECvTa4]_000405_e4a311ad_aug_photo_gameplay.png,0,enemy,1,0.503398,0.553529,0.050127,0.196669,Ich_sammel__i_tried_the_new_season [C-SDrECvTa4],405,13.500000,1.0000,False,manual_box,photo_gameplay
Ich_sammel_i_tried_the_new_season_[C-SDrECvTa4]_000405_e4a311ad_aug_affine_mild.png,1,player,1,0.792085,0.585577,0.415829,0.828846,Ich_sammel__i_tried_the_new_season [C-SDrECvTa4],405,13.500000,1.0000,False,manual_box,affine_mild
Ich_sammel_i_tried_the_new_season_[C-SDrECvTa4]_000405_e4a311ad_aug_affine_mild.png,0,enemy,1,0.138918,0.662287,0.072910,0.166199,Ich_sammel__i_tried_the_new_season [C-SDrECvTa4],405,13.500000,1.0000,False,manual_box,affine_mild
Ich_sammel_i_tried_the_new_season_[C-SDrECvTa4]_000405_e4a311ad_aug_affine_mild.png,0,enemy,1,0.321155,0.629184,0.074933,0.188414,Ich_sammel__i_tried_the_new_season [C-SDrECvTa4],405,13.500000,1.0000,False,manual_box,affine_mild
Ich_sammel_i_tried_the_new_season_[C-SDrECvTa4]_000405_e4a311ad_aug_affine_mild.png,0,enemy,1,0.522782,0.584321,0.061176,0.203482,Ich_sammel__i_tried_the_new_season [C-SDrECvTa4],405,13.500000,1.0000,False,manual_box,affine_mild
Ich_sammel_i_tried_the_new_season_[C-SDrECvTa4]_000405_e4a311ad_aug_retarget_edge.png,1,player,1,0.432319,0.541634,0.421410,0.782712,Ich_sammel__i_tried_the_new_season [C-SDrECvTa4],405,13.500000,1.0000,False,manual_box,retarget_edge
Ich_sammel_i_tried_the_new_season_[C-SDrECvTa4]_000405_e4a311ad_aug_retarget_edge.png,0,enemy,1,0.920000,0.500000,0.064571,0.179223,Ich_sammel__i_tried_the_new_season [C-SDrECvTa4],405,13.500000,1.0000,False,manual_box,retarget_edge
Ich_sammel_i_tried_the_new_season_[C-SDrECvTa4]_000405_e4a311ad_aug_retarget_edge.png,0,enemy,1,0.720764,0.486519,0.050127,0.196669,Ich_sammel__i_tried_the_new_season [C-SDrECvTa4],405,13.500000,1.0000,False,manual_box,retarget_edge
Ich_sammel_i_tried_the_new_season_[C-SDrECvTa4]_000405_e4a311ad_aug_retarget_corner.png,1,player,1,0.432319,0.256495,0.421410,0.512990,Ich_sammel__i_tried_the_new_season [C-SDrECvTa4],405,13.500000,1.0000,False,manual_box,retarget_corner
Ich_sammel_i_tried_the_new_season_[C-SDrECvTa4]_000405_e4a311ad_aug_retarget_corner.png,0,enemy,1,0.920000,0.084806,0.064571,0.169611,Ich_sammel__i_tried_the_new_season [C-SDrECvTa4],405,13.500000,1.0000,False,manual_box,retarget_corner
Ich_sammel_i_tried_the_new_season_[C-SDrECvTa4]_000405_e4a311ad_aug_retarget_corner.png,0,enemy,1,0.720764,0.082427,0.050127,0.164854,Ich_sammel__i_tried_the_new_season [C-SDrECvTa4],405,13.500000,1.0000,False,manual_box,retarget_corner
Ich_sammel_i_tried_the_new_season_[C-SDrECvTa4]_000420_1c712359_aug_original.png,1,player,1,0.211130,0.588025,0.412065,0.823949,Ich_sammel__i_tried_the_new_season [C-SDrECvTa4],420,14.000000,1.0000,False,manual_box,original
Ich_sammel_i_tried_the_new_season_[C-SDrECvTa4]_000420_1c712359_aug_original.png,0,enemy,1,0.500850,0.588422,0.070518,0.180809,Ich_sammel__i_tried_the_new_season [C-SDrECvTa4],420,14.000000,1.0000,False,manual_box,original
Ich_sammel_i_tried_the_new_season_[C-SDrECvTa4]_000420_1c712359_aug_original.png,0,enemy,1,0.700085,0.584457,0.047579,0.169707,Ich_sammel__i_tried_the_new_season [C-SDrECvTa4],420,14.000000,1.0000,False,manual_box,original
Ich_sammel_i_tried_the_new_season_[C-SDrECvTa4]_000420_1c712359_aug_original.png,0,enemy,1,0.900170,0.611420,0.106202,0.210944,Ich_sammel__i_tried_the_new_season [C-SDrECvTa4],420,14.000000,1.0000,False,manual_box,original
Ich_sammel_i_tried_the_new_season_[C-SDrECvTa4]_000420_1c712359_aug_photo_exposure.png,1,player,1,0.211130,0.588025,0.412065,0.823949,Ich_sammel__i_tried_the_new_season [C-SDrECvTa4],420,14.000000,1.0000,False,manual_box,photo_exposure
Ich_sammel_i_tried_the_new_season_[C-SDrECvTa4]_000420_1c712359_aug_photo_exposure.png,0,enemy,1,0.500850,0.588422,0.070518,0.180809,Ich_sammel__i_tried_the_new_season [C-SDrECvTa4],420,14.000000,1.0000,False,manual_box,photo_exposure
Ich_sammel_i_tried_the_new_season_[C-SDrECvTa4]_000420_1c712359_aug_photo_exposure.png,0,enemy,1,0.700085,0.584457,0.047579,0.169707,Ich_sammel__i_tried_the_new_season [C-SDrECvTa4],420,14.000000,1.0000,False,manual_box,photo_exposure
Ich_sammel_i_tried_the_new_season_[C-SDrECvTa4]_000420_1c712359_aug_photo_exposure.png,0,enemy,1,0.900170,0.611420,0.106202,0.210944,Ich_sammel__i_tried_the_new_season [C-SDrECvTa4],420,14.000000,1.0000,False,manual_box,photo_exposure
Ich_sammel_i_tried_the_new_season_[C-SDrECvTa4]_000420_1c712359_aug_photo_gameplay.png,1,player,1,0.211130,0.588025,0.412065,0.823949,Ich_sammel__i_tried_the_new_season [C-SDrECvTa4],420,14.000000,1.0000,False,manual_box,photo_gameplay
Ich_sammel_i_tried_the_new_season_[C-SDrECvTa4]_000420_1c712359_aug_photo_gameplay.png,0,enemy,1,0.500850,0.588422,0.070518,0.180809,Ich_sammel__i_tried_the_new_season [C-SDrECvTa4],420,14.000000,1.0000,False,manual_box,photo_gameplay
Ich_sammel_i_tried_the_new_season_[C-SDrECvTa4]_000420_1c712359_aug_photo_gameplay.png,0,enemy,1,0.700085,0.584457,0.047579,0.169707,Ich_sammel__i_tried_the_new_season [C-SDrECvTa4],420,14.000000,1.0000,False,manual_box,photo_gameplay
Ich_sammel_i_tried_the_new_season_[C-SDrECvTa4]_000420_1c712359_aug_photo_gameplay.png,0,enemy,1,0.900170,0.611420,0.106202,0.210944,Ich_sammel__i_tried_the_new_season [C-SDrECvTa4],420,14.000000,1.0000,False,manual_box,photo_gameplay
Ich_sammel_i_tried_the_new_season_[C-SDrECvTa4]_000420_1c712359_aug_affine_mild.png,1,player,1,0.187401,0.550551,0.374802,0.851875,Ich_sammel__i_tried_the_new_season [C-SDrECvTa4],420,14.000000,1.0000,False,manual_box,affine_mild
Ich_sammel_i_tried_the_new_season_[C-SDrECvTa4]_000420_1c712359_aug_affine_mild.png,0,enemy,1,0.447887,0.588564,0.079494,0.184352,Ich_sammel__i_tried_the_new_season [C-SDrECvTa4],420,14.000000,1.0000,False,manual_box,affine_mild
Ich_sammel_i_tried_the_new_season_[C-SDrECvTa4]_000420_1c712359_aug_affine_mild.png,0,enemy,1,0.655296,0.610598,0.055252,0.170615,Ich_sammel__i_tried_the_new_season [C-SDrECvTa4],420,14.000000,1.0000,False,manual_box,affine_mild
Ich_sammel_i_tried_the_new_season_[C-SDrECvTa4]_000420_1c712359_aug_affine_mild.png,0,enemy,1,0.862541,0.662710,0.117639,0.218185,Ich_sammel__i_tried_the_new_season [C-SDrECvTa4],420,14.000000,1.0000,False,manual_box,affine_mild
Ich_sammel_i_tried_the_new_season_[C-SDrECvTa4]_000420_1c712359_aug_retarget_edge.png,1,player,1,0.230960,0.476605,0.412065,0.823949,Ich_sammel__i_tried_the_new_season [C-SDrECvTa4],420,14.000000,1.0000,False,manual_box,retarget_edge
Ich_sammel_i_tried_the_new_season_[C-SDrECvTa4]_000420_1c712359_aug_retarget_edge.png,0,enemy,1,0.520680,0.477002,0.070518,0.180809,Ich_sammel__i_tried_the_new_season [C-SDrECvTa4],420,14.000000,1.0000,False,manual_box,retarget_edge
Ich_sammel_i_tried_the_new_season_[C-SDrECvTa4]_000420_1c712359_aug_retarget_edge.png,0,enemy,1,0.719915,0.473037,0.047579,0.169707,Ich_sammel__i_tried_the_new_season [C-SDrECvTa4],420,14.000000,1.0000,False,manual_box,retarget_edge
Ich_sammel_i_tried_the_new_season_[C-SDrECvTa4]_000420_1c712359_aug_retarget_edge.png,0,enemy,1,0.920000,0.500000,0.106202,0.210944,Ich_sammel__i_tried_the_new_season [C-SDrECvTa4],420,14.000000,1.0000,False,manual_box,retarget_edge
Ich_sammel_i_tried_the_new_season_[C-SDrECvTa4]_000420_1c712359_aug_retarget_corner.png,1,player,1,0.230960,0.742315,0.412065,0.515370,Ich_sammel__i_tried_the_new_season [C-SDrECvTa4],420,14.000000,1.0000,False,manual_box,retarget_corner
Ich_sammel_i_tried_the_new_season_[C-SDrECvTa4]_000420_1c712359_aug_retarget_corner.png,0,enemy,1,0.520680,0.897002,0.070518,0.180809,Ich_sammel__i_tried_the_new_season [C-SDrECvTa4],420,14.000000,1.0000,False,manual_box,retarget_corner
Ich_sammel_i_tried_the_new_season_[C-SDrECvTa4]_000420_1c712359_aug_retarget_corner.png,0,enemy,1,0.719915,0.893037,0.047579,0.169707,Ich_sammel__i_tried_the_new_season [C-SDrECvTa4],420,14.000000,1.0000,False,manual_box,retarget_corner
Ich_sammel_i_tried_the_new_season_[C-SDrECvTa4]_000420_1c712359_aug_retarget_corner.png,0,enemy,1,0.920000,0.907264,0.106202,0.185472,Ich_sammel__i_tried_the_new_season [C-SDrECvTa4],420,14.000000,1.0000,False,manual_box,retarget_corner
Ich_sammel_i_tried_the_new_season_[C-SDrECvTa4]_000435_c8ca9b56_aug_original.png,1,player,1,0.343246,0.701427,0.261682,0.597145,Ich_sammel__i_tried_the_new_season [C-SDrECvTa4],435,14.500000,1.0000,False,manual_box,original
Ich_sammel_i_tried_the_new_season_[C-SDrECvTa4]_000435_c8ca9b56_aug_original.png,0,enemy,1,0.863636,0.574148,0.050127,0.136400,Ich_sammel__i_tried_the_new_season [C-SDrECvTa4],435,14.500000,1.0000,False,manual_box,original
Ich_sammel_i_tried_the_new_season_[C-SDrECvTa4]_000435_c8ca9b56_aug_original.png,0,enemy,1,0.691589,0.572561,0.049278,0.206186,Ich_sammel__i_tried_the_new_season [C-SDrECvTa4],435,14.500000,1.0000,False,manual_box,original
Ich_sammel_i_tried_the_new_season_[C-SDrECvTa4]_000435_c8ca9b56_aug_original.png,0,enemy,1,0.500425,0.558287,0.040782,0.174465,Ich_sammel__i_tried_the_new_season [C-SDrECvTa4],435,14.500000,1.0000,False,manual_box,original
Ich_sammel_i_tried_the_new_season_[C-SDrECvTa4]_000435_c8ca9b56_aug_original.png,0,enemy,1,0.163976,0.582871,0.084962,0.242665,Ich_sammel__i_tried_the_new_season [C-SDrECvTa4],435,14.500000,1.0000,False,manual_box,original
Ich_sammel_i_tried_the_new_season_[C-SDrECvTa4]_000435_c8ca9b56_aug_photo_exposure.png,1,player,1,0.343246,0.701427,0.261682,0.597145,Ich_sammel__i_tried_the_new_season [C-SDrECvTa4],435,14.500000,1.0000,False,manual_box,photo_exposure
Ich_sammel_i_tried_the_new_season_[C-SDrECvTa4]_000435_c8ca9b56_aug_photo_exposure.png,0,enemy,1,0.863636,0.574148,0.050127,0.136400,Ich_sammel__i_tried_the_new_season [C-SDrECvTa4],435,14.500000,1.0000,False,manual_box,photo_exposure
Ich_sammel_i_tried_the_new_season_[C-SDrECvTa4]_000435_c8ca9b56_aug_photo_exposure.png,0,enemy,1,0.691589,0.572561,0.049278,0.206186,Ich_sammel__i_tried_the_new_season [C-SDrECvTa4],435,14.500000,1.0000,False,manual_box,photo_exposure
Ich_sammel_i_tried_the_new_season_[C-SDrECvTa4]_000435_c8ca9b56_aug_photo_exposure.png,0,enemy,1,0.500425,0.558287,0.040782,0.174465,Ich_sammel__i_tried_the_new_season [C-SDrECvTa4],435,14.500000,1.0000,False,manual_box,photo_exposure
Ich_sammel_i_tried_the_new_season_[C-SDrECvTa4]_000435_c8ca9b56_aug_photo_exposure.png,0,enemy,1,0.163976,0.582871,0.084962,0.242665,Ich_sammel__i_tried_the_new_season [C-SDrECvTa4],435,14.500000,1.0000,False,manual_box,photo_exposure
Ich_sammel_i_tried_the_new_season_[C-SDrECvTa4]_000435_c8ca9b56_aug_photo_gameplay.png,1,player,1,0.343246,0.701427,0.261682,0.597145,Ich_sammel__i_tried_the_new_season [C-SDrECvTa4],435,14.500000,1.0000,False,manual_box,photo_gameplay
Ich_sammel_i_tried_the_new_season_[C-SDrECvTa4]_000435_c8ca9b56_aug_photo_gameplay.png,0,enemy,1,0.863636,0.574148,0.050127,0.136400,Ich_sammel__i_tried_the_new_season [C-SDrECvTa4],435,14.500000,1.0000,False,manual_box,photo_gameplay
Ich_sammel_i_tried_the_new_season_[C-SDrECvTa4]_000435_c8ca9b56_aug_photo_gameplay.png,0,enemy,1,0.691589,0.572561,0.049278,0.206186,Ich_sammel__i_tried_the_new_season [C-SDrECvTa4],435,14.500000,1.0000,False,manual_box,photo_gameplay
Ich_sammel_i_tried_the_new_season_[C-SDrECvTa4]_000435_c8ca9b56_aug_photo_gameplay.png,0,enemy,1,0.500425,0.558287,0.040782,0.174465,Ich_sammel__i_tried_the_new_season [C-SDrECvTa4],435,14.500000,1.0000,False,manual_box,photo_gameplay
Ich_sammel_i_tried_the_new_season_[C-SDrECvTa4]_000435_c8ca9b56_aug_photo_gameplay.png,0,enemy,1,0.163976,0.582871,0.084962,0.242665,Ich_sammel__i_tried_the_new_season [C-SDrECvTa4],435,14.500000,1.0000,False,manual_box,photo_gameplay
Ich_sammel_i_tried_the_new_season_[C-SDrECvTa4]_000435_c8ca9b56_aug_affine_mild.png,1,player,1,0.652452,0.666997,0.273888,0.666006,Ich_sammel__i_tried_the_new_season [C-SDrECvTa4],435,14.500000,1.0000,False,manual_box,affine_mild
Ich_sammel_i_tried_the_new_season_[C-SDrECvTa4]_000435_c8ca9b56_aug_affine_mild.png,0,enemy,1,0.165377,0.601227,0.053661,0.152335,Ich_sammel__i_tried_the_new_season [C-SDrECvTa4],435,14.500000,1.0000,False,manual_box,affine_mild
Ich_sammel_i_tried_the_new_season_[C-SDrECvTa4]_000435_c8ca9b56_aug_affine_mild.png,0,enemy,1,0.324038,0.577325,0.056668,0.226855,Ich_sammel__i_tried_the_new_season [C-SDrECvTa4],435,14.500000,1.0000,False,manual_box,affine_mild
Ich_sammel_i_tried_the_new_season_[C-SDrECvTa4]_000435_c8ca9b56_aug_affine_mild.png,0,enemy,1,0.499649,0.537387,0.047106,0.191836,Ich_sammel__i_tried_the_new_season [C-SDrECvTa4],435,14.500000,1.0000,False,manual_box,affine_mild
Ich_sammel_i_tried_the_new_season_[C-SDrECvTa4]_000435_c8ca9b56_aug_affine_mild.png,0,enemy,1,0.811424,0.520252,0.091575,0.270471,Ich_sammel__i_tried_the_new_season [C-SDrECvTa4],435,14.500000,1.0000,False,manual_box,affine_mild
Ich_sammel_i_tried_the_new_season_[C-SDrECvTa4]_000435_c8ca9b56_aug_retarget_edge.png,1,player,1,0.259270,0.618556,0.261682,0.597145,Ich_sammel__i_tried_the_new_season [C-SDrECvTa4],435,14.500000,1.0000,False,manual_box,retarget_edge
Ich_sammel_i_tried_the_new_season_[C-SDrECvTa4]_000435_c8ca9b56_aug_retarget_edge.png,0,enemy,1,0.779660,0.491277,0.050127,0.136400,Ich_sammel__i_tried_the_new_season [C-SDrECvTa4],435,14.500000,1.0000,False,manual_box,retarget_edge
Ich_sammel_i_tried_the_new_season_[C-SDrECvTa4]_000435_c8ca9b56_aug_retarget_edge.png,0,enemy,1,0.607613,0.489690,0.049278,0.206186,Ich_sammel__i_tried_the_new_season [C-SDrECvTa4],435,14.500000,1.0000,False,manual_box,retarget_edge
Ich_sammel_i_tried_the_new_season_[C-SDrECvTa4]_000435_c8ca9b56_aug_retarget_edge.png,0,enemy,1,0.416449,0.475416,0.040782,0.174465,Ich_sammel__i_tried_the_new_season [C-SDrECvTa4],435,14.500000,1.0000,False,manual_box,retarget_edge
Ich_sammel_i_tried_the_new_season_[C-SDrECvTa4]_000435_c8ca9b56_aug_retarget_edge.png,0,enemy,1,0.080000,0.500000,0.084962,0.242665,Ich_sammel__i_tried_the_new_season [C-SDrECvTa4],435,14.500000,1.0000,False,manual_box,retarget_edge
Ich_sammel_i_tried_the_new_season_[C-SDrECvTa4]_000435_c8ca9b56_aug_retarget_corner.png,1,player,1,0.259270,0.248564,0.261682,0.497129,Ich_sammel__i_tried_the_new_season [C-SDrECvTa4],435,14.500000,1.0000,False,manual_box,retarget_corner
Ich_sammel_i_tried_the_new_season_[C-SDrECvTa4]_000435_c8ca9b56_aug_retarget_corner.png,0,enemy,1,0.779660,0.071277,0.050127,0.136400,Ich_sammel__i_tried_the_new_season [C-SDrECvTa4],435,14.500000,1.0000,False,manual_box,retarget_corner
Ich_sammel_i_tried_the_new_season_[C-SDrECvTa4]_000435_c8ca9b56_aug_retarget_corner.png,0,enemy,1,0.607613,0.086391,0.049278,0.172783,Ich_sammel__i_tried_the_new_season [C-SDrECvTa4],435,14.500000,1.0000,False,manual_box,retarget_corner
Ich_sammel_i_tried_the_new_season_[C-SDrECvTa4]_000435_c8ca9b56_aug_retarget_corner.png,0,enemy,1,0.416449,0.071324,0.040782,0.142649,Ich_sammel__i_tried_the_new_season [C-SDrECvTa4],435,14.500000,1.0000,False,manual_box,retarget_corner
Ich_sammel_i_tried_the_new_season_[C-SDrECvTa4]_000435_c8ca9b56_aug_retarget_corner.png,0,enemy,1,0.080000,0.100666,0.084962,0.201333,Ich_sammel__i_tried_the_new_season [C-SDrECvTa4],435,14.500000,1.0000,False,manual_box,retarget_corner
Ich_sammel_i_tried_the_new_season_[C-SDrECvTa4]_000450_15323e0d_aug_original.png,1,player,1,0.404843,0.703807,0.172472,0.592386,Ich_sammel__i_tried_the_new_season [C-SDrECvTa4],450,15.000000,1.0000,False,manual_box,original
Ich_sammel_i_tried_the_new_season_[C-SDrECvTa4]_000450_15323e0d_aug_original.png,0,enemy,1,0.146984,0.585250,0.073067,0.291832,Ich_sammel__i_tried_the_new_season [C-SDrECvTa4],450,15.000000,1.0000,False,manual_box,original
Ich_sammel_i_tried_the_new_season_[C-SDrECvTa4]_000450_15323e0d_aug_original.png,0,enemy,1,0.244265,0.557494,0.063721,0.214116,Ich_sammel__i_tried_the_new_season [C-SDrECvTa4],450,15.000000,1.0000,False,manual_box,original
Ich_sammel_i_tried_the_new_season_[C-SDrECvTa4]_000450_15323e0d_aug_original.png,0,enemy,1,0.508071,0.560666,0.047579,0.150674,Ich_sammel__i_tried_the_new_season [C-SDrECvTa4],450,15.000000,1.0000,False,manual_box,original
Ich_sammel_i_tried_the_new_season_[C-SDrECvTa4]_000450_15323e0d_aug_original.png,0,enemy,1,0.655905,0.549564,0.040782,0.147502,Ich_sammel__i_tried_the_new_season [C-SDrECvTa4],450,15.000000,1.0000,False,manual_box,original
Ich_sammel_i_tried_the_new_season_[C-SDrECvTa4]_000450_15323e0d_aug_original.png,0,enemy,1,0.803738,0.553529,0.074766,0.212530,Ich_sammel__i_tried_the_new_season [C-SDrECvTa4],450,15.000000,1.0000,False,manual_box,original
Ich_sammel_i_tried_the_new_season_[C-SDrECvTa4]_000450_15323e0d_aug_photo_exposure.png,1,player,1,0.404843,0.703807,0.172472,0.592387,Ich_sammel__i_tried_the_new_season [C-SDrECvTa4],450,15.000000,1.0000,False,manual_box,photo_exposure
Ich_sammel_i_tried_the_new_season_[C-SDrECvTa4]_000450_15323e0d_aug_photo_exposure.png,0,enemy,1,0.146984,0.585250,0.073067,0.291832,Ich_sammel__i_tried_the_new_season [C-SDrECvTa4],450,15.000000,1.0000,False,manual_box,photo_exposure
Ich_sammel_i_tried_the_new_season_[C-SDrECvTa4]_000450_15323e0d_aug_photo_exposure.png,0,enemy,1,0.244265,0.557494,0.063721,0.214116,Ich_sammel__i_tried_the_new_season [C-SDrECvTa4],450,15.000000,1.0000,False,manual_box,photo_exposure
Ich_sammel_i_tried_the_new_season_[C-SDrECvTa4]_000450_15323e0d_aug_photo_exposure.png,0,enemy,1,0.508071,0.560666,0.047579,0.150674,Ich_sammel__i_tried_the_new_season [C-SDrECvTa4],450,15.000000,1.0000,False,manual_box,photo_exposure
Ich_sammel_i_tried_the_new_season_[C-SDrECvTa4]_000450_15323e0d_aug_photo_exposure.png,0,enemy,1,0.655905,0.549564,0.040782,0.147502,Ich_sammel__i_tried_the_new_season [C-SDrECvTa4],450,15.000000,1.0000,False,manual_box,photo_exposure
Ich_sammel_i_tried_the_new_season_[C-SDrECvTa4]_000450_15323e0d_aug_photo_exposure.png,0,enemy,1,0.803738,0.553529,0.074766,0.212530,Ich_sammel__i_tried_the_new_season [C-SDrECvTa4],450,15.000000,1.0000,False,manual_box,photo_exposure
Ich_sammel_i_tried_the_new_season_[C-SDrECvTa4]_000450_15323e0d_aug_photo_gameplay.png,1,player,1,0.404843,0.703807,0.172472,0.592387,Ich_sammel__i_tried_the_new_season [C-SDrECvTa4],450,15.000000,1.0000,False,manual_box,photo_gameplay
Ich_sammel_i_tried_the_new_season_[C-SDrECvTa4]_000450_15323e0d_aug_photo_gameplay.png,0,enemy,1,0.146984,0.585250,0.073067,0.291832,Ich_sammel__i_tried_the_new_season [C-SDrECvTa4],450,15.000000,1.0000,False,manual_box,photo_gameplay
Ich_sammel_i_tried_the_new_season_[C-SDrECvTa4]_000450_15323e0d_aug_photo_gameplay.png,0,enemy,1,0.244265,0.557494,0.063721,0.214116,Ich_sammel__i_tried_the_new_season [C-SDrECvTa4],450,15.000000,1.0000,False,manual_box,photo_gameplay
Ich_sammel_i_tried_the_new_season_[C-SDrECvTa4]_000450_15323e0d_aug_photo_gameplay.png,0,enemy,1,0.508071,0.560666,0.047579,0.150674,Ich_sammel__i_tried_the_new_season [C-SDrECvTa4],450,15.000000,1.0000,False,manual_box,photo_gameplay
Ich_sammel_i_tried_the_new_season_[C-SDrECvTa4]_000450_15323e0d_aug_photo_gameplay.png,0,enemy,1,0.655905,0.549564,0.040782,0.147502,Ich_sammel__i_tried_the_new_season [C-SDrECvTa4],450,15.000000,1.0000,False,manual_box,photo_gameplay
Ich_sammel_i_tried_the_new_season_[C-SDrECvTa4]_000450_15323e0d_aug_photo_gameplay.png,0,enemy,1,0.803738,0.553529,0.074766,0.212530,Ich_sammel__i_tried_the_new_season [C-SDrECvTa4],450,15.000000,1.0000,False,manual_box,photo_gameplay
Ich_sammel_i_tried_the_new_season_[C-SDrECvTa4]_000450_15323e0d_aug_affine_mild.png,1,player,1,0.567640,0.651061,0.191679,0.569634,Ich_sammel__i_tried_the_new_season [C-SDrECvTa4],450,15.000000,1.0000,False,manual_box,affine_mild
Ich_sammel_i_tried_the_new_season_[C-SDrECvTa4]_000450_15323e0d_aug_affine_mild.png,0,enemy,1,0.836449,0.528342,0.081927,0.280159,Ich_sammel__i_tried_the_new_season [C-SDrECvTa4],450,15.000000,1.0000,False,manual_box,affine_mild
Ich_sammel_i_tried_the_new_season_[C-SDrECvTa4]_000450_15323e0d_aug_affine_mild.png,0,enemy,1,0.733755,0.505764,0.070733,0.205946,Ich_sammel__i_tried_the_new_season [C-SDrECvTa4],450,15.000000,1.0000,False,manual_box,affine_mild
Ich_sammel_i_tried_the_new_season_[C-SDrECvTa4]_000450_15323e0d_aug_affine_mild.png,0,enemy,1,0.456656,0.519073,0.052652,0.145032,Ich_sammel__i_tried_the_new_season [C-SDrECvTa4],450,15.000000,1.0000,False,manual_box,affine_mild
Ich_sammel_i_tried_the_new_season_[C-SDrECvTa4]_000450_15323e0d_aug_affine_mild.png,0,enemy,1,0.301146,0.514292,0.045455,0.141752,Ich_sammel__i_tried_the_new_season [C-SDrECvTa4],450,15.000000,1.0000,False,manual_box,affine_mild
Ich_sammel_i_tried_the_new_season_[C-SDrECvTa4]_000450_15323e0d_aug_affine_mild.png,0,enemy,1,0.145903,0.523829,0.082309,0.204870,Ich_sammel__i_tried_the_new_season [C-SDrECvTa4],450,15.000000,1.0000,False,manual_box,affine_mild
Ich_sammel_i_tried_the_new_season_[C-SDrECvTa4]_000450_15323e0d_aug_retarget_edge.png,1,player,1,0.337859,0.618557,0.172472,0.592386,Ich_sammel__i_tried_the_new_season [C-SDrECvTa4],450,15.000000,1.0000,False,manual_box,retarget_edge
Ich_sammel_i_tried_the_new_season_[C-SDrECvTa4]_000450_15323e0d_aug_retarget_edge.png,0,enemy,1,0.080000,0.500000,0.073067,0.291832,Ich_sammel__i_tried_the_new_season [C-SDrECvTa4],450,15.000000,1.0000,False,manual_box,retarget_edge
Ich_sammel_i_tried_the_new_season_[C-SDrECvTa4]_000450_15323e0d_aug_retarget_edge.png,0,enemy,1,0.177281,0.472244,0.063721,0.214116,Ich_sammel__i_tried_the_new_season [C-SDrECvTa4],450,15.000000,1.0000,False,manual_box,retarget_edge
Ich_sammel_i_tried_the_new_season_[C-SDrECvTa4]_000450_15323e0d_aug_retarget_edge.png,0,enemy,1,0.441087,0.475416,0.047579,0.150674,Ich_sammel__i_tried_the_new_season [C-SDrECvTa4],450,15.000000,1.0000,False,manual_box,retarget_edge
Ich_sammel_i_tried_the_new_season_[C-SDrECvTa4]_000450_15323e0d_aug_retarget_edge.png,0,enemy,1,0.588921,0.464314,0.040782,0.147502,Ich_sammel__i_tried_the_new_season [C-SDrECvTa4],450,15.000000,1.0000,False,manual_box,retarget_edge
Ich_sammel_i_tried_the_new_season_[C-SDrECvTa4]_000450_15323e0d_aug_retarget_edge.png,0,enemy,1,0.736754,0.468279,0.074766,0.212530,Ich_sammel__i_tried_the_new_season [C-SDrECvTa4],450,15.000000,1.0000,False,manual_box,retarget_edge
Ich_sammel_i_tried_the_new_season_[C-SDrECvTa4]_000450_15323e0d_aug_retarget_corner.png,1,player,1,0.337859,0.247375,0.172472,0.494750,Ich_sammel__i_tried_the_new_season [C-SDrECvTa4],450,15.000000,1.0000,False,manual_box,retarget_corner
Ich_sammel_i_tried_the_new_season_[C-SDrECvTa4]_000450_15323e0d_aug_retarget_corner.png,0,enemy,1,0.080000,0.112958,0.073067,0.225916,Ich_sammel__i_tried_the_new_season [C-SDrECvTa4],450,15.000000,1.0000,False,manual_box,retarget_corner
Ich_sammel_i_tried_the_new_season_[C-SDrECvTa4]_000450_15323e0d_aug_retarget_corner.png,0,enemy,1,0.177281,0.079651,0.063721,0.159302,Ich_sammel__i_tried_the_new_season [C-SDrECvTa4],450,15.000000,1.0000,False,manual_box,retarget_corner
Ich_sammel_i_tried_the_new_season_[C-SDrECvTa4]_000450_15323e0d_aug_retarget_corner.png,0,enemy,1,0.441087,0.065376,0.047579,0.130753,Ich_sammel__i_tried_the_new_season [C-SDrECvTa4],450,15.000000,1.0000,False,manual_box,retarget_corner
Ich_sammel_i_tried_the_new_season_[C-SDrECvTa4]_000450_15323e0d_aug_retarget_corner.png,0,enemy,1,0.588921,0.059033,0.040782,0.118065,Ich_sammel__i_tried_the_new_season [C-SDrECvTa4],450,15.000000,1.0000,False,manual_box,retarget_corner
Ich_sammel_i_tried_the_new_season_[C-SDrECvTa4]_000450_15323e0d_aug_retarget_corner.png,0,enemy,1,0.736754,0.077272,0.074766,0.154544,Ich_sammel__i_tried_the_new_season [C-SDrECvTa4],450,15.000000,1.0000,False,manual_box,retarget_corner
Ich_sammel_i_tried_the_new_season_[C-SDrECvTa4]_000465_cdaf5460_aug_original.png,1,player,1,0.214953,0.595956,0.423110,0.808088,Ich_sammel__i_tried_the_new_season [C-SDrECvTa4],465,15.500000,1.0000,False,manual_box,original
Ich_sammel_i_tried_the_new_season_[C-SDrECvTa4]_000465_cdaf5460_aug_original.png,0,enemy,1,0.826678,0.558287,0.061172,0.142744,Ich_sammel__i_tried_the_new_season [C-SDrECvTa4],465,15.500000,1.0000,False,manual_box,original
Ich_sammel_i_tried_the_new_season_[C-SDrECvTa4]_000465_cdaf5460_aug_original.png,0,enemy,1,0.671623,0.557494,0.072218,0.163362,Ich_sammel__i_tried_the_new_season [C-SDrECvTa4],465,15.500000,1.0000,False,manual_box,original
Ich_sammel_i_tried_the_new_season_[C-SDrECvTa4]_000465_cdaf5460_aug_original.png,0,enemy,1,0.500000,0.554322,0.073917,0.172879,Ich_sammel__i_tried_the_new_season [C-SDrECvTa4],465,15.500000,1.0000,False,manual_box,original
Ich_sammel_i_tried_the_new_season_[C-SDrECvTa4]_000465_cdaf5460_aug_original.png,0,enemy,1,0.207307,0.592387,0.066270,0.207772,Ich_sammel__i_tried_the_new_season [C-SDrECvTa4],465,15.500000,1.0000,False,manual_box,original
Ich_sammel_i_tried_the_new_season_[C-SDrECvTa4]_000465_cdaf5460_aug_photo_exposure.png,1,player,1,0.214953,0.595956,0.423110,0.808088,Ich_sammel__i_tried_the_new_season [C-SDrECvTa4],465,15.500000,1.0000,False,manual_box,photo_exposure
Ich_sammel_i_tried_the_new_season_[C-SDrECvTa4]_000465_cdaf5460_aug_photo_exposure.png,0,enemy,1,0.826678,0.558287,0.061172,0.142744,Ich_sammel__i_tried_the_new_season [C-SDrECvTa4],465,15.500000,1.0000,False,manual_box,photo_exposure
Ich_sammel_i_tried_the_new_season_[C-SDrECvTa4]_000465_cdaf5460_aug_photo_exposure.png,0,enemy,1,0.671623,0.557494,0.072218,0.163362,Ich_sammel__i_tried_the_new_season [C-SDrECvTa4],465,15.500000,1.0000,False,manual_box,photo_exposure
Ich_sammel_i_tried_the_new_season_[C-SDrECvTa4]_000465_cdaf5460_aug_photo_exposure.png,0,enemy,1,0.500000,0.554322,0.073917,0.172879,Ich_sammel__i_tried_the_new_season [C-SDrECvTa4],465,15.500000,1.0000,False,manual_box,photo_exposure
Ich_sammel_i_tried_the_new_season_[C-SDrECvTa4]_000465_cdaf5460_aug_photo_exposure.png,0,enemy,1,0.207307,0.592387,0.066270,0.207772,Ich_sammel__i_tried_the_new_season [C-SDrECvTa4],465,15.500000,1.0000,False,manual_box,photo_exposure
Ich_sammel_i_tried_the_new_season_[C-SDrECvTa4]_000465_cdaf5460_aug_photo_gameplay.png,1,player,1,0.214953,0.595956,0.423110,0.808088,Ich_sammel__i_tried_the_new_season [C-SDrECvTa4],465,15.500000,1.0000,False,manual_box,photo_gameplay
Ich_sammel_i_tried_the_new_season_[C-SDrECvTa4]_000465_cdaf5460_aug_photo_gameplay.png,0,enemy,1,0.826678,0.558287,0.061172,0.142744,Ich_sammel__i_tried_the_new_season [C-SDrECvTa4],465,15.500000,1.0000,False,manual_box,photo_gameplay
Ich_sammel_i_tried_the_new_season_[C-SDrECvTa4]_000465_cdaf5460_aug_photo_gameplay.png,0,enemy,1,0.671623,0.557494,0.072218,0.163362,Ich_sammel__i_tried_the_new_season [C-SDrECvTa4],465,15.500000,1.0000,False,manual_box,photo_gameplay
Ich_sammel_i_tried_the_new_season_[C-SDrECvTa4]_000465_cdaf5460_aug_photo_gameplay.png,0,enemy,1,0.500000,0.554322,0.073917,0.172879,Ich_sammel__i_tried_the_new_season [C-SDrECvTa4],465,15.500000,1.0000,False,manual_box,photo_gameplay
Ich_sammel_i_tried_the_new_season_[C-SDrECvTa4]_000465_cdaf5460_aug_photo_gameplay.png,0,enemy,1,0.207307,0.592387,0.066270,0.207772,Ich_sammel__i_tried_the_new_season [C-SDrECvTa4],465,15.500000,1.0000,False,manual_box,photo_gameplay
Ich_sammel_i_tried_the_new_season_[C-SDrECvTa4]_000465_cdaf5460_aug_affine_mild.png,1,player,1,0.194690,0.538627,0.389380,0.922746,Ich_sammel__i_tried_the_new_season [C-SDrECvTa4],465,15.500000,1.0000,False,manual_box,affine_mild
Ich_sammel_i_tried_the_new_season_[C-SDrECvTa4]_000465_cdaf5460_aug_affine_mild.png,0,enemy,1,0.773547,0.602024,0.068214,0.165129,Ich_sammel__i_tried_the_new_season [C-SDrECvTa4],465,15.500000,1.0000,False,manual_box,affine_mild
Ich_sammel_i_tried_the_new_season_[C-SDrECvTa4]_000465_cdaf5460_aug_affine_mild.png,0,enemy,1,0.617953,0.577667,0.080285,0.189315,Ich_sammel__i_tried_the_new_season [C-SDrECvTa4],465,15.500000,1.0000,False,manual_box,affine_mild
Ich_sammel_i_tried_the_new_season_[C-SDrECvTa4]_000465_cdaf5460_aug_affine_mild.png,0,enemy,1,0.445844,0.548203,0.082445,0.199964,Ich_sammel__i_tried_the_new_season [C-SDrECvTa4],465,15.500000,1.0000,False,manual_box,affine_mild
Ich_sammel_i_tried_the_new_season_[C-SDrECvTa4]_000465_cdaf5460_aug_affine_mild.png,0,enemy,1,0.150247,0.545423,0.076435,0.236905,Ich_sammel__i_tried_the_new_season [C-SDrECvTa4],465,15.500000,1.0000,False,manual_box,affine_mild
Ich_sammel_i_tried_the_new_season_[C-SDrECvTa4]_000465_cdaf5460_aug_retarget_edge.png,1,player,1,0.149601,0.503569,0.299201,0.808088,Ich_sammel__i_tried_the_new_season [C-SDrECvTa4],465,15.500000,1.0000,False,manual_box,retarget_edge
Ich_sammel_i_tried_the_new_season_[C-SDrECvTa4]_000465_cdaf5460_aug_retarget_edge.png,0,enemy,1,0.699371,0.465900,0.061172,0.142744,Ich_sammel__i_tried_the_new_season [C-SDrECvTa4],465,15.500000,1.0000,False,manual_box,retarget_edge
Ich_sammel_i_tried_the_new_season_[C-SDrECvTa4]_000465_cdaf5460_aug_retarget_edge.png,0,enemy,1,0.544316,0.465107,0.072218,0.163362,Ich_sammel__i_tried_the_new_season [C-SDrECvTa4],465,15.500000,1.0000,False,manual_box,retarget_edge
Ich_sammel_i_tried_the_new_season_[C-SDrECvTa4]_000465_cdaf5460_aug_retarget_edge.png,0,enemy,1,0.372693,0.461935,0.073917,0.172879,Ich_sammel__i_tried_the_new_season [C-SDrECvTa4],465,15.500000,1.0000,False,manual_box,retarget_edge
Ich_sammel_i_tried_the_new_season_[C-SDrECvTa4]_000465_cdaf5460_aug_retarget_edge.png,0,enemy,1,0.080000,0.500000,0.066270,0.207772,Ich_sammel__i_tried_the_new_season [C-SDrECvTa4],465,15.500000,1.0000,False,manual_box,retarget_edge
Ich_sammel_i_tried_the_new_season_[C-SDrECvTa4]_000465_cdaf5460_aug_retarget_corner.png,0,enemy,1,0.699371,0.058636,0.061172,0.117272,Ich_sammel__i_tried_the_new_season [C-SDrECvTa4],465,15.500000,1.0000,False,manual_box,retarget_corner
Ich_sammel_i_tried_the_new_season_[C-SDrECvTa4]_000465_cdaf5460_aug_retarget_corner.png,0,enemy,1,0.544316,0.063394,0.072218,0.126788,Ich_sammel__i_tried_the_new_season [C-SDrECvTa4],465,15.500000,1.0000,False,manual_box,retarget_corner
Ich_sammel_i_tried_the_new_season_[C-SDrECvTa4]_000465_cdaf5460_aug_retarget_corner.png,0,enemy,1,0.372693,0.064187,0.073917,0.128375,Ich_sammel__i_tried_the_new_season [C-SDrECvTa4],465,15.500000,1.0000,False,manual_box,retarget_corner
Ich_sammel_i_tried_the_new_season_[C-SDrECvTa4]_000465_cdaf5460_aug_retarget_corner.png,0,enemy,1,0.080000,0.091943,0.066270,0.183886,Ich_sammel__i_tried_the_new_season [C-SDrECvTa4],465,15.500000,1.0000,False,manual_box,retarget_corner
Ich_sammel_i_tried_the_new_season_[C-SDrECvTa4]_000480_406ef5e0_aug_original.png,1,player,1,0.201359,0.579699,0.397621,0.772403,Ich_sammel__i_tried_the_new_season [C-SDrECvTa4],480,16.000000,1.0000,False,manual_box,original
Ich_sammel_i_tried_the_new_season_[C-SDrECvTa4]_000480_406ef5e0_aug_original.png,0,enemy,1,0.500425,0.569389,0.059473,0.164948,Ich_sammel__i_tried_the_new_season [C-SDrECvTa4],480,16.000000,1.0000,False,manual_box,original
Ich_sammel_i_tried_the_new_season_[C-SDrECvTa4]_000480_406ef5e0_aug_original.png,0,enemy,1,0.670773,0.573354,0.058624,0.153846,Ich_sammel__i_tried_the_new_season [C-SDrECvTa4],480,16.000000,1.0000,False,manual_box,original
Ich_sammel_i_tried_the_new_season_[C-SDrECvTa4]_000480_406ef5e0_aug_original.png,0,enemy,1,0.831776,0.594766,0.056075,0.199841,Ich_sammel__i_tried_the_new_season [C-SDrECvTa4],480,16.000000,1.0000,False,manual_box,original
Ich_sammel_i_tried_the_new_season_[C-SDrECvTa4]_000480_406ef5e0_aug_photo_exposure.png,1,player,1,0.201359,0.579699,0.397621,0.772403,Ich_sammel__i_tried_the_new_season [C-SDrECvTa4],480,16.000000,1.0000,False,manual_box,photo_exposure
Ich_sammel_i_tried_the_new_season_[C-SDrECvTa4]_000480_406ef5e0_aug_photo_exposure.png,0,enemy,1,0.500425,0.569389,0.059473,0.164948,Ich_sammel__i_tried_the_new_season [C-SDrECvTa4],480,16.000000,1.0000,False,manual_box,photo_exposure
Ich_sammel_i_tried_the_new_season_[C-SDrECvTa4]_000480_406ef5e0_aug_photo_exposure.png,0,enemy,1,0.670773,0.573354,0.058624,0.153846,Ich_sammel__i_tried_the_new_season [C-SDrECvTa4],480,16.000000,1.0000,False,manual_box,photo_exposure
Ich_sammel_i_tried_the_new_season_[C-SDrECvTa4]_000480_406ef5e0_aug_photo_exposure.png,0,enemy,1,0.831776,0.594766,0.056075,0.199841,Ich_sammel__i_tried_the_new_season [C-SDrECvTa4],480,16.000000,1.0000,False,manual_box,photo_exposure
Ich_sammel_i_tried_the_new_season_[C-SDrECvTa4]_000480_406ef5e0_aug_photo_gameplay.png,1,player,1,0.201359,0.579699,0.397621,0.772403,Ich_sammel__i_tried_the_new_season [C-SDrECvTa4],480,16.000000,1.0000,False,manual_box,photo_gameplay
Ich_sammel_i_tried_the_new_season_[C-SDrECvTa4]_000480_406ef5e0_aug_photo_gameplay.png,0,enemy,1,0.500425,0.569389,0.059473,0.164948,Ich_sammel__i_tried_the_new_season [C-SDrECvTa4],480,16.000000,1.0000,False,manual_box,photo_gameplay
Ich_sammel_i_tried_the_new_season_[C-SDrECvTa4]_000480_406ef5e0_aug_photo_gameplay.png,0,enemy,1,0.670773,0.573354,0.058624,0.153846,Ich_sammel__i_tried_the_new_season [C-SDrECvTa4],480,16.000000,1.0000,False,manual_box,photo_gameplay
Ich_sammel_i_tried_the_new_season_[C-SDrECvTa4]_000480_406ef5e0_aug_photo_gameplay.png,0,enemy,1,0.831776,0.594766,0.056075,0.199841,Ich_sammel__i_tried_the_new_season [C-SDrECvTa4],480,16.000000,1.0000,False,manual_box,photo_gameplay
Ich_sammel_i_tried_the_new_season_[C-SDrECvTa4]_000480_406ef5e0_aug_affine_mild.png,1,player,1,0.816635,0.617412,0.366731,0.765176,Ich_sammel__i_tried_the_new_season [C-SDrECvTa4],480,16.000000,1.0000,False,manual_box,affine_mild
Ich_sammel_i_tried_the_new_season_[C-SDrECvTa4]_000480_406ef5e0_aug_affine_mild.png,0,enemy,1,0.541784,0.604449,0.071952,0.178698,Ich_sammel__i_tried_the_new_season [C-SDrECvTa4],480,16.000000,1.0000,False,manual_box,affine_mild
Ich_sammel_i_tried_the_new_season_[C-SDrECvTa4]_000480_406ef5e0_aug_affine_mild.png,0,enemy,1,0.356393,0.581351,0.070539,0.167174,Ich_sammel__i_tried_the_new_season [C-SDrECvTa4],480,16.000000,1.0000,False,manual_box,affine_mild
Ich_sammel_i_tried_the_new_season_[C-SDrECvTa4]_000480_406ef5e0_aug_affine_mild.png,0,enemy,1,0.180392,0.577642,0.069800,0.213952,Ich_sammel__i_tried_the_new_season [C-SDrECvTa4],480,16.000000,1.0000,False,manual_box,affine_mild
Ich_sammel_i_tried_the_new_season_[C-SDrECvTa4]_000480_406ef5e0_aug_retarget_edge.png,1,player,1,0.289583,0.484933,0.397621,0.772403,Ich_sammel__i_tried_the_new_season [C-SDrECvTa4],480,16.000000,1.0000,False,manual_box,retarget_edge
Ich_sammel_i_tried_the_new_season_[C-SDrECvTa4]_000480_406ef5e0_aug_retarget_edge.png,0,enemy,1,0.588649,0.474623,0.059473,0.164948,Ich_sammel__i_tried_the_new_season [C-SDrECvTa4],480,16.000000,1.0000,False,manual_box,retarget_edge
Ich_sammel_i_tried_the_new_season_[C-SDrECvTa4]_000480_406ef5e0_aug_retarget_edge.png,0,enemy,1,0.758997,0.478588,0.058624,0.153846,Ich_sammel__i_tried_the_new_season [C-SDrECvTa4],480,16.000000,1.0000,False,manual_box,retarget_edge
Ich_sammel_i_tried_the_new_season_[C-SDrECvTa4]_000480_406ef5e0_aug_retarget_edge.png,0,enemy,1,0.920000,0.500000,0.056075,0.199841,Ich_sammel__i_tried_the_new_season [C-SDrECvTa4],480,16.000000,1.0000,False,manual_box,retarget_edge
Ich_sammel_i_tried_the_new_season_[C-SDrECvTa4]_000480_406ef5e0_aug_retarget_corner.png,1,player,1,0.289583,0.759366,0.397621,0.481269,Ich_sammel__i_tried_the_new_season [C-SDrECvTa4],480,16.000000,1.0000,False,manual_box,retarget_corner
Ich_sammel_i_tried_the_new_season_[C-SDrECvTa4]_000480_406ef5e0_aug_retarget_corner.png,0,enemy,1,0.588649,0.894623,0.059473,0.164948,Ich_sammel__i_tried_the_new_season [C-SDrECvTa4],480,16.000000,1.0000,False,manual_box,retarget_corner
Ich_sammel_i_tried_the_new_season_[C-SDrECvTa4]_000480_406ef5e0_aug_retarget_corner.png,0,enemy,1,0.758997,0.898588,0.058624,0.153846,Ich_sammel__i_tried_the_new_season [C-SDrECvTa4],480,16.000000,1.0000,False,manual_box,retarget_corner
Ich_sammel_i_tried_the_new_season_[C-SDrECvTa4]_000480_406ef5e0_aug_retarget_corner.png,0,enemy,1,0.920000,0.910040,0.056075,0.179921,Ich_sammel__i_tried_the_new_season [C-SDrECvTa4],480,16.000000,1.0000,False,manual_box,retarget_corner
Ich_sammel_i_tried_the_new_season_[C-SDrECvTa4]_000495_350f36d1_aug_original.png,1,player,1,0.210280,0.592784,0.418862,0.814433,Ich_sammel__i_tried_the_new_season [C-SDrECvTa4],495,16.500000,1.0000,False,manual_box,original
Ich_sammel_i_tried_the_new_season_[C-SDrECvTa4]_000495_350f36d1_aug_original.png,0,enemy,1,0.833050,0.582078,0.062022,0.155432,Ich_sammel__i_tried_the_new_season [C-SDrECvTa4],495,16.500000,1.0000,False,manual_box,original
Ich_sammel_i_tried_the_new_season_[C-SDrECvTa4]_000495_350f36d1_aug_original.png,0,enemy,1,0.671623,0.564631,0.043331,0.161776,Ich_sammel__i_tried_the_new_season [C-SDrECvTa4],495,16.500000,1.0000,False,manual_box,original
Ich_sammel_i_tried_the_new_season_[C-SDrECvTa4]_000495_350f36d1_aug_original.png,0,enemy,1,0.506372,0.561459,0.062872,0.180809,Ich_sammel__i_tried_the_new_season [C-SDrECvTa4],495,16.500000,1.0000,False,manual_box,original
Ich_sammel_i_tried_the_new_season_[C-SDrECvTa4]_000495_350f36d1_aug_original.png,0,enemy,1,0.212404,0.590801,0.066270,0.191911,Ich_sammel__i_tried_the_new_season [C-SDrECvTa4],495,16.500000,1.0000,False,manual_box,original
Ich_sammel_i_tried_the_new_season_[C-SDrECvTa4]_000495_350f36d1_aug_photo_exposure.png,1,player,1,0.210280,0.592784,0.418862,0.814433,Ich_sammel__i_tried_the_new_season [C-SDrECvTa4],495,16.500000,1.0000,False,manual_box,photo_exposure
Ich_sammel_i_tried_the_new_season_[C-SDrECvTa4]_000495_350f36d1_aug_photo_exposure.png,0,enemy,1,0.833050,0.582078,0.062022,0.155432,Ich_sammel__i_tried_the_new_season [C-SDrECvTa4],495,16.500000,1.0000,False,manual_box,photo_exposure
Ich_sammel_i_tried_the_new_season_[C-SDrECvTa4]_000495_350f36d1_aug_photo_exposure.png,0,enemy,1,0.671623,0.564631,0.043331,0.161776,Ich_sammel__i_tried_the_new_season [C-SDrECvTa4],495,16.500000,1.0000,False,manual_box,photo_exposure
Ich_sammel_i_tried_the_new_season_[C-SDrECvTa4]_000495_350f36d1_aug_photo_exposure.png,0,enemy,1,0.506372,0.561459,0.062872,0.180809,Ich_sammel__i_tried_the_new_season [C-SDrECvTa4],495,16.500000,1.0000,False,manual_box,photo_exposure
Ich_sammel_i_tried_the_new_season_[C-SDrECvTa4]_000495_350f36d1_aug_photo_exposure.png,0,enemy,1,0.212404,0.590801,0.066270,0.191911,Ich_sammel__i_tried_the_new_season [C-SDrECvTa4],495,16.500000,1.0000,False,manual_box,photo_exposure
Ich_sammel_i_tried_the_new_season_[C-SDrECvTa4]_000495_350f36d1_aug_photo_gameplay.png,1,player,1,0.210280,0.592784,0.418862,0.814433,Ich_sammel__i_tried_the_new_season [C-SDrECvTa4],495,16.500000,1.0000,False,manual_box,photo_gameplay
Ich_sammel_i_tried_the_new_season_[C-SDrECvTa4]_000495_350f36d1_aug_photo_gameplay.png,0,enemy,1,0.833050,0.582078,0.062022,0.155432,Ich_sammel__i_tried_the_new_season [C-SDrECvTa4],495,16.500000,1.0000,False,manual_box,photo_gameplay
Ich_sammel_i_tried_the_new_season_[C-SDrECvTa4]_000495_350f36d1_aug_photo_gameplay.png,0,enemy,1,0.671623,0.564631,0.043331,0.161776,Ich_sammel__i_tried_the_new_season [C-SDrECvTa4],495,16.500000,1.0000,False,manual_box,photo_gameplay
Ich_sammel_i_tried_the_new_season_[C-SDrECvTa4]_000495_350f36d1_aug_photo_gameplay.png,0,enemy,1,0.506372,0.561459,0.062872,0.180809,Ich_sammel__i_tried_the_new_season [C-SDrECvTa4],495,16.500000,1.0000,False,manual_box,photo_gameplay
Ich_sammel_i_tried_the_new_season_[C-SDrECvTa4]_000495_350f36d1_aug_photo_gameplay.png,0,enemy,1,0.212404,0.590801,0.066270,0.191911,Ich_sammel__i_tried_the_new_season [C-SDrECvTa4],495,16.500000,1.0000,False,manual_box,photo_gameplay
Ich_sammel_i_tried_the_new_season_[C-SDrECvTa4]_000495_350f36d1_aug_affine_mild.png,1,player,1,0.196945,0.560533,0.393891,0.795850,Ich_sammel__i_tried_the_new_season [C-SDrECvTa4],495,16.500000,1.0000,False,manual_box,affine_mild
Ich_sammel_i_tried_the_new_season_[C-SDrECvTa4]_000495_350f36d1_aug_affine_mild.png,0,enemy,1,0.775687,0.564802,0.059487,0.151466,Ich_sammel__i_tried_the_new_season [C-SDrECvTa4],495,16.500000,1.0000,False,manual_box,affine_mild
Ich_sammel_i_tried_the_new_season_[C-SDrECvTa4]_000495_350f36d1_aug_affine_mild.png,0,enemy,1,0.625174,0.544179,0.042104,0.157150,Ich_sammel__i_tried_the_new_season [C-SDrECvTa4],495,16.500000,1.0000,False,manual_box,affine_mild
Ich_sammel_i_tried_the_new_season_[C-SDrECvTa4]_000495_350f36d1_aug_affine_mild.png,0,enemy,1,0.470945,0.537243,0.060540,0.175977,Ich_sammel__i_tried_the_new_season [C-SDrECvTa4],495,16.500000,1.0000,False,manual_box,affine_mild
Ich_sammel_i_tried_the_new_season_[C-SDrECvTa4]_000495_350f36d1_aug_affine_mild.png,0,enemy,1,0.196226,0.558669,0.063825,0.186772,Ich_sammel__i_tried_the_new_season [C-SDrECvTa4],495,16.500000,1.0000,False,manual_box,affine_mild
Ich_sammel_i_tried_the_new_season_[C-SDrECvTa4]_000495_350f36d1_aug_retarget_edge.png,1,player,1,0.143654,0.501983,0.287307,0.814433,Ich_sammel__i_tried_the_new_season [C-SDrECvTa4],495,16.500000,1.0000,False,manual_box,retarget_edge
Ich_sammel_i_tried_the_new_season_[C-SDrECvTa4]_000495_350f36d1_aug_retarget_edge.png,0,enemy,1,0.700646,0.491277,0.062022,0.155432,Ich_sammel__i_tried_the_new_season [C-SDrECvTa4],495,16.500000,1.0000,False,manual_box,retarget_edge
Ich_sammel_i_tried_the_new_season_[C-SDrECvTa4]_000495_350f36d1_aug_retarget_edge.png,0,enemy,1,0.539219,0.473830,0.043331,0.161776,Ich_sammel__i_tried_the_new_season [C-SDrECvTa4],495,16.500000,1.0000,False,manual_box,retarget_edge
Ich_sammel_i_tried_the_new_season_[C-SDrECvTa4]_000495_350f36d1_aug_retarget_edge.png,0,enemy,1,0.373968,0.470658,0.062872,0.180809,Ich_sammel__i_tried_the_new_season [C-SDrECvTa4],495,16.500000,1.0000,False,manual_box,retarget_edge
Ich_sammel_i_tried_the_new_season_[C-SDrECvTa4]_000495_350f36d1_aug_retarget_edge.png,0,enemy,1,0.080000,0.500000,0.066270,0.191911,Ich_sammel__i_tried_the_new_season [C-SDrECvTa4],495,16.500000,1.0000,False,manual_box,retarget_edge
Ich_sammel_i_tried_the_new_season_[C-SDrECvTa4]_000495_350f36d1_aug_retarget_corner.png,0,enemy,1,0.700646,0.911277,0.062022,0.155432,Ich_sammel__i_tried_the_new_season [C-SDrECvTa4],495,16.500000,1.0000,False,manual_box,retarget_corner
Ich_sammel_i_tried_the_new_season_[C-SDrECvTa4]_000495_350f36d1_aug_retarget_corner.png,0,enemy,1,0.539219,0.893830,0.043331,0.161776,Ich_sammel__i_tried_the_new_season [C-SDrECvTa4],495,16.500000,1.0000,False,manual_box,retarget_corner
Ich_sammel_i_tried_the_new_season_[C-SDrECvTa4]_000495_350f36d1_aug_retarget_corner.png,0,enemy,1,0.373968,0.890658,0.062872,0.180809,Ich_sammel__i_tried_the_new_season [C-SDrECvTa4],495,16.500000,1.0000,False,manual_box,retarget_corner
Ich_sammel_i_tried_the_new_season_[C-SDrECvTa4]_000495_350f36d1_aug_retarget_corner.png,0,enemy,1,0.080000,0.912022,0.066270,0.175955,Ich_sammel__i_tried_the_new_season [C-SDrECvTa4],495,16.500000,1.0000,False,manual_box,retarget_corner
Ich_sammel_i_tried_the_new_season_[C-SDrECvTa4]_000510_b58b4252_aug_original.png,1,player,1,0.368309,0.676051,0.238743,0.647898,Ich_sammel__i_tried_the_new_season [C-SDrECvTa4],510,17.000000,1.0000,False,manual_box,original
Ich_sammel_i_tried_the_new_season_[C-SDrECvTa4]_000510_b58b4252_aug_original.png,0,enemy,1,0.155055,0.594766,0.080714,0.253767,Ich_sammel__i_tried_the_new_season [C-SDrECvTa4],510,17.000000,1.0000,False,manual_box,original
Ich_sammel_i_tried_the_new_season_[C-SDrECvTa4]_000510_b58b4252_aug_original.png,0,enemy,1,0.246814,0.569389,0.058624,0.171293,Ich_sammel__i_tried_the_new_season [C-SDrECvTa4],510,17.000000,1.0000,False,manual_box,original
Ich_sammel_i_tried_the_new_season_[C-SDrECvTa4]_000510_b58b4252_aug_original.png,0,enemy,1,0.652082,0.557494,0.053526,0.137986,Ich_sammel__i_tried_the_new_season [C-SDrECvTa4],510,17.000000,1.0000,False,manual_box,original
Ich_sammel_i_tried_the_new_season_[C-SDrECvTa4]_000510_b58b4252_aug_original.png,0,enemy,1,0.493628,0.552736,0.044180,0.147502,Ich_sammel__i_tried_the_new_season [C-SDrECvTa4],510,17.000000,1.0000,False,manual_box,original
Ich_sammel_i_tried_the_new_season_[C-SDrECvTa4]_000510_b58b4252_aug_original.png,0,enemy,1,0.794817,0.559080,0.041631,0.131642,Ich_sammel__i_tried_the_new_season [C-SDrECvTa4],510,17.000000,1.0000,False,manual_box,original
Ich_sammel_i_tried_the_new_season_[C-SDrECvTa4]_000510_b58b4252_aug_original.png,0,enemy,1,0.964316,0.561459,0.071368,0.199841,Ich_sammel__i_tried_the_new_season [C-SDrECvTa4],510,17.000000,1.0000,False,manual_box,original
Ich_sammel_i_tried_the_new_season_[C-SDrECvTa4]_000510_b58b4252_aug_photo_exposure.png,1,player,1,0.368309,0.676051,0.238743,0.647898,Ich_sammel__i_tried_the_new_season [C-SDrECvTa4],510,17.000000,1.0000,False,manual_box,photo_exposure
Ich_sammel_i_tried_the_new_season_[C-SDrECvTa4]_000510_b58b4252_aug_photo_exposure.png,0,enemy,1,0.155055,0.594766,0.080714,0.253767,Ich_sammel__i_tried_the_new_season [C-SDrECvTa4],510,17.000000,1.0000,False,manual_box,photo_exposure
Ich_sammel_i_tried_the_new_season_[C-SDrECvTa4]_000510_b58b4252_aug_photo_exposure.png,0,enemy,1,0.246814,0.569389,0.058624,0.171293,Ich_sammel__i_tried_the_new_season [C-SDrECvTa4],510,17.000000,1.0000,False,manual_box,photo_exposure
Ich_sammel_i_tried_the_new_season_[C-SDrECvTa4]_000510_b58b4252_aug_photo_exposure.png,0,enemy,1,0.652082,0.557494,0.053526,0.137986,Ich_sammel__i_tried_the_new_season [C-SDrECvTa4],510,17.000000,1.0000,False,manual_box,photo_exposure
Ich_sammel_i_tried_the_new_season_[C-SDrECvTa4]_000510_b58b4252_aug_photo_exposure.png,0,enemy,1,0.493628,0.552736,0.044180,0.147502,Ich_sammel__i_tried_the_new_season [C-SDrECvTa4],510,17.000000,1.0000,False,manual_box,photo_exposure
Ich_sammel_i_tried_the_new_season_[C-SDrECvTa4]_000510_b58b4252_aug_photo_exposure.png,0,enemy,1,0.794817,0.559080,0.041631,0.131642,Ich_sammel__i_tried_the_new_season [C-SDrECvTa4],510,17.000000,1.0000,False,manual_box,photo_exposure
Ich_sammel_i_tried_the_new_season_[C-SDrECvTa4]_000510_b58b4252_aug_photo_exposure.png,0,enemy,1,0.964316,0.561459,0.071368,0.199841,Ich_sammel__i_tried_the_new_season [C-SDrECvTa4],510,17.000000,1.0000,False,manual_box,photo_exposure
Ich_sammel_i_tried_the_new_season_[C-SDrECvTa4]_000510_b58b4252_aug_photo_gameplay.png,1,player,1,0.368309,0.676051,0.238743,0.647898,Ich_sammel__i_tried_the_new_season [C-SDrECvTa4],510,17.000000,1.0000,False,manual_box,photo_gameplay
Ich_sammel_i_tried_the_new_season_[C-SDrECvTa4]_000510_b58b4252_aug_photo_gameplay.png,0,enemy,1,0.155055,0.594766,0.080714,0.253767,Ich_sammel__i_tried_the_new_season [C-SDrECvTa4],510,17.000000,1.0000,False,manual_box,photo_gameplay
Ich_sammel_i_tried_the_new_season_[C-SDrECvTa4]_000510_b58b4252_aug_photo_gameplay.png,0,enemy,1,0.246814,0.569389,0.058624,0.171293,Ich_sammel__i_tried_the_new_season [C-SDrECvTa4],510,17.000000,1.0000,False,manual_box,photo_gameplay
Ich_sammel_i_tried_the_new_season_[C-SDrECvTa4]_000510_b58b4252_aug_photo_gameplay.png,0,enemy,1,0.652082,0.557494,0.053526,0.137986,Ich_sammel__i_tried_the_new_season [C-SDrECvTa4],510,17.000000,1.0000,False,manual_box,photo_gameplay
Ich_sammel_i_tried_the_new_season_[C-SDrECvTa4]_000510_b58b4252_aug_photo_gameplay.png,0,enemy,1,0.493628,0.552736,0.044180,0.147502,Ich_sammel__i_tried_the_new_season [C-SDrECvTa4],510,17.000000,1.0000,False,manual_box,photo_gameplay
Ich_sammel_i_tried_the_new_season_[C-SDrECvTa4]_000510_b58b4252_aug_photo_gameplay.png,0,enemy,1,0.794817,0.559080,0.041631,0.131642,Ich_sammel__i_tried_the_new_season [C-SDrECvTa4],510,17.000000,1.0000,False,manual_box,photo_gameplay
Ich_sammel_i_tried_the_new_season_[C-SDrECvTa4]_000510_b58b4252_aug_photo_gameplay.png,0,enemy,1,0.964316,0.561459,0.071368,0.199841,Ich_sammel__i_tried_the_new_season [C-SDrECvTa4],510,17.000000,1.0000,False,manual_box,photo_gameplay
Ich_sammel_i_tried_the_new_season_[C-SDrECvTa4]_000510_b58b4252_aug_affine_mild.png,1,player,1,0.630494,0.670761,0.251784,0.658479,Ich_sammel__i_tried_the_new_season [C-SDrECvTa4],510,17.000000,1.0000,False,manual_box,affine_mild
Ich_sammel_i_tried_the_new_season_[C-SDrECvTa4]_000510_b58b4252_aug_affine_mild.png,0,enemy,1,0.850487,0.588756,0.085466,0.266294,Ich_sammel__i_tried_the_new_season [C-SDrECvTa4],510,17.000000,1.0000,False,manual_box,affine_mild
Ich_sammel_i_tried_the_new_season_[C-SDrECvTa4]_000510_b58b4252_aug_affine_mild.png,0,enemy,1,0.756424,0.566450,0.061947,0.179928,Ich_sammel__i_tried_the_new_season [C-SDrECvTa4],510,17.000000,1.0000,False,manual_box,affine_mild
Ich_sammel_i_tried_the_new_season_[C-SDrECvTa4]_000510_b58b4252_aug_affine_mild.png,0,enemy,1,0.339992,0.571682,0.056378,0.145215,Ich_sammel__i_tried_the_new_season [C-SDrECvTa4],510,17.000000,1.0000,False,manual_box,affine_mild
Ich_sammel_i_tried_the_new_season_[C-SDrECvTa4]_000510_b58b4252_aug_affine_mild.png,0,enemy,1,0.502904,0.559893,0.046866,0.154665,Ich_sammel__i_tried_the_new_season [C-SDrECvTa4],510,17.000000,1.0000,False,manual_box,affine_mild
Ich_sammel_i_tried_the_new_season_[C-SDrECvTa4]_000510_b58b4252_aug_affine_mild.png,0,enemy,1,0.193268,0.579506,0.044089,0.138130,Ich_sammel__i_tried_the_new_season [C-SDrECvTa4],510,17.000000,1.0000,False,manual_box,affine_mild
Ich_sammel_i_tried_the_new_season_[C-SDrECvTa4]_000510_b58b4252_aug_affine_mild.png,0,enemy,1,0.028346,0.589310,0.056691,0.210044,Ich_sammel__i_tried_the_new_season [C-SDrECvTa4],510,17.000000,1.0000,False,manual_box,affine_mild
Ich_sammel_i_tried_the_new_season_[C-SDrECvTa4]_000510_b58b4252_aug_retarget_edge.png,1,player,1,0.293254,0.581285,0.238743,0.647898,Ich_sammel__i_tried_the_new_season [C-SDrECvTa4],510,17.000000,1.0000,False,manual_box,retarget_edge
Ich_sammel_i_tried_the_new_season_[C-SDrECvTa4]_000510_b58b4252_aug_retarget_edge.png,0,enemy,1,0.080000,0.500000,0.080714,0.253767,Ich_sammel__i_tried_the_new_season [C-SDrECvTa4],510,17.000000,1.0000,False,manual_box,retarget_edge
Ich_sammel_i_tried_the_new_season_[C-SDrECvTa4]_000510_b58b4252_aug_retarget_edge.png,0,enemy,1,0.171759,0.474623,0.058624,0.171293,Ich_sammel__i_tried_the_new_season [C-SDrECvTa4],510,17.000000,1.0000,False,manual_box,retarget_edge
Ich_sammel_i_tried_the_new_season_[C-SDrECvTa4]_000510_b58b4252_aug_retarget_edge.png,0,enemy,1,0.577027,0.462728,0.053526,0.137986,Ich_sammel__i_tried_the_new_season [C-SDrECvTa4],510,17.000000,1.0000,False,manual_box,retarget_edge
Ich_sammel_i_tried_the_new_season_[C-SDrECvTa4]_000510_b58b4252_aug_retarget_edge.png,0,enemy,1,0.418573,0.457970,0.044180,0.147502,Ich_sammel__i_tried_the_new_season [C-SDrECvTa4],510,17.000000,1.0000,False,manual_box,retarget_edge
Ich_sammel_i_tried_the_new_season_[C-SDrECvTa4]_000510_b58b4252_aug_retarget_edge.png,0,enemy,1,0.719762,0.464314,0.041631,0.131642,Ich_sammel__i_tried_the_new_season [C-SDrECvTa4],510,17.000000,1.0000,False,manual_box,retarget_edge
Ich_sammel_i_tried_the_new_season_[C-SDrECvTa4]_000510_b58b4252_aug_retarget_edge.png,0,enemy,1,0.889261,0.466693,0.071368,0.199841,Ich_sammel__i_tried_the_new_season [C-SDrECvTa4],510,17.000000,1.0000,False,manual_box,retarget_edge
Ich_sammel_i_tried_the_new_season_[C-SDrECvTa4]_000510_b58b4252_aug_retarget_corner.png,1,player,1,0.293254,0.242617,0.238743,0.485234,Ich_sammel__i_tried_the_new_season [C-SDrECvTa4],510,17.000000,1.0000,False,manual_box,retarget_corner
Ich_sammel_i_tried_the_new_season_[C-SDrECvTa4]_000510_b58b4252_aug_retarget_corner.png,0,enemy,1,0.080000,0.103442,0.080714,0.206884,Ich_sammel__i_tried_the_new_season [C-SDrECvTa4],510,17.000000,1.0000,False,manual_box,retarget_corner
Ich_sammel_i_tried_the_new_season_[C-SDrECvTa4]_000510_b58b4252_aug_retarget_corner.png,0,enemy,1,0.171759,0.070135,0.058624,0.140270,Ich_sammel__i_tried_the_new_season [C-SDrECvTa4],510,17.000000,1.0000,False,manual_box,retarget_corner
Ich_sammel_i_tried_the_new_season_[C-SDrECvTa4]_000510_b58b4252_aug_retarget_corner.png,0,enemy,1,0.577027,0.055861,0.053526,0.111721,Ich_sammel__i_tried_the_new_season [C-SDrECvTa4],510,17.000000,1.0000,False,manual_box,retarget_corner
Ich_sammel_i_tried_the_new_season_[C-SDrECvTa4]_000510_b58b4252_aug_retarget_corner.png,0,enemy,1,0.418573,0.055861,0.044180,0.111721,Ich_sammel__i_tried_the_new_season [C-SDrECvTa4],510,17.000000,1.0000,False,manual_box,retarget_corner
Ich_sammel_i_tried_the_new_season_[C-SDrECvTa4]_000510_b58b4252_aug_retarget_corner.png,0,enemy,1,0.719762,0.055068,0.041631,0.110135,Ich_sammel__i_tried_the_new_season [C-SDrECvTa4],510,17.000000,1.0000,False,manual_box,retarget_corner
Ich_sammel_i_tried_the_new_season_[C-SDrECvTa4]_000510_b58b4252_aug_retarget_corner.png,0,enemy,1,0.889261,0.073307,0.071368,0.146614,Ich_sammel__i_tried_the_new_season [C-SDrECvTa4],510,17.000000,1.0000,False,manual_box,retarget_corner
Ich_sammel_i_tried_the_new_season_[C-SDrECvTa4]_000525_4c621d96_aug_original.png,1,player,1,0.202209,0.603093,0.404418,0.793814,Ich_sammel__i_tried_the_new_season [C-SDrECvTa4],525,17.500000,1.0000,False,manual_box,original
Ich_sammel_i_tried_the_new_season_[C-SDrECvTa4]_000525_4c621d96_aug_original.png,0,enemy,1,0.822855,0.559873,0.034834,0.139572,Ich_sammel__i_tried_the_new_season [C-SDrECvTa4],525,17.500000,1.0000,False,manual_box,original
Ich_sammel_i_tried_the_new_season_[C-SDrECvTa4]_000525_4c621d96_aug_original.png,0,enemy,1,0.664401,0.560666,0.049278,0.141158,Ich_sammel__i_tried_the_new_season [C-SDrECvTa4],525,17.500000,1.0000,False,manual_box,original
Ich_sammel_i_tried_the_new_season_[C-SDrECvTa4]_000525_4c621d96_aug_original.png,0,enemy,1,0.500000,0.549564,0.051827,0.163362,Ich_sammel__i_tried_the_new_season [C-SDrECvTa4],525,17.500000,1.0000,False,manual_box,original
Ich_sammel_i_tried_the_new_season_[C-SDrECvTa4]_000525_4c621d96_aug_original.png,0,enemy,1,0.235344,0.570182,0.056075,0.195083,Ich_sammel__i_tried_the_new_season [C-SDrECvTa4],525,17.500000,1.0000,False,manual_box,original
Ich_sammel_i_tried_the_new_season_[C-SDrECvTa4]_000525_4c621d96_aug_photo_exposure.png,1,player,1,0.202209,0.603093,0.404418,0.793814,Ich_sammel__i_tried_the_new_season [C-SDrECvTa4],525,17.500000,1.0000,False,manual_box,photo_exposure
Ich_sammel_i_tried_the_new_season_[C-SDrECvTa4]_000525_4c621d96_aug_photo_exposure.png,0,enemy,1,0.822855,0.559873,0.034834,0.139572,Ich_sammel__i_tried_the_new_season [C-SDrECvTa4],525,17.500000,1.0000,False,manual_box,photo_exposure
Ich_sammel_i_tried_the_new_season_[C-SDrECvTa4]_000525_4c621d96_aug_photo_exposure.png,0,enemy,1,0.664401,0.560666,0.049278,0.141158,Ich_sammel__i_tried_the_new_season [C-SDrECvTa4],525,17.500000,1.0000,False,manual_box,photo_exposure
Ich_sammel_i_tried_the_new_season_[C-SDrECvTa4]_000525_4c621d96_aug_photo_exposure.png,0,enemy,1,0.500000,0.549564,0.051827,0.163362,Ich_sammel__i_tried_the_new_season [C-SDrECvTa4],525,17.500000,1.0000,False,manual_box,photo_exposure
Ich_sammel_i_tried_the_new_season_[C-SDrECvTa4]_000525_4c621d96_aug_photo_exposure.png,0,enemy,1,0.235344,0.570182,0.056075,0.195083,Ich_sammel__i_tried_the_new_season [C-SDrECvTa4],525,17.500000,1.0000,False,manual_box,photo_exposure
Ich_sammel_i_tried_the_new_season_[C-SDrECvTa4]_000525_4c621d96_aug_photo_gameplay.png,1,player,1,0.202209,0.603093,0.404418,0.793814,Ich_sammel__i_tried_the_new_season [C-SDrECvTa4],525,17.500000,1.0000,False,manual_box,photo_gameplay
Ich_sammel_i_tried_the_new_season_[C-SDrECvTa4]_000525_4c621d96_aug_photo_gameplay.png,0,enemy,1,0.822855,0.559873,0.034834,0.139572,Ich_sammel__i_tried_the_new_season [C-SDrECvTa4],525,17.500000,1.0000,False,manual_box,photo_gameplay
Ich_sammel_i_tried_the_new_season_[C-SDrECvTa4]_000525_4c621d96_aug_photo_gameplay.png,0,enemy,1,0.664401,0.560666,0.049278,0.141158,Ich_sammel__i_tried_the_new_season [C-SDrECvTa4],525,17.500000,1.0000,False,manual_box,photo_gameplay
Ich_sammel_i_tried_the_new_season_[C-SDrECvTa4]_000525_4c621d96_aug_photo_gameplay.png,0,enemy,1,0.500000,0.549564,0.051827,0.163362,Ich_sammel__i_tried_the_new_season [C-SDrECvTa4],525,17.500000,1.0000,False,manual_box,photo_gameplay
Ich_sammel_i_tried_the_new_season_[C-SDrECvTa4]_000525_4c621d96_aug_photo_gameplay.png,0,enemy,1,0.235344,0.570182,0.056075,0.195083,Ich_sammel__i_tried_the_new_season [C-SDrECvTa4],525,17.500000,1.0000,False,manual_box,photo_gameplay
Ich_sammel_i_tried_the_new_season_[C-SDrECvTa4]_000525_4c621d96_aug_affine_mild.png,1,player,1,0.783180,0.583379,0.426903,0.806333,Ich_sammel__i_tried_the_new_season [C-SDrECvTa4],525,17.500000,1.0000,False,manual_box,affine_mild
Ich_sammel_i_tried_the_new_season_[C-SDrECvTa4]_000525_4c621d96_aug_affine_mild.png,0,enemy,1,0.173740,0.510204,0.039351,0.139999,Ich_sammel__i_tried_the_new_season [C-SDrECvTa4],525,17.500000,1.0000,False,manual_box,affine_mild
Ich_sammel_i_tried_the_new_season_[C-SDrECvTa4]_000525_4c621d96_aug_affine_mild.png,0,enemy,1,0.329704,0.518739,0.053628,0.142277,Ich_sammel__i_tried_the_new_season [C-SDrECvTa4],525,17.500000,1.0000,False,manual_box,affine_mild
Ich_sammel_i_tried_the_new_season_[C-SDrECvTa4]_000525_4c621d96_aug_affine_mild.png,0,enemy,1,0.491954,0.515778,0.056942,0.164403,Ich_sammel__i_tried_the_new_season [C-SDrECvTa4],525,17.500000,1.0000,False,manual_box,affine_mild
Ich_sammel_i_tried_the_new_season_[C-SDrECvTa4]_000525_4c621d96_aug_affine_mild.png,0,enemy,1,0.751752,0.549149,0.062273,0.196042,Ich_sammel__i_tried_the_new_season [C-SDrECvTa4],525,17.500000,1.0000,False,manual_box,affine_mild
Ich_sammel_i_tried_the_new_season_[C-SDrECvTa4]_000525_4c621d96_aug_retarget_edge.png,1,player,1,0.124537,0.532911,0.249074,0.793814,Ich_sammel__i_tried_the_new_season [C-SDrECvTa4],525,17.500000,1.0000,False,manual_box,retarget_edge
Ich_sammel_i_tried_the_new_season_[C-SDrECvTa4]_000525_4c621d96_aug_retarget_edge.png,0,enemy,1,0.667511,0.489691,0.034834,0.139572,Ich_sammel__i_tried_the_new_season [C-SDrECvTa4],525,17.500000,1.0000,False,manual_box,retarget_edge
Ich_sammel_i_tried_the_new_season_[C-SDrECvTa4]_000525_4c621d96_aug_retarget_edge.png,0,enemy,1,0.509057,0.490484,0.049278,0.141158,Ich_sammel__i_tried_the_new_season [C-SDrECvTa4],525,17.500000,1.0000,False,manual_box,retarget_edge
Ich_sammel_i_tried_the_new_season_[C-SDrECvTa4]_000525_4c621d96_aug_retarget_edge.png,0,enemy,1,0.344656,0.479382,0.051827,0.163362,Ich_sammel__i_tried_the_new_season [C-SDrECvTa4],525,17.500000,1.0000,False,manual_box,retarget_edge
Ich_sammel_i_tried_the_new_season_[C-SDrECvTa4]_000525_4c621d96_aug_retarget_edge.png,0,enemy,1,0.080000,0.500000,0.056075,0.195083,Ich_sammel__i_tried_the_new_season [C-SDrECvTa4],525,17.500000,1.0000,False,manual_box,retarget_edge
Ich_sammel_i_tried_the_new_season_[C-SDrECvTa4]_000525_4c621d96_aug_retarget_corner.png,0,enemy,1,0.667511,0.069739,0.034834,0.139477,Ich_sammel__i_tried_the_new_season [C-SDrECvTa4],525,17.500000,1.0000,False,manual_box,retarget_corner
Ich_sammel_i_tried_the_new_season_[C-SDrECvTa4]_000525_4c621d96_aug_retarget_corner.png,0,enemy,1,0.509057,0.070532,0.049278,0.141063,Ich_sammel__i_tried_the_new_season [C-SDrECvTa4],525,17.500000,1.0000,False,manual_box,retarget_corner
Ich_sammel_i_tried_the_new_season_[C-SDrECvTa4]_000525_4c621d96_aug_retarget_corner.png,0,enemy,1,0.344656,0.070532,0.051827,0.141063,Ich_sammel__i_tried_the_new_season [C-SDrECvTa4],525,17.500000,1.0000,False,manual_box,retarget_corner
Ich_sammel_i_tried_the_new_season_[C-SDrECvTa4]_000525_4c621d96_aug_retarget_corner.png,0,enemy,1,0.080000,0.088771,0.056075,0.177541,Ich_sammel__i_tried_the_new_season [C-SDrECvTa4],525,17.500000,1.0000,False,manual_box,retarget_corner
Ich_sammel_i_tried_the_new_season_[C-SDrECvTa4]_000540_0b114850_aug_original.png,1,player,1,0.189040,0.618160,0.372982,0.763680,Ich_sammel__i_tried_the_new_season [C-SDrECvTa4],540,18.000000,1.0000,False,manual_box,original
Ich_sammel_i_tried_the_new_season_[C-SDrECvTa4]_000540_0b114850_aug_original.png,0,enemy,1,0.508921,0.558287,0.064571,0.187153,Ich_sammel__i_tried_the_new_season [C-SDrECvTa4],540,18.000000,1.0000,False,manual_box,original
Ich_sammel_i_tried_the_new_season_[C-SDrECvTa4]_000540_0b114850_aug_original.png,0,enemy,1,0.683093,0.567010,0.059473,0.172879,Ich_sammel__i_tried_the_new_season [C-SDrECvTa4],540,18.000000,1.0000,False,manual_box,original
Ich_sammel_i_tried_the_new_season_[C-SDrECvTa4]_000540_0b114850_aug_original.png,0,enemy,1,0.836449,0.572561,0.050127,0.164948,Ich_sammel__i_tried_the_new_season [C-SDrECvTa4],540,18.000000,1.0000,False,manual_box,original
Ich_sammel_i_tried_the_new_season_[C-SDrECvTa4]_000540_0b114850_aug_photo_exposure.png,1,player,1,0.189040,0.618160,0.372982,0.763680,Ich_sammel__i_tried_the_new_season [C-SDrECvTa4],540,18.000000,1.0000,False,manual_box,photo_exposure
Ich_sammel_i_tried_the_new_season_[C-SDrECvTa4]_000540_0b114850_aug_photo_exposure.png,0,enemy,1,0.508921,0.558287,0.064571,0.187153,Ich_sammel__i_tried_the_new_season [C-SDrECvTa4],540,18.000000,1.0000,False,manual_box,photo_exposure
Ich_sammel_i_tried_the_new_season_[C-SDrECvTa4]_000540_0b114850_aug_photo_exposure.png,0,enemy,1,0.683093,0.567010,0.059473,0.172879,Ich_sammel__i_tried_the_new_season [C-SDrECvTa4],540,18.000000,1.0000,False,manual_box,photo_exposure
Ich_sammel_i_tried_the_new_season_[C-SDrECvTa4]_000540_0b114850_aug_photo_exposure.png,0,enemy,1,0.836449,0.572561,0.050127,0.164948,Ich_sammel__i_tried_the_new_season [C-SDrECvTa4],540,18.000000,1.0000,False,manual_box,photo_exposure
Ich_sammel_i_tried_the_new_season_[C-SDrECvTa4]_000540_0b114850_aug_photo_gameplay.png,1,player,1,0.189040,0.618160,0.372982,0.763680,Ich_sammel__i_tried_the_new_season [C-SDrECvTa4],540,18.000000,1.0000,False,manual_box,photo_gameplay
Ich_sammel_i_tried_the_new_season_[C-SDrECvTa4]_000540_0b114850_aug_photo_gameplay.png,0,enemy,1,0.508921,0.558287,0.064571,0.187153,Ich_sammel__i_tried_the_new_season [C-SDrECvTa4],540,18.000000,1.0000,False,manual_box,photo_gameplay
Ich_sammel_i_tried_the_new_season_[C-SDrECvTa4]_000540_0b114850_aug_photo_gameplay.png,0,enemy,1,0.683093,0.567010,0.059473,0.172879,Ich_sammel__i_tried_the_new_season [C-SDrECvTa4],540,18.000000,1.0000,False,manual_box,photo_gameplay
Ich_sammel_i_tried_the_new_season_[C-SDrECvTa4]_000540_0b114850_aug_photo_gameplay.png,0,enemy,1,0.836449,0.572561,0.050127,0.164948,Ich_sammel__i_tried_the_new_season [C-SDrECvTa4],540,18.000000,1.0000,False,manual_box,photo_gameplay
Ich_sammel_i_tried_the_new_season_[C-SDrECvTa4]_000540_0b114850_aug_affine_mild.png,1,player,1,0.775377,0.603910,0.389732,0.792179,Ich_sammel__i_tried_the_new_season [C-SDrECvTa4],540,18.000000,1.0000,False,manual_box,affine_mild
Ich_sammel_i_tried_the_new_season_[C-SDrECvTa4]_000540_0b114850_aug_affine_mild.png,0,enemy,1,0.452540,0.535290,0.068348,0.199752,Ich_sammel__i_tried_the_new_season [C-SDrECvTa4],540,18.000000,1.0000,False,manual_box,affine_mild
Ich_sammel_i_tried_the_new_season_[C-SDrECvTa4]_000540_0b114850_aug_affine_mild.png,0,enemy,1,0.276099,0.532880,0.062960,0.184506,Ich_sammel__i_tried_the_new_season [C-SDrECvTa4],540,18.000000,1.0000,False,manual_box,affine_mild
Ich_sammel_i_tried_the_new_season_[C-SDrECvTa4]_000540_0b114850_aug_affine_mild.png,0,enemy,1,0.120779,0.528533,0.053373,0.175604,Ich_sammel__i_tried_the_new_season [C-SDrECvTa4],540,18.000000,1.0000,False,manual_box,affine_mild
Ich_sammel_i_tried_the_new_season_[C-SDrECvTa4]_000555_361ee880_aug_original.png,1,player,1,0.207307,0.609437,0.404418,0.781126,Ich_sammel__i_tried_the_new_season [C-SDrECvTa4],555,18.500000,1.0000,False,manual_box,original
Ich_sammel_i_tried_the_new_season_[C-SDrECvTa4]_000555_361ee880_aug_original.png,0,enemy,1,0.850467,0.581285,0.057774,0.166534,Ich_sammel__i_tried_the_new_season [C-SDrECvTa4],555,18.500000,1.0000,False,manual_box,original
Ich_sammel_i_tried_the_new_season_[C-SDrECvTa4]_000555_361ee880_aug_original.png,0,enemy,1,0.674596,0.580492,0.062872,0.180809,Ich_sammel__i_tried_the_new_season [C-SDrECvTa4],555,18.500000,1.0000,False,manual_box,original
Ich_sammel_i_tried_the_new_season_[C-SDrECvTa4]_000555_361ee880_aug_original.png,0,enemy,1,0.502974,0.575734,0.064571,0.190325,Ich_sammel__i_tried_the_new_season [C-SDrECvTa4],555,18.500000,1.0000,False,manual_box,original
Ich_sammel_i_tried_the_new_season_[C-SDrECvTa4]_000555_361ee880_aug_photo_exposure.png,1,player,1,0.207307,0.609437,0.404418,0.781126,Ich_sammel__i_tried_the_new_season [C-SDrECvTa4],555,18.500000,1.0000,False,manual_box,photo_exposure
Ich_sammel_i_tried_the_new_season_[C-SDrECvTa4]_000555_361ee880_aug_photo_exposure.png,0,enemy,1,0.850467,0.581285,0.057774,0.166534,Ich_sammel__i_tried_the_new_season [C-SDrECvTa4],555,18.500000,1.0000,False,manual_box,photo_exposure
Ich_sammel_i_tried_the_new_season_[C-SDrECvTa4]_000555_361ee880_aug_photo_exposure.png,0,enemy,1,0.674596,0.580492,0.062872,0.180809,Ich_sammel__i_tried_the_new_season [C-SDrECvTa4],555,18.500000,1.0000,False,manual_box,photo_exposure
Ich_sammel_i_tried_the_new_season_[C-SDrECvTa4]_000555_361ee880_aug_photo_exposure.png,0,enemy,1,0.502974,0.575734,0.064571,0.190325,Ich_sammel__i_tried_the_new_season [C-SDrECvTa4],555,18.500000,1.0000,False,manual_box,photo_exposure
Ich_sammel_i_tried_the_new_season_[C-SDrECvTa4]_000555_361ee880_aug_photo_gameplay.png,1,player,1,0.207307,0.609437,0.404418,0.781126,Ich_sammel__i_tried_the_new_season [C-SDrECvTa4],555,18.500000,1.0000,False,manual_box,photo_gameplay
Ich_sammel_i_tried_the_new_season_[C-SDrECvTa4]_000555_361ee880_aug_photo_gameplay.png,0,enemy,1,0.850467,0.581285,0.057774,0.166534,Ich_sammel__i_tried_the_new_season [C-SDrECvTa4],555,18.500000,1.0000,False,manual_box,photo_gameplay
Ich_sammel_i_tried_the_new_season_[C-SDrECvTa4]_000555_361ee880_aug_photo_gameplay.png,0,enemy,1,0.674596,0.580492,0.062872,0.180809,Ich_sammel__i_tried_the_new_season [C-SDrECvTa4],555,18.500000,1.0000,False,manual_box,photo_gameplay
Ich_sammel_i_tried_the_new_season_[C-SDrECvTa4]_000555_361ee880_aug_photo_gameplay.png,0,enemy,1,0.502974,0.575734,0.064571,0.190325,Ich_sammel__i_tried_the_new_season [C-SDrECvTa4],555,18.500000,1.0000,False,manual_box,photo_gameplay
Ich_sammel_i_tried_the_new_season_[C-SDrECvTa4]_000555_361ee880_aug_affine_mild.png,1,player,1,0.816052,0.650871,0.367896,0.698257,Ich_sammel__i_tried_the_new_season [C-SDrECvTa4],555,18.500000,1.0000,False,manual_box,affine_mild
Ich_sammel_i_tried_the_new_season_[C-SDrECvTa4]_000555_361ee880_aug_affine_mild.png,0,enemy,1,0.186454,0.578080,0.061715,0.170697,Ich_sammel__i_tried_the_new_season [C-SDrECvTa4],555,18.500000,1.0000,False,manual_box,affine_mild
Ich_sammel_i_tried_the_new_season_[C-SDrECvTa4]_000555_361ee880_aug_affine_mild.png,0,enemy,1,0.366719,0.606838,0.067154,0.185354,Ich_sammel__i_tried_the_new_season [C-SDrECvTa4],555,18.500000,1.0000,False,manual_box,affine_mild
Ich_sammel_i_tried_the_new_season_[C-SDrECvTa4]_000555_361ee880_aug_affine_mild.png,0,enemy,1,0.542689,0.631051,0.069039,0.194838,Ich_sammel__i_tried_the_new_season [C-SDrECvTa4],555,18.500000,1.0000,False,manual_box,affine_mild
Ich_sammel_i_tried_the_new_season_[C-SDrECvTa4]_000570_0570fc2f_aug_original.png,1,player,1,0.377655,0.704600,0.274427,0.590800,Ich_sammel__i_tried_the_new_season [C-SDrECvTa4],570,19.000000,1.0000,False,manual_box,original
Ich_sammel_i_tried_the_new_season_[C-SDrECvTa4]_000570_0570fc2f_aug_original.png,0,enemy,1,0.129992,0.596352,0.112150,0.352102,Ich_sammel__i_tried_the_new_season [C-SDrECvTa4],570,19.000000,1.0000,False,manual_box,original
Ich_sammel_i_tried_the_new_season_[C-SDrECvTa4]_000570_0570fc2f_aug_original.png,0,enemy,1,0.253611,0.567010,0.075616,0.204600,Ich_sammel__i_tried_the_new_season [C-SDrECvTa4],570,19.000000,1.0000,False,manual_box,original
Ich_sammel_i_tried_the_new_season_[C-SDrECvTa4]_000570_0570fc2f_aug_original.png,0,enemy,1,0.521240,0.542427,0.053526,0.161776,Ich_sammel__i_tried_the_new_season [C-SDrECvTa4],570,19.000000,1.0000,False,manual_box,original
Ich_sammel_i_tried_the_new_season_[C-SDrECvTa4]_000570_0570fc2f_aug_original.png,0,enemy,1,0.688190,0.544806,0.049278,0.141158,Ich_sammel__i_tried_the_new_season [C-SDrECvTa4],570,19.000000,1.0000,False,manual_box,original
Ich_sammel_i_tried_the_new_season_[C-SDrECvTa4]_000570_0570fc2f_aug_original.png,0,enemy,1,0.837723,0.551943,0.049278,0.123711,Ich_sammel__i_tried_the_new_season [C-SDrECvTa4],570,19.000000,1.0000,False,manual_box,original
Ich_sammel_i_tried_the_new_season_[C-SDrECvTa4]_000570_0570fc2f_aug_photo_exposure.png,1,player,1,0.377655,0.704600,0.274427,0.590801,Ich_sammel__i_tried_the_new_season [C-SDrECvTa4],570,19.000000,1.0000,False,manual_box,photo_exposure
Ich_sammel_i_tried_the_new_season_[C-SDrECvTa4]_000570_0570fc2f_aug_photo_exposure.png,0,enemy,1,0.129992,0.596352,0.112150,0.352102,Ich_sammel__i_tried_the_new_season [C-SDrECvTa4],570,19.000000,1.0000,False,manual_box,photo_exposure
Ich_sammel_i_tried_the_new_season_[C-SDrECvTa4]_000570_0570fc2f_aug_photo_exposure.png,0,enemy,1,0.253611,0.567010,0.075616,0.204600,Ich_sammel__i_tried_the_new_season [C-SDrECvTa4],570,19.000000,1.0000,False,manual_box,photo_exposure
Ich_sammel_i_tried_the_new_season_[C-SDrECvTa4]_000570_0570fc2f_aug_photo_exposure.png,0,enemy,1,0.521240,0.542427,0.053526,0.161776,Ich_sammel__i_tried_the_new_season [C-SDrECvTa4],570,19.000000,1.0000,False,manual_box,photo_exposure
Ich_sammel_i_tried_the_new_season_[C-SDrECvTa4]_000570_0570fc2f_aug_photo_exposure.png,0,enemy,1,0.688190,0.544806,0.049278,0.141158,Ich_sammel__i_tried_the_new_season [C-SDrECvTa4],570,19.000000,1.0000,False,manual_box,photo_exposure
Ich_sammel_i_tried_the_new_season_[C-SDrECvTa4]_000570_0570fc2f_aug_photo_exposure.png,0,enemy,1,0.837723,0.551943,0.049278,0.123711,Ich_sammel__i_tried_the_new_season [C-SDrECvTa4],570,19.000000,1.0000,False,manual_box,photo_exposure
Ich_sammel_i_tried_the_new_season_[C-SDrECvTa4]_000570_0570fc2f_aug_photo_gameplay.png,1,player,1,0.377655,0.704600,0.274427,0.590801,Ich_sammel__i_tried_the_new_season [C-SDrECvTa4],570,19.000000,1.0000,False,manual_box,photo_gameplay
Ich_sammel_i_tried_the_new_season_[C-SDrECvTa4]_000570_0570fc2f_aug_photo_gameplay.png,0,enemy,1,0.129992,0.596352,0.112150,0.352102,Ich_sammel__i_tried_the_new_season [C-SDrECvTa4],570,19.000000,1.0000,False,manual_box,photo_gameplay
Ich_sammel_i_tried_the_new_season_[C-SDrECvTa4]_000570_0570fc2f_aug_photo_gameplay.png,0,enemy,1,0.253611,0.567010,0.075616,0.204600,Ich_sammel__i_tried_the_new_season [C-SDrECvTa4],570,19.000000,1.0000,False,manual_box,photo_gameplay
Ich_sammel_i_tried_the_new_season_[C-SDrECvTa4]_000570_0570fc2f_aug_photo_gameplay.png,0,enemy,1,0.521240,0.542427,0.053526,0.161776,Ich_sammel__i_tried_the_new_season [C-SDrECvTa4],570,19.000000,1.0000,False,manual_box,photo_gameplay
Ich_sammel_i_tried_the_new_season_[C-SDrECvTa4]_000570_0570fc2f_aug_photo_gameplay.png,0,enemy,1,0.688190,0.544806,0.049278,0.141158,Ich_sammel__i_tried_the_new_season [C-SDrECvTa4],570,19.000000,1.0000,False,manual_box,photo_gameplay
Ich_sammel_i_tried_the_new_season_[C-SDrECvTa4]_000570_0570fc2f_aug_photo_gameplay.png,0,enemy,1,0.837723,0.551943,0.049278,0.123711,Ich_sammel__i_tried_the_new_season [C-SDrECvTa4],570,19.000000,1.0000,False,manual_box,photo_gameplay
Ich_sammel_i_tried_the_new_season_[C-SDrECvTa4]_000570_0570fc2f_aug_affine_mild.png,1,player,1,0.626934,0.682318,0.292936,0.635365,Ich_sammel__i_tried_the_new_season [C-SDrECvTa4],570,19.000000,1.0000,False,manual_box,affine_mild
Ich_sammel_i_tried_the_new_season_[C-SDrECvTa4]_000570_0570fc2f_aug_affine_mild.png,0,enemy,1,0.885434,0.582544,0.120727,0.386932,Ich_sammel__i_tried_the_new_season [C-SDrECvTa4],570,19.000000,1.0000,False,manual_box,affine_mild
Ich_sammel_i_tried_the_new_season_[C-SDrECvTa4]_000570_0570fc2f_aug_affine_mild.png,0,enemy,1,0.755643,0.545998,0.081099,0.225232,Ich_sammel__i_tried_the_new_season [C-SDrECvTa4],570,19.000000,1.0000,False,manual_box,affine_mild
Ich_sammel_i_tried_the_new_season_[C-SDrECvTa4]_000570_0570fc2f_aug_affine_mild.png,0,enemy,1,0.475009,0.509205,0.057562,0.177854,Ich_sammel__i_tried_the_new_season [C-SDrECvTa4],570,19.000000,1.0000,False,manual_box,affine_mild
Ich_sammel_i_tried_the_new_season_[C-SDrECvTa4]_000570_0570fc2f_aug_affine_mild.png,0,enemy,1,0.300108,0.505507,0.052923,0.155284,Ich_sammel__i_tried_the_new_season [C-SDrECvTa4],570,19.000000,1.0000,False,manual_box,affine_mild
Ich_sammel_i_tried_the_new_season_[C-SDrECvTa4]_000570_0570fc2f_aug_affine_mild.png,0,enemy,1,0.143500,0.507636,0.052763,0.136320,Ich_sammel__i_tried_the_new_season [C-SDrECvTa4],570,19.000000,1.0000,False,manual_box,affine_mild
Ich_sammel_i_tried_the_new_season_[C-SDrECvTa4]_000570_0570fc2f_aug_retarget_edge.png,1,player,1,0.327663,0.608248,0.274427,0.590800,Ich_sammel__i_tried_the_new_season [C-SDrECvTa4],570,19.000000,1.0000,False,manual_box,retarget_edge
Ich_sammel_i_tried_the_new_season_[C-SDrECvTa4]_000570_0570fc2f_aug_retarget_edge.png,0,enemy,1,0.080000,0.500000,0.112150,0.352102,Ich_sammel__i_tried_the_new_season [C-SDrECvTa4],570,19.000000,1.0000,False,manual_box,retarget_edge
Ich_sammel_i_tried_the_new_season_[C-SDrECvTa4]_000570_0570fc2f_aug_retarget_edge.png,0,enemy,1,0.203619,0.470658,0.075616,0.204600,Ich_sammel__i_tried_the_new_season [C-SDrECvTa4],570,19.000000,1.0000,False,manual_box,retarget_edge
Ich_sammel_i_tried_the_new_season_[C-SDrECvTa4]_000570_0570fc2f_aug_retarget_edge.png,0,enemy,1,0.471248,0.446075,0.053526,0.161776,Ich_sammel__i_tried_the_new_season [C-SDrECvTa4],570,19.000000,1.0000,False,manual_box,retarget_edge
Ich_sammel_i_tried_the_new_season_[C-SDrECvTa4]_000570_0570fc2f_aug_retarget_edge.png,0,enemy,1,0.638198,0.448454,0.049278,0.141158,Ich_sammel__i_tried_the_new_season [C-SDrECvTa4],570,19.000000,1.0000,False,manual_box,retarget_edge
Ich_sammel_i_tried_the_new_season_[C-SDrECvTa4]_000570_0570fc2f_aug_retarget_edge.png,0,enemy,1,0.787731,0.455591,0.049278,0.123711,Ich_sammel__i_tried_the_new_season [C-SDrECvTa4],570,19.000000,1.0000,False,manual_box,retarget_edge
Ich_sammel_i_tried_the_new_season_[C-SDrECvTa4]_000570_0570fc2f_aug_retarget_corner.png,1,player,1,0.327663,0.241824,0.274427,0.483648,Ich_sammel__i_tried_the_new_season [C-SDrECvTa4],570,19.000000,1.0000,False,manual_box,retarget_corner
Ich_sammel_i_tried_the_new_season_[C-SDrECvTa4]_000570_0570fc2f_aug_retarget_corner.png,0,enemy,1,0.080000,0.128025,0.112150,0.256051,Ich_sammel__i_tried_the_new_season [C-SDrECvTa4],570,19.000000,1.0000,False,manual_box,retarget_corner
Ich_sammel_i_tried_the_new_season_[C-SDrECvTa4]_000570_0570fc2f_aug_retarget_corner.png,0,enemy,1,0.203619,0.076479,0.075616,0.152958,Ich_sammel__i_tried_the_new_season [C-SDrECvTa4],570,19.000000,1.0000,False,manual_box,retarget_corner
Ich_sammel_i_tried_the_new_season_[C-SDrECvTa4]_000570_0570fc2f_aug_retarget_corner.png,0,enemy,1,0.471248,0.053481,0.053526,0.106963,Ich_sammel__i_tried_the_new_season [C-SDrECvTa4],570,19.000000,1.0000,False,manual_box,retarget_corner
Ich_sammel_i_tried_the_new_season_[C-SDrECvTa4]_000570_0570fc2f_aug_retarget_corner.png,0,enemy,1,0.638198,0.049517,0.049278,0.099033,Ich_sammel__i_tried_the_new_season [C-SDrECvTa4],570,19.000000,1.0000,False,manual_box,retarget_corner
Ich_sammel_i_tried_the_new_season_[C-SDrECvTa4]_000570_0570fc2f_aug_retarget_corner.png,0,enemy,1,0.787731,0.048723,0.049278,0.097446,Ich_sammel__i_tried_the_new_season [C-SDrECvTa4],570,19.000000,1.0000,False,manual_box,retarget_corner
Ich_sammel_i_tried_the_new_season_[C-SDrECvTa4]_000585_98745268_aug_original.png,1,player,1,0.393798,0.714512,0.111300,0.559873,Ich_sammel__i_tried_the_new_season [C-SDrECvTa4],585,19.500000,1.0000,False,manual_box,original
Ich_sammel_i_tried_the_new_season_[C-SDrECvTa4]_000585_98745268_aug_original.png,0,enemy,1,0.880629,0.597938,0.067120,0.241079,Ich_sammel__i_tried_the_new_season [C-SDrECvTa4],585,19.500000,1.0000,False,manual_box,original
Ich_sammel_i_tried_the_new_season_[C-SDrECvTa4]_000585_98745268_aug_original.png,0,enemy,1,0.643585,0.474227,0.050127,0.149088,Ich_sammel__i_tried_the_new_season [C-SDrECvTa4],585,19.500000,1.0000,False,manual_box,original
Ich_sammel_i_tried_the_new_season_[C-SDrECvTa4]_000585_98745268_aug_original.png,0,enemy,1,0.522090,0.478985,0.046729,0.123711,Ich_sammel__i_tried_the_new_season [C-SDrECvTa4],585,19.500000,1.0000,False,manual_box,original
Ich_sammel_i_tried_the_new_season_[C-SDrECvTa4]_000585_98745268_aug_photo_exposure.png,1,player,1,0.393798,0.714512,0.111300,0.559873,Ich_sammel__i_tried_the_new_season [C-SDrECvTa4],585,19.500000,1.0000,False,manual_box,photo_exposure
Ich_sammel_i_tried_the_new_season_[C-SDrECvTa4]_000585_98745268_aug_photo_exposure.png,0,enemy,1,0.880629,0.597938,0.067120,0.241079,Ich_sammel__i_tried_the_new_season [C-SDrECvTa4],585,19.500000,1.0000,False,manual_box,photo_exposure
Ich_sammel_i_tried_the_new_season_[C-SDrECvTa4]_000585_98745268_aug_photo_exposure.png,0,enemy,1,0.643585,0.474227,0.050127,0.149088,Ich_sammel__i_tried_the_new_season [C-SDrECvTa4],585,19.500000,1.0000,False,manual_box,photo_exposure
Ich_sammel_i_tried_the_new_season_[C-SDrECvTa4]_000585_98745268_aug_photo_exposure.png,0,enemy,1,0.522090,0.478985,0.046729,0.123711,Ich_sammel__i_tried_the_new_season [C-SDrECvTa4],585,19.500000,1.0000,False,manual_box,photo_exposure
Ich_sammel_i_tried_the_new_season_[C-SDrECvTa4]_000585_98745268_aug_photo_gameplay.png,1,player,1,0.393798,0.714512,0.111300,0.559873,Ich_sammel__i_tried_the_new_season [C-SDrECvTa4],585,19.500000,1.0000,False,manual_box,photo_gameplay
Ich_sammel_i_tried_the_new_season_[C-SDrECvTa4]_000585_98745268_aug_photo_gameplay.png,0,enemy,1,0.880629,0.597938,0.067120,0.241079,Ich_sammel__i_tried_the_new_season [C-SDrECvTa4],585,19.500000,1.0000,False,manual_box,photo_gameplay
Ich_sammel_i_tried_the_new_season_[C-SDrECvTa4]_000585_98745268_aug_photo_gameplay.png,0,enemy,1,0.643585,0.474227,0.050127,0.149088,Ich_sammel__i_tried_the_new_season [C-SDrECvTa4],585,19.500000,1.0000,False,manual_box,photo_gameplay
Ich_sammel_i_tried_the_new_season_[C-SDrECvTa4]_000585_98745268_aug_photo_gameplay.png,0,enemy,1,0.522090,0.478985,0.046729,0.123711,Ich_sammel__i_tried_the_new_season [C-SDrECvTa4],585,19.500000,1.0000,False,manual_box,photo_gameplay
Ich_sammel_i_tried_the_new_season_[C-SDrECvTa4]_000585_98745268_aug_affine_mild.png,1,player,1,0.414765,0.723916,0.124308,0.552168,Ich_sammel__i_tried_the_new_season [C-SDrECvTa4],585,19.500000,1.0000,False,manual_box,affine_mild
Ich_sammel_i_tried_the_new_season_[C-SDrECvTa4]_000585_98745268_aug_affine_mild.png,0,enemy,1,0.931564,0.611437,0.073850,0.260520,Ich_sammel__i_tried_the_new_season [C-SDrECvTa4],585,19.500000,1.0000,False,manual_box,affine_mild
Ich_sammel_i_tried_the_new_season_[C-SDrECvTa4]_000585_98745268_aug_affine_mild.png,0,enemy,1,0.682012,0.485115,0.054795,0.161345,Ich_sammel__i_tried_the_new_season [C-SDrECvTa4],585,19.500000,1.0000,False,manual_box,affine_mild
Ich_sammel_i_tried_the_new_season_[C-SDrECvTa4]_000585_98745268_aug_affine_mild.png,0,enemy,1,0.553319,0.493516,0.050905,0.134021,Ich_sammel__i_tried_the_new_season [C-SDrECvTa4],585,19.500000,1.0000,False,manual_box,affine_mild
Ich_sammel_i_tried_the_new_season_[C-SDrECvTa4]_000585_98745268_aug_retarget_edge.png,1,player,1,0.433169,0.616574,0.111300,0.559873,Ich_sammel__i_tried_the_new_season [C-SDrECvTa4],585,19.500000,1.0000,False,manual_box,retarget_edge
Ich_sammel_i_tried_the_new_season_[C-SDrECvTa4]_000585_98745268_aug_retarget_edge.png,0,enemy,1,0.920000,0.500000,0.067120,0.241079,Ich_sammel__i_tried_the_new_season [C-SDrECvTa4],585,19.500000,1.0000,False,manual_box,retarget_edge
Ich_sammel_i_tried_the_new_season_[C-SDrECvTa4]_000585_98745268_aug_retarget_edge.png,0,enemy,1,0.682956,0.376289,0.050127,0.149088,Ich_sammel__i_tried_the_new_season [C-SDrECvTa4],585,19.500000,1.0000,False,manual_box,retarget_edge
Ich_sammel_i_tried_the_new_season_[C-SDrECvTa4]_000585_98745268_aug_retarget_edge.png,0,enemy,1,0.561461,0.381047,0.046729,0.123711,Ich_sammel__i_tried_the_new_season [C-SDrECvTa4],585,19.500000,1.0000,False,manual_box,retarget_edge
Ich_sammel_i_tried_the_new_season_[C-SDrECvTa4]_000585_98745268_aug_retarget_corner.png,0,enemy,1,0.920000,0.899730,0.067120,0.200540,Ich_sammel__i_tried_the_new_season [C-SDrECvTa4],585,19.500000,1.0000,False,manual_box,retarget_corner
Ich_sammel_i_tried_the_new_season_[C-SDrECvTa4]_000585_98745268_aug_retarget_corner.png,0,enemy,1,0.682956,0.796289,0.050127,0.149088,Ich_sammel__i_tried_the_new_season [C-SDrECvTa4],585,19.500000,1.0000,False,manual_box,retarget_corner
Ich_sammel_i_tried_the_new_season_[C-SDrECvTa4]_000585_98745268_aug_retarget_corner.png,0,enemy,1,0.561461,0.801047,0.046729,0.123711,Ich_sammel__i_tried_the_new_season [C-SDrECvTa4],585,19.500000,1.0000,False,manual_box,retarget_corner
Ich_sammel_i_tried_the_new_season_[C-SDrECvTa4]_000600_e0c47303_aug_original.png,1,player,1,0.394647,0.707375,0.148683,0.583664,Ich_sammel__i_tried_the_new_season [C-SDrECvTa4],600,20.000000,1.0000,False,manual_box,original
Ich_sammel_i_tried_the_new_season_[C-SDrECvTa4]_000600_e0c47303_aug_original.png,0,enemy,1,0.725149,0.665345,0.065421,0.207772,Ich_sammel__i_tried_the_new_season [C-SDrECvTa4],600,20.000000,1.0000,False,manual_box,original
Ich_sammel_i_tried_the_new_season_[C-SDrECvTa4]_000600_e0c47303_aug_original.png,0,enemy,1,0.488530,0.685964,0.059473,0.229976,Ich_sammel__i_tried_the_new_season [C-SDrECvTa4],600,20.000000,1.0000,False,manual_box,original
Ich_sammel_i_tried_the_new_season_[C-SDrECvTa4]_000600_e0c47303_aug_original.png,0,enemy,1,0.145709,0.838620,0.123195,0.322760,Ich_sammel__i_tried_the_new_season [C-SDrECvTa4],600,20.000000,1.0000,False,manual_box,original
Ich_sammel_i_tried_the_new_season_[C-SDrECvTa4]_000600_e0c47303_aug_photo_exposure.png,1,player,1,0.394647,0.707375,0.148683,0.583664,Ich_sammel__i_tried_the_new_season [C-SDrECvTa4],600,20.000000,1.0000,False,manual_box,photo_exposure
Ich_sammel_i_tried_the_new_season_[C-SDrECvTa4]_000600_e0c47303_aug_photo_exposure.png,0,enemy,1,0.725149,0.665345,0.065421,0.207772,Ich_sammel__i_tried_the_new_season [C-SDrECvTa4],600,20.000000,1.0000,False,manual_box,photo_exposure
Ich_sammel_i_tried_the_new_season_[C-SDrECvTa4]_000600_e0c47303_aug_photo_exposure.png,0,enemy,1,0.488530,0.685964,0.059473,0.229976,Ich_sammel__i_tried_the_new_season [C-SDrECvTa4],600,20.000000,1.0000,False,manual_box,photo_exposure
Ich_sammel_i_tried_the_new_season_[C-SDrECvTa4]_000600_e0c47303_aug_photo_exposure.png,0,enemy,1,0.145709,0.838620,0.123195,0.322760,Ich_sammel__i_tried_the_new_season [C-SDrECvTa4],600,20.000000,1.0000,False,manual_box,photo_exposure
Ich_sammel_i_tried_the_new_season_[C-SDrECvTa4]_000600_e0c47303_aug_photo_gameplay.png,1,player,1,0.394647,0.707375,0.148683,0.583664,Ich_sammel__i_tried_the_new_season [C-SDrECvTa4],600,20.000000,1.0000,False,manual_box,photo_gameplay
Ich_sammel_i_tried_the_new_season_[C-SDrECvTa4]_000600_e0c47303_aug_photo_gameplay.png,0,enemy,1,0.725149,0.665345,0.065421,0.207772,Ich_sammel__i_tried_the_new_season [C-SDrECvTa4],600,20.000000,1.0000,False,manual_box,photo_gameplay
Ich_sammel_i_tried_the_new_season_[C-SDrECvTa4]_000600_e0c47303_aug_photo_gameplay.png,0,enemy,1,0.488530,0.685964,0.059473,0.229976,Ich_sammel__i_tried_the_new_season [C-SDrECvTa4],600,20.000000,1.0000,False,manual_box,photo_gameplay
Ich_sammel_i_tried_the_new_season_[C-SDrECvTa4]_000600_e0c47303_aug_photo_gameplay.png,0,enemy,1,0.145709,0.838620,0.123195,0.322760,Ich_sammel__i_tried_the_new_season [C-SDrECvTa4],600,20.000000,1.0000,False,manual_box,photo_gameplay
Ich_sammel_i_tried_the_new_season_[C-SDrECvTa4]_000600_e0c47303_aug_affine_mild.png,1,player,1,0.601418,0.737420,0.166479,0.525161,Ich_sammel__i_tried_the_new_season [C-SDrECvTa4],600,20.000000,1.0000,False,manual_box,affine_mild
Ich_sammel_i_tried_the_new_season_[C-SDrECvTa4]_000600_e0c47303_aug_affine_mild.png,0,enemy,1,0.255986,0.712550,0.072289,0.199456,Ich_sammel__i_tried_the_new_season [C-SDrECvTa4],600,20.000000,1.0000,False,manual_box,affine_mild
Ich_sammel_i_tried_the_new_season_[C-SDrECvTa4]_000600_e0c47303_aug_affine_mild.png,0,enemy,1,0.503108,0.733782,0.066523,0.220690,Ich_sammel__i_tried_the_new_season [C-SDrECvTa4],600,20.000000,1.0000,False,manual_box,affine_mild
Ich_sammel_i_tried_the_new_season_[C-SDrECvTa4]_000600_e0c47303_aug_affine_mild.png,0,enemy,1,0.863555,0.863591,0.134785,0.272818,Ich_sammel__i_tried_the_new_season [C-SDrECvTa4],600,20.000000,1.0000,False,manual_box,affine_mild
Ich_sammel_i_tried_the_new_season_[C-SDrECvTa4]_000600_e0c47303_aug_retarget_edge.png,1,player,1,0.328938,0.618755,0.148683,0.583664,Ich_sammel__i_tried_the_new_season [C-SDrECvTa4],600,20.000000,1.0000,False,manual_box,retarget_edge
Ich_sammel_i_tried_the_new_season_[C-SDrECvTa4]_000600_e0c47303_aug_retarget_edge.png,0,enemy,1,0.659440,0.576725,0.065421,0.207772,Ich_sammel__i_tried_the_new_season [C-SDrECvTa4],600,20.000000,1.0000,False,manual_box,retarget_edge
Ich_sammel_i_tried_the_new_season_[C-SDrECvTa4]_000600_e0c47303_aug_retarget_edge.png,0,enemy,1,0.422821,0.597344,0.059473,0.229976,Ich_sammel__i_tried_the_new_season [C-SDrECvTa4],600,20.000000,1.0000,False,manual_box,retarget_edge
Ich_sammel_i_tried_the_new_season_[C-SDrECvTa4]_000600_e0c47303_aug_retarget_edge.png,0,enemy,1,0.080000,0.750000,0.123195,0.322760,Ich_sammel__i_tried_the_new_season [C-SDrECvTa4],600,20.000000,1.0000,False,manual_box,retarget_edge
Ich_sammel_i_tried_the_new_season_[C-SDrECvTa4]_000600_e0c47303_aug_retarget_corner.png,1,player,1,0.328938,0.748461,0.148683,0.503077,Ich_sammel__i_tried_the_new_season [C-SDrECvTa4],600,20.000000,1.0000,False,manual_box,retarget_corner
Ich_sammel_i_tried_the_new_season_[C-SDrECvTa4]_000600_e0c47303_aug_retarget_corner.png,0,enemy,1,0.659440,0.746725,0.065421,0.207772,Ich_sammel__i_tried_the_new_season [C-SDrECvTa4],600,20.000000,1.0000,False,manual_box,retarget_corner
Ich_sammel_i_tried_the_new_season_[C-SDrECvTa4]_000600_e0c47303_aug_retarget_corner.png,0,enemy,1,0.422821,0.767344,0.059473,0.229976,Ich_sammel__i_tried_the_new_season [C-SDrECvTa4],600,20.000000,1.0000,False,manual_box,retarget_corner
Ich_sammel_i_tried_the_new_season_[C-SDrECvTa4]_000600_e0c47303_aug_retarget_corner.png,0,enemy,1,0.080000,0.879310,0.123195,0.241380,Ich_sammel__i_tried_the_new_season [C-SDrECvTa4],600,20.000000,1.0000,False,manual_box,retarget_corner
Ich_sammel_i_tried_the_new_season_[C-SDrECvTa4]_000615_21bc5827_aug_original.png,1,player,1,0.409516,0.705393,0.185217,0.589214,Ich_sammel__i_tried_the_new_season [C-SDrECvTa4],615,20.500000,1.0000,False,manual_box,original
Ich_sammel_i_tried_the_new_season_[C-SDrECvTa4]_000615_21bc5827_aug_original.png,0,enemy,1,0.166525,0.540841,0.108751,0.253767,Ich_sammel__i_tried_the_new_season [C-SDrECvTa4],615,20.500000,1.0000,False,manual_box,original
Ich_sammel_i_tried_the_new_season_[C-SDrECvTa4]_000615_21bc5827_aug_original.png,0,enemy,1,0.902719,0.659794,0.126593,0.475813,Ich_sammel__i_tried_the_new_season [C-SDrECvTa4],615,20.500000,1.0000,False,manual_box,original
Ich_sammel_i_tried_the_new_season_[C-SDrECvTa4]_000615_21bc5827_aug_original.png,0,enemy,1,0.617672,0.491673,0.037383,0.066614,Ich_sammel__i_tried_the_new_season [C-SDrECvTa4],615,20.500000,1.0000,False,manual_box,original
Ich_sammel_i_tried_the_new_season_[C-SDrECvTa4]_000615_21bc5827_aug_photo_exposure.png,1,player,1,0.409516,0.705393,0.185217,0.589215,Ich_sammel__i_tried_the_new_season [C-SDrECvTa4],615,20.500000,1.0000,False,manual_box,photo_exposure
Ich_sammel_i_tried_the_new_season_[C-SDrECvTa4]_000615_21bc5827_aug_photo_exposure.png,0,enemy,1,0.166525,0.540841,0.108751,0.253767,Ich_sammel__i_tried_the_new_season [C-SDrECvTa4],615,20.500000,1.0000,False,manual_box,photo_exposure
Ich_sammel_i_tried_the_new_season_[C-SDrECvTa4]_000615_21bc5827_aug_photo_exposure.png,0,enemy,1,0.902719,0.659794,0.126593,0.475813,Ich_sammel__i_tried_the_new_season [C-SDrECvTa4],615,20.500000,1.0000,False,manual_box,photo_exposure
Ich_sammel_i_tried_the_new_season_[C-SDrECvTa4]_000615_21bc5827_aug_photo_exposure.png,0,enemy,1,0.617672,0.491673,0.037383,0.066614,Ich_sammel__i_tried_the_new_season [C-SDrECvTa4],615,20.500000,1.0000,False,manual_box,photo_exposure
Ich_sammel_i_tried_the_new_season_[C-SDrECvTa4]_000615_21bc5827_aug_photo_gameplay.png,1,player,1,0.409516,0.705393,0.185217,0.589215,Ich_sammel__i_tried_the_new_season [C-SDrECvTa4],615,20.500000,1.0000,False,manual_box,photo_gameplay
Ich_sammel_i_tried_the_new_season_[C-SDrECvTa4]_000615_21bc5827_aug_photo_gameplay.png,0,enemy,1,0.166525,0.540841,0.108751,0.253767,Ich_sammel__i_tried_the_new_season [C-SDrECvTa4],615,20.500000,1.0000,False,manual_box,photo_gameplay
Ich_sammel_i_tried_the_new_season_[C-SDrECvTa4]_000615_21bc5827_aug_photo_gameplay.png,0,enemy,1,0.902719,0.659794,0.126593,0.475813,Ich_sammel__i_tried_the_new_season [C-SDrECvTa4],615,20.500000,1.0000,False,manual_box,photo_gameplay
Ich_sammel_i_tried_the_new_season_[C-SDrECvTa4]_000615_21bc5827_aug_photo_gameplay.png,0,enemy,1,0.617672,0.491673,0.037383,0.066614,Ich_sammel__i_tried_the_new_season [C-SDrECvTa4],615,20.500000,1.0000,False,manual_box,photo_gameplay
Ich_sammel_i_tried_the_new_season_[C-SDrECvTa4]_000615_21bc5827_aug_affine_mild.png,1,player,1,0.352511,0.722450,0.204155,0.555100,Ich_sammel__i_tried_the_new_season [C-SDrECvTa4],615,20.500000,1.0000,False,manual_box,affine_mild
Ich_sammel_i_tried_the_new_season_[C-SDrECvTa4]_000615_21bc5827_aug_affine_mild.png,0,enemy,1,0.092452,0.572620,0.119106,0.281586,Ich_sammel__i_tried_the_new_season [C-SDrECvTa4],615,20.500000,1.0000,False,manual_box,affine_mild
Ich_sammel_i_tried_the_new_season_[C-SDrECvTa4]_000615_21bc5827_aug_affine_mild.png,0,enemy,1,0.883505,0.749449,0.140143,0.501101,Ich_sammel__i_tried_the_new_season [C-SDrECvTa4],615,20.500000,1.0000,False,manual_box,affine_mild
Ich_sammel_i_tried_the_new_season_[C-SDrECvTa4]_000615_21bc5827_aug_affine_mild.png,0,enemy,1,0.578230,0.556076,0.040771,0.074628,Ich_sammel__i_tried_the_new_season [C-SDrECvTa4],615,20.500000,1.0000,False,manual_box,affine_mild
Ich_sammel_i_tried_the_new_season_[C-SDrECvTa4]_000615_21bc5827_aug_retarget_edge.png,1,player,1,0.426797,0.750496,0.185217,0.499008,Ich_sammel__i_tried_the_new_season [C-SDrECvTa4],615,20.500000,1.0000,False,manual_box,retarget_edge
Ich_sammel_i_tried_the_new_season_[C-SDrECvTa4]_000615_21bc5827_aug_retarget_edge.png,0,enemy,1,0.183806,0.631047,0.108751,0.253767,Ich_sammel__i_tried_the_new_season [C-SDrECvTa4],615,20.500000,1.0000,False,manual_box,retarget_edge
Ich_sammel_i_tried_the_new_season_[C-SDrECvTa4]_000615_21bc5827_aug_retarget_edge.png,0,enemy,1,0.920000,0.750000,0.126593,0.475813,Ich_sammel__i_tried_the_new_season [C-SDrECvTa4],615,20.500000,1.0000,False,manual_box,retarget_edge
Ich_sammel_i_tried_the_new_season_[C-SDrECvTa4]_000615_21bc5827_aug_retarget_edge.png,0,enemy,1,0.634953,0.581879,0.037383,0.066614,Ich_sammel__i_tried_the_new_season [C-SDrECvTa4],615,20.500000,1.0000,False,manual_box,retarget_edge
Ich_sammel_i_tried_the_new_season_[C-SDrECvTa4]_000630_917fb241_aug_original.png,1,player,1,0.401444,0.708565,0.157179,0.582870,Ich_sammel__i_tried_the_new_season [C-SDrECvTa4],630,21.000000,1.0000,False,manual_box,original
Ich_sammel_i_tried_the_new_season_[C-SDrECvTa4]_000630_917fb241_aug_original.png,0,enemy,1,0.515718,0.610626,0.098556,0.310864,Ich_sammel__i_tried_the_new_season [C-SDrECvTa4],630,21.000000,1.0000,False,manual_box,original
Ich_sammel_i_tried_the_new_season_[C-SDrECvTa4]_000630_917fb241_aug_original.png,0,enemy,1,0.265506,0.577320,0.094308,0.203013,Ich_sammel__i_tried_the_new_season [C-SDrECvTa4],630,21.000000,1.0000,False,manual_box,original
Ich_sammel_i_tried_the_new_season_[C-SDrECvTa4]_000630_917fb241_aug_original.png,0,enemy,1,0.960918,0.712926,0.078164,0.483743,Ich_sammel__i_tried_the_new_season [C-SDrECvTa4],630,21.000000,1.0000,False,manual_box,original
Ich_sammel_i_tried_the_new_season_[C-SDrECvTa4]_000630_917fb241_aug_original.png,0,enemy,1,0.742991,0.526566,0.031436,0.076130,Ich_sammel__i_tried_the_new_season [C-SDrECvTa4],630,21.000000,1.0000,False,manual_box,original
Ich_sammel_i_tried_the_new_season_[C-SDrECvTa4]_000630_917fb241_aug_photo_exposure.png,1,player,1,0.401444,0.708565,0.157179,0.582870,Ich_sammel__i_tried_the_new_season [C-SDrECvTa4],630,21.000000,1.0000,False,manual_box,photo_exposure
Ich_sammel_i_tried_the_new_season_[C-SDrECvTa4]_000630_917fb241_aug_photo_exposure.png,0,enemy,1,0.515718,0.610626,0.098556,0.310864,Ich_sammel__i_tried_the_new_season [C-SDrECvTa4],630,21.000000,1.0000,False,manual_box,photo_exposure
Ich_sammel_i_tried_the_new_season_[C-SDrECvTa4]_000630_917fb241_aug_photo_exposure.png,0,enemy,1,0.265506,0.577320,0.094308,0.203013,Ich_sammel__i_tried_the_new_season [C-SDrECvTa4],630,21.000000,1.0000,False,manual_box,photo_exposure
Ich_sammel_i_tried_the_new_season_[C-SDrECvTa4]_000630_917fb241_aug_photo_exposure.png,0,enemy,1,0.960918,0.712926,0.078164,0.483743,Ich_sammel__i_tried_the_new_season [C-SDrECvTa4],630,21.000000,1.0000,False,manual_box,photo_exposure
Ich_sammel_i_tried_the_new_season_[C-SDrECvTa4]_000630_917fb241_aug_photo_exposure.png,0,enemy,1,0.742991,0.526566,0.031436,0.076130,Ich_sammel__i_tried_the_new_season [C-SDrECvTa4],630,21.000000,1.0000,False,manual_box,photo_exposure
Ich_sammel_i_tried_the_new_season_[C-SDrECvTa4]_000630_917fb241_aug_photo_gameplay.png,1,player,1,0.401444,0.708565,0.157179,0.582870,Ich_sammel__i_tried_the_new_season [C-SDrECvTa4],630,21.000000,1.0000,False,manual_box,photo_gameplay
Ich_sammel_i_tried_the_new_season_[C-SDrECvTa4]_000630_917fb241_aug_photo_gameplay.png,0,enemy,1,0.515718,0.610626,0.098556,0.310864,Ich_sammel__i_tried_the_new_season [C-SDrECvTa4],630,21.000000,1.0000,False,manual_box,photo_gameplay
Ich_sammel_i_tried_the_new_season_[C-SDrECvTa4]_000630_917fb241_aug_photo_gameplay.png,0,enemy,1,0.265506,0.577320,0.094308,0.203013,Ich_sammel__i_tried_the_new_season [C-SDrECvTa4],630,21.000000,1.0000,False,manual_box,photo_gameplay
Ich_sammel_i_tried_the_new_season_[C-SDrECvTa4]_000630_917fb241_aug_photo_gameplay.png,0,enemy,1,0.960918,0.712926,0.078164,0.483743,Ich_sammel__i_tried_the_new_season [C-SDrECvTa4],630,21.000000,1.0000,False,manual_box,photo_gameplay
Ich_sammel_i_tried_the_new_season_[C-SDrECvTa4]_000630_917fb241_aug_photo_gameplay.png,0,enemy,1,0.742991,0.526566,0.031436,0.076130,Ich_sammel__i_tried_the_new_season [C-SDrECvTa4],630,21.000000,1.0000,False,manual_box,photo_gameplay
Ich_sammel_i_tried_the_new_season_[C-SDrECvTa4]_000630_917fb241_aug_affine_mild.png,1,player,1,0.573929,0.640046,0.156280,0.536562,Ich_sammel__i_tried_the_new_season [C-SDrECvTa4],630,21.000000,1.0000,False,manual_box,affine_mild
Ich_sammel_i_tried_the_new_season_[C-SDrECvTa4]_000630_917fb241_aug_affine_mild.png,0,enemy,1,0.460877,0.556708,0.097933,0.286880,Ich_sammel__i_tried_the_new_season [C-SDrECvTa4],630,21.000000,1.0000,False,manual_box,affine_mild
Ich_sammel_i_tried_the_new_season_[C-SDrECvTa4]_000630_917fb241_aug_affine_mild.png,0,enemy,1,0.708683,0.514355,0.093608,0.188802,Ich_sammel__i_tried_the_new_season [C-SDrECvTa4],630,21.000000,1.0000,False,manual_box,affine_mild
Ich_sammel_i_tried_the_new_season_[C-SDrECvTa4]_000630_917fb241_aug_affine_mild.png,0,enemy,1,0.029439,0.671124,0.058877,0.442776,Ich_sammel__i_tried_the_new_season [C-SDrECvTa4],630,21.000000,1.0000,False,manual_box,affine_mild
Ich_sammel_i_tried_the_new_season_[C-SDrECvTa4]_000630_917fb241_aug_affine_mild.png,0,enemy,1,0.235915,0.491442,0.031212,0.070610,Ich_sammel__i_tried_the_new_season [C-SDrECvTa4],630,21.000000,1.0000,False,manual_box,affine_mild
Ich_sammel_i_tried_the_new_season_[C-SDrECvTa4]_000630_917fb241_aug_retarget_edge.png,1,player,1,0.360526,0.727102,0.157179,0.545796,Ich_sammel__i_tried_the_new_season [C-SDrECvTa4],630,21.000000,1.0000,False,manual_box,retarget_edge
Ich_sammel_i_tried_the_new_season_[C-SDrECvTa4]_000630_917fb241_aug_retarget_edge.png,0,enemy,1,0.474800,0.647700,0.098556,0.310864,Ich_sammel__i_tried_the_new_season [C-SDrECvTa4],630,21.000000,1.0000,False,manual_box,retarget_edge
Ich_sammel_i_tried_the_new_season_[C-SDrECvTa4]_000630_917fb241_aug_retarget_edge.png,0,enemy,1,0.224588,0.614394,0.094308,0.203013,Ich_sammel__i_tried_the_new_season [C-SDrECvTa4],630,21.000000,1.0000,False,manual_box,retarget_edge
Ich_sammel_i_tried_the_new_season_[C-SDrECvTa4]_000630_917fb241_aug_retarget_edge.png,0,enemy,1,0.920000,0.750000,0.078164,0.483743,Ich_sammel__i_tried_the_new_season [C-SDrECvTa4],630,21.000000,1.0000,False,manual_box,retarget_edge
Ich_sammel_i_tried_the_new_season_[C-SDrECvTa4]_000630_917fb241_aug_retarget_edge.png,0,enemy,1,0.702073,0.563640,0.031436,0.076130,Ich_sammel__i_tried_the_new_season [C-SDrECvTa4],630,21.000000,1.0000,False,manual_box,retarget_edge
Ich_sammel_i_tried_the_new_season_[C-SDrECvTa4]_000645_005f64c6_aug_original.png,1,player,1,0.398046,0.708565,0.141886,0.582870,Ich_sammel__i_tried_the_new_season [C-SDrECvTa4],645,21.500000,1.0000,False,manual_box,original
Ich_sammel_i_tried_the_new_season_[C-SDrECvTa4]_000645_005f64c6_aug_original.png,0,enemy,1,0.723874,0.535289,0.022090,0.055511,Ich_sammel__i_tried_the_new_season [C-SDrECvTa4],645,21.500000,1.0000,False,manual_box,original
Ich_sammel_i_tried_the_new_season_[C-SDrECvTa4]_000645_005f64c6_aug_original.png,0,enemy,1,0.491504,0.592387,0.065421,0.252181,Ich_sammel__i_tried_the_new_season [C-SDrECvTa4],645,21.500000,1.0000,False,manual_box,original
Ich_sammel_i_tried_the_new_season_[C-SDrECvTa4]_000645_005f64c6_aug_original.png,0,enemy,1,0.259558,0.577320,0.092608,0.222046,Ich_sammel__i_tried_the_new_season [C-SDrECvTa4],645,21.500000,1.0000,False,manual_box,original
Ich_sammel_i_tried_the_new_season_[C-SDrECvTa4]_000645_005f64c6_aug_original.png,0,enemy,1,0.962192,0.698652,0.075616,0.496431,Ich_sammel__i_tried_the_new_season [C-SDrECvTa4],645,21.500000,1.0000,False,manual_box,original
Ich_sammel_i_tried_the_new_season_[C-SDrECvTa4]_000645_005f64c6_aug_photo_exposure.png,1,player,1,0.398046,0.708565,0.141886,0.582870,Ich_sammel__i_tried_the_new_season [C-SDrECvTa4],645,21.500000,1.0000,False,manual_box,photo_exposure
Ich_sammel_i_tried_the_new_season_[C-SDrECvTa4]_000645_005f64c6_aug_photo_exposure.png,0,enemy,1,0.723874,0.535289,0.022090,0.055511,Ich_sammel__i_tried_the_new_season [C-SDrECvTa4],645,21.500000,1.0000,False,manual_box,photo_exposure
Ich_sammel_i_tried_the_new_season_[C-SDrECvTa4]_000645_005f64c6_aug_photo_exposure.png,0,enemy,1,0.491504,0.592387,0.065421,0.252181,Ich_sammel__i_tried_the_new_season [C-SDrECvTa4],645,21.500000,1.0000,False,manual_box,photo_exposure
Ich_sammel_i_tried_the_new_season_[C-SDrECvTa4]_000645_005f64c6_aug_photo_exposure.png,0,enemy,1,0.259558,0.577320,0.092608,0.222046,Ich_sammel__i_tried_the_new_season [C-SDrECvTa4],645,21.500000,1.0000,False,manual_box,photo_exposure
Ich_sammel_i_tried_the_new_season_[C-SDrECvTa4]_000645_005f64c6_aug_photo_exposure.png,0,enemy,1,0.962192,0.698652,0.075616,0.496431,Ich_sammel__i_tried_the_new_season [C-SDrECvTa4],645,21.500000,1.0000,False,manual_box,photo_exposure
Ich_sammel_i_tried_the_new_season_[C-SDrECvTa4]_000645_005f64c6_aug_photo_gameplay.png,1,player,1,0.398046,0.708565,0.141886,0.582870,Ich_sammel__i_tried_the_new_season [C-SDrECvTa4],645,21.500000,1.0000,False,manual_box,photo_gameplay
Ich_sammel_i_tried_the_new_season_[C-SDrECvTa4]_000645_005f64c6_aug_photo_gameplay.png,0,enemy,1,0.723874,0.535289,0.022090,0.055511,Ich_sammel__i_tried_the_new_season [C-SDrECvTa4],645,21.500000,1.0000,False,manual_box,photo_gameplay
Ich_sammel_i_tried_the_new_season_[C-SDrECvTa4]_000645_005f64c6_aug_photo_gameplay.png,0,enemy,1,0.491504,0.592387,0.065421,0.252181,Ich_sammel__i_tried_the_new_season [C-SDrECvTa4],645,21.500000,1.0000,False,manual_box,photo_gameplay
Ich_sammel_i_tried_the_new_season_[C-SDrECvTa4]_000645_005f64c6_aug_photo_gameplay.png,0,enemy,1,0.259558,0.577320,0.092608,0.222046,Ich_sammel__i_tried_the_new_season [C-SDrECvTa4],645,21.500000,1.0000,False,manual_box,photo_gameplay
Ich_sammel_i_tried_the_new_season_[C-SDrECvTa4]_000645_005f64c6_aug_photo_gameplay.png,0,enemy,1,0.962192,0.698652,0.075616,0.496431,Ich_sammel__i_tried_the_new_season [C-SDrECvTa4],645,21.500000,1.0000,False,manual_box,photo_gameplay
Ich_sammel_i_tried_the_new_season_[C-SDrECvTa4]_000645_005f64c6_aug_retarget_edge.png,1,player,1,0.355854,0.734239,0.141886,0.531522,Ich_sammel__i_tried_the_new_season [C-SDrECvTa4],645,21.500000,1.0000,False,manual_box,retarget_edge
Ich_sammel_i_tried_the_new_season_[C-SDrECvTa4]_000645_005f64c6_aug_retarget_edge.png,0,enemy,1,0.681682,0.586637,0.022090,0.055511,Ich_sammel__i_tried_the_new_season [C-SDrECvTa4],645,21.500000,1.0000,False,manual_box,retarget_edge
Ich_sammel_i_tried_the_new_season_[C-SDrECvTa4]_000645_005f64c6_aug_retarget_edge.png,0,enemy,1,0.449312,0.643735,0.065421,0.252181,Ich_sammel__i_tried_the_new_season [C-SDrECvTa4],645,21.500000,1.0000,False,manual_box,retarget_edge
Ich_sammel_i_tried_the_new_season_[C-SDrECvTa4]_000645_005f64c6_aug_retarget_edge.png,0,enemy,1,0.217366,0.628668,0.092608,0.222046,Ich_sammel__i_tried_the_new_season [C-SDrECvTa4],645,21.500000,1.0000,False,manual_box,retarget_edge
Ich_sammel_i_tried_the_new_season_[C-SDrECvTa4]_000645_005f64c6_aug_retarget_edge.png,0,enemy,1,0.920000,0.750000,0.075616,0.496431,Ich_sammel__i_tried_the_new_season [C-SDrECvTa4],645,21.500000,1.0000,False,manual_box,retarget_edge
Ich_sammel_i_tried_the_new_season_[C-SDrECvTa4]_000660_e2d1b828_aug_original.png,1,player,1,0.385726,0.703807,0.163127,0.592386,Ich_sammel__i_tried_the_new_season [C-SDrECvTa4],660,22.000000,1.0000,False,manual_box,original
Ich_sammel_i_tried_the_new_season_[C-SDrECvTa4]_000660_e2d1b828_aug_original.png,0,enemy,1,0.496602,0.581285,0.065421,0.233148,Ich_sammel__i_tried_the_new_season [C-SDrECvTa4],660,22.000000,1.0000,False,manual_box,original
Ich_sammel_i_tried_the_new_season_[C-SDrECvTa4]_000660_e2d1b828_aug_original.png,0,enemy,1,0.253611,0.578113,0.063721,0.249009,Ich_sammel__i_tried_the_new_season [C-SDrECvTa4],660,22.000000,1.0000,False,manual_box,original
Ich_sammel_i_tried_the_new_season_[C-SDrECvTa4]_000660_e2d1b828_aug_original.png,0,enemy,1,0.727698,0.536875,0.024639,0.080888,Ich_sammel__i_tried_the_new_season [C-SDrECvTa4],660,22.000000,1.0000,False,manual_box,original
Ich_sammel_i_tried_the_new_season_[C-SDrECvTa4]_000660_e2d1b828_aug_original.png,0,enemy,1,0.960918,0.687550,0.078164,0.483743,Ich_sammel__i_tried_the_new_season [C-SDrECvTa4],660,22.000000,1.0000,False,manual_box,original
Ich_sammel_i_tried_the_new_season_[C-SDrECvTa4]_000660_e2d1b828_aug_photo_exposure.png,1,player,1,0.385726,0.703807,0.163127,0.592387,Ich_sammel__i_tried_the_new_season [C-SDrECvTa4],660,22.000000,1.0000,False,manual_box,photo_exposure
Ich_sammel_i_tried_the_new_season_[C-SDrECvTa4]_000660_e2d1b828_aug_photo_exposure.png,0,enemy,1,0.496602,0.581285,0.065421,0.233148,Ich_sammel__i_tried_the_new_season [C-SDrECvTa4],660,22.000000,1.0000,False,manual_box,photo_exposure
Ich_sammel_i_tried_the_new_season_[C-SDrECvTa4]_000660_e2d1b828_aug_photo_exposure.png,0,enemy,1,0.253611,0.578113,0.063721,0.249009,Ich_sammel__i_tried_the_new_season [C-SDrECvTa4],660,22.000000,1.0000,False,manual_box,photo_exposure
Ich_sammel_i_tried_the_new_season_[C-SDrECvTa4]_000660_e2d1b828_aug_photo_exposure.png,0,enemy,1,0.727698,0.536875,0.024639,0.080888,Ich_sammel__i_tried_the_new_season [C-SDrECvTa4],660,22.000000,1.0000,False,manual_box,photo_exposure
Ich_sammel_i_tried_the_new_season_[C-SDrECvTa4]_000660_e2d1b828_aug_photo_exposure.png,0,enemy,1,0.960918,0.687550,0.078164,0.483743,Ich_sammel__i_tried_the_new_season [C-SDrECvTa4],660,22.000000,1.0000,False,manual_box,photo_exposure
Ich_sammel_i_tried_the_new_season_[C-SDrECvTa4]_000660_e2d1b828_aug_photo_gameplay.png,1,player,1,0.385726,0.703807,0.163127,0.592387,Ich_sammel__i_tried_the_new_season [C-SDrECvTa4],660,22.000000,1.0000,False,manual_box,photo_gameplay
Ich_sammel_i_tried_the_new_season_[C-SDrECvTa4]_000660_e2d1b828_aug_photo_gameplay.png,0,enemy,1,0.496602,0.581285,0.065421,0.233148,Ich_sammel__i_tried_the_new_season [C-SDrECvTa4],660,22.000000,1.0000,False,manual_box,photo_gameplay
Ich_sammel_i_tried_the_new_season_[C-SDrECvTa4]_000660_e2d1b828_aug_photo_gameplay.png,0,enemy,1,0.253611,0.578113,0.063721,0.249009,Ich_sammel__i_tried_the_new_season [C-SDrECvTa4],660,22.000000,1.0000,False,manual_box,photo_gameplay
Ich_sammel_i_tried_the_new_season_[C-SDrECvTa4]_000660_e2d1b828_aug_photo_gameplay.png,0,enemy,1,0.727698,0.536875,0.024639,0.080888,Ich_sammel__i_tried_the_new_season [C-SDrECvTa4],660,22.000000,1.0000,False,manual_box,photo_gameplay
Ich_sammel_i_tried_the_new_season_[C-SDrECvTa4]_000660_e2d1b828_aug_photo_gameplay.png,0,enemy,1,0.960918,0.687550,0.078164,0.483743,Ich_sammel__i_tried_the_new_season [C-SDrECvTa4],660,22.000000,1.0000,False,manual_box,photo_gameplay
Ich_sammel_i_tried_the_new_season_[C-SDrECvTa4]_000660_e2d1b828_aug_affine_mild.png,1,player,1,0.347633,0.714607,0.158843,0.570785,Ich_sammel__i_tried_the_new_season [C-SDrECvTa4],660,22.000000,1.0000,False,manual_box,affine_mild
Ich_sammel_i_tried_the_new_season_[C-SDrECvTa4]_000660_e2d1b828_aug_affine_mild.png,0,enemy,1,0.450002,0.612081,0.063614,0.242839,Ich_sammel__i_tried_the_new_season [C-SDrECvTa4],660,22.000000,1.0000,False,manual_box,affine_mild
Ich_sammel_i_tried_the_new_season_[C-SDrECvTa4]_000660_e2d1b828_aug_affine_mild.png,0,enemy,1,0.231081,0.605449,0.062399,0.259275,Ich_sammel__i_tried_the_new_season [C-SDrECvTa4],660,22.000000,1.0000,False,manual_box,affine_mild
Ich_sammel_i_tried_the_new_season_[C-SDrECvTa4]_000660_e2d1b828_aug_affine_mild.png,0,enemy,1,0.659153,0.569174,0.023820,0.084277,Ich_sammel__i_tried_the_new_season [C-SDrECvTa4],660,22.000000,1.0000,False,manual_box,affine_mild
Ich_sammel_i_tried_the_new_season_[C-SDrECvTa4]_000660_e2d1b828_aug_affine_mild.png,0,enemy,1,0.936764,0.729813,0.080104,0.503059,Ich_sammel__i_tried_the_new_season [C-SDrECvTa4],660,22.000000,1.0000,False,manual_box,affine_mild
Ich_sammel_i_tried_the_new_season_[C-SDrECvTa4]_000660_e2d1b828_aug_retarget_edge.png,1,player,1,0.344808,0.735032,0.163127,0.529937,Ich_sammel__i_tried_the_new_season [C-SDrECvTa4],660,22.000000,1.0000,False,manual_box,retarget_edge
Ich_sammel_i_tried_the_new_season_[C-SDrECvTa4]_000660_e2d1b828_aug_retarget_edge.png,0,enemy,1,0.455684,0.643735,0.065421,0.233148,Ich_sammel__i_tried_the_new_season [C-SDrECvTa4],660,22.000000,1.0000,False,manual_box,retarget_edge
Ich_sammel_i_tried_the_new_season_[C-SDrECvTa4]_000660_e2d1b828_aug_retarget_edge.png,0,enemy,1,0.212693,0.640563,0.063721,0.249009,Ich_sammel__i_tried_the_new_season [C-SDrECvTa4],660,22.000000,1.0000,False,manual_box,retarget_edge
Ich_sammel_i_tried_the_new_season_[C-SDrECvTa4]_000660_e2d1b828_aug_retarget_edge.png,0,enemy,1,0.686780,0.599325,0.024639,0.080888,Ich_sammel__i_tried_the_new_season [C-SDrECvTa4],660,22.000000,1.0000,False,manual_box,retarget_edge
Ich_sammel_i_tried_the_new_season_[C-SDrECvTa4]_000660_e2d1b828_aug_retarget_edge.png,0,enemy,1,0.920000,0.750000,0.078164,0.483743,Ich_sammel__i_tried_the_new_season [C-SDrECvTa4],660,22.000000,1.0000,False,manual_box,retarget_edge
Ich_sammel_i_tried_the_new_season_[C-SDrECvTa4]_000675_066e1fe5_aug_original.png,1,player,1,0.393798,0.695083,0.182668,0.609833,Ich_sammel__i_tried_the_new_season [C-SDrECvTa4],675,22.500000,1.0000,False,manual_box,original
Ich_sammel_i_tried_the_new_season_[C-SDrECvTa4]_000675_066e1fe5_aug_original.png,0,enemy,1,0.724299,0.530531,0.024639,0.061856,Ich_sammel__i_tried_the_new_season [C-SDrECvTa4],675,22.500000,1.0000,False,manual_box,original
Ich_sammel_i_tried_the_new_season_[C-SDrECvTa4]_000675_066e1fe5_aug_original.png,0,enemy,1,0.492353,0.590008,0.067120,0.253767,Ich_sammel__i_tried_the_new_season [C-SDrECvTa4],675,22.500000,1.0000,False,manual_box,original
Ich_sammel_i_tried_the_new_season_[C-SDrECvTa4]_000675_066e1fe5_aug_original.png,0,enemy,1,0.253611,0.584457,0.082413,0.236320,Ich_sammel__i_tried_the_new_season [C-SDrECvTa4],675,22.500000,1.0000,False,manual_box,original
Ich_sammel_i_tried_the_new_season_[C-SDrECvTa4]_000675_066e1fe5_aug_original.png,0,enemy,1,0.946899,0.694687,0.106202,0.472641,Ich_sammel__i_tried_the_new_season [C-SDrECvTa4],675,22.500000,1.0000,False,manual_box,original
Ich_sammel_i_tried_the_new_season_[C-SDrECvTa4]_000675_066e1fe5_aug_photo_exposure.png,1,player,1,0.393798,0.695083,0.182668,0.609833,Ich_sammel__i_tried_the_new_season [C-SDrECvTa4],675,22.500000,1.0000,False,manual_box,photo_exposure
Ich_sammel_i_tried_the_new_season_[C-SDrECvTa4]_000675_066e1fe5_aug_photo_exposure.png,0,enemy,1,0.724299,0.530531,0.024639,0.061856,Ich_sammel__i_tried_the_new_season [C-SDrECvTa4],675,22.500000,1.0000,False,manual_box,photo_exposure
Ich_sammel_i_tried_the_new_season_[C-SDrECvTa4]_000675_066e1fe5_aug_photo_exposure.png,0,enemy,1,0.492353,0.590008,0.067120,0.253767,Ich_sammel__i_tried_the_new_season [C-SDrECvTa4],675,22.500000,1.0000,False,manual_box,photo_exposure
Ich_sammel_i_tried_the_new_season_[C-SDrECvTa4]_000675_066e1fe5_aug_photo_exposure.png,0,enemy,1,0.253611,0.584457,0.082413,0.236320,Ich_sammel__i_tried_the_new_season [C-SDrECvTa4],675,22.500000,1.0000,False,manual_box,photo_exposure
Ich_sammel_i_tried_the_new_season_[C-SDrECvTa4]_000675_066e1fe5_aug_photo_exposure.png,0,enemy,1,0.946899,0.694687,0.106202,0.472641,Ich_sammel__i_tried_the_new_season [C-SDrECvTa4],675,22.500000,1.0000,False,manual_box,photo_exposure
Ich_sammel_i_tried_the_new_season_[C-SDrECvTa4]_000675_066e1fe5_aug_photo_gameplay.png,1,player,1,0.393798,0.695083,0.182668,0.609833,Ich_sammel__i_tried_the_new_season [C-SDrECvTa4],675,22.500000,1.0000,False,manual_box,photo_gameplay
Ich_sammel_i_tried_the_new_season_[C-SDrECvTa4]_000675_066e1fe5_aug_photo_gameplay.png,0,enemy,1,0.724299,0.530531,0.024639,0.061856,Ich_sammel__i_tried_the_new_season [C-SDrECvTa4],675,22.500000,1.0000,False,manual_box,photo_gameplay
Ich_sammel_i_tried_the_new_season_[C-SDrECvTa4]_000675_066e1fe5_aug_photo_gameplay.png,0,enemy,1,0.492353,0.590008,0.067120,0.253767,Ich_sammel__i_tried_the_new_season [C-SDrECvTa4],675,22.500000,1.0000,False,manual_box,photo_gameplay
Ich_sammel_i_tried_the_new_season_[C-SDrECvTa4]_000675_066e1fe5_aug_photo_gameplay.png,0,enemy,1,0.253611,0.584457,0.082413,0.236320,Ich_sammel__i_tried_the_new_season [C-SDrECvTa4],675,22.500000,1.0000,False,manual_box,photo_gameplay
Ich_sammel_i_tried_the_new_season_[C-SDrECvTa4]_000675_066e1fe5_aug_photo_gameplay.png,0,enemy,1,0.946899,0.694687,0.106202,0.472641,Ich_sammel__i_tried_the_new_season [C-SDrECvTa4],675,22.500000,1.0000,False,manual_box,photo_gameplay
Ich_sammel_i_tried_the_new_season_[C-SDrECvTa4]_000675_066e1fe5_aug_affine_mild.png,1,player,1,0.568794,0.688713,0.185085,0.622575,Ich_sammel__i_tried_the_new_season [C-SDrECvTa4],675,22.500000,1.0000,False,manual_box,affine_mild
Ich_sammel_i_tried_the_new_season_[C-SDrECvTa4]_000675_066e1fe5_aug_affine_mild.png,0,enemy,1,0.269389,0.492978,0.024394,0.066807,Ich_sammel__i_tried_the_new_season [C-SDrECvTa4],675,22.500000,1.0000,False,manual_box,affine_mild
Ich_sammel_i_tried_the_new_season_[C-SDrECvTa4]_000675_066e1fe5_aug_affine_mild.png,0,enemy,1,0.481079,0.582655,0.068839,0.269929,Ich_sammel__i_tried_the_new_season [C-SDrECvTa4],675,22.500000,1.0000,False,manual_box,affine_mild
Ich_sammel_i_tried_the_new_season_[C-SDrECvTa4]_000675_066e1fe5_aug_affine_mild.png,0,enemy,1,0.700839,0.606094,0.082418,0.253802,Ich_sammel__i_tried_the_new_season [C-SDrECvTa4],675,22.500000,1.0000,False,manual_box,affine_mild
Ich_sammel_i_tried_the_new_season_[C-SDrECvTa4]_000675_066e1fe5_aug_affine_mild.png,0,enemy,1,0.060040,0.635092,0.110911,0.500444,Ich_sammel__i_tried_the_new_season [C-SDrECvTa4],675,22.500000,1.0000,False,manual_box,affine_mild
Ich_sammel_i_tried_the_new_season_[C-SDrECvTa4]_000675_066e1fe5_aug_retarget_edge.png,1,player,1,0.366899,0.722740,0.182668,0.554521,Ich_sammel__i_tried_the_new_season [C-SDrECvTa4],675,22.500000,1.0000,False,manual_box,retarget_edge
Ich_sammel_i_tried_the_new_season_[C-SDrECvTa4]_000675_066e1fe5_aug_retarget_edge.png,0,enemy,1,0.697400,0.585844,0.024639,0.061856,Ich_sammel__i_tried_the_new_season [C-SDrECvTa4],675,22.500000,1.0000,False,manual_box,retarget_edge
Ich_sammel_i_tried_the_new_season_[C-SDrECvTa4]_000675_066e1fe5_aug_retarget_edge.png,0,enemy,1,0.465454,0.645321,0.067120,0.253767,Ich_sammel__i_tried_the_new_season [C-SDrECvTa4],675,22.500000,1.0000,False,manual_box,retarget_edge
Ich_sammel_i_tried_the_new_season_[C-SDrECvTa4]_000675_066e1fe5_aug_retarget_edge.png,0,enemy,1,0.226712,0.639770,0.082413,0.236320,Ich_sammel__i_tried_the_new_season [C-SDrECvTa4],675,22.500000,1.0000,False,manual_box,retarget_edge
Ich_sammel_i_tried_the_new_season_[C-SDrECvTa4]_000675_066e1fe5_aug_retarget_edge.png,0,enemy,1,0.920000,0.750000,0.106202,0.472641,Ich_sammel__i_tried_the_new_season [C-SDrECvTa4],675,22.500000,1.0000,False,manual_box,retarget_edge
Ich_sammel_i_tried_the_new_season_[C-SDrECvTa4]_000690_86552a59_aug_original.png,1,player,1,0.402719,0.708565,0.159728,0.582870,Ich_sammel__i_tried_the_new_season [C-SDrECvTa4],690,23.000000,1.0000,False,manual_box,original
Ich_sammel_i_tried_the_new_season_[C-SDrECvTa4]_000690_86552a59_aug_photo_exposure.png,1,player,1,0.402719,0.708565,0.159728,0.582870,Ich_sammel__i_tried_the_new_season [C-SDrECvTa4],690,23.000000,1.0000,False,manual_box,photo_exposure
Ich_sammel_i_tried_the_new_season_[C-SDrECvTa4]_000690_86552a59_aug_photo_gameplay.png,1,player,1,0.402719,0.708565,0.159728,0.582870,Ich_sammel__i_tried_the_new_season [C-SDrECvTa4],690,23.000000,1.0000,False,manual_box,photo_gameplay
Ich_sammel_i_tried_the_new_season_[C-SDrECvTa4]_000690_86552a59_aug_affine_mild.png,1,player,1,0.623446,0.727429,0.176562,0.545141,Ich_sammel__i_tried_the_new_season [C-SDrECvTa4],690,23.000000,1.0000,False,manual_box,affine_mild
Ich_sammel_i_tried_the_new_season_[C-SDrECvTa4]_000690_86552a59_aug_retarget_edge.png,1,player,1,0.080000,0.500000,0.159728,0.582870,Ich_sammel__i_tried_the_new_season [C-SDrECvTa4],690,23.000000,1.0000,False,manual_box,retarget_edge
Ich_sammel_i_tried_the_new_season_[C-SDrECvTa4]_000705_53ee9cb0_aug_original.png,1,player,1,0.402719,0.706979,0.152931,0.586043,Ich_sammel__i_tried_the_new_season [C-SDrECvTa4],705,23.500000,1.0000,False,manual_box,original
Ich_sammel_i_tried_the_new_season_[C-SDrECvTa4]_000705_53ee9cb0_aug_photo_exposure.png,1,player,1,0.402719,0.706979,0.152931,0.586042,Ich_sammel__i_tried_the_new_season [C-SDrECvTa4],705,23.500000,1.0000,False,manual_box,photo_exposure
Ich_sammel_i_tried_the_new_season_[C-SDrECvTa4]_000705_53ee9cb0_aug_photo_gameplay.png,1,player,1,0.402719,0.706979,0.152931,0.586042,Ich_sammel__i_tried_the_new_season [C-SDrECvTa4],705,23.500000,1.0000,False,manual_box,photo_gameplay
Ich_sammel_i_tried_the_new_season_[C-SDrECvTa4]_000705_53ee9cb0_aug_affine_mild.png,1,player,1,0.595313,0.689368,0.151541,0.621264,Ich_sammel__i_tried_the_new_season [C-SDrECvTa4],705,23.500000,1.0000,False,manual_box,affine_mild
Ich_sammel_i_tried_the_new_season_[C-SDrECvTa4]_000705_53ee9cb0_aug_retarget_edge.png,1,player,1,0.080000,0.500000,0.152931,0.586043,Ich_sammel__i_tried_the_new_season [C-SDrECvTa4],705,23.500000,1.0000,False,manual_box,retarget_edge
Ich_sammel_i_tried_the_new_season_[C-SDrECvTa4]_000720_3efc6735_aug_original.png,1,player,1,0.401020,0.708565,0.158029,0.582870,Ich_sammel__i_tried_the_new_season [C-SDrECvTa4],720,24.000000,1.0000,False,manual_box,original
Ich_sammel_i_tried_the_new_season_[C-SDrECvTa4]_000720_3efc6735_aug_photo_exposure.png,1,player,1,0.401020,0.708565,0.158029,0.582870,Ich_sammel__i_tried_the_new_season [C-SDrECvTa4],720,24.000000,1.0000,False,manual_box,photo_exposure
Ich_sammel_i_tried_the_new_season_[C-SDrECvTa4]_000720_3efc6735_aug_photo_gameplay.png,1,player,1,0.401020,0.708565,0.158029,0.582870,Ich_sammel__i_tried_the_new_season [C-SDrECvTa4],720,24.000000,1.0000,False,manual_box,photo_gameplay
Ich_sammel_i_tried_the_new_season_[C-SDrECvTa4]_000720_3efc6735_aug_affine_mild.png,1,player,1,0.650036,0.709913,0.183873,0.580174,Ich_sammel__i_tried_the_new_season [C-SDrECvTa4],720,24.000000,1.0000,False,manual_box,affine_mild
Ich_sammel_i_tried_the_new_season_[C-SDrECvTa4]_000720_3efc6735_aug_retarget_edge.png,1,player,1,0.080000,0.500000,0.158029,0.582870,Ich_sammel__i_tried_the_new_season [C-SDrECvTa4],720,24.000000,1.0000,False,manual_box,retarget_edge
Ich_sammel_i_tried_the_new_season_[C-SDrECvTa4]_000735_aa992e98_aug_original.png,1,player,1,0.188190,0.617367,0.372982,0.765266,Ich_sammel__i_tried_the_new_season [C-SDrECvTa4],735,24.500000,1.0000,False,manual_box,original
Ich_sammel_i_tried_the_new_season_[C-SDrECvTa4]_000735_aa992e98_aug_photo_exposure.png,1,player,1,0.188190,0.617367,0.372982,0.765266,Ich_sammel__i_tried_the_new_season [C-SDrECvTa4],735,24.500000,1.0000,False,manual_box,photo_exposure
Ich_sammel_i_tried_the_new_season_[C-SDrECvTa4]_000735_aa992e98_aug_photo_gameplay.png,1,player,1,0.188190,0.617367,0.372982,0.765266,Ich_sammel__i_tried_the_new_season [C-SDrECvTa4],735,24.500000,1.0000,False,manual_box,photo_gameplay
Ich_sammel_i_tried_the_new_season_[C-SDrECvTa4]_000735_aa992e98_aug_affine_mild.png,1,player,1,0.781979,0.546867,0.415723,0.814665,Ich_sammel__i_tried_the_new_season [C-SDrECvTa4],735,24.500000,1.0000,False,manual_box,affine_mild
Ich_sammel_i_tried_the_new_season_[C-SDrECvTa4]_000735_aa992e98_aug_retarget_edge.png,1,player,1,0.133245,0.500000,0.266491,0.765266,Ich_sammel__i_tried_the_new_season [C-SDrECvTa4],735,24.500000,1.0000,False,manual_box,retarget_edge
