filename,class_id,class_name,has_enemy,x_center,y_center,width,height,video_id,frame_idx,timestamp,confidence,auto_labeled,bbox_source,aug_type
Federico_sammelt_i_tried_the_new_season_[C-SDrECvTa4]_000000_cea4a646_aug_original_6490fba4_aug_original.png,0,enemy,1,0.564996,0.493259,0.091759,0.275971,Federico_sammelt__i_tried_the_new_season [C-SDrECvTa4],0,0.000000,1.0000,False,manual_box,original
Federico_sammelt_i_tried_the_new_season_[C-SDrECvTa4]_000000_cea4a646_aug_original_6490fba4_aug_original.png,1,player,1,0.388700,0.710151,0.162277,0.579699,Federico_sammelt__i_tried_the_new_season [C-SDrECvTa4],0,0.000000,1.0000,False,manual_box,original
Federico_sammelt_i_tried_the_new_season_[C-SDrECvTa4]_000000_cea4a646_aug_original_6490fba4_aug_photo_exposure.png,0,enemy,1,0.564996,0.493259,0.091759,0.275971,Federico_sammelt__i_tried_the_new_season [C-SDrECvTa4],0,0.000000,1.0000,False,manual_box,photo_exposure
Federico_sammelt_i_tried_the_new_season_[C-SDrECvTa4]_000000_cea4a646_aug_original_6490fba4_aug_photo_exposure.png,1,player,1,0.388700,0.710151,0.162277,0.579699,Federico_sammelt__i_tried_the_new_season [C-SDrECvTa4],0,0.000000,1.0000,False,manual_box,photo_exposure
Federico_sammelt_i_tried_the_new_season_[C-SDrECvTa4]_000000_cea4a646_aug_original_6490fba4_aug_photo_gameplay.png,0,enemy,1,0.564996,0.493259,0.091759,0.275971,Federico_sammelt__i_tried_the_new_season [C-SDrECvTa4],0,0.000000,1.0000,False,manual_box,photo_gameplay
Federico_sammelt_i_tried_the_new_season_[C-SDrECvTa4]_000000_cea4a646_aug_original_6490fba4_aug_photo_gameplay.png,1,player,1,0.388700,0.710151,0.162277,0.579699,Federico_sammelt__i_tried_the_new_season [C-SDrECvTa4],0,0.000000,1.0000,False,manual_box,photo_gameplay
Federico_sammelt_i_tried_the_new_season_[C-SDrECvTa4]_000000_cea4a646_aug_original_6490fba4_aug_affine_mild.png,0,enemy,1,0.382067,0.547735,0.092737,0.304470,Federico_sammelt__i_tried_the_new_season [C-SDrECvTa4],0,0.000000,1.0000,False,manual_box,affine_mild
Federico_sammelt_i_tried_the_new_season_[C-SDrECvTa4]_000000_cea4a646_aug_original_6490fba4_aug_affine_mild.png,1,player,1,0.553592,0.724654,0.165951,0.550693,Federico_sammelt__i_tried_the_new_season [C-SDrECvTa4],0,0.000000,1.0000,False,manual_box,affine_mild
Federico_sammelt_i_tried_the_new_season_[C-SDrECvTa4]_000000_cea4a646_aug_photo_exposure_ab0cb819_aug_original.png,0,enemy,1,0.564996,0.493259,0.091759,0.275971,Federico_sammelt__i_tried_the_new_season [C-SDrECvTa4],0,0.000000,1.0000,False,manual_box,original
Federico_sammelt_i_tried_the_new_season_[C-SDrECvTa4]_000000_cea4a646_aug_photo_exposure_ab0cb819_aug_original.png,1,player,1,0.388700,0.710151,0.162277,0.579699,Federico_sammelt__i_tried_the_new_season [C-SDrECvTa4],0,0.000000,1.0000,False,manual_box,original
Federico_sammelt_i_tried_the_new_season_[C-SDrECvTa4]_000000_cea4a646_aug_photo_exposure_ab0cb819_aug_photo_exposure.png,0,enemy,1,0.564996,0.493259,0.091759,0.275971,Federico_sammelt__i_tried_the_new_season [C-SDrECvTa4],0,0.000000,1.0000,False,manual_box,photo_exposure
Federico_sammelt_i_tried_the_new_season_[C-SDrECvTa4]_000000_cea4a646_aug_photo_exposure_ab0cb819_aug_photo_exposure.png,1,player,1,0.388700,0.710151,0.162277,0.579699,Federico_sammelt__i_tried_the_new_season [C-SDrECvTa4],0,0.000000,1.0000,False,manual_box,photo_exposure
Federico_sammelt_i_tried_the_new_season_[C-SDrECvTa4]_000000_cea4a646_aug_photo_exposure_ab0cb819_aug_photo_gameplay.png,0,enemy,1,0.564996,0.493259,0.091759,0.275971,Federico_sammelt__i_tried_the_new_season [C-SDrECvTa4],0,0.000000,1.0000,False,manual_box,photo_gameplay
Federico_sammelt_i_tried_the_new_season_[C-SDrECvTa4]_000000_cea4a646_aug_photo_exposure_ab0cb819_aug_photo_gameplay.png,1,player,1,0.388700,0.710151,0.162277,0.579699,Federico_sammelt__i_tried_the_new_season [C-SDrECvTa4],0,0.000000,1.0000,False,manual_box,photo_gameplay
Federico_sammelt_i_tried_the_new_season_[C-SDrECvTa4]_000000_cea4a646_aug_photo_exposure_ab0cb819_aug_affine_mild.png,0,enemy,1,0.474740,0.552768,0.101107,0.256542,Federico_sammelt__i_tried_the_new_season [C-SDrECvTa4],0,0.000000,1.0000,False,manual_box,affine_mild
Federico_sammelt_i_tried_the_new_season_[C-SDrECvTa4]_000000_cea4a646_aug_photo_exposure_ab0cb819_aug_affine_mild.png,1,player,1,0.656886,0.736441,0.182351,0.527119,Federico_sammelt__i_tried_the_new_season [C-SDrECvTa4],0,0.000000,1.0000,False,manual_box,affine_mild
Federico_sammelt_i_tried_the_new_season_[C-SDrECvTa4]_000000_cea4a646_aug_photo_gameplay_5db10c60_aug_original.png,0,enemy,1,0.564996,0.493259,0.091759,0.275971,Federico_sammelt__i_tried_the_new_season [C-SDrECvTa4],0,0.000000,1.0000,False,manual_box,original
Federico_sammelt_i_tried_the_new_season_[C-SDrECvTa4]_000000_cea4a646_aug_photo_gameplay_5db10c60_aug_original.png,1,player,1,0.388700,0.710151,0.162277,0.579699,Federico_sammelt__i_tried_the_new_season [C-SDrECvTa4],0,0.000000,1.0000,False,manual_box,original
Federico_sammelt_i_tried_the_new_season_[C-SDrECvTa4]_000000_cea4a646_aug_photo_gameplay_5db10c60_aug_photo_exposure.png,0,enemy,1,0.564996,0.493259,0.091759,0.275971,Federico_sammelt__i_tried_the_new_season [C-SDrECvTa4],0,0.000000,1.0000,False,manual_box,photo_exposure
Federico_sammelt_i_tried_the_new_season_[C-SDrECvTa4]_000000_cea4a646_aug_photo_gameplay_5db10c60_aug_photo_exposure.png,1,player,1,0.388700,0.710151,0.162277,0.579699,Federico_sammelt__i_tried_the_new_season [C-SDrECvTa4],0,0.000000,1.0000,False,manual_box,photo_exposure
Federico_sammelt_i_tried_the_new_season_[C-SDrECvTa4]_000000_cea4a646_aug_photo_gameplay_5db10c60_aug_photo_gameplay.png,0,enemy,1,0.564996,0.493259,0.091759,0.275971,Federico_sammelt__i_tried_the_new_season [C-SDrECvTa4],0,0.000000,1.0000,False,manual_box,photo_gameplay
Federico_sammelt_i_tried_the_new_season_[C-SDrECvTa4]_000000_cea4a646_aug_photo_gameplay_5db10c60_aug_photo_gameplay.png,1,player,1,0.388700,0.710151,0.162277,0.579699,Federico_sammelt__i_tried_the_new_season [C-SDrECvTa4],0,0.000000,1.0000,False,manual_box,photo_gameplay
Federico_sammelt_i_tried_the_new_season_[C-SDrECvTa4]_000000_cea4a646_aug_photo_gameplay_5db10c60_aug_affine_mild.png,0,enemy,1,0.384102,0.524440,0.110138,0.314968,Federico_sammelt__i_tried_the_new_season [C-SDrECvTa4],0,0.000000,1.0000,False,manual_box,affine_mild
Federico_sammelt_i_tried_the_new_season_[C-SDrECvTa4]_000000_cea4a646_aug_photo_gameplay_5db10c60_aug_affine_mild.png,1,player,1,0.580782,0.703400,0.199146,0.593199,Federico_sammelt__i_tried_the_new_season [C-SDrECvTa4],0,0.000000,1.0000,False,manual_box,affine_mild
Federico_sammelt_i_tried_the_new_season_[C-SDrECvTa4]_000000_cea4a646_aug_affine_mild_6764f658_aug_original.png,0,enemy,1,0.479536,0.549744,0.097230,0.285503,Federico_sammelt__i_tried_the_new_season [C-SDrECvTa4],0,0.000000,1.0000,False,manual_box,original
Federico_sammelt_i_tried_the_new_season_[C-SDrECvTa4]_000000_cea4a646_aug_affine_mild_6764f658_aug_original.png,1,player,1,0.661206,0.725485,0.173456,0.549030,Federico_sammelt__i_tried_the_new_season [C-SDrECvTa4],0,0.000000,1.0000,False,manual_box,original
Federico_sammelt_i_tried_the_new_season_[C-SDrECvTa4]_000000_cea4a646_aug_affine_mild_6764f658_aug_photo_exposure.png,0,enemy,1,0.479536,0.549744,0.097230,0.285503,Federico_sammelt__i_tried_the_new_season [C-SDrECvTa4],0,0.000000,1.0000,False,manual_box,photo_exposure
Federico_sammelt_i_tried_the_new_season_[C-SDrECvTa4]_000000_cea4a646_aug_affine_mild_6764f658_aug_photo_exposure.png,1,player,1,0.661206,0.725485,0.173456,0.549030,Federico_sammelt__i_tried_the_new_season [C-SDrECvTa4],0,0.000000,1.0000,False,manual_box,photo_exposure
Federico_sammelt_i_tried_the_new_season_[C-SDrECvTa4]_000000_cea4a646_aug_affine_mild_6764f658_aug_photo_gameplay.png,0,enemy,1,0.479536,0.549744,0.097230,0.285503,Federico_sammelt__i_tried_the_new_season [C-SDrECvTa4],0,0.000000,1.0000,False,manual_box,photo_gameplay
Federico_sammelt_i_tried_the_new_season_[C-SDrECvTa4]_000000_cea4a646_aug_affine_mild_6764f658_aug_photo_gameplay.png,1,player,1,0.661206,0.725485,0.173456,0.549030,Federico_sammelt__i_tried_the_new_season [C-SDrECvTa4],0,0.000000,1.0000,False,manual_box,photo_gameplay
Federico_sammelt_i_tried_the_new_season_[C-SDrECvTa4]_000000_cea4a646_aug_affine_mild_6764f658_aug_affine_mild.png,0,enemy,1,0.496936,0.510569,0.102649,0.283524,Federico_sammelt__i_tried_the_new_season [C-SDrECvTa4],0,0.000000,1.0000,False,manual_box,affine_mild
Federico_sammelt_i_tried_the_new_season_[C-SDrECvTa4]_000000_cea4a646_aug_affine_mild_6764f658_aug_affine_mild.png,1,player,1,0.684324,0.681074,0.183613,0.544999,Federico_sammelt__i_tried_the_new_season [C-SDrECvTa4],0,0.000000,1.0000,False,manual_box,affine_mild
Federico_sammelt_i_tried_the_new_season_[C-SDrECvTa4]_000015_358cf771_aug_original_d8f2d3d5_aug_original.png,1,player,1,0.387850,0.707772,0.160578,0.584456,Federico_sammelt__i_tried_the_new_season [C-SDrECvTa4],15,0.500000,1.0000,False,manual_box,original
Federico_sammelt_i_tried_the_new_season_[C-SDrECvTa4]_000015_358cf771_aug_original_d8f2d3d5_aug_original.png,0,enemy,1,0.833050,0.695480,0.330501,0.594766,Federico_sammelt__i_tried_the_new_season [C-SDrECvTa4],15,0.500000,1.0000,False,manual_box,original
Federico_sammelt_i_tried_the_new_season_[C-SDrECvTa4]_000015_358cf771_aug_original_d8f2d3d5_aug_photo_exposure.png,1,player,1,0.387850,0.707772,0.160578,0.584456,Federico_sammelt__i_tried_the_new_season [C-SDrECvTa4],15,0.500000,1.0000,False,manual_box,photo_exposure
Federico_sammelt_i_tried_the_new_season_[C-SDrECvTa4]_000015_358cf771_aug_original_d8f2d3d5_aug_photo_exposure.png,0,enemy,1,0.833050,0.695480,0.330501,0.594766,Federico_sammelt__i_tried_the_new_season [C-SDrECvTa4],15,0.500000,1.0000,False,manual_box,photo_exposure
Federico_sammelt_i_tried_the_new_season_[C-SDrECvTa4]_000015_358cf771_aug_original_d8f2d3d5_aug_photo_gameplay.png,1,player,1,0.387850,0.707772,0.160578,0.584456,Federico_sammelt__i_tried_the_new_season [C-SDrECvTa4],15,0.500000,1.0000,False,manual_box,photo_gameplay
Federico_sammelt_i_tried_the_new_season_[C-SDrECvTa4]_000015_358cf771_aug_original_d8f2d3d5_aug_photo_gameplay.png,0,enemy,1,0.833050,0.695480,0.330501,0.594766,Federico_sammelt__i_tried_the_new_season [C-SDrECvTa4],15,0.500000,1.0000,False,manual_box,photo_gameplay
Federico_sammelt_i_tried_the_new_season_[C-SDrECvTa4]_000015_358cf771_aug_original_d8f2d3d5_aug_affine_mild.png,1,player,1,0.436480,0.666252,0.160740,0.613116,Federico_sammelt__i_tried_the_new_season [C-SDrECvTa4],15,0.500000,1.0000,False,manual_box,affine_mild
Federico_sammelt_i_tried_the_new_season_[C-SDrECvTa4]_000015_358cf771_aug_original_d8f2d3d5_aug_affine_mild.png,0,enemy,1,0.857362,0.644779,0.285276,0.627176,Federico_sammelt__i_tried_the_new_season [C-SDrECvTa4],15,0.500000,1.0000,False,manual_box,affine_mild
Federico_sammelt_i_tried_the_new_season_[C-SDrECvTa4]_000015_358cf771_aug_original_d8f2d3d5_aug_retarget_edge.png,1,player,1,0.474800,0.512292,0.160578,0.584456,Federico_sammelt__i_tried_the_new_season [C-SDrECvTa4],15,0.500000,1.0000,False,manual_box,retarget_edge
Federico_sammelt_i_tried_the_new_season_[C-SDrECvTa4]_000015_358cf771_aug_original_d8f2d3d5_aug_retarget_edge.png,0,enemy,1,0.877375,0.500000,0.245250,0.594766,Federico_sammelt__i_tried_the_new_season [C-SDrECvTa4],15,0.500000,1.0000,False,manual_box,retarget_edge
Federico_sammelt_i_tried_the_new_season_[C-SDrECvTa4]_000015_358cf771_aug_photo_exposure_9d759601_aug_original.png,1,player,1,0.387850,0.707772,0.160578,0.584456,Federico_sammelt__i_tried_the_new_season [C-SDrECvTa4],15,0.500000,1.0000,False,manual_box,original
Federico_sammelt_i_tried_the_new_season_[C-SDrECvTa4]_000015_358cf771_aug_photo_exposure_9d759601_aug_original.png,0,enemy,1,0.833050,0.695480,0.330501,0.594766,Federico_sammelt__i_tried_the_new_season [C-SDrECvTa4],15,0.500000,1.0000,False,manual_box,original
Federico_sammelt_i_tried_the_new_season_[C-SDrECvTa4]_000015_358cf771_aug_photo_exposure_9d759601_aug_photo_exposure.png,1,player,1,0.387850,0.707772,0.160578,0.584456,Federico_sammelt__i_tried_the_new_season [C-SDrECvTa4],15,0.500000,1.0000,False,manual_box,photo_exposure
Federico_sammelt_i_tried_the_new_season_[C-SDrECvTa4]_000015_358cf771_aug_photo_exposure_9d759601_aug_photo_exposure.png,0,enemy,1,0.833050,0.695480,0.330501,0.594766,Federico_sammelt__i_tried_the_new_season [C-SDrECvTa4],15,0.500000,1.0000,False,manual_box,photo_exposure
Federico_sammelt_i_tried_the_new_season_[C-SDrECvTa4]_000015_358cf771_aug_photo_exposure_9d759601_aug_photo_gameplay.png,1,player,1,0.387850,0.707772,0.160578,0.584456,Federico_sammelt__i_tried_the_new_season [C-SDrECvTa4],15,0.500000,1.0000,False,manual_box,photo_gameplay
Federico_sammelt_i_tried_the_new_season_[C-SDrECvTa4]_000015_358cf771_aug_photo_exposure_9d759601_aug_photo_gameplay.png,0,enemy,1,0.833050,0.695480,0.330501,0.594766,Federico_sammelt__i_tried_the_new_season [C-SDrECvTa4],15,0.500000,1.0000,False,manual_box,photo_gameplay
Federico_sammelt_i_tried_the_new_season_[C-SDrECvTa4]_000015_358cf771_aug_photo_exposure_9d759601_aug_affine_mild.png,1,player,1,0.399895,0.705080,0.160652,0.589840,Federico_sammelt__i_tried_the_new_season [C-SDrECvTa4],15,0.500000,1.0000,False,manual_box,affine_mild
Federico_sammelt_i_tried_the_new_season_[C-SDrECvTa4]_000015_358cf771_aug_photo_exposure_9d759601_aug_affine_mild.png,0,enemy,1,0.810924,0.700995,0.317652,0.598010,Federico_sammelt__i_tried_the_new_season [C-SDrECvTa4],15,0.500000,1.0000,False,manual_box,affine_mild
Federico_sammelt_i_tried_the_new_season_[C-SDrECvTa4]_000015_358cf771_aug_photo_exposure_9d759601_aug_retarget_edge.png,1,player,1,0.474800,0.512292,0.160578,0.584456,Federico_sammelt__i_tried_the_new_season [C-SDrECvTa4],15,0.500000,1.0000,False,manual_box,retarget_edge
Federico_sammelt_i_tried_the_new_season_[C-SDrECvTa4]_000015_358cf771_aug_photo_exposure_9d759601_aug_retarget_edge.png,0,enemy,1,0.877375,0.500000,0.245250,0.594766,Federico_sammelt__i_tried_the_new_season [C-SDrECvTa4],15,0.500000,1.0000,False,manual_box,retarget_edge
Federico_sammelt_i_tried_the_new_season_[C-SDrECvTa4]_000015_358cf771_aug_photo_gameplay_7b6adf8b_aug_original.png,1,player,1,0.387850,0.707772,0.160578,0.584456,Federico_sammelt__i_tried_the_new_season [C-SDrECvTa4],15,0.500000,1.0000,False,manual_box,original
Federico_sammelt_i_tried_the_new_season_[C-SDrECvTa4]_000015_358cf771_aug_photo_gameplay_7b6adf8b_aug_original.png,0,enemy,1,0.833050,0.695480,0.330501,0.594766,Federico_sammelt__i_tried_the_new_season [C-SDrECvTa4],15,0.500000,1.0000,False,manual_box,original
Federico_sammelt_i_tried_the_new_season_[C-SDrECvTa4]_000015_358cf771_aug_photo_gameplay_7b6adf8b_aug_photo_exposure.png,1,player,1,0.387850,0.707772,0.160578,0.584456,Federico_sammelt__i_tried_the_new_season [C-SDrECvTa4],15,0.500000,1.0000,False,manual_box,photo_exposure
Federico_sammelt_i_tried_the_new_season_[C-SDrECvTa4]_000015_358cf771_aug_photo_gameplay_7b6adf8b_aug_photo_exposure.png,0,enemy,1,0.833050,0.695480,0.330501,0.594766,Federico_sammelt__i_tried_the_new_season [C-SDrECvTa4],15,0.500000,1.0000,False,manual_box,photo_exposure
Federico_sammelt_i_tried_the_new_season_[C-SDrECvTa4]_000015_358cf771_aug_photo_gameplay_7b6adf8b_aug_photo_gameplay.png,1,player,1,0.387850,0.707772,0.160578,0.584456,Federico_sammelt__i_tried_the_new_season [C-SDrECvTa4],15,0.500000,1.0000,False,manual_box,photo_gameplay
Federico_sammelt_i_tried_the_new_season_[C-SDrECvTa4]_000015_358cf771_aug_photo_gameplay_7b6adf8b_aug_photo_gameplay.png,0,enemy,1,0.833050,0.695480,0.330501,0.594766,Federico_sammelt__i_tried_the_new_season [C-SDrECvTa4],15,0.500000,1.0000,False,manual_box,photo_gameplay
Federico_sammelt_i_tried_the_new_season_[C-SDrECvTa4]_000015_358cf771_aug_photo_gameplay_7b6adf8b_aug_affine_mild.png,1,player,1,0.629717,0.701725,0.177167,0.596549,Federico_sammelt__i_tried_the_new_season [C-SDrECvTa4],15,0.500000,1.0000,False,manual_box,affine_mild
Federico_sammelt_i_tried_the_new_season_[C-SDrECvTa4]_000015_358cf771_aug_photo_gameplay_7b6adf8b_aug_affine_mild.png,0,enemy,1,0.167454,0.694938,0.334907,0.610124,Federico_sammelt__i_tried_the_new_season [C-SDrECvTa4],15,0.500000,1.0000,False,manual_box,affine_mild
Federico_sammelt_i_tried_the_new_season_[C-SDrECvTa4]_000015_358cf771_aug_photo_gameplay_7b6adf8b_aug_retarget_edge.png,1,player,1,0.474800,0.512292,0.160578,0.584456,Federico_sammelt__i_tried_the_new_season [C-SDrECvTa4],15,0.500000,1.0000,False,manual_box,retarget_edge
Federico_sammelt_i_tried_the_new_season_[C-SDrECvTa4]_000015_358cf771_aug_photo_gameplay_7b6adf8b_aug_retarget_edge.png,0,enemy,1,0.877375,0.500000,0.245250,0.594766,Federico_sammelt__i_tried_the_new_season [C-SDrECvTa4],15,0.500000,1.0000,False,manual_box,retarget_edge
Federico_sammelt_i_tried_the_new_season_[C-SDrECvTa4]_000015_358cf771_aug_affine_mild_a9838b47_aug_original.png,1,player,1,0.570586,0.689053,0.181503,0.580345,Federico_sammelt__i_tried_the_new_season [C-SDrECvTa4],15,0.500000,1.0000,False,manual_box,original
Federico_sammelt_i_tried_the_new_season_[C-SDrECvTa4]_000015_358cf771_aug_affine_mild_a9838b47_aug_original.png,0,enemy,1,0.142094,0.709390,0.284188,0.581221,Federico_sammelt__i_tried_the_new_season [C-SDrECvTa4],15,0.500000,1.0000,False,manual_box,original
Federico_sammelt_i_tried_the_new_season_[C-SDrECvTa4]_000015_358cf771_aug_affine_mild_a9838b47_aug_photo_exposure.png,1,player,1,0.570586,0.689053,0.181503,0.580345,Federico_sammelt__i_tried_the_new_season [C-SDrECvTa4],15,0.500000,1.0000,False,manual_box,photo_exposure
Federico_sammelt_i_tried_the_new_season_[C-SDrECvTa4]_000015_358cf771_aug_affine_mild_a9838b47_aug_photo_exposure.png,0,enemy,1,0.142094,0.709390,0.284188,0.581221,Federico_sammelt__i_tried_the_new_season [C-SDrECvTa4],15,0.500000,1.0000,False,manual_box,photo_exposure
Federico_sammelt_i_tried_the_new_season_[C-SDrECvTa4]_000015_358cf771_aug_affine_mild_a9838b47_aug_photo_gameplay.png,1,player,1,0.570586,0.689053,0.181503,0.580345,Federico_sammelt__i_tried_the_new_season [C-SDrECvTa4],15,0.500000,1.0000,False,manual_box,photo_gameplay
Federico_sammelt_i_tried_the_new_season_[C-SDrECvTa4]_000015_358cf771_aug_affine_mild_a9838b47_aug_photo_gameplay.png,0,enemy,1,0.142094,0.709390,0.284188,0.581221,Federico_sammelt__i_tried_the_new_season [C-SDrECvTa4],15,0.500000,1.0000,False,manual_box,photo_gameplay
Federico_sammelt_i_tried_the_new_season_[C-SDrECvTa4]_000015_358cf771_aug_affine_mild_a9838b47_aug_affine_mild.png,1,player,1,0.393771,0.729545,0.201204,0.540909,Federico_sammelt__i_tried_the_new_season [C-SDrECvTa4],15,0.500000,1.0000,False,manual_box,affine_mild
Federico_sammelt_i_tried_the_new_season_[C-SDrECvTa4]_000015_358cf771_aug_affine_mild_a9838b47_aug_affine_mild.png,0,enemy,1,0.853224,0.744672,0.293552,0.510655,Federico_sammelt__i_tried_the_new_season [C-SDrECvTa4],15,0.500000,1.0000,False,manual_box,affine_mild
Federico_sammelt_i_tried_the_new_season_[C-SDrECvTa4]_000015_358cf771_aug_affine_mild_a9838b47_aug_retarget_edge.png,1,player,1,0.508492,0.479663,0.181503,0.580345,Federico_sammelt__i_tried_the_new_season [C-SDrECvTa4],15,0.500000,1.0000,False,manual_box,retarget_edge
Federico_sammelt_i_tried_the_new_season_[C-SDrECvTa4]_000015_358cf771_aug_affine_mild_a9838b47_aug_retarget_edge.png,0,enemy,1,0.111047,0.500000,0.222094,0.581221,Federico_sammelt__i_tried_the_new_season [C-SDrECvTa4],15,0.500000,1.0000,False,manual_box,retarget_edge
Federico_sammelt_i_tried_the_new_season_[C-SDrECvTa4]_000015_358cf771_aug_retarget_edge_00f99a33_aug_original.png,1,player,1,0.474800,0.512292,0.160578,0.584456,Federico_sammelt__i_tried_the_new_season [C-SDrECvTa4],15,0.500000,1.0000,False,manual_box,original
Federico_sammelt_i_tried_the_new_season_[C-SDrECvTa4]_000015_358cf771_aug_retarget_edge_00f99a33_aug_original.png,0,enemy,1,0.877375,0.500000,0.245250,0.594766,Federico_sammelt__i_tried_the_new_season [C-SDrECvTa4],15,0.500000,1.0000,False,manual_box,original
Federico_sammelt_i_tried_the_new_season_[C-SDrECvTa4]_000015_358cf771_aug_retarget_edge_00f99a33_aug_photo_exposure.png,1,player,1,0.474800,0.512292,0.160578,0.584456,Federico_sammelt__i_tried_the_new_season [C-SDrECvTa4],15,0.500000,1.0000,False,manual_box,photo_exposure
Federico_sammelt_i_tried_the_new_season_[C-SDrECvTa4]_000015_358cf771_aug_retarget_edge_00f99a33_aug_photo_exposure.png,0,enemy,1,0.877375,0.500000,0.245250,0.594766,Federico_sammelt__i_tried_the_new_season [C-SDrECvTa4],15,0.500000,1.0000,False,manual_box,photo_exposure
Federico_sammelt_i_tried_the_new_season_[C-SDrECvTa4]_000015_358cf771_aug_retarget_edge_00f99a33_aug_photo_gameplay.png,1,player,1,0.474800,0.512292,0.160578,0.584456,Federico_sammelt__i_tried_the_new_season [C-SDrECvTa4],15,0.500000,1.0000,False,manual_box,photo_gameplay
Federico_sammelt_i_tried_the_new_season_[C-SDrECvTa4]_000015_358cf771_aug_retarget_edge_00f99a33_aug_photo_gameplay.png,0,enemy,1,0.877375,0.500000,0.245250,0.594766,Federico_sammelt__i_tried_the_new_season [C-SDrECvTa4],15,0.500000,1.0000,False,manual_box,photo_gameplay
Federico_sammelt_i_tried_the_new_season_[C-SDrECvTa4]_000015_358cf771_aug_retarget_edge_00f99a33_aug_affine_mild.png,1,player,1,0.503177,0.514596,0.167749,0.635791,Federico_sammelt__i_tried_the_new_season [C-SDrECvTa4],15,0.500000,1.0000,False,manual_box,affine_mild
Federico_sammelt_i_tried_the_new_season_[C-SDrECvTa4]_000015_358cf771_aug_retarget_edge_00f99a33_aug_affine_mild.png,0,enemy,1,0.113495,0.478836,0.226989,0.651596,Federico_sammelt__i_tried_the_new_season [C-SDrECvTa4],15,0.500000,1.0000,False,manual_box,affine_mild
Federico_sammelt_i_tried_the_new_season_[C-SDrECvTa4]_000015_358cf771_aug_retarget_edge_00f99a33_aug_retarget_edge.png,1,player,1,0.517425,0.512292,0.160578,0.584456,Federico_sammelt__i_tried_the_new_season [C-SDrECvTa4],15,0.500000,1.0000,False,manual_box,retarget_edge
Federico_sammelt_i_tried_the_new_season_[C-SDrECvTa4]_000015_358cf771_aug_retarget_edge_00f99a33_aug_retarget_edge.png,0,enemy,1,0.898688,0.500000,0.202625,0.594766,Federico_sammelt__i_tried_the_new_season [C-SDrECvTa4],15,0.500000,1.0000,False,manual_box,retarget_edge
Federico_sammelt_i_tried_the_new_season_[C-SDrECvTa4]_000030_0525d1e4_aug_original_127d2232_aug_original.png,1,player,1,0.370433,0.710944,0.175021,0.578113,Federico_sammelt__i_tried_the_new_season [C-SDrECvTa4],30,1.000000,1.0000,False,manual_box,original
Federico_sammelt_i_tried_the_new_season_[C-SDrECvTa4]_000030_0525d1e4_aug_original_127d2232_aug_photo_exposure.png,1,player,1,0.370433,0.710944,0.175021,0.578112,Federico_sammelt__i_tried_the_new_season [C-SDrECvTa4],30,1.000000,1.0000,False,manual_box,photo_exposure
Federico_sammelt_i_tried_the_new_season_[C-SDrECvTa4]_000030_0525d1e4_aug_original_127d2232_aug_photo_gameplay.png,1,player,1,0.370433,0.710944,0.175021,0.578112,Federico_sammelt__i_tried_the_new_season [C-SDrECvTa4],30,1.000000,1.0000,False,manual_box,photo_gameplay
Federico_sammelt_i_tried_the_new_season_[C-SDrECvTa4]_000030_0525d1e4_aug_original_127d2232_aug_affine_mild.png,1,player,1,0.642201,0.718880,0.203308,0.562239,Federico_sammelt__i_tried_the_new_season [C-SDrECvTa4],30,1.000000,1.0000,False,manual_box,affine_mild
Federico_sammelt_i_tried_the_new_season_[C-SDrECvTa4]_000030_0525d1e4_aug_original_127d2232_aug_retarget_edge.png,1,player,1,0.083755,0.500000,0.167511,0.578113,Federico_sammelt__i_tried_the_new_season [C-SDrECvTa4],30,1.000000,1.0000,False,manual_box,retarget_edge
Federico_sammelt_i_tried_the_new_season_[C-SDrECvTa4]_000030_0525d1e4_aug_photo_exposure_1d03d8c5_aug_original.png,1,player,1,0.370433,0.710944,0.175021,0.578112,Federico_sammelt__i_tried_the_new_season [C-SDrECvTa4],30,1.000000,1.0000,False,manual_box,original
Federico_sammelt_i_tried_the_new_season_[C-SDrECvTa4]_000030_0525d1e4_aug_photo_exposure_1d03d8c5_aug_photo_exposure.png,1,player,1,0.370433,0.710944,0.175021,0.578112,Federico_sammelt__i_tried_the_new_season [C-SDrECvTa4],30,1.000000,1.0000,False,manual_box,photo_exposure
Federico_sammelt_i_tried_the_new_season_[C-SDrECvTa4]_000030_0525d1e4_aug_photo_exposure_1d03d8c5_aug_photo_gameplay.png,1,player,1,0.370433,0.710944,0.175021,0.578112,Federico_sammelt__i_tried_the_new_season [C-SDrECvTa4],30,1.000000,1.0000,False,manual_box,photo_gameplay
Federico_sammelt_i_tried_the_new_season_[C-SDrECvTa4]_000030_0525d1e4_aug_photo_exposure_1d03d8c5_aug_affine_mild.png,1,player,1,0.403891,0.725079,0.194326,0.549843,Federico_sammelt__i_tried_the_new_season [C-SDrECvTa4],30,1.000000,1.0000,False,manual_box,affine_mild
Federico_sammelt_i_tried_the_new_season_[C-SDrECvTa4]_000030_0525d1e4_aug_photo_exposure_1d03d8c5_aug_retarget_edge.png,1,player,1,0.083755,0.500000,0.167511,0.578112,Federico_sammelt__i_tried_the_new_season [C-SDrECvTa4],30,1.000000,1.0000,False,manual_box,retarget_edge
Federico_sammelt_i_tried_the_new_season_[C-SDrECvTa4]_000030_0525d1e4_aug_photo_gameplay_09c2b4cb_aug_original.png,1,player,1,0.370433,0.710944,0.175021,0.578112,Federico_sammelt__i_tried_the_new_season [C-SDrECvTa4],30,1.000000,1.0000,False,manual_box,original
Federico_sammelt_i_tried_the_new_season_[C-SDrECvTa4]_000030_0525d1e4_aug_photo_gameplay_09c2b4cb_aug_photo_exposure.png,1,player,1,0.370433,0.710944,0.175021,0.578112,Federico_sammelt__i_tried_the_new_season [C-SDrECvTa4],30,1.000000,1.0000,False,manual_box,photo_exposure
Federico_sammelt_i_tried_the_new_season_[C-SDrECvTa4]_000030_0525d1e4_aug_photo_gameplay_09c2b4cb_aug_photo_gameplay.png,1,player,1,0.370433,0.710944,0.175021,0.578112,Federico_sammelt__i_tried_the_new_season [C-SDrECvTa4],30,1.000000,1.0000,False,manual_box,photo_gameplay
Federico_sammelt_i_tried_the_new_season_[C-SDrECvTa4]_000030_0525d1e4_aug_photo_gameplay_09c2b4cb_aug_affine_mild.png,1,player,1,0.665657,0.673135,0.183839,0.578137,Federico_sammelt__i_tried_the_new_season [C-SDrECvTa4],30,1.000000,1.0000,False,manual_box,affine_mild
Federico_sammelt_i_tried_the_new_season_[C-SDrECvTa4]_000030_0525d1e4_aug_photo_gameplay_09c2b4cb_aug_retarget_edge.png,1,player,1,0.083755,0.500000,0.167511,0.578112,Federico_sammelt__i_tried_the_new_season [C-SDrECvTa4],30,1.000000,1.0000,False,manual_box,retarget_edge
Federico_sammelt_i_tried_the_new_season_[C-SDrECvTa4]_000030_0525d1e4_aug_affine_mild_464996c9_aug_original.png,1,player,1,0.583780,0.682901,0.193435,0.585367,Federico_sammelt__i_tried_the_new_season [C-SDrECvTa4],30,1.000000,1.0000,False,manual_box,original
Federico_sammelt_i_tried_the_new_season_[C-SDrECvTa4]_000030_0525d1e4_aug_affine_mild_464996c9_aug_photo_exposure.png,1,player,1,0.583780,0.682901,0.193435,0.585367,Federico_sammelt__i_tried_the_new_season [C-SDrECvTa4],30,1.000000,1.0000,False,manual_box,photo_exposure
Federico_sammelt_i_tried_the_new_season_[C-SDrECvTa4]_000030_0525d1e4_aug_affine_mild_464996c9_aug_photo_gameplay.png,1,player,1,0.583780,0.682901,0.193435,0.585367,Federico_sammelt__i_tried_the_new_season [C-SDrECvTa4],30,1.000000,1.0000,False,manual_box,photo_gameplay
Federico_sammelt_i_tried_the_new_season_[C-SDrECvTa4]_000030_0525d1e4_aug_affine_mild_464996c9_aug_affine_mild.png,1,player,1,0.632317,0.657765,0.212638,0.576740,Federico_sammelt__i_tried_the_new_season [C-SDrECvTa4],30,1.000000,1.0000,False,manual_box,affine_mild
Federico_sammelt_i_tried_the_new_season_[C-SDrECvTa4]_000030_0525d1e4_aug_affine_mild_464996c9_aug_retarget_edge.png,1,player,1,0.911641,0.500000,0.176717,0.585367,Federico_sammelt__i_tried_the_new_season [C-SDrECvTa4],30,1.000000,1.0000,False,manual_box,retarget_edge
Federico_sammelt_i_tried_the_new_season_[C-SDrECvTa4]_000030_0525d1e4_aug_retarget_edge_b9ec4514_aug_original.png,1,player,1,0.083755,0.500000,0.167511,0.578113,Federico_sammelt__i_tried_the_new_season [C-SDrECvTa4],30,1.000000,1.0000,False,manual_box,original
Federico_sammelt_i_tried_the_new_season_[C-SDrECvTa4]_000030_0525d1e4_aug_retarget_edge_b9ec4514_aug_photo_exposure.png,1,player,1,0.083755,0.500000,0.167510,0.578113,Federico_sammelt__i_tried_the_new_season [C-SDrECvTa4],30,1.000000,1.0000,False,manual_box,photo_exposure
Federico_sammelt_i_tried_the_new_season_[C-SDrECvTa4]_000030_0525d1e4_aug_retarget_edge_b9ec4514_aug_photo_gameplay.png,1,player,1,0.083755,0.500000,0.167510,0.578113,Federico_sammelt__i_tried_the_new_season [C-SDrECvTa4],30,1.000000,1.0000,False,manual_box,photo_gameplay
Federico_sammelt_i_tried_the_new_season_[C-SDrECvTa4]_000030_0525d1e4_aug_retarget_edge_b9ec4514_aug_affine_mild.png,1,player,1,0.105286,0.443494,0.180796,0.564942,Federico_sammelt__i_tried_the_new_season [C-SDrECvTa4],30,1.000000,1.0000,False,manual_box,affine_mild
Federico_sammelt_i_tried_the_new_season_[C-SDrECvTa4]_000030_0525d1e4_aug_retarget_edge_b9ec4514_aug_retarget_edge.png,1,player,1,0.081878,0.500000,0.163755,0.578113,Federico_sammelt__i_tried_the_new_season [C-SDrECvTa4],30,1.000000,1.0000,False,manual_box,retarget_edge
Federico_sammelt_i_tried_the_new_season_[C-SDrECvTa4]_000045_597a6106_aug_original_e20d75f1_aug_original.png,1,player,1,0.380204,0.727597,0.237043,0.544806,Federico_sammelt__i_tried_the_new_season [C-SDrECvTa4],45,1.500000,1.0000,False,manual_box,original
Federico_sammelt_i_tried_the_new_season_[C-SDrECvTa4]_000045_597a6106_aug_original_e20d75f1_aug_photo_exposure.png,1,player,1,0.380204,0.727597,0.237043,0.544806,Federico_sammelt__i_tried_the_new_season [C-SDrECvTa4],45,1.500000,1.0000,False,manual_box,photo_exposure
Federico_sammelt_i_tried_the_new_season_[C-SDrECvTa4]_000045_597a6106_aug_original_e20d75f1_aug_photo_gameplay.png,1,player,1,0.380204,0.727597,0.237043,0.544806,Federico_sammelt__i_tried_the_new_season [C-SDrECvTa4],45,1.500000,1.0000,False,manual_box,photo_gameplay
Federico_sammelt_i_tried_the_new_season_[C-SDrECvTa4]_000045_597a6106_aug_original_e20d75f1_aug_affine_mild.png,1,player,1,0.635071,0.691943,0.236846,0.544340,Federico_sammelt__i_tried_the_new_season [C-SDrECvTa4],45,1.500000,1.0000,False,manual_box,affine_mild
Federico_sammelt_i_tried_the_new_season_[C-SDrECvTa4]_000045_597a6106_aug_original_e20d75f1_aug_retarget_edge.png,1,player,1,0.099261,0.500000,0.198522,0.544806,Federico_sammelt__i_tried_the_new_season [C-SDrECvTa4],45,1.500000,1.0000,False,manual_box,retarget_edge
Federico_sammelt_i_tried_the_new_season_[C-SDrECvTa4]_000045_597a6106_aug_photo_exposure_8a11994b_aug_original.png,1,player,1,0.380204,0.727597,0.237043,0.544806,Federico_sammelt__i_tried_the_new_season [C-SDrECvTa4],45,1.500000,1.0000,False,manual_box,original
Federico_sammelt_i_tried_the_new_season_[C-SDrECvTa4]_000045_597a6106_aug_photo_exposure_8a11994b_aug_photo_exposure.png,1,player,1,0.380204,0.727597,0.237043,0.544806,Federico_sammelt__i_tried_the_new_season [C-SDrECvTa4],45,1.500000,1.0000,False,manual_box,photo_exposure
Federico_sammelt_i_tried_the_new_season_[C-SDrECvTa4]_000045_597a6106_aug_photo_exposure_8a11994b_aug_photo_gameplay.png,1,player,1,0.380204,0.727597,0.237043,0.544806,Federico_sammelt__i_tried_the_new_season [C-SDrECvTa4],45,1.500000,1.0000,False,manual_box,photo_gameplay
Federico_sammelt_i_tried_the_new_season_[C-SDrECvTa4]_000045_597a6106_aug_photo_exposure_8a11994b_aug_affine_mild.png,1,player,1,0.410716,0.706555,0.246673,0.569296,Federico_sammelt__i_tried_the_new_season [C-SDrECvTa4],45,1.500000,1.0000,False,manual_box,affine_mild
Federico_sammelt_i_tried_the_new_season_[C-SDrECvTa4]_000045_597a6106_aug_photo_exposure_8a11994b_aug_retarget_edge.png,1,player,1,0.099261,0.500000,0.198522,0.544806,Federico_sammelt__i_tried_the_new_season [C-SDrECvTa4],45,1.500000,1.0000,False,manual_box,retarget_edge
Federico_sammelt_i_tried_the_new_season_[C-SDrECvTa4]_000045_597a6106_aug_photo_gameplay_e47dcbb9_aug_original.png,1,player,1,0.380204,0.727597,0.237043,0.544806,Federico_sammelt__i_tried_the_new_season [C-SDrECvTa4],45,1.500000,1.0000,False,manual_box,original
Federico_sammelt_i_tried_the_new_season_[C-SDrECvTa4]_000045_597a6106_aug_photo_gameplay_e47dcbb9_aug_photo_exposure.png,1,player,1,0.380204,0.727597,0.237043,0.544806,Federico_sammelt__i_tried_the_new_season [C-SDrECvTa4],45,1.500000,1.0000,False,manual_box,photo_exposure
Federico_sammelt_i_tried_the_new_season_[C-SDrECvTa4]_000045_597a6106_aug_photo_gameplay_e47dcbb9_aug_photo_gameplay.png,1,player,1,0.380204,0.727597,0.237043,0.544806,Federico_sammelt__i_tried_the_new_season [C-SDrECvTa4],45,1.500000,1.0000,False,manual_box,photo_gameplay
Federico_sammelt_i_tried_the_new_season_[C-SDrECvTa4]_000045_597a6106_aug_photo_gameplay_e47dcbb9_aug_affine_mild.png,1,player,1,0.630408,0.692954,0.251881,0.527884,Federico_sammelt__i_tried_the_new_season [C-SDrECvTa4],45,1.500000,1.0000,False,manual_box,affine_mild
Federico_sammelt_i_tried_the_new_season_[C-SDrECvTa4]_000045_597a6106_aug_photo_gameplay_e47dcbb9_aug_retarget_edge.png,1,player,1,0.099261,0.500000,0.198522,0.544806,Federico_sammelt__i_tried_the_new_season [C-SDrECvTa4],45,1.500000,1.0000,False,manual_box,retarget_edge
Federico_sammelt_i_tried_the_new_season_[C-SDrECvTa4]_000045_597a6106_aug_affine_mild_242451d0_aug_original.png,1,player,1,0.657690,0.732406,0.244070,0.535187,Federico_sammelt__i_tried_the_new_season [C-SDrECvTa4],45,1.500000,1.0000,False,manual_box,original
Federico_sammelt_i_tried_the_new_season_[C-SDrECvTa4]_000045_597a6106_aug_affine_mild_242451d0_aug_photo_exposure.png,1,player,1,0.657690,0.732406,0.244070,0.535187,Federico_sammelt__i_tried_the_new_season [C-SDrECvTa4],45,1.500000,1.0000,False,manual_box,photo_exposure
Federico_sammelt_i_tried_the_new_season_[C-SDrECvTa4]_000045_597a6106_aug_affine_mild_242451d0_aug_photo_gameplay.png,1,player,1,0.657690,0.732406,0.244070,0.535187,Federico_sammelt__i_tried_the_new_season [C-SDrECvTa4],45,1.500000,1.0000,False,manual_box,photo_gameplay
Federico_sammelt_i_tried_the_new_season_[C-SDrECvTa4]_000045_597a6106_aug_affine_mild_242451d0_aug_affine_mild.png,1,player,1,0.705705,0.737228,0.283607,0.525544,Federico_sammelt__i_tried_the_new_season [C-SDrECvTa4],45,1.500000,1.0000,False,manual_box,affine_mild
Federico_sammelt_i_tried_the_new_season_[C-SDrECvTa4]_000045_597a6106_aug_affine_mild_242451d0_aug_retarget_edge.png,1,player,1,0.898983,0.500000,0.202035,0.535187,Federico_sammelt__i_tried_the_new_season [C-SDrECvTa4],45,1.500000,1.0000,False,manual_box,retarget_edge
Federico_sammelt_i_tried_the_new_season_[C-SDrECvTa4]_000045_597a6106_aug_retarget_edge_c3e59f0c_aug_original.png,1,player,1,0.099261,0.500000,0.198522,0.544806,Federico_sammelt__i_tried_the_new_season [C-SDrECvTa4],45,1.500000,1.0000,False,manual_box,original
Federico_sammelt_i_tried_the_new_season_[C-SDrECvTa4]_000045_597a6106_aug_retarget_edge_c3e59f0c_aug_photo_exposure.png,1,player,1,0.099261,0.500000,0.198522,0.544806,Federico_sammelt__i_tried_the_new_season [C-SDrECvTa4],45,1.500000,1.0000,False,manual_box,photo_exposure
Federico_sammelt_i_tried_the_new_season_[C-SDrECvTa4]_000045_597a6106_aug_retarget_edge_c3e59f0c_aug_photo_gameplay.png,1,player,1,0.099261,0.500000,0.198522,0.544806,Federico_sammelt__i_tried_the_new_season [C-SDrECvTa4],45,1.500000,1.0000,False,manual_box,photo_gameplay
Federico_sammelt_i_tried_the_new_season_[C-SDrECvTa4]_000045_597a6106_aug_retarget_edge_c3e59f0c_aug_affine_mild.png,1,player,1,0.855162,0.478516,0.195249,0.563869,Federico_sammelt__i_tried_the_new_season [C-SDrECvTa4],45,1.500000,1.0000,False,manual_box,affine_mild
Federico_sammelt_i_tried_the_new_season_[C-SDrECvTa4]_000045_597a6106_aug_retarget_edge_c3e59f0c_aug_retarget_edge.png,1,player,1,0.089631,0.500000,0.179261,0.544806,Federico_sammelt__i_tried_the_new_season [C-SDrECvTa4],45,1.500000,1.0000,False,manual_box,retarget_edge
Federico_sammelt_i_tried_the_new_season_[C-SDrECvTa4]_000060_b0a23afd_aug_original_79ff13cd_aug_original.png,1,player,1,0.373832,0.753767,0.198811,0.492466,Federico_sammelt__i_tried_the_new_season [C-SDrECvTa4],60,2.000000,1.0000,False,manual_box,original
Federico_sammelt_i_tried_the_new_season_[C-SDrECvTa4]_000060_b0a23afd_aug_original_79ff13cd_aug_photo_exposure.png,1,player,1,0.373832,0.753767,0.198811,0.492466,Federico_sammelt__i_tried_the_new_season [C-SDrECvTa4],60,2.000000,1.0000,False,manual_box,photo_exposure
Federico_sammelt_i_tried_the_new_season_[C-SDrECvTa4]_000060_b0a23afd_aug_original_79ff13cd_aug_photo_gameplay.png,1,player,1,0.373832,0.753767,0.198811,0.492466,Federico_sammelt__i_tried_the_new_season [C-SDrECvTa4],60,2.000000,1.0000,False,manual_box,photo_gameplay
Federico_sammelt_i_tried_the_new_season_[C-SDrECvTa4]_000060_b0a23afd_aug_original_79ff13cd_aug_affine_mild.png,1,player,1,0.324707,0.764547,0.205915,0.470905,Federico_sammelt__i_tried_the_new_season [C-SDrECvTa4],60,2.000000,1.0000,False,manual_box,affine_mild
Federico_sammelt_i_tried_the_new_season_[C-SDrECvTa4]_000060_b0a23afd_aug_original_79ff13cd_aug_retarget_edge.png,1,player,1,0.089703,0.500000,0.179405,0.492466,Federico_sammelt__i_tried_the_new_season [C-SDrECvTa4],60,2.000000,1.0000,False,manual_box,retarget_edge
Federico_sammelt_i_tried_the_new_season_[C-SDrECvTa4]_000060_b0a23afd_aug_photo_exposure_a74ef535_aug_original.png,1,player,1,0.373832,0.753767,0.198811,0.492466,Federico_sammelt__i_tried_the_new_season [C-SDrECvTa4],60,2.000000,1.0000,False,manual_box,original
Federico_sammelt_i_tried_the_new_season_[C-SDrECvTa4]_000060_b0a23afd_aug_photo_exposure_a74ef535_aug_photo_exposure.png,1,player,1,0.373832,0.753767,0.198811,0.492466,Federico_sammelt__i_tried_the_new_season [C-SDrECvTa4],60,2.000000,1.0000,False,manual_box,photo_exposure
Federico_sammelt_i_tried_the_new_season_[C-SDrECvTa4]_000060_b0a23afd_aug_photo_exposure_a74ef535_aug_photo_gameplay.png,1,player,1,0.373832,0.753767,0.198811,0.492466,Federico_sammelt__i_tried_the_new_season [C-SDrECvTa4],60,2.000000,1.0000,False,manual_box,photo_gameplay
Federico_sammelt_i_tried_the_new_season_[C-SDrECvTa4]_000060_b0a23afd_aug_photo_exposure_a74ef535_aug_affine_mild.png,1,player,1,0.359008,0.755783,0.191200,0.488435,Federico_sammelt__i_tried_the_new_season [C-SDrECvTa4],60,2.000000,1.0000,False,manual_box,affine_mild
Federico_sammelt_i_tried_the_new_season_[C-SDrECvTa4]_000060_b0a23afd_aug_photo_exposure_a74ef535_aug_retarget_edge.png,1,player,1,0.089703,0.500000,0.179405,0.492466,Federico_sammelt__i_tried_the_new_season [C-SDrECvTa4],60,2.000000,1.0000,False,manual_box,retarget_edge
Federico_sammelt_i_tried_the_new_season_[C-SDrECvTa4]_000060_b0a23afd_aug_photo_gameplay_23aa4f5f_aug_original.png,1,player,1,0.373832,0.753767,0.198811,0.492466,Federico_sammelt__i_tried_the_new_season [C-SDrECvTa4],60,2.000000,1.0000,False,manual_box,original
Federico_sammelt_i_tried_the_new_season_[C-SDrECvTa4]_000060_b0a23afd_aug_photo_gameplay_23aa4f5f_aug_photo_exposure.png,1,player,1,0.373832,0.753767,0.198811,0.492466,Federico_sammelt__i_tried_the_new_season [C-SDrECvTa4],60,2.000000,1.0000,False,manual_box,photo_exposure
Federico_sammelt_i_tried_the_new_season_[C-SDrECvTa4]_000060_b0a23afd_aug_photo_gameplay_23aa4f5f_aug_photo_gameplay.png,1,player,1,0.373832,0.753767,0.198811,0.492466,Federico_sammelt__i_tried_the_new_season [C-SDrECvTa4],60,2.000000,1.0000,False,manual_box,photo_gameplay
Federico_sammelt_i_tried_the_new_season_[C-SDrECvTa4]_000060_b0a23afd_aug_photo_gameplay_23aa4f5f_aug_affine_mild.png,1,player,1,0.392921,0.752983,0.201540,0.494034,Federico_sammelt__i_tried_the_new_season [C-SDrECvTa4],60,2.000000,1.0000,False,manual_box,affine_mild
Federico_sammelt_i_tried_the_new_season_[C-SDrECvTa4]_000060_b0a23afd_aug_photo_gameplay_23aa4f5f_aug_retarget_edge.png,1,player,1,0.089703,0.500000,0.179405,0.492466,Federico_sammelt__i_tried_the_new_season [C-SDrECvTa4],60,2.000000,1.0000,False,manual_box,retarget_edge
Federico_sammelt_i_tried_the_new_season_[C-SDrECvTa4]_000060_b0a23afd_aug_affine_mild_3c332d24_aug_original.png,1,player,1,0.369169,0.719043,0.205530,0.461010,Federico_sammelt__i_tried_the_new_season [C-SDrECvTa4],60,2.000000,1.0000,False,manual_box,original
Federico_sammelt_i_tried_the_new_season_[C-SDrECvTa4]_000060_b0a23afd_aug_affine_mild_3c332d24_aug_photo_exposure.png,1,player,1,0.369169,0.719043,0.205530,0.461010,Federico_sammelt__i_tried_the_new_season [C-SDrECvTa4],60,2.000000,1.0000,False,manual_box,photo_exposure
Federico_sammelt_i_tried_the_new_season_[C-SDrECvTa4]_000060_b0a23afd_aug_affine_mild_3c332d24_aug_photo_gameplay.png,1,player,1,0.369169,0.719043,0.205530,0.461010,Federico_sammelt__i_tried_the_new_season [C-SDrECvTa4],60,2.000000,1.0000,False,manual_box,photo_gameplay
Federico_sammelt_i_tried_the_new_season_[C-SDrECvTa4]_000060_b0a23afd_aug_affine_mild_3c332d24_aug_affine_mild.png,1,player,1,0.399270,0.663419,0.238195,0.450719,Federico_sammelt__i_tried_the_new_season [C-SDrECvTa4],60,2.000000,1.0000,False,manual_box,affine_mild
Federico_sammelt_i_tried_the_new_season_[C-SDrECvTa4]_000060_b0a23afd_aug_affine_mild_3c332d24_aug_retarget_edge.png,1,player,1,0.091382,0.500000,0.182765,0.461010,Federico_sammelt__i_tried_the_new_season [C-SDrECvTa4],60,2.000000,1.0000,False,manual_box,retarget_edge
Federico_sammelt_i_tried_the_new_season_[C-SDrECvTa4]_000060_b0a23afd_aug_retarget_edge_57200e8b_aug_original.png,1,player,1,0.089703,0.500000,0.179405,0.492466,Federico_sammelt__i_tried_the_new_season [C-SDrECvTa4],60,2.000000,1.0000,False,manual_box,original
Federico_sammelt_i_tried_the_new_season_[C-SDrECvTa4]_000060_b0a23afd_aug_retarget_edge_57200e8b_aug_photo_exposure.png,1,player,1,0.089703,0.500000,0.179405,0.492466,Federico_sammelt__i_tried_the_new_season [C-SDrECvTa4],60,2.000000,1.0000,False,manual_box,photo_exposure
Federico_sammelt_i_tried_the_new_season_[C-SDrECvTa4]_000060_b0a23afd_aug_retarget_edge_57200e8b_aug_photo_gameplay.png,1,player,1,0.089703,0.500000,0.179405,0.492466,Federico_sammelt__i_tried_the_new_season [C-SDrECvTa4],60,2.000000,1.0000,False,manual_box,photo_gameplay
Federico_sammelt_i_tried_the_new_season_[C-SDrECvTa4]_000060_b0a23afd_aug_retarget_edge_57200e8b_aug_affine_mild.png,1,player,1,0.079813,0.415564,0.159627,0.538035,Federico_sammelt__i_tried_the_new_season [C-SDrECvTa4],60,2.000000,1.0000,False,manual_box,affine_mild
Federico_sammelt_i_tried_the_new_season_[C-SDrECvTa4]_000060_b0a23afd_aug_retarget_edge_57200e8b_aug_retarget_edge.png,1,player,1,0.084851,0.500000,0.169703,0.492466,Federico_sammelt__i_tried_the_new_season [C-SDrECvTa4],60,2.000000,1.0000,False,manual_box,retarget_edge
Federico_sammelt_i_tried_the_new_season_[C-SDrECvTa4]_000075_2f863d86_aug_original_0a9e2ea1_aug_original.png,1,player,1,0.390824,0.662966,0.214104,0.371134,Federico_sammelt__i_tried_the_new_season [C-SDrECvTa4],75,2.500000,1.0000,False,manual_box,original
Federico_sammelt_i_tried_the_new_season_[C-SDrECvTa4]_000075_2f863d86_aug_original_0a9e2ea1_aug_photo_exposure.png,1,player,1,0.390824,0.662966,0.214104,0.371134,Federico_sammelt__i_tried_the_new_season [C-SDrECvTa4],75,2.500000,1.0000,False,manual_box,photo_exposure
Federico_sammelt_i_tried_the_new_season_[C-SDrECvTa4]_000075_2f863d86_aug_original_0a9e2ea1_aug_photo_gameplay.png,1,player,1,0.390824,0.662966,0.214104,0.371134,Federico_sammelt__i_tried_the_new_season [C-SDrECvTa4],75,2.500000,1.0000,False,manual_box,photo_gameplay
Federico_sammelt_i_tried_the_new_season_[C-SDrECvTa4]_000075_2f863d86_aug_original_0a9e2ea1_aug_affine_mild.png,1,player,1,0.366518,0.659716,0.218381,0.421514,Federico_sammelt__i_tried_the_new_season [C-SDrECvTa4],75,2.500000,1.0000,False,manual_box,affine_mild
Federico_sammelt_i_tried_the_new_season_[C-SDrECvTa4]_000075_2f863d86_aug_original_0a9e2ea1_aug_retarget_edge.png,1,player,1,0.093526,0.500000,0.187052,0.371134,Federico_sammelt__i_tried_the_new_season [C-SDrECvTa4],75,2.500000,1.0000,False,manual_box,retarget_edge
Federico_sammelt_i_tried_the_new_season_[C-SDrECvTa4]_000075_2f863d86_aug_original_0a9e2ea1_aug_retarget_corner.png,1,player,1,0.093526,0.132784,0.187052,0.265567,Federico_sammelt__i_tried_the_new_season [C-SDrECvTa4],75,2.500000,1.0000,False,manual_box,retarget_corner
Federico_sammelt_i_tried_the_new_season_[C-SDrECvTa4]_000075_2f863d86_aug_photo_exposure_fcd1d04e_aug_original.png,1,player,1,0.390824,0.662966,0.214104,0.371134,Federico_sammelt__i_tried_the_new_season [C-SDrECvTa4],75,2.500000,1.0000,False,manual_box,original
Federico_sammelt_i_tried_the_new_season_[C-SDrECvTa4]_000075_2f863d86_aug_photo_exposure_fcd1d04e_aug_photo_exposure.png,1,player,1,0.390824,0.662966,0.214104,0.371134,Federico_sammelt__i_tried_the_new_season [C-SDrECvTa4],75,2.500000,1.0000,False,manual_box,photo_exposure
Federico_sammelt_i_tried_the_new_season_[C-SDrECvTa4]_000075_2f863d86_aug_photo_exposure_fcd1d04e_aug_photo_gameplay.png,1,player,1,0.390824,0.662966,0.214104,0.371134,Federico_sammelt__i_tried_the_new_season [C-SDrECvTa4],75,2.500000,1.0000,False,manual_box,photo_gameplay
Federico_sammelt_i_tried_the_new_season_[C-SDrECvTa4]_000075_2f863d86_aug_photo_exposure_fcd1d04e_aug_affine_mild.png,1,player,1,0.349263,0.672113,0.228541,0.364054,Federico_sammelt__i_tried_the_new_season [C-SDrECvTa4],75,2.500000,1.0000,False,manual_box,affine_mild
Federico_sammelt_i_tried_the_new_season_[C-SDrECvTa4]_000075_2f863d86_aug_photo_exposure_fcd1d04e_aug_retarget_edge.png,1,player,1,0.093526,0.500000,0.187052,0.371134,Federico_sammelt__i_tried_the_new_season [C-SDrECvTa4],75,2.500000,1.0000,False,manual_box,retarget_edge
Federico_sammelt_i_tried_the_new_season_[C-SDrECvTa4]_000075_2f863d86_aug_photo_exposure_fcd1d04e_aug_retarget_corner.png,1,player,1,0.093526,0.132784,0.187052,0.265567,Federico_sammelt__i_tried_the_new_season [C-SDrECvTa4],75,2.500000,1.0000,False,manual_box,retarget_corner
Federico_sammelt_i_tried_the_new_season_[C-SDrECvTa4]_000075_2f863d86_aug_photo_gameplay_6c4fcdc7_aug_original.png,1,player,1,0.390824,0.662966,0.214104,0.371134,Federico_sammelt__i_tried_the_new_season [C-SDrECvTa4],75,2.500000,1.0000,False,manual_box,original
Federico_sammelt_i_tried_the_new_season_[C-SDrECvTa4]_000075_2f863d86_aug_photo_gameplay_6c4fcdc7_aug_photo_exposure.png,1,player,1,0.390824,0.662966,0.214104,0.371134,Federico_sammelt__i_tried_the_new_season [C-SDrECvTa4],75,2.500000,1.0000,False,manual_box,photo_exposure
Federico_sammelt_i_tried_the_new_season_[C-SDrECvTa4]_000075_2f863d86_aug_photo_gameplay_6c4fcdc7_aug_photo_gameplay.png,1,player,1,0.390824,0.662966,0.214104,0.371134,Federico_sammelt__i_tried_the_new_season [C-SDrECvTa4],75,2.500000,1.0000,False,manual_box,photo_gameplay
Federico_sammelt_i_tried_the_new_season_[C-SDrECvTa4]_000075_2f863d86_aug_photo_gameplay_6c4fcdc7_aug_affine_mild.png,1,player,1,0.350009,0.602317,0.207151,0.386405,Federico_sammelt__i_tried_the_new_season [C-SDrECvTa4],75,2.500000,1.0000,False,manual_box,affine_mild
Federico_sammelt_i_tried_the_new_season_[C-SDrECvTa4]_000075_2f863d86_aug_photo_gameplay_6c4fcdc7_aug_retarget_edge.png,1,player,1,0.093526,0.500000,0.187052,0.371134,Federico_sammelt__i_tried_the_new_season [C-SDrECvTa4],75,2.500000,1.0000,False,manual_box,retarget_edge
Federico_sammelt_i_tried_the_new_season_[C-SDrECvTa4]_000075_2f863d86_aug_photo_gameplay_6c4fcdc7_aug_retarget_corner.png,1,player,1,0.093526,0.132784,0.187052,0.265567,Federico_sammelt__i_tried_the_new_season [C-SDrECvTa4],75,2.500000,1.0000,False,manual_box,retarget_corner
Federico_sammelt_i_tried_the_new_season_[C-SDrECvTa4]_000075_2f863d86_aug_affine_mild_cb6497b8_aug_original.png,1,player,1,0.388467,0.672001,0.227916,0.386506,Federico_sammelt__i_tried_the_new_season [C-SDrECvTa4],75,2.500000,1.0000,False,manual_box,original
Federico_sammelt_i_tried_the_new_season_[C-SDrECvTa4]_000075_2f863d86_aug_affine_mild_cb6497b8_aug_photo_exposure.png,1,player,1,0.388467,0.672001,0.227916,0.386506,Federico_sammelt__i_tried_the_new_season [C-SDrECvTa4],75,2.500000,1.0000,False,manual_box,photo_exposure
Federico_sammelt_i_tried_the_new_season_[C-SDrECvTa4]_000075_2f863d86_aug_affine_mild_cb6497b8_aug_photo_gameplay.png,1,player,1,0.388467,0.672001,0.227916,0.386506,Federico_sammelt__i_tried_the_new_season [C-SDrECvTa4],75,2.500000,1.0000,False,manual_box,photo_gameplay
Federico_sammelt_i_tried_the_new_season_[C-SDrECvTa4]_000075_2f863d86_aug_affine_mild_cb6497b8_aug_affine_mild.png,1,player,1,0.369691,0.618618,0.235796,0.409533,Federico_sammelt__i_tried_the_new_season [C-SDrECvTa4],75,2.500000,1.0000,False,manual_box,affine_mild
Federico_sammelt_i_tried_the_new_season_[C-SDrECvTa4]_000075_2f863d86_aug_affine_mild_cb6497b8_aug_retarget_edge.png,1,player,1,0.096979,0.500000,0.193958,0.386506,Federico_sammelt__i_tried_the_new_season [C-SDrECvTa4],75,2.500000,1.0000,False,manual_box,retarget_edge
Federico_sammelt_i_tried_the_new_season_[C-SDrECvTa4]_000075_2f863d86_aug_affine_mild_cb6497b8_aug_retarget_corner.png,1,player,1,0.096979,0.863374,0.193958,0.273253,Federico_sammelt__i_tried_the_new_season [C-SDrECvTa4],75,2.500000,1.0000,False,manual_box,retarget_corner
Federico_sammelt_i_tried_the_new_season_[C-SDrECvTa4]_000075_2f863d86_aug_retarget_edge_bba04dd0_aug_original.png,1,player,1,0.093526,0.500000,0.187052,0.371134,Federico_sammelt__i_tried_the_new_season [C-SDrECvTa4],75,2.500000,1.0000,False,manual_box,original
Federico_sammelt_i_tried_the_new_season_[C-SDrECvTa4]_000075_2f863d86_aug_retarget_edge_bba04dd0_aug_photo_exposure.png,1,player,1,0.093526,0.500000,0.187052,0.371134,Federico_sammelt__i_tried_the_new_season [C-SDrECvTa4],75,2.500000,1.0000,False,manual_box,photo_exposure
Federico_sammelt_i_tried_the_new_season_[C-SDrECvTa4]_000075_2f863d86_aug_retarget_edge_bba04dd0_aug_photo_gameplay.png,1,player,1,0.093526,0.500000,0.187052,0.371134,Federico_sammelt__i_tried_the_new_season [C-SDrECvTa4],75,2.500000,1.0000,False,manual_box,photo_gameplay
Federico_sammelt_i_tried_the_new_season_[C-SDrECvTa4]_000075_2f863d86_aug_retarget_edge_bba04dd0_aug_affine_mild.png,1,player,1,0.928291,0.550245,0.143418,0.370697,Federico_sammelt__i_tried_the_new_season [C-SDrECvTa4],75,2.500000,1.0000,False,manual_box,affine_mild
Federico_sammelt_i_tried_the_new_season_[C-SDrECvTa4]_000075_2f863d86_aug_retarget_edge_bba04dd0_aug_retarget_edge.png,1,player,1,0.086763,0.500000,0.173526,0.371134,Federico_sammelt__i_tried_the_new_season [C-SDrECvTa4],75,2.500000,1.0000,False,manual_box,retarget_edge
Federico_sammelt_i_tried_the_new_season_[C-SDrECvTa4]_000075_2f863d86_aug_retarget_edge_bba04dd0_aug_retarget_corner.png,1,player,1,0.086763,0.132784,0.173526,0.265567,Federico_sammelt__i_tried_the_new_season [C-SDrECvTa4],75,2.500000,1.0000,False,manual_box,retarget_corner
Federico_sammelt_i_tried_the_new_season_[C-SDrECvTa4]_000075_2f863d86_aug_retarget_corner_20e4fcec_aug_original.png,1,player,1,0.093526,0.132784,0.187052,0.265567,Federico_sammelt__i_tried_the_new_season [C-SDrECvTa4],75,2.500000,1.0000,False,manual_box,original
Federico_sammelt_i_tried_the_new_season_[C-SDrECvTa4]_000075_2f863d86_aug_retarget_corner_20e4fcec_aug_photo_exposure.png,1,player,1,0.093526,0.132784,0.187052,0.265567,Federico_sammelt__i_tried_the_new_season [C-SDrECvTa4],75,2.500000,1.0000,False,manual_box,photo_exposure
Federico_sammelt_i_tried_the_new_season_[C-SDrECvTa4]_000075_2f863d86_aug_retarget_corner_20e4fcec_aug_photo_gameplay.png,1,player,1,0.093526,0.132784,0.187052,0.265567,Federico_sammelt__i_tried_the_new_season [C-SDrECvTa4],75,2.500000,1.0000,False,manual_box,photo_gameplay
Federico_sammelt_i_tried_the_new_season_[C-SDrECvTa4]_000075_2f863d86_aug_retarget_corner_20e4fcec_aug_affine_mild.png,1,player,1,0.122471,0.111623,0.205035,0.223246,Federico_sammelt__i_tried_the_new_season [C-SDrECvTa4],75,2.500000,1.0000,False,manual_box,affine_mild
Federico_sammelt_i_tried_the_new_season_[C-SDrECvTa4]_000075_2f863d86_aug_retarget_corner_20e4fcec_aug_photo_blur_noise.png,1,player,1,0.093526,0.132784,0.187052,0.265567,Federico_sammelt__i_tried_the_new_season [C-SDrECvTa4],75,2.500000,1.0000,False,manual_box,photo_blur_noise
Federico_sammelt_i_tried_the_new_season_[C-SDrECvTa4]_000090_2fb67f5c_aug_original_9bd72374_aug_original.png,1,player,1,0.395072,0.706582,0.242991,0.477399,Federico_sammelt__i_tried_the_new_season [C-SDrECvTa4],90,3.000000,1.0000,False,manual_box,original
Federico_sammelt_i_tried_the_new_season_[C-SDrECvTa4]_000090_2fb67f5c_aug_original_9bd72374_aug_photo_exposure.png,1,player,1,0.395072,0.706582,0.242991,0.477399,Federico_sammelt__i_tried_the_new_season [C-SDrECvTa4],90,3.000000,1.0000,False,manual_box,photo_exposure
Federico_sammelt_i_tried_the_new_season_[C-SDrECvTa4]_000090_2fb67f5c_aug_original_9bd72374_aug_photo_gameplay.png,1,player,1,0.395072,0.706582,0.242991,0.477399,Federico_sammelt__i_tried_the_new_season [C-SDrECvTa4],90,3.000000,1.0000,False,manual_box,photo_gameplay
Federico_sammelt_i_tried_the_new_season_[C-SDrECvTa4]_000090_2fb67f5c_aug_original_9bd72374_aug_affine_mild.png,1,player,1,0.354602,0.626948,0.260696,0.472345,Federico_sammelt__i_tried_the_new_season [C-SDrECvTa4],90,3.000000,1.0000,False,manual_box,affine_mild
Federico_sammelt_i_tried_the_new_season_[C-SDrECvTa4]_000090_2fb67f5c_aug_original_9bd72374_aug_retarget_edge.png,1,player,1,0.100748,0.500000,0.201495,0.477399,Federico_sammelt__i_tried_the_new_season [C-SDrECvTa4],90,3.000000,1.0000,False,manual_box,retarget_edge
Federico_sammelt_i_tried_the_new_season_[C-SDrECvTa4]_000090_2fb67f5c_aug_photo_exposure_0222eb15_aug_original.png,1,player,1,0.395072,0.706582,0.242991,0.477399,Federico_sammelt__i_tried_the_new_season [C-SDrECvTa4],90,3.000000,1.0000,False,manual_box,original
Federico_sammelt_i_tried_the_new_season_[C-SDrECvTa4]_000090_2fb67f5c_aug_photo_exposure_0222eb15_aug_photo_exposure.png,1,player,1,0.395072,0.706582,0.242991,0.477399,Federico_sammelt__i_tried_the_new_season [C-SDrECvTa4],90,3.000000,1.0000,False,manual_box,photo_exposure
Federico_sammelt_i_tried_the_new_season_[C-SDrECvTa4]_000090_2fb67f5c_aug_photo_exposure_0222eb15_aug_photo_gameplay.png,1,player,1,0.395072,0.706582,0.242991,0.477399,Federico_sammelt__i_tried_the_new_season [C-SDrECvTa4],90,3.000000,1.0000,False,manual_box,photo_gameplay
Federico_sammelt_i_tried_the_new_season_[C-SDrECvTa4]_000090_2fb67f5c_aug_photo_exposure_0222eb15_aug_affine_mild.png,1,player,1,0.435864,0.685834,0.231736,0.461878,Federico_sammelt__i_tried_the_new_season [C-SDrECvTa4],90,3.000000,1.0000,False,manual_box,affine_mild
Federico_sammelt_i_tried_the_new_season_[C-SDrECvTa4]_000090_2fb67f5c_aug_photo_exposure_0222eb15_aug_retarget_edge.png,1,player,1,0.100748,0.500000,0.201495,0.477399,Federico_sammelt__i_tried_the_new_season [C-SDrECvTa4],90,3.000000,1.0000,False,manual_box,retarget_edge
Federico_sammelt_i_tried_the_new_season_[C-SDrECvTa4]_000090_2fb67f5c_aug_photo_gameplay_8bc9ff4c_aug_original.png,1,player,1,0.395072,0.706582,0.242991,0.477399,Federico_sammelt__i_tried_the_new_season [C-SDrECvTa4],90,3.000000,1.0000,False,manual_box,original
Federico_sammelt_i_tried_the_new_season_[C-SDrECvTa4]_000090_2fb67f5c_aug_photo_gameplay_8bc9ff4c_aug_photo_exposure.png,1,player,1,0.395072,0.706582,0.242991,0.477399,Federico_sammelt__i_tried_the_new_season [C-SDrECvTa4],90,3.000000,1.0000,False,manual_box,photo_exposure
Federico_sammelt_i_tried_the_new_season_[C-SDrECvTa4]_000090_2fb67f5c_aug_photo_gameplay_8bc9ff4c_aug_photo_gameplay.png,1,player,1,0.395072,0.706582,0.242991,0.477399,Federico_sammelt__i_tried_the_new_season [C-SDrECvTa4],90,3.000000,1.0000,False,manual_box,photo_gameplay
Federico_sammelt_i_tried_the_new_season_[C-SDrECvTa4]_000090_2fb67f5c_aug_photo_gameplay_8bc9ff4c_aug_affine_mild.png,1,player,1,0.395932,0.761047,0.252462,0.477907,Federico_sammelt__i_tried_the_new_season [C-SDrECvTa4],90,3.000000,1.0000,False,manual_box,affine_mild
Federico_sammelt_i_tried_the_new_season_[C-SDrECvTa4]_000090_2fb67f5c_aug_photo_gameplay_8bc9ff4c_aug_retarget_edge.png,1,player,1,0.100748,0.500000,0.201495,0.477399,Federico_sammelt__i_tried_the_new_season [C-SDrECvTa4],90,3.000000,1.0000,False,manual_box,retarget_edge
Federico_sammelt_i_tried_the_new_season_[C-SDrECvTa4]_000090_2fb67f5c_aug_affine_mild_f8b0c3b7_aug_original.png,1,player,1,0.413194,0.747940,0.255270,0.504120,Federico_sammelt__i_tried_the_new_season [C-SDrECvTa4],90,3.000000,1.0000,False,manual_box,original
Federico_sammelt_i_tried_the_new_season_[C-SDrECvTa4]_000090_2fb67f5c_aug_affine_mild_f8b0c3b7_aug_photo_exposure.png,1,player,1,0.413194,0.747940,0.255270,0.504120,Federico_sammelt__i_tried_the_new_season [C-SDrECvTa4],90,3.000000,1.0000,False,manual_box,photo_exposure
Federico_sammelt_i_tried_the_new_season_[C-SDrECvTa4]_000090_2fb67f5c_aug_affine_mild_f8b0c3b7_aug_photo_gameplay.png,1,player,1,0.413194,0.747940,0.255270,0.504120,Federico_sammelt__i_tried_the_new_season [C-SDrECvTa4],90,3.000000,1.0000,False,manual_box,photo_gameplay
Federico_sammelt_i_tried_the_new_season_[C-SDrECvTa4]_000090_2fb67f5c_aug_affine_mild_f8b0c3b7_aug_affine_mild.png,1,player,1,0.577580,0.731106,0.290910,0.484954,Federico_sammelt__i_tried_the_new_season [C-SDrECvTa4],90,3.000000,1.0000,False,manual_box,affine_mild
Federico_sammelt_i_tried_the_new_season_[C-SDrECvTa4]_000090_2fb67f5c_aug_affine_mild_f8b0c3b7_aug_retarget_edge.png,1,player,1,0.103817,0.500000,0.207635,0.504120,Federico_sammelt__i_tried_the_new_season [C-SDrECvTa4],90,3.000000,1.0000,False,manual_box,retarget_edge
Federico_sammelt_i_tried_the_new_season_[C-SDrECvTa4]_000090_2fb67f5c_aug_retarget_edge_502a56cc_aug_original.png,1,player,1,0.100748,0.500000,0.201495,0.477399,Federico_sammelt__i_tried_the_new_season [C-SDrECvTa4],90,3.000000,1.0000,False,manual_box,original
Federico_sammelt_i_tried_the_new_season_[C-SDrECvTa4]_000090_2fb67f5c_aug_retarget_edge_502a56cc_aug_photo_exposure.png,1,player,1,0.100748,0.500000,0.201495,0.477399,Federico_sammelt__i_tried_the_new_season [C-SDrECvTa4],90,3.000000,1.0000,False,manual_box,photo_exposure
Federico_sammelt_i_tried_the_new_season_[C-SDrECvTa4]_000090_2fb67f5c_aug_retarget_edge_502a56cc_aug_photo_gameplay.png,1,player,1,0.100748,0.500000,0.201495,0.477399,Federico_sammelt__i_tried_the_new_season [C-SDrECvTa4],90,3.000000,1.0000,False,manual_box,photo_gameplay
Federico_sammelt_i_tried_the_new_season_[C-SDrECvTa4]_000090_2fb67f5c_aug_retarget_edge_502a56cc_aug_affine_mild.png,1,player,1,0.906600,0.453691,0.186800,0.483879,Federico_sammelt__i_tried_the_new_season [C-SDrECvTa4],90,3.000000,1.0000,False,manual_box,affine_mild
Federico_sammelt_i_tried_the_new_season_[C-SDrECvTa4]_000090_2fb67f5c_aug_retarget_edge_502a56cc_aug_retarget_edge.png,1,player,1,0.090374,0.500000,0.180748,0.477399,Federico_sammelt__i_tried_the_new_season [C-SDrECvTa4],90,3.000000,1.0000,False,manual_box,retarget_edge
Federico_sammelt_i_tried_the_new_season_[C-SDrECvTa4]_000105_68c6e220_aug_original_73bc1bb8_aug_original.png,1,player,1,0.330501,0.735527,0.231096,0.528945,Federico_sammelt__i_tried_the_new_season [C-SDrECvTa4],105,3.500000,1.0000,False,manual_box,original
Federico_sammelt_i_tried_the_new_season_[C-SDrECvTa4]_000105_68c6e220_aug_original_73bc1bb8_aug_original.png,0,enemy,1,0.429907,0.475813,0.039082,0.139572,Federico_sammelt__i_tried_the_new_season [C-SDrECvTa4],105,3.500000,1.0000,False,manual_box,original
Federico_sammelt_i_tried_the_new_season_[C-SDrECvTa4]_000105_68c6e220_aug_original_73bc1bb8_aug_original.png,0,enemy,1,0.748938,0.472641,0.087511,0.133228,Federico_sammelt__i_tried_the_new_season [C-SDrECvTa4],105,3.500000,1.0000,False,manual_box,original
Federico_sammelt_i_tried_the_new_season_[C-SDrECvTa4]_000105_68c6e220_aug_original_73bc1bb8_aug_photo_exposure.png,1,player,1,0.330501,0.735527,0.231096,0.528945,Federico_sammelt__i_tried_the_new_season [C-SDrECvTa4],105,3.500000,1.0000,False,manual_box,photo_exposure
Federico_sammelt_i_tried_the_new_season_[C-SDrECvTa4]_000105_68c6e220_aug_original_73bc1bb8_aug_photo_exposure.png,0,enemy,1,0.429907,0.475813,0.039082,0.139572,Federico_sammelt__i_tried_the_new_season [C-SDrECvTa4],105,3.500000,1.0000,False,manual_box,photo_exposure
Federico_sammelt_i_tried_the_new_season_[C-SDrECvTa4]_000105_68c6e220_aug_original_73bc1bb8_aug_photo_exposure.png,0,enemy,1,0.748938,0.472641,0.087511,0.133228,Federico_sammelt__i_tried_the_new_season [C-SDrECvTa4],105,3.500000,1.0000,False,manual_box,photo_exposure
Federico_sammelt_i_tried_the_new_season_[C-SDrECvTa4]_000105_68c6e220_aug_original_73bc1bb8_aug_photo_gameplay.png,1,player,1,0.330501,0.735527,0.231096,0.528945,Federico_sammelt__i_tried_the_new_season [C-SDrECvTa4],105,3.500000,1.0000,False,manual_box,photo_gameplay
Federico_sammelt_i_tried_the_new_season_[C-SDrECvTa4]_000105_68c6e220_aug_original_73bc1bb8_aug_photo_gameplay.png,0,enemy,1,0.429907,0.475813,0.039082,0.139572,Federico_sammelt__i_tried_the_new_season [C-SDrECvTa4],105,3.500000,1.0000,False,manual_box,photo_gameplay
Federico_sammelt_i_tried_the_new_season_[C-SDrECvTa4]_000105_68c6e220_aug_original_73bc1bb8_aug_photo_gameplay.png,0,enemy,1,0.748938,0.472641,0.087511,0.133228,Federico_sammelt__i_tried_the_new_season [C-SDrECvTa4],105,3.500000,1.0000,False,manual_box,photo_gameplay
Federico_sammelt_i_tried_the_new_season_[C-SDrECvTa4]_000105_68c6e220_aug_original_73bc1bb8_aug_affine_mild.png,1,player,1,0.716625,0.714629,0.254232,0.570742,Federico_sammelt__i_tried_the_new_season [C-SDrECvTa4],105,3.500000,1.0000,False,manual_box,affine_mild
Federico_sammelt_i_tried_the_new_season_[C-SDrECvTa4]_000105_68c6e220_aug_original_73bc1bb8_aug_affine_mild.png,0,enemy,1,0.606046,0.453759,0.044895,0.153748,Federico_sammelt__i_tried_the_new_season [C-SDrECvTa4],105,3.500000,1.0000,False,manual_box,affine_mild
Federico_sammelt_i_tried_the_new_season_[C-SDrECvTa4]_000105_68c6e220_aug_original_73bc1bb8_aug_affine_mild.png,0,enemy,1,0.282649,0.479107,0.093728,0.151286,Federico_sammelt__i_tried_the_new_season [C-SDrECvTa4],105,3.500000,1.0000,False,manual_box,affine_mild
Federico_sammelt_i_tried_the_new_season_[C-SDrECvTa4]_000105_68c6e220_aug_original_73bc1bb8_aug_retarget_edge.png,1,player,1,0.501563,0.749207,0.231096,0.501586,Federico_sammelt__i_tried_the_new_season [C-SDrECvTa4],105,3.500000,1.0000,False,manual_box,retarget_edge
Federico_sammelt_i_tried_the_new_season_[C-SDrECvTa4]_000105_68c6e220_aug_original_73bc1bb8_aug_retarget_edge.png,0,enemy,1,0.600969,0.503172,0.039082,0.139572,Federico_sammelt__i_tried_the_new_season [C-SDrECvTa4],105,3.500000,1.0000,False,manual_box,retarget_edge
Federico_sammelt_i_tried_the_new_season_[C-SDrECvTa4]_000105_68c6e220_aug_original_73bc1bb8_aug_retarget_edge.png,0,enemy,1,0.920000,0.500000,0.087511,0.133228,Federico_sammelt__i_tried_the_new_season [C-SDrECvTa4],105,3.500000,1.0000,False,manual_box,retarget_edge
Federico_sammelt_i_tried_the_new_season_[C-SDrECvTa4]_000105_68c6e220_aug_original_73bc1bb8_aug_retarget_corner.png,1,player,1,0.501563,0.342886,0.231096,0.528945,Federico_sammelt__i_tried_the_new_season [C-SDrECvTa4],105,3.500000,1.0000,False,manual_box,retarget_corner
Federico_sammelt_i_tried_the_new_season_[C-SDrECvTa4]_000105_68c6e220_aug_original_73bc1bb8_aug_retarget_corner.png,0,enemy,1,0.600969,0.083172,0.039082,0.139572,Federico_sammelt__i_tried_the_new_season [C-SDrECvTa4],105,3.500000,1.0000,False,manual_box,retarget_corner
Federico_sammelt_i_tried_the_new_season_[C-SDrECvTa4]_000105_68c6e220_aug_original_73bc1bb8_aug_retarget_corner.png,0,enemy,1,0.920000,0.080000,0.087511,0.133228,Federico_sammelt__i_tried_the_new_season [C-SDrECvTa4],105,3.500000,1.0000,False,manual_box,retarget_corner
Federico_sammelt_i_tried_the_new_season_[C-SDrECvTa4]_000105_68c6e220_aug_photo_exposure_c6aa61b1_aug_original.png,1,player,1,0.330501,0.735527,0.231096,0.528945,Federico_sammelt__i_tried_the_new_season [C-SDrECvTa4],105,3.500000,1.0000,False,manual_box,original
Federico_sammelt_i_tried_the_new_season_[C-SDrECvTa4]_000105_68c6e220_aug_photo_exposure_c6aa61b1_aug_original.png,0,enemy,1,0.429907,0.475813,0.039082,0.139572,Federico_sammelt__i_tried_the_new_season [C-SDrECvTa4],105,3.500000,1.0000,False,manual_box,original
Federico_sammelt_i_tried_the_new_season_[C-SDrECvTa4]_000105_68c6e220_aug_photo_exposure_c6aa61b1_aug_original.png,0,enemy,1,0.748938,0.472641,0.087511,0.133228,Federico_sammelt__i_tried_the_new_season [C-SDrECvTa4],105,3.500000,1.0000,False,manual_box,original
Federico_sammelt_i_tried_the_new_season_[C-SDrECvTa4]_000105_68c6e220_aug_photo_exposure_c6aa61b1_aug_photo_exposure.png,1,player,1,0.330501,0.735527,0.231096,0.528945,Federico_sammelt__i_tried_the_new_season [C-SDrECvTa4],105,3.500000,1.0000,False,manual_box,photo_exposure
Federico_sammelt_i_tried_the_new_season_[C-SDrECvTa4]_000105_68c6e220_aug_photo_exposure_c6aa61b1_aug_photo_exposure.png,0,enemy,1,0.429907,0.475813,0.039082,0.139572,Federico_sammelt__i_tried_the_new_season [C-SDrECvTa4],105,3.500000,1.0000,False,manual_box,photo_exposure
Federico_sammelt_i_tried_the_new_season_[C-SDrECvTa4]_000105_68c6e220_aug_photo_exposure_c6aa61b1_aug_photo_exposure.png,0,enemy,1,0.748938,0.472641,0.087511,0.133228,Federico_sammelt__i_tried_the_new_season [C-SDrECvTa4],105,3.500000,1.0000,False,manual_box,photo_exposure
Federico_sammelt_i_tried_the_new_season_[C-SDrECvTa4]_000105_68c6e220_aug_photo_exposure_c6aa61b1_aug_photo_gameplay.png,1,player,1,0.330501,0.735527,0.231096,0.528945,Federico_sammelt__i_tried_the_new_season [C-SDrECvTa4],105,3.500000,1.0000,False,manual_box,photo_gameplay
Federico_sammelt_i_tried_the_new_season_[C-SDrECvTa4]_000105_68c6e220_aug_photo_exposure_c6aa61b1_aug_photo_gameplay.png,0,enemy,1,0.429907,0.475813,0.039082,0.139572,Federico_sammelt__i_tried_the_new_season [C-SDrECvTa4],105,3.500000,1.0000,False,manual_box,photo_gameplay
Federico_sammelt_i_tried_the_new_season_[C-SDrECvTa4]_000105_68c6e220_aug_photo_exposure_c6aa61b1_aug_photo_gameplay.png,0,enemy,1,0.748938,0.472641,0.087511,0.133228,Federico_sammelt__i_tried_the_new_season [C-SDrECvTa4],105,3.500000,1.0000,False,manual_box,photo_gameplay
Federico_sammelt_i_tried_the_new_season_[C-SDrECvTa4]_000105_68c6e220_aug_photo_exposure_c6aa61b1_aug_affine_mild.png,1,player,1,0.667686,0.733491,0.248008,0.533018,Federico_sammelt__i_tried_the_new_season [C-SDrECvTa4],105,3.500000,1.0000,False,manual_box,affine_mild
Federico_sammelt_i_tried_the_new_season_[C-SDrECvTa4]_000105_68c6e220_aug_photo_exposure_c6aa61b1_aug_affine_mild.png,0,enemy,1,0.567232,0.473070,0.042583,0.143319,Federico_sammelt__i_tried_the_new_season [C-SDrECvTa4],105,3.500000,1.0000,False,manual_box,affine_mild
Federico_sammelt_i_tried_the_new_season_[C-SDrECvTa4]_000105_68c6e220_aug_photo_exposure_c6aa61b1_aug_affine_mild.png,0,enemy,1,0.234225,0.443987,0.093058,0.140881,Federico_sammelt__i_tried_the_new_season [C-SDrECvTa4],105,3.500000,1.0000,False,manual_box,affine_mild
Federico_sammelt_i_tried_the_new_season_[C-SDrECvTa4]_000105_68c6e220_aug_photo_exposure_c6aa61b1_aug_retarget_edge.png,1,player,1,0.501563,0.749207,0.231096,0.501586,Federico_sammelt__i_tried_the_new_season [C-SDrECvTa4],105,3.500000,1.0000,False,manual_box,retarget_edge
Federico_sammelt_i_tried_the_new_season_[C-SDrECvTa4]_000105_68c6e220_aug_photo_exposure_c6aa61b1_aug_retarget_edge.png,0,enemy,1,0.600969,0.503172,0.039082,0.139572,Federico_sammelt__i_tried_the_new_season [C-SDrECvTa4],105,3.500000,1.0000,False,manual_box,retarget_edge
Federico_sammelt_i_tried_the_new_season_[C-SDrECvTa4]_000105_68c6e220_aug_photo_exposure_c6aa61b1_aug_retarget_edge.png,0,enemy,1,0.920000,0.500000,0.087511,0.133228,Federico_sammelt__i_tried_the_new_season [C-SDrECvTa4],105,3.500000,1.0000,False,manual_box,retarget_edge
Federico_sammelt_i_tried_the_new_season_[C-SDrECvTa4]_000105_68c6e220_aug_photo_exposure_c6aa61b1_aug_retarget_corner.png,1,player,1,0.501563,0.342886,0.231096,0.528945,Federico_sammelt__i_tried_the_new_season [C-SDrECvTa4],105,3.500000,1.0000,False,manual_box,retarget_corner
Federico_sammelt_i_tried_the_new_season_[C-SDrECvTa4]_000105_68c6e220_aug_photo_exposure_c6aa61b1_aug_retarget_corner.png,0,enemy,1,0.600969,0.083172,0.039082,0.139572,Federico_sammelt__i_tried_the_new_season [C-SDrECvTa4],105,3.500000,1.0000,False,manual_box,retarget_corner
Federico_sammelt_i_tried_the_new_season_[C-SDrECvTa4]_000105_68c6e220_aug_photo_exposure_c6aa61b1_aug_retarget_corner.png,0,enemy,1,0.920000,0.080000,0.087511,0.133228,Federico_sammelt__i_tried_the_new_season [C-SDrECvTa4],105,3.500000,1.0000,False,manual_box,retarget_corner
Federico_sammelt_i_tried_the_new_season_[C-SDrECvTa4]_000105_68c6e220_aug_photo_gameplay_a6ebd826_aug_original.png,1,player,1,0.330501,0.735527,0.231096,0.528945,Federico_sammelt__i_tried_the_new_season [C-SDrECvTa4],105,3.500000,1.0000,False,manual_box,original
Federico_sammelt_i_tried_the_new_season_[C-SDrECvTa4]_000105_68c6e220_aug_photo_gameplay_a6ebd826_aug_original.png,0,enemy,1,0.429907,0.475813,0.039082,0.139572,Federico_sammelt__i_tried_the_new_season [C-SDrECvTa4],105,3.500000,1.0000,False,manual_box,original
Federico_sammelt_i_tried_the_new_season_[C-SDrECvTa4]_000105_68c6e220_aug_photo_gameplay_a6ebd826_aug_original.png,0,enemy,1,0.748938,0.472641,0.087511,0.133228,Federico_sammelt__i_tried_the_new_season [C-SDrECvTa4],105,3.500000,1.0000,False,manual_box,original
Federico_sammelt_i_tried_the_new_season_[C-SDrECvTa4]_000105_68c6e220_aug_photo_gameplay_a6ebd826_aug_photo_exposure.png,1,player,1,0.330501,0.735527,0.231096,0.528945,Federico_sammelt__i_tried_the_new_season [C-SDrECvTa4],105,3.500000,1.0000,False,manual_box,photo_exposure
Federico_sammelt_i_tried_the_new_season_[C-SDrECvTa4]_000105_68c6e220_aug_photo_gameplay_a6ebd826_aug_photo_exposure.png,0,enemy,1,0.429907,0.475813,0.039082,0.139572,Federico_sammelt__i_tried_the_new_season [C-SDrECvTa4],105,3.500000,1.0000,False,manual_box,photo_exposure
Federico_sammelt_i_tried_the_new_season_[C-SDrECvTa4]_000105_68c6e220_aug_photo_gameplay_a6ebd826_aug_photo_exposure.png,0,enemy,1,0.748938,0.472641,0.087511,0.133228,Federico_sammelt__i_tried_the_new_season [C-SDrECvTa4],105,3.500000,1.0000,False,manual_box,photo_exposure
Federico_sammelt_i_tried_the_new_season_[C-SDrECvTa4]_000105_68c6e220_aug_photo_gameplay_a6ebd826_aug_photo_gameplay.png,1,player,1,0.330501,0.735527,0.231096,0.528945,Federico_sammelt__i_tried_the_new_season [C-SDrECvTa4],105,3.500000,1.0000,False,manual_box,photo_gameplay
Federico_sammelt_i_tried_the_new_season_[C-SDrECvTa4]_000105_68c6e220_aug_photo_gameplay_a6ebd826_aug_photo_gameplay.png,0,enemy,1,0.429907,0.475813,0.039082,0.139572,Federico_sammelt__i_tried_the_new_season [C-SDrECvTa4],105,3.500000,1.0000,False,manual_box,photo_gameplay
Federico_sammelt_i_tried_the_new_season_[C-SDrECvTa4]_000105_68c6e220_aug_photo_gameplay_a6ebd826_aug_photo_gameplay.png,0,enemy,1,0.748938,0.472641,0.087511,0.133228,Federico_sammelt__i_tried_the_new_season [C-SDrECvTa4],105,3.500000,1.0000,False,manual_box,photo_gameplay
Federico_sammelt_i_tried_the_new_season_[C-SDrECvTa4]_000105_68c6e220_aug_photo_gameplay_a6ebd826_aug_affine_mild.png,1,player,1,0.323621,0.723957,0.248149,0.552086,Federico_sammelt__i_tried_the_new_season [C-SDrECvTa4],105,3.500000,1.0000,False,manual_box,affine_mild
Federico_sammelt_i_tried_the_new_season_[C-SDrECvTa4]_000105_68c6e220_aug_photo_gameplay_a6ebd826_aug_affine_mild.png,0,enemy,1,0.431220,0.462342,0.043302,0.153496,Federico_sammelt__i_tried_the_new_season [C-SDrECvTa4],105,3.500000,1.0000,False,manual_box,affine_mild
Federico_sammelt_i_tried_the_new_season_[C-SDrECvTa4]_000105_68c6e220_aug_photo_gameplay_a6ebd826_aug_affine_mild.png,0,enemy,1,0.754406,0.472622,0.092180,0.148680,Federico_sammelt__i_tried_the_new_season [C-SDrECvTa4],105,3.500000,1.0000,False,manual_box,affine_mild
Federico_sammelt_i_tried_the_new_season_[C-SDrECvTa4]_000105_68c6e220_aug_photo_gameplay_a6ebd826_aug_retarget_edge.png,1,player,1,0.501563,0.749207,0.231096,0.501586,Federico_sammelt__i_tried_the_new_season [C-SDrECvTa4],105,3.500000,1.0000,False,manual_box,retarget_edge
Federico_sammelt_i_tried_the_new_season_[C-SDrECvTa4]_000105_68c6e220_aug_photo_gameplay_a6ebd826_aug_retarget_edge.png,0,enemy,1,0.600969,0.503172,0.039082,0.139572,Federico_sammelt__i_tried_the_new_season [C-SDrECvTa4],105,3.500000,1.0000,False,manual_box,retarget_edge
Federico_sammelt_i_tried_the_new_season_[C-SDrECvTa4]_000105_68c6e220_aug_photo_gameplay_a6ebd826_aug_retarget_edge.png,0,enemy,1,0.920000,0.500000,0.087511,0.133228,Federico_sammelt__i_tried_the_new_season [C-SDrECvTa4],105,3.500000,1.0000,False,manual_box,retarget_edge
Federico_sammelt_i_tried_the_new_season_[C-SDrECvTa4]_000105_68c6e220_aug_photo_gameplay_a6ebd826_aug_retarget_corner.png,1,player,1,0.501563,0.342886,0.231096,0.528945,Federico_sammelt__i_tried_the_new_season [C-SDrECvTa4],105,3.500000,1.0000,False,manual_box,retarget_corner
Federico_sammelt_i_tried_the_new_season_[C-SDrECvTa4]_000105_68c6e220_aug_photo_gameplay_a6ebd826_aug_retarget_corner.png,0,enemy,1,0.600969,0.083172,0.039082,0.139572,Federico_sammelt__i_tried_the_new_season [C-SDrECvTa4],105,3.500000,1.0000,False,manual_box,retarget_corner
Federico_sammelt_i_tried_the_new_season_[C-SDrECvTa4]_000105_68c6e220_aug_photo_gameplay_a6ebd826_aug_retarget_corner.png,0,enemy,1,0.920000,0.080000,0.087511,0.133228,Federico_sammelt__i_tried_the_new_season [C-SDrECvTa4],105,3.500000,1.0000,False,manual_box,retarget_corner
Federico_sammelt_i_tried_the_new_season_[C-SDrECvTa4]_000105_68c6e220_aug_affine_mild_393af8b7_aug_original.png,1,player,1,0.339743,0.745416,0.248432,0.509168,Federico_sammelt__i_tried_the_new_season [C-SDrECvTa4],105,3.500000,1.0000,False,manual_box,original
Federico_sammelt_i_tried_the_new_season_[C-SDrECvTa4]_000105_68c6e220_aug_affine_mild_393af8b7_aug_original.png,0,enemy,1,0.448274,0.521418,0.044610,0.153639,Federico_sammelt__i_tried_the_new_season [C-SDrECvTa4],105,3.500000,1.0000,False,manual_box,original
Federico_sammelt_i_tried_the_new_season_[C-SDrECvTa4]_000105_68c6e220_aug_affine_mild_393af8b7_aug_original.png,0,enemy,1,0.753580,0.555886,0.090602,0.152613,Federico_sammelt__i_tried_the_new_season [C-SDrECvTa4],105,3.500000,1.0000,False,manual_box,original
Federico_sammelt_i_tried_the_new_season_[C-SDrECvTa4]_000105_68c6e220_aug_affine_mild_393af8b7_aug_photo_exposure.png,1,player,1,0.339743,0.745416,0.248432,0.509168,Federico_sammelt__i_tried_the_new_season [C-SDrECvTa4],105,3.500000,1.0000,False,manual_box,photo_exposure
Federico_sammelt_i_tried_the_new_season_[C-SDrECvTa4]_000105_68c6e220_aug_affine_mild_393af8b7_aug_photo_exposure.png,0,enemy,1,0.448274,0.521418,0.044610,0.153639,Federico_sammelt__i_tried_the_new_season [C-SDrECvTa4],105,3.500000,1.0000,False,manual_box,photo_exposure
Federico_sammelt_i_tried_the_new_season_[C-SDrECvTa4]_000105_68c6e220_aug_affine_mild_393af8b7_aug_photo_exposure.png,0,enemy,1,0.753580,0.555886,0.090602,0.152613,Federico_sammelt__i_tried_the_new_season [C-SDrECvTa4],105,3.500000,1.0000,False,manual_box,photo_exposure
Federico_sammelt_i_tried_the_new_season_[C-SDrECvTa4]_000105_68c6e220_aug_affine_mild_393af8b7_aug_photo_gameplay.png,1,player,1,0.339743,0.745416,0.248432,0.509168,Federico_sammelt__i_tried_the_new_season [C-SDrECvTa4],105,3.500000,1.0000,False,manual_box,photo_gameplay
Federico_sammelt_i_tried_the_new_season_[C-SDrECvTa4]_000105_68c6e220_aug_affine_mild_393af8b7_aug_photo_gameplay.png,0,enemy,1,0.448274,0.521418,0.044610,0.153639,Federico_sammelt__i_tried_the_new_season [C-SDrECvTa4],105,3.500000,1.0000,False,manual_box,photo_gameplay
Federico_sammelt_i_tried_the_new_season_[C-SDrECvTa4]_000105_68c6e220_aug_affine_mild_393af8b7_aug_photo_gameplay.png,0,enemy,1,0.753580,0.555886,0.090602,0.152613,Federico_sammelt__i_tried_the_new_season [C-SDrECvTa4],105,3.500000,1.0000,False,manual_box,photo_gameplay
Federico_sammelt_i_tried_the_new_season_[C-SDrECvTa4]_000105_68c6e220_aug_affine_mild_393af8b7_aug_affine_mild.png,1,player,1,0.633657,0.762373,0.245038,0.475254,Federico_sammelt__i_tried_the_new_season [C-SDrECvTa4],105,3.500000,1.0000,False,manual_box,affine_mild
Federico_sammelt_i_tried_the_new_season_[C-SDrECvTa4]_000105_68c6e220_aug_affine_mild_393af8b7_aug_affine_mild.png,0,enemy,1,0.534659,0.555237,0.045122,0.150368,Federico_sammelt__i_tried_the_new_season [C-SDrECvTa4],105,3.500000,1.0000,False,manual_box,affine_mild
Federico_sammelt_i_tried_the_new_season_[C-SDrECvTa4]_000105_68c6e220_aug_affine_mild_393af8b7_aug_affine_mild.png,0,enemy,1,0.244185,0.563197,0.088768,0.153148,Federico_sammelt__i_tried_the_new_season [C-SDrECvTa4],105,3.500000,1.0000,False,manual_box,affine_mild
Federico_sammelt_i_tried_the_new_season_[C-SDrECvTa4]_000105_68c6e220_aug_affine_mild_393af8b7_aug_retarget_edge.png,1,player,1,0.506163,0.689530,0.248432,0.509168,Federico_sammelt__i_tried_the_new_season [C-SDrECvTa4],105,3.500000,1.0000,False,manual_box,retarget_edge
Federico_sammelt_i_tried_the_new_season_[C-SDrECvTa4]_000105_68c6e220_aug_affine_mild_393af8b7_aug_retarget_edge.png,0,enemy,1,0.614694,0.465532,0.044610,0.153639,Federico_sammelt__i_tried_the_new_season [C-SDrECvTa4],105,3.500000,1.0000,False,manual_box,retarget_edge
Federico_sammelt_i_tried_the_new_season_[C-SDrECvTa4]_000105_68c6e220_aug_affine_mild_393af8b7_aug_retarget_edge.png,0,enemy,1,0.920000,0.500000,0.090602,0.152613,Federico_sammelt__i_tried_the_new_season [C-SDrECvTa4],105,3.500000,1.0000,False,manual_box,retarget_edge
Federico_sammelt_i_tried_the_new_season_[C-SDrECvTa4]_000105_68c6e220_aug_affine_mild_393af8b7_aug_retarget_corner.png,1,player,1,0.506163,0.269530,0.248432,0.509168,Federico_sammelt__i_tried_the_new_season [C-SDrECvTa4],105,3.500000,1.0000,False,manual_box,retarget_corner
Federico_sammelt_i_tried_the_new_season_[C-SDrECvTa4]_000105_68c6e220_aug_affine_mild_393af8b7_aug_retarget_corner.png,0,enemy,1,0.614694,0.061176,0.044610,0.122352,Federico_sammelt__i_tried_the_new_season [C-SDrECvTa4],105,3.500000,1.0000,False,manual_box,retarget_corner
Federico_sammelt_i_tried_the_new_season_[C-SDrECvTa4]_000105_68c6e220_aug_affine_mild_393af8b7_aug_retarget_corner.png,0,enemy,1,0.920000,0.080000,0.090602,0.152613,Federico_sammelt__i_tried_the_new_season [C-SDrECvTa4],105,3.500000,1.0000,False,manual_box,retarget_corner
Federico_sammelt_i_tried_the_new_season_[C-SDrECvTa4]_000105_68c6e220_aug_retarget_edge_9db29083_aug_original.png,1,player,1,0.501563,0.749207,0.231096,0.501586,Federico_sammelt__i_tried_the_new_season [C-SDrECvTa4],105,3.500000,1.0000,False,manual_box,original
Federico_sammelt_i_tried_the_new_season_[C-SDrECvTa4]_000105_68c6e220_aug_retarget_edge_9db29083_aug_original.png,0,enemy,1,0.600969,0.503172,0.039082,0.139572,Federico_sammelt__i_tried_the_new_season [C-SDrECvTa4],105,3.500000,1.0000,False,manual_box,original
Federico_sammelt_i_tried_the_new_season_[C-SDrECvTa4]_000105_68c6e220_aug_retarget_edge_9db29083_aug_original.png,0,enemy,1,0.920000,0.500000,0.087511,0.133228,Federico_sammelt__i_tried_the_new_season [C-SDrECvTa4],105,3.500000,1.0000,False,manual_box,original
Federico_sammelt_i_tried_the_new_season_[C-SDrECvTa4]_000105_68c6e220_aug_retarget_edge_9db29083_aug_photo_exposure.png,1,player,1,0.501563,0.749207,0.231096,0.501586,Federico_sammelt__i_tried_the_new_season [C-SDrECvTa4],105,3.500000,1.0000,False,manual_box,photo_exposure
Federico_sammelt_i_tried_the_new_season_[C-SDrECvTa4]_000105_68c6e220_aug_retarget_edge_9db29083_aug_photo_exposure.png,0,enemy,1,0.600969,0.503172,0.039082,0.139572,Federico_sammelt__i_tried_the_new_season [C-SDrECvTa4],105,3.500000,1.0000,False,manual_box,photo_exposure
Federico_sammelt_i_tried_the_new_season_[C-SDrECvTa4]_000105_68c6e220_aug_retarget_edge_9db29083_aug_photo_exposure.png,0,enemy,1,0.920000,0.500000,0.087511,0.133228,Federico_sammelt__i_tried_the_new_season [C-SDrECvTa4],105,3.500000,1.0000,False,manual_box,photo_exposure
Federico_sammelt_i_tried_the_new_season_[C-SDrECvTa4]_000105_68c6e220_aug_retarget_edge_9db29083_aug_photo_gameplay.png,1,player,1,0.501563,0.749207,0.231096,0.501586,Federico_sammelt__i_tried_the_new_season [C-SDrECvTa4],105,3.500000,1.0000,False,manual_box,photo_gameplay
Federico_sammelt_i_tried_the_new_season_[C-SDrECvTa4]_000105_68c6e220_aug_retarget_edge_9db29083_aug_photo_gameplay.png,0,enemy,1,0.600969,0.503172,0.039082,0.139572,Federico_sammelt__i_tried_the_new_season [C-SDrECvTa4],105,3.500000,1.0000,False,manual_box,photo_gameplay
Federico_sammelt_i_tried_the_new_season_[C-SDrECvTa4]_000105_68c6e220_aug_retarget_edge_9db29083_aug_photo_gameplay.png,0,enemy,1,0.920000,0.500000,0.087511,0.133228,Federico_sammelt__i_tried_the_new_season [C-SDrECvTa4],105,3.500000,1.0000,False,manual_box,photo_gameplay
Federico_sammelt_i_tried_the_new_season_[C-SDrECvTa4]_000105_68c6e220_aug_retarget_edge_9db29083_aug_affine_mild.png,1,player,1,0.549249,0.763693,0.275581,0.472613,Federico_sammelt__i_tried_the_new_season [C-SDrECvTa4],105,3.500000,1.0000,False,manual_box,affine_mild
Federico_sammelt_i_tried_the_new_season_[C-SDrECvTa4]_000105_68c6e220_aug_retarget_edge_9db29083_aug_affine_mild.png,0,enemy,1,0.429263,0.566536,0.049217,0.143980,Federico_sammelt__i_tried_the_new_season [C-SDrECvTa4],105,3.500000,1.0000,False,manual_box,affine_mild
Federico_sammelt_i_tried_the_new_season_[C-SDrECvTa4]_000105_68c6e220_aug_retarget_edge_9db29083_aug_affine_mild.png,0,enemy,1,0.081701,0.614543,0.101651,0.145483,Federico_sammelt__i_tried_the_new_season [C-SDrECvTa4],105,3.500000,1.0000,False,manual_box,affine_mild
Federico_sammelt_i_tried_the_new_season_[C-SDrECvTa4]_000105_68c6e220_aug_retarget_edge_9db29083_aug_retarget_edge.png,1,player,1,0.501563,0.749207,0.231096,0.501586,Federico_sammelt__i_tried_the_new_season [C-SDrECvTa4],105,3.500000,1.0000,False,manual_box,retarget_edge
Federico_sammelt_i_tried_the_new_season_[C-SDrECvTa4]_000105_68c6e220_aug_retarget_edge_9db29083_aug_retarget_edge.png,0,enemy,1,0.600969,0.503172,0.039082,0.139572,Federico_sammelt__i_tried_the_new_season [C-SDrECvTa4],105,3.500000,1.0000,False,manual_box,retarget_edge
Federico_sammelt_i_tried_the_new_season_[C-SDrECvTa4]_000105_68c6e220_aug_retarget_edge_9db29083_aug_retarget_edge.png,0,enemy,1,0.920000,0.500000,0.087511,0.133228,Federico_sammelt__i_tried_the_new_season [C-SDrECvTa4],105,3.500000,1.0000,False,manual_box,retarget_edge
Federico_sammelt_i_tried_the_new_season_[C-SDrECvTa4]_000105_68c6e220_aug_retarget_edge_9db29083_aug_retarget_corner.png,1,player,1,0.501563,0.329207,0.231096,0.501586,Federico_sammelt__i_tried_the_new_season [C-SDrECvTa4],105,3.500000,1.0000,False,manual_box,retarget_corner
Federico_sammelt_i_tried_the_new_season_[C-SDrECvTa4]_000105_68c6e220_aug_retarget_edge_9db29083_aug_retarget_corner.png,0,enemy,1,0.600969,0.083172,0.039082,0.139572,Federico_sammelt__i_tried_the_new_season [C-SDrECvTa4],105,3.500000,1.0000,False,manual_box,retarget_corner
Federico_sammelt_i_tried_the_new_season_[C-SDrECvTa4]_000105_68c6e220_aug_retarget_edge_9db29083_aug_retarget_corner.png,0,enemy,1,0.920000,0.080000,0.087511,0.133228,Federico_sammelt__i_tried_the_new_season [C-SDrECvTa4],105,3.500000,1.0000,False,manual_box,retarget_corner
Federico_sammelt_i_tried_the_new_season_[C-SDrECvTa4]_000105_68c6e220_aug_retarget_corner_087b990d_aug_original.png,1,player,1,0.501563,0.342886,0.231096,0.528945,Federico_sammelt__i_tried_the_new_season [C-SDrECvTa4],105,3.500000,1.0000,False,manual_box,original
Federico_sammelt_i_tried_the_new_season_[C-SDrECvTa4]_000105_68c6e220_aug_retarget_corner_087b990d_aug_original.png,0,enemy,1,0.600969,0.083172,0.039082,0.139572,Federico_sammelt__i_tried_the_new_season [C-SDrECvTa4],105,3.500000,1.0000,False,manual_box,original
Federico_sammelt_i_tried_the_new_season_[C-SDrECvTa4]_000105_68c6e220_aug_retarget_corner_087b990d_aug_original.png,0,enemy,1,0.920000,0.080000,0.087511,0.133228,Federico_sammelt__i_tried_the_new_season [C-SDrECvTa4],105,3.500000,1.0000,False,manual_box,original
Federico_sammelt_i_tried_the_new_season_[C-SDrECvTa4]_000105_68c6e220_aug_retarget_corner_087b990d_aug_photo_exposure.png,1,player,1,0.501563,0.342886,0.231096,0.528945,Federico_sammelt__i_tried_the_new_season [C-SDrECvTa4],105,3.500000,1.0000,False,manual_box,photo_exposure
Federico_sammelt_i_tried_the_new_season_[C-SDrECvTa4]_000105_68c6e220_aug_retarget_corner_087b990d_aug_photo_exposure.png,0,enemy,1,0.600969,0.083172,0.039082,0.139572,Federico_sammelt__i_tried_the_new_season [C-SDrECvTa4],105,3.500000,1.0000,False,manual_box,photo_exposure
Federico_sammelt_i_tried_the_new_season_[C-SDrECvTa4]_000105_68c6e220_aug_retarget_corner_087b990d_aug_photo_exposure.png,0,enemy,1,0.920000,0.080000,0.087511,0.133228,Federico_sammelt__i_tried_the_new_season [C-SDrECvTa4],105,3.500000,1.0000,False,manual_box,photo_exposure
Federico_sammelt_i_tried_the_new_season_[C-SDrECvTa4]_000105_68c6e220_aug_retarget_corner_087b990d_aug_photo_gameplay.png,1,player,1,0.501563,0.342886,0.231096,0.528945,Federico_sammelt__i_tried_the_new_season [C-SDrECvTa4],105,3.500000,1.0000,False,manual_box,photo_gameplay
Federico_sammelt_i_tried_the_new_season_[C-SDrECvTa4]_000105_68c6e220_aug_retarget_corner_087b990d_aug_photo_gameplay.png,0,enemy,1,0.600969,0.083172,0.039082,0.139572,Federico_sammelt__i_tried_the_new_season [C-SDrECvTa4],105,3.500000,1.0000,False,manual_box,photo_gameplay
Federico_sammelt_i_tried_the_new_season_[C-SDrECvTa4]_000105_68c6e220_aug_retarget_corner_087b990d_aug_photo_gameplay.png,0,enemy,1,0.920000,0.080000,0.087511,0.133228,Federico_sammelt__i_tried_the_new_season [C-SDrECvTa4],105,3.500000,1.0000,False,manual_box,photo_gameplay
Federico_sammelt_i_tried_the_new_season_[C-SDrECvTa4]_000105_68c6e220_aug_retarget_corner_087b990d_aug_photo_blur_noise.png,1,player,1,0.501563,0.342886,0.231096,0.528945,Federico_sammelt__i_tried_the_new_season [C-SDrECvTa4],105,3.500000,1.0000,False,manual_box,photo_blur_noise
Federico_sammelt_i_tried_the_new_season_[C-SDrECvTa4]_000105_68c6e220_aug_retarget_corner_087b990d_aug_photo_blur_noise.png,0,enemy,1,0.600969,0.083172,0.039082,0.139572,Federico_sammelt__i_tried_the_new_season [C-SDrECvTa4],105,3.500000,1.0000,False,manual_box,photo_blur_noise
Federico_sammelt_i_tried_the_new_season_[C-SDrECvTa4]_000105_68c6e220_aug_retarget_corner_087b990d_aug_photo_blur_noise.png,0,enemy,1,0.920000,0.080000,0.087511,0.133228,Federico_sammelt__i_tried_the_new_season [C-SDrECvTa4],105,3.500000,1.0000,False,manual_box,photo_blur_noise
Federico_sammelt_i_tried_the_new_season_[C-SDrECvTa4]_000120_d4ffcfb4_aug_original_70ee769b_aug_original.png,0,enemy,1,0.262107,0.517843,0.092608,0.169707,Federico_sammelt__i_tried_the_new_season [C-SDrECvTa4],120,4.000000,1.0000,False,manual_box,original
Federico_sammelt_i_tried_the_new_season_[C-SDrECvTa4]_000120_d4ffcfb4_aug_original_70ee769b_aug_original.png,0,enemy,1,0.615973,0.321967,0.066270,0.161776,Federico_sammelt__i_tried_the_new_season [C-SDrECvTa4],120,4.000000,1.0000,False,manual_box,original
Federico_sammelt_i_tried_the_new_season_[C-SDrECvTa4]_000120_d4ffcfb4_aug_original_70ee769b_aug_original.png,0,enemy,1,0.793968,0.521015,0.055225,0.128469,Federico_sammelt__i_tried_the_new_season [C-SDrECvTa4],120,4.000000,1.0000,False,manual_box,original
Federico_sammelt_i_tried_the_new_season_[C-SDrECvTa4]_000120_d4ffcfb4_aug_original_70ee769b_aug_original.png,0,enemy,1,0.844945,0.269627,0.055225,0.171293,Federico_sammelt__i_tried_the_new_season [C-SDrECvTa4],120,4.000000,1.0000,False,manual_box,original
Federico_sammelt_i_tried_the_new_season_[C-SDrECvTa4]_000120_d4ffcfb4_aug_original_70ee769b_aug_original.png,1,player,1,0.405692,0.722046,0.204758,0.555908,Federico_sammelt__i_tried_the_new_season [C-SDrECvTa4],120,4.000000,1.0000,False,manual_box,original
Federico_sammelt_i_tried_the_new_season_[C-SDrECvTa4]_000120_d4ffcfb4_aug_original_70ee769b_aug_photo_exposure.png,0,enemy,1,0.262107,0.517843,0.092608,0.169707,Federico_sammelt__i_tried_the_new_season [C-SDrECvTa4],120,4.000000,1.0000,False,manual_box,photo_exposure
Federico_sammelt_i_tried_the_new_season_[C-SDrECvTa4]_000120_d4ffcfb4_aug_original_70ee769b_aug_photo_exposure.png,0,enemy,1,0.615973,0.321967,0.066270,0.161776,Federico_sammelt__i_tried_the_new_season [C-SDrECvTa4],120,4.000000,1.0000,False,manual_box,photo_exposure
Federico_sammelt_i_tried_the_new_season_[C-SDrECvTa4]_000120_d4ffcfb4_aug_original_70ee769b_aug_photo_exposure.png,0,enemy,1,0.793968,0.521015,0.055225,0.128469,Federico_sammelt__i_tried_the_new_season [C-SDrECvTa4],120,4.000000,1.0000,False,manual_box,photo_exposure
Federico_sammelt_i_tried_the_new_season_[C-SDrECvTa4]_000120_d4ffcfb4_aug_original_70ee769b_aug_photo_exposure.png,0,enemy,1,0.844945,0.269627,0.055225,0.171293,Federico_sammelt__i_tried_the_new_season [C-SDrECvTa4],120,4.000000,1.0000,False,manual_box,photo_exposure
Federico_sammelt_i_tried_the_new_season_[C-SDrECvTa4]_000120_d4ffcfb4_aug_original_70ee769b_aug_photo_exposure.png,1,player,1,0.405692,0.722046,0.204758,0.555908,Federico_sammelt__i_tried_the_new_season [C-SDrECvTa4],120,4.000000,1.0000,False,manual_box,photo_exposure
Federico_sammelt_i_tried_the_new_season_[C-SDrECvTa4]_000120_d4ffcfb4_aug_original_70ee769b_aug_photo_gameplay.png,0,enemy,1,0.262107,0.517843,0.092608,0.169707,Federico_sammelt__i_tried_the_new_season [C-SDrECvTa4],120,4.000000,1.0000,False,manual_box,photo_gameplay
Federico_sammelt_i_tried_the_new_season_[C-SDrECvTa4]_000120_d4ffcfb4_aug_original_70ee769b_aug_photo_gameplay.png,0,enemy,1,0.615973,0.321967,0.066270,0.161776,Federico_sammelt__i_tried_the_new_season [C-SDrECvTa4],120,4.000000,1.0000,False,manual_box,photo_gameplay
Federico_sammelt_i_tried_the_new_season_[C-SDrECvTa4]_000120_d4ffcfb4_aug_original_70ee769b_aug_photo_gameplay.png,0,enemy,1,0.793968,0.521015,0.055225,0.128469,Federico_sammelt__i_tried_the_new_season [C-SDrECvTa4],120,4.000000,1.0000,False,manual_box,photo_gameplay
Federico_sammelt_i_tried_the_new_season_[C-SDrECvTa4]_000120_d4ffcfb4_aug_original_70ee769b_aug_photo_gameplay.png,0,enemy,1,0.844945,0.269627,0.055225,0.171293,Federico_sammelt__i_tried_the_new_season [C-SDrECvTa4],120,4.000000,1.0000,False,manual_box,photo_gameplay
Federico_sammelt_i_tried_the_new_season_[C-SDrECvTa4]_000120_d4ffcfb4_aug_original_70ee769b_aug_photo_gameplay.png,1,player,1,0.405692,0.722046,0.204758,0.555908,Federico_sammelt__i_tried_the_new_season [C-SDrECvTa4],120,4.000000,1.0000,False,manual_box,photo_gameplay
Federico_sammelt_i_tried_the_new_season_[C-SDrECvTa4]_000120_d4ffcfb4_aug_original_70ee769b_aug_affine_mild.png,0,enemy,1,0.275810,0.447756,0.091583,0.169253,Federico_sammelt__i_tried_the_new_season [C-SDrECvTa4],120,4.000000,1.0000,False,manual_box,affine_mild
Federico_sammelt_i_tried_the_new_season_[C-SDrECvTa4]_000120_d4ffcfb4_aug_original_70ee769b_aug_affine_mild.png,0,enemy,1,0.615467,0.284521,0.066453,0.159809,Federico_sammelt__i_tried_the_new_season [C-SDrECvTa4],120,4.000000,1.0000,False,manual_box,affine_mild
Federico_sammelt_i_tried_the_new_season_[C-SDrECvTa4]_000120_d4ffcfb4_aug_original_70ee769b_aug_affine_mild.png,0,enemy,1,0.779549,0.487873,0.055233,0.127088,Federico_sammelt__i_tried_the_new_season [C-SDrECvTa4],120,4.000000,1.0000,False,manual_box,affine_mild
Federico_sammelt_i_tried_the_new_season_[C-SDrECvTa4]_000120_d4ffcfb4_aug_original_70ee769b_aug_affine_mild.png,0,enemy,1,0.833554,0.250273,0.056207,0.168169,Federico_sammelt__i_tried_the_new_season [C-SDrECvTa4],120,4.000000,1.0000,False,manual_box,affine_mild
Federico_sammelt_i_tried_the_new_season_[C-SDrECvTa4]_000120_d4ffcfb4_aug_original_70ee769b_aug_affine_mild.png,1,player,1,0.407180,0.653655,0.206599,0.547550,Federico_sammelt__i_tried_the_new_season [C-SDrECvTa4],120,4.000000,1.0000,False,manual_box,affine_mild
Federico_sammelt_i_tried_the_new_season_[C-SDrECvTa4]_000120_d4ffcfb4_aug_original_70ee769b_aug_retarget_edge.png,0,enemy,1,0.080000,0.500000,0.092608,0.169707,Federico_sammelt__i_tried_the_new_season [C-SDrECvTa4],120,4.000000,1.0000,False,manual_box,retarget_edge
Federico_sammelt_i_tried_the_new_season_[C-SDrECvTa4]_000120_d4ffcfb4_aug_original_70ee769b_aug_retarget_edge.png,0,enemy,1,0.433866,0.304124,0.066270,0.161776,Federico_sammelt__i_tried_the_new_season [C-SDrECvTa4],120,4.000000,1.0000,False,manual_box,retarget_edge
Federico_sammelt_i_tried_the_new_season_[C-SDrECvTa4]_000120_d4ffcfb4_aug_original_70ee769b_aug_retarget_edge.png,0,enemy,1,0.611861,0.503172,0.055225,0.128469,Federico_sammelt__i_tried_the_new_season [C-SDrECvTa4],120,4.000000,1.0000,False,manual_box,retarget_edge
Federico_sammelt_i_tried_the_new_season_[C-SDrECvTa4]_000120_d4ffcfb4_aug_original_70ee769b_aug_retarget_edge.png,0,enemy,1,0.662838,0.251784,0.055225,0.171293,Federico_sammelt__i_tried_the_new_season [C-SDrECvTa4],120,4.000000,1.0000,False,manual_box,retarget_edge
Federico_sammelt_i_tried_the_new_season_[C-SDrECvTa4]_000120_d4ffcfb4_aug_original_70ee769b_aug_retarget_edge.png,1,player,1,0.223585,0.704203,0.204758,0.555908,Federico_sammelt__i_tried_the_new_season [C-SDrECvTa4],120,4.000000,1.0000,False,manual_box,retarget_edge
Federico_sammelt_i_tried_the_new_season_[C-SDrECvTa4]_000120_d4ffcfb4_aug_original_70ee769b_aug_retarget_corner.png,0,enemy,1,0.080000,0.917573,0.092608,0.164853,Federico_sammelt__i_tried_the_new_season [C-SDrECvTa4],120,4.000000,1.0000,False,manual_box,retarget_corner
Federico_sammelt_i_tried_the_new_season_[C-SDrECvTa4]_000120_d4ffcfb4_aug_original_70ee769b_aug_retarget_corner.png,0,enemy,1,0.433866,0.724124,0.066270,0.161776,Federico_sammelt__i_tried_the_new_season [C-SDrECvTa4],120,4.000000,1.0000,False,manual_box,retarget_corner
Federico_sammelt_i_tried_the_new_season_[C-SDrECvTa4]_000120_d4ffcfb4_aug_original_70ee769b_aug_retarget_corner.png,0,enemy,1,0.611861,0.923172,0.055225,0.128469,Federico_sammelt__i_tried_the_new_season [C-SDrECvTa4],120,4.000000,1.0000,False,manual_box,retarget_corner
Federico_sammelt_i_tried_the_new_season_[C-SDrECvTa4]_000120_d4ffcfb4_aug_original_70ee769b_aug_retarget_corner.png,0,enemy,1,0.662838,0.671784,0.055225,0.171293,Federico_sammelt__i_tried_the_new_season [C-SDrECvTa4],120,4.000000,1.0000,False,manual_box,retarget_corner
Federico_sammelt_i_tried_the_new_season_[C-SDrECvTa4]_000120_d4ffcfb4_aug_photo_exposure_806ade9b_aug_original.png,0,enemy,1,0.262107,0.517843,0.092608,0.169707,Federico_sammelt__i_tried_the_new_season [C-SDrECvTa4],120,4.000000,1.0000,False,manual_box,original
Federico_sammelt_i_tried_the_new_season_[C-SDrECvTa4]_000120_d4ffcfb4_aug_photo_exposure_806ade9b_aug_original.png,0,enemy,1,0.615973,0.321967,0.066270,0.161776,Federico_sammelt__i_tried_the_new_season [C-SDrECvTa4],120,4.000000,1.0000,False,manual_box,original
Federico_sammelt_i_tried_the_new_season_[C-SDrECvTa4]_000120_d4ffcfb4_aug_photo_exposure_806ade9b_aug_original.png,0,enemy,1,0.793968,0.521015,0.055225,0.128469,Federico_sammelt__i_tried_the_new_season [C-SDrECvTa4],120,4.000000,1.0000,False,manual_box,original
Federico_sammelt_i_tried_the_new_season_[C-SDrECvTa4]_000120_d4ffcfb4_aug_photo_exposure_806ade9b_aug_original.png,0,enemy,1,0.844945,0.269627,0.055225,0.171293,Federico_sammelt__i_tried_the_new_season [C-SDrECvTa4],120,4.000000,1.0000,False,manual_box,original
Federico_sammelt_i_tried_the_new_season_[C-SDrECvTa4]_000120_d4ffcfb4_aug_photo_exposure_806ade9b_aug_original.png,1,player,1,0.405692,0.722046,0.204758,0.555908,Federico_sammelt__i_tried_the_new_season [C-SDrECvTa4],120,4.000000,1.0000,False,manual_box,original
Federico_sammelt_i_tried_the_new_season_[C-SDrECvTa4]_000120_d4ffcfb4_aug_photo_exposure_806ade9b_aug_photo_exposure.png,0,enemy,1,0.262107,0.517843,0.092608,0.169707,Federico_sammelt__i_tried_the_new_season [C-SDrECvTa4],120,4.000000,1.0000,False,manual_box,photo_exposure
Federico_sammelt_i_tried_the_new_season_[C-SDrECvTa4]_000120_d4ffcfb4_aug_photo_exposure_806ade9b_aug_photo_exposure.png,0,enemy,1,0.615973,0.321967,0.066270,0.161776,Federico_sammelt__i_tried_the_new_season [C-SDrECvTa4],120,4.000000,1.0000,False,manual_box,photo_exposure
Federico_sammelt_i_tried_the_new_season_[C-SDrECvTa4]_000120_d4ffcfb4_aug_photo_exposure_806ade9b_aug_photo_exposure.png,0,enemy,1,0.793968,0.521015,0.055225,0.128469,Federico_sammelt__i_tried_the_new_season [C-SDrECvTa4],120,4.000000,1.0000,False,manual_box,photo_exposure
Federico_sammelt_i_tried_the_new_season_[C-SDrECvTa4]_000120_d4ffcfb4_aug_photo_exposure_806ade9b_aug_photo_exposure.png,0,enemy,1,0.844945,0.269627,0.055225,0.171293,Federico_sammelt__i_tried_the_new_season [C-SDrECvTa4],120,4.000000,1.0000,False,manual_box,photo_exposure
Federico_sammelt_i_tried_the_new_season_[C-SDrECvTa4]_000120_d4ffcfb4_aug_photo_exposure_806ade9b_aug_photo_exposure.png,1,player,1,0.405692,0.722046,0.204758,0.555908,Federico_sammelt__i_tried_the_new_season [C-SDrECvTa4],120,4.000000,1.0000,False,manual_box,photo_exposure
Federico_sammelt_i_tried_the_new_season_[C-SDrECvTa4]_000120_d4ffcfb4_aug_photo_exposure_806ade9b_aug_photo_gameplay.png,0,enemy,1,0.262107,0.517843,0.092608,0.169707,Federico_sammelt__i_tried_the_new_season [C-SDrECvTa4],120,4.000000,1.0000,False,manual_box,photo_gameplay
Federico_sammelt_i_tried_the_new_season_[C-SDrECvTa4]_000120_d4ffcfb4_aug_photo_exposure_806ade9b_aug_photo_gameplay.png,0,enemy,1,0.615973,0.321967,0.066270,0.161776,Federico_sammelt__i_tried_the_new_season [C-SDrECvTa4],120,4.000000,1.0000,False,manual_box,photo_gameplay
Federico_sammelt_i_tried_the_new_season_[C-SDrECvTa4]_000120_d4ffcfb4_aug_photo_exposure_806ade9b_aug_photo_gameplay.png,0,enemy,1,0.793968,0.521015,0.055225,0.128469,Federico_sammelt__i_tried_the_new_season [C-SDrECvTa4],120,4.000000,1.0000,False,manual_box,photo_gameplay
Federico_sammelt_i_tried_the_new_season_[C-SDrECvTa4]_000120_d4ffcfb4_aug_photo_exposure_806ade9b_aug_photo_gameplay.png,0,enemy,1,0.844945,0.269627,0.055225,0.171293,Federico_sammelt__i_tried_the_new_season [C-SDrECvTa4],120,4.000000,1.0000,False,manual_box,photo_gameplay
Federico_sammelt_i_tried_the_new_season_[C-SDrECvTa4]_000120_d4ffcfb4_aug_photo_exposure_806ade9b_aug_photo_gameplay.png,1,player,1,0.405692,0.722046,0.204758,0.555908,Federico_sammelt__i_tried_the_new_season [C-SDrECvTa4],120,4.000000,1.0000,False,manual_box,photo_gameplay
Federico_sammelt_i_tried_the_new_season_[C-SDrECvTa4]_000120_d4ffcfb4_aug_photo_exposure_806ade9b_aug_affine_mild.png,0,enemy,1,0.767954,0.597028,0.100012,0.182971,Federico_sammelt__i_tried_the_new_season [C-SDrECvTa4],120,4.000000,1.0000,False,manual_box,affine_mild
Federico_sammelt_i_tried_the_new_season_[C-SDrECvTa4]_000120_d4ffcfb4_aug_photo_exposure_806ade9b_aug_affine_mild.png,0,enemy,1,0.405953,0.355759,0.072531,0.171739,Federico_sammelt__i_tried_the_new_season [C-SDrECvTa4],120,4.000000,1.0000,False,manual_box,affine_mild
Federico_sammelt_i_tried_the_new_season_[C-SDrECvTa4]_000120_d4ffcfb4_aug_photo_exposure_806ade9b_aug_affine_mild.png,0,enemy,1,0.216763,0.535454,0.060291,0.136698,Federico_sammelt__i_tried_the_new_season [C-SDrECvTa4],120,4.000000,1.0000,False,manual_box,affine_mild
Federico_sammelt_i_tried_the_new_season_[C-SDrECvTa4]_000120_d4ffcfb4_aug_photo_exposure_806ade9b_aug_affine_mild.png,0,enemy,1,0.169941,0.274918,0.061313,0.180022,Federico_sammelt__i_tried_the_new_season [C-SDrECvTa4],120,4.000000,1.0000,False,manual_box,affine_mild
Federico_sammelt_i_tried_the_new_season_[C-SDrECvTa4]_000120_d4ffcfb4_aug_photo_exposure_806ade9b_aug_affine_mild.png,1,player,1,0.614297,0.746228,0.225441,0.507545,Federico_sammelt__i_tried_the_new_season [C-SDrECvTa4],120,4.000000,1.0000,False,manual_box,affine_mild
Federico_sammelt_i_tried_the_new_season_[C-SDrECvTa4]_000120_d4ffcfb4_aug_photo_exposure_806ade9b_aug_retarget_edge.png,0,enemy,1,0.080000,0.500000,0.092608,0.169707,Federico_sammelt__i_tried_the_new_season [C-SDrECvTa4],120,4.000000,1.0000,False,manual_box,retarget_edge
Federico_sammelt_i_tried_the_new_season_[C-SDrECvTa4]_000120_d4ffcfb4_aug_photo_exposure_806ade9b_aug_retarget_edge.png,0,enemy,1,0.433866,0.304124,0.066270,0.161776,Federico_sammelt__i_tried_the_new_season [C-SDrECvTa4],120,4.000000,1.0000,False,manual_box,retarget_edge
Federico_sammelt_i_tried_the_new_season_[C-SDrECvTa4]_000120_d4ffcfb4_aug_photo_exposure_806ade9b_aug_retarget_edge.png,0,enemy,1,0.611861,0.503172,0.055225,0.128469,Federico_sammelt__i_tried_the_new_season [C-SDrECvTa4],120,4.000000,1.0000,False,manual_box,retarget_edge
Federico_sammelt_i_tried_the_new_season_[C-SDrECvTa4]_000120_d4ffcfb4_aug_photo_exposure_806ade9b_aug_retarget_edge.png,0,enemy,1,0.662838,0.251784,0.055225,0.171293,Federico_sammelt__i_tried_the_new_season [C-SDrECvTa4],120,4.000000,1.0000,False,manual_box,retarget_edge
Federico_sammelt_i_tried_the_new_season_[C-SDrECvTa4]_000120_d4ffcfb4_aug_photo_exposure_806ade9b_aug_retarget_edge.png,1,player,1,0.223585,0.704203,0.204758,0.555908,Federico_sammelt__i_tried_the_new_season [C-SDrECvTa4],120,4.000000,1.0000,False,manual_box,retarget_edge
Federico_sammelt_i_tried_the_new_season_[C-SDrECvTa4]_000120_d4ffcfb4_aug_photo_exposure_806ade9b_aug_retarget_corner.png,0,enemy,1,0.080000,0.917573,0.092608,0.164853,Federico_sammelt__i_tried_the_new_season [C-SDrECvTa4],120,4.000000,1.0000,False,manual_box,retarget_corner
Federico_sammelt_i_tried_the_new_season_[C-SDrECvTa4]_000120_d4ffcfb4_aug_photo_exposure_806ade9b_aug_retarget_corner.png,0,enemy,1,0.433866,0.724124,0.066270,0.161776,Federico_sammelt__i_tried_the_new_season [C-SDrECvTa4],120,4.000000,1.0000,False,manual_box,retarget_corner
Federico_sammelt_i_tried_the_new_season_[C-SDrECvTa4]_000120_d4ffcfb4_aug_photo_exposure_806ade9b_aug_retarget_corner.png,0,enemy,1,0.611861,0.923172,0.055225,0.128469,Federico_sammelt__i_tried_the_new_season [C-SDrECvTa4],120,4.000000,1.0000,False,manual_box,retarget_corner
Federico_sammelt_i_tried_the_new_season_[C-SDrECvTa4]_000120_d4ffcfb4_aug_photo_exposure_806ade9b_aug_retarget_corner.png,0,enemy,1,0.662838,0.671784,0.055225,0.171293,Federico_sammelt__i_tried_the_new_season [C-SDrECvTa4],120,4.000000,1.0000,False,manual_box,retarget_corner
Federico_sammelt_i_tried_the_new_season_[C-SDrECvTa4]_000120_d4ffcfb4_aug_photo_gameplay_8e8a9a4c_aug_original.png,0,enemy,1,0.262107,0.517843,0.092608,0.169707,Federico_sammelt__i_tried_the_new_season [C-SDrECvTa4],120,4.000000,1.0000,False,manual_box,original
Federico_sammelt_i_tried_the_new_season_[C-SDrECvTa4]_000120_d4ffcfb4_aug_photo_gameplay_8e8a9a4c_aug_original.png,0,enemy,1,0.615973,0.321967,0.066270,0.161776,Federico_sammelt__i_tried_the_new_season [C-SDrECvTa4],120,4.000000,1.0000,False,manual_box,original
Federico_sammelt_i_tried_the_new_season_[C-SDrECvTa4]_000120_d4ffcfb4_aug_photo_gameplay_8e8a9a4c_aug_original.png,0,enemy,1,0.793968,0.521015,0.055225,0.128469,Federico_sammelt__i_tried_the_new_season [C-SDrECvTa4],120,4.000000,1.0000,False,manual_box,original
Federico_sammelt_i_tried_the_new_season_[C-SDrECvTa4]_000120_d4ffcfb4_aug_photo_gameplay_8e8a9a4c_aug_original.png,0,enemy,1,0.844945,0.269627,0.055225,0.171293,Federico_sammelt__i_tried_the_new_season [C-SDrECvTa4],120,4.000000,1.0000,False,manual_box,original
Federico_sammelt_i_tried_the_new_season_[C-SDrECvTa4]_000120_d4ffcfb4_aug_photo_gameplay_8e8a9a4c_aug_original.png,1,player,1,0.405692,0.722046,0.204758,0.555908,Federico_sammelt__i_tried_the_new_season [C-SDrECvTa4],120,4.000000,1.0000,False,manual_box,original
Federico_sammelt_i_tried_the_new_season_[C-SDrECvTa4]_000120_d4ffcfb4_aug_photo_gameplay_8e8a9a4c_aug_photo_exposure.png,0,enemy,1,0.262107,0.517843,0.092608,0.169707,Federico_sammelt__i_tried_the_new_season [C-SDrECvTa4],120,4.000000,1.0000,False,manual_box,photo_exposure
Federico_sammelt_i_tried_the_new_season_[C-SDrECvTa4]_000120_d4ffcfb4_aug_photo_gameplay_8e8a9a4c_aug_photo_exposure.png,0,enemy,1,0.615973,0.321967,0.066270,0.161776,Federico_sammelt__i_tried_the_new_season [C-SDrECvTa4],120,4.000000,1.0000,False,manual_box,photo_exposure
Federico_sammelt_i_tried_the_new_season_[C-SDrECvTa4]_000120_d4ffcfb4_aug_photo_gameplay_8e8a9a4c_aug_photo_exposure.png,0,enemy,1,0.793968,0.521015,0.055225,0.128469,Federico_sammelt__i_tried_the_new_season [C-SDrECvTa4],120,4.000000,1.0000,False,manual_box,photo_exposure
Federico_sammelt_i_tried_the_new_season_[C-SDrECvTa4]_000120_d4ffcfb4_aug_photo_gameplay_8e8a9a4c_aug_photo_exposure.png,0,enemy,1,0.844945,0.269627,0.055225,0.171293,Federico_sammelt__i_tried_the_new_season [C-SDrECvTa4],120,4.000000,1.0000,False,manual_box,photo_exposure
Federico_sammelt_i_tried_the_new_season_[C-SDrECvTa4]_000120_d4ffcfb4_aug_photo_gameplay_8e8a9a4c_aug_photo_exposure.png,1,player,1,0.405692,0.722046,0.204758,0.555908,Federico_sammelt__i_tried_the_new_season [C-SDrECvTa4],120,4.000000,1.0000,False,manual_box,photo_exposure
Federico_sammelt_i_tried_the_new_season_[C-SDrECvTa4]_000120_d4ffcfb4_aug_photo_gameplay_8e8a9a4c_aug_photo_gameplay.png,0,enemy,1,0.262107,0.517843,0.092608,0.169707,Federico_sammelt__i_tried_the_new_season [C-SDrECvTa4],120,4.000000,1.0000,False,manual_box,photo_gameplay
Federico_sammelt_i_tried_the_new_season_[C-SDrECvTa4]_000120_d4ffcfb4_aug_photo_gameplay_8e8a9a4c_aug_photo_gameplay.png,0,enemy,1,0.615973,0.321967,0.066270,0.161776,Federico_sammelt__i_tried_the_new_season [C-SDrECvTa4],120,4.000000,1.0000,False,manual_box,photo_gameplay
Federico_sammelt_i_tried_the_new_season_[C-SDrECvTa4]_000120_d4ffcfb4_aug_photo_gameplay_8e8a9a4c_aug_photo_gameplay.png,0,enemy,1,0.793968,0.521015,0.055225,0.128469,Federico_sammelt__i_tried_the_new_season [C-SDrECvTa4],120,4.000000,1.0000,False,manual_box,photo_gameplay
Federico_sammelt_i_tried_the_new_season_[C-SDrECvTa4]_000120_d4ffcfb4_aug_photo_gameplay_8e8a9a4c_aug_photo_gameplay.png,0,enemy,1,0.844945,0.269627,0.055225,0.171293,Federico_sammelt__i_tried_the_new_season [C-SDrECvTa4],120,4.000000,1.0000,False,manual_box,photo_gameplay
Federico_sammelt_i_tried_the_new_season_[C-SDrECvTa4]_000120_d4ffcfb4_aug_photo_gameplay_8e8a9a4c_aug_photo_gameplay.png,1,player,1,0.405692,0.722046,0.204758,0.555908,Federico_sammelt__i_tried_the_new_season [C-SDrECvTa4],120,4.000000,1.0000,False,manual_box,photo_gameplay
Federico_sammelt_i_tried_the_new_season_[C-SDrECvTa4]_000120_d4ffcfb4_aug_photo_gameplay_8e8a9a4c_aug_affine_mild.png,0,enemy,1,0.716109,0.462662,0.088685,0.184962,Federico_sammelt__i_tried_the_new_season [C-SDrECvTa4],120,4.000000,1.0000,False,manual_box,affine_mild
Federico_sammelt_i_tried_the_new_season_[C-SDrECvTa4]_000120_d4ffcfb4_aug_photo_gameplay_8e8a9a4c_aug_affine_mild.png,0,enemy,1,0.381448,0.277309,0.063839,0.174975,Federico_sammelt__i_tried_the_new_season [C-SDrECvTa4],120,4.000000,1.0000,False,manual_box,affine_mild
Federico_sammelt_i_tried_the_new_season_[C-SDrECvTa4]_000120_d4ffcfb4_aug_photo_gameplay_8e8a9a4c_aug_affine_mild.png,0,enemy,1,0.215885,0.498485,0.053140,0.139109,Federico_sammelt__i_tried_the_new_season [C-SDrECvTa4],120,4.000000,1.0000,False,manual_box,affine_mild
Federico_sammelt_i_tried_the_new_season_[C-SDrECvTa4]_000120_d4ffcfb4_aug_photo_gameplay_8e8a9a4c_aug_affine_mild.png,0,enemy,1,0.165596,0.235987,0.053539,0.184356,Federico_sammelt__i_tried_the_new_season [C-SDrECvTa4],120,4.000000,1.0000,False,manual_box,affine_mild
Federico_sammelt_i_tried_the_new_season_[C-SDrECvTa4]_000120_d4ffcfb4_aug_photo_gameplay_8e8a9a4c_aug_affine_mild.png,1,player,1,0.582959,0.687184,0.197768,0.599860,Federico_sammelt__i_tried_the_new_season [C-SDrECvTa4],120,4.000000,1.0000,False,manual_box,affine_mild
Federico_sammelt_i_tried_the_new_season_[C-SDrECvTa4]_000120_d4ffcfb4_aug_photo_gameplay_8e8a9a4c_aug_retarget_edge.png,0,enemy,1,0.080000,0.500000,0.092608,0.169707,Federico_sammelt__i_tried_the_new_season [C-SDrECvTa4],120,4.000000,1.0000,False,manual_box,retarget_edge
Federico_sammelt_i_tried_the_new_season_[C-SDrECvTa4]_000120_d4ffcfb4_aug_photo_gameplay_8e8a9a4c_aug_retarget_edge.png,0,enemy,1,0.433866,0.304124,0.066270,0.161776,Federico_sammelt__i_tried_the_new_season [C-SDrECvTa4],120,4.000000,1.0000,False,manual_box,retarget_edge
Federico_sammelt_i_tried_the_new_season_[C-SDrECvTa4]_000120_d4ffcfb4_aug_photo_gameplay_8e8a9a4c_aug_retarget_edge.png,0,enemy,1,0.611861,0.503172,0.055225,0.128469,Federico_sammelt__i_tried_the_new_season [C-SDrECvTa4],120,4.000000,1.0000,False,manual_box,retarget_edge
Federico_sammelt_i_tried_the_new_season_[C-SDrECvTa4]_000120_d4ffcfb4_aug_photo_gameplay_8e8a9a4c_aug_retarget_edge.png,0,enemy,1,0.662838,0.251784,0.055225,0.171293,Federico_sammelt__i_tried_the_new_season [C-SDrECvTa4],120,4.000000,1.0000,False,manual_box,retarget_edge
Federico_sammelt_i_tried_the_new_season_[C-SDrECvTa4]_000120_d4ffcfb4_aug_photo_gameplay_8e8a9a4c_aug_retarget_edge.png,1,player,1,0.223585,0.704203,0.204758,0.555908,Federico_sammelt__i_tried_the_new_season [C-SDrECvTa4],120,4.000000,1.0000,False,manual_box,retarget_edge
Federico_sammelt_i_tried_the_new_season_[C-SDrECvTa4]_000120_d4ffcfb4_aug_photo_gameplay_8e8a9a4c_aug_retarget_corner.png,0,enemy,1,0.080000,0.917573,0.092608,0.164853,Federico_sammelt__i_tried_the_new_season [C-SDrECvTa4],120,4.000000,1.0000,False,manual_box,retarget_corner
Federico_sammelt_i_tried_the_new_season_[C-SDrECvTa4]_000120_d4ffcfb4_aug_photo_gameplay_8e8a9a4c_aug_retarget_corner.png,0,enemy,1,0.433866,0.724124,0.066270,0.161776,Federico_sammelt__i_tried_the_new_season [C-SDrECvTa4],120,4.000000,1.0000,False,manual_box,retarget_corner
Federico_sammelt_i_tried_the_new_season_[C-SDrECvTa4]_000120_d4ffcfb4_aug_photo_gameplay_8e8a9a4c_aug_retarget_corner.png,0,enemy,1,0.611861,0.923172,0.055225,0.128469,Federico_sammelt__i_tried_the_new_season [C-SDrECvTa4],120,4.000000,1.0000,False,manual_box,retarget_corner
Federico_sammelt_i_tried_the_new_season_[C-SDrECvTa4]_000120_d4ffcfb4_aug_photo_gameplay_8e8a9a4c_aug_retarget_corner.png,0,enemy,1,0.662838,0.671784,0.055225,0.171293,Federico_sammelt__i_tried_the_new_season [C-SDrECvTa4],120,4.000000,1.0000,False,manual_box,retarget_corner
Federico_sammelt_i_tried_the_new_season_[C-SDrECvTa4]_000120_d4ffcfb4_aug_affine_mild_0fbe922e_aug_original.png,0,enemy,1,0.244343,0.558457,0.087853,0.172014,Federico_sammelt__i_tried_the_new_season [C-SDrECvTa4],120,4.000000,1.0000,False,manual_box,original
Federico_sammelt_i_tried_the_new_season_[C-SDrECvTa4]_000120_d4ffcfb4_aug_affine_mild_0fbe922e_aug_original.png,0,enemy,1,0.568953,0.355306,0.063397,0.163564,Federico_sammelt__i_tried_the_new_season [C-SDrECvTa4],120,4.000000,1.0000,False,manual_box,original
Federico_sammelt_i_tried_the_new_season_[C-SDrECvTa4]_000120_d4ffcfb4_aug_affine_mild_0fbe922e_aug_original.png,0,enemy,1,0.736138,0.551709,0.052747,0.129938,Federico_sammelt__i_tried_the_new_season [C-SDrECvTa4],120,4.000000,1.0000,False,manual_box,original
Federico_sammelt_i_tried_the_new_season_[C-SDrECvTa4]_000120_d4ffcfb4_aug_affine_mild_0fbe922e_aug_original.png,0,enemy,1,0.779970,0.298513,0.053309,0.172907,Federico_sammelt__i_tried_the_new_season [C-SDrECvTa4],120,4.000000,1.0000,False,manual_box,original
Federico_sammelt_i_tried_the_new_season_[C-SDrECvTa4]_000120_d4ffcfb4_aug_affine_mild_0fbe922e_aug_original.png,1,player,1,0.379782,0.739931,0.196616,0.520138,Federico_sammelt__i_tried_the_new_season [C-SDrECvTa4],120,4.000000,1.0000,False,manual_box,original
Federico_sammelt_i_tried_the_new_season_[C-SDrECvTa4]_000120_d4ffcfb4_aug_affine_mild_0fbe922e_aug_photo_exposure.png,0,enemy,1,0.244343,0.558457,0.087853,0.172014,Federico_sammelt__i_tried_the_new_season [C-SDrECvTa4],120,4.000000,1.0000,False,manual_box,photo_exposure
Federico_sammelt_i_tried_the_new_season_[C-SDrECvTa4]_000120_d4ffcfb4_aug_affine_mild_0fbe922e_aug_photo_exposure.png,0,enemy,1,0.568953,0.355306,0.063397,0.163564,Federico_sammelt__i_tried_the_new_season [C-SDrECvTa4],120,4.000000,1.0000,False,manual_box,photo_exposure
Federico_sammelt_i_tried_the_new_season_[C-SDrECvTa4]_000120_d4ffcfb4_aug_affine_mild_0fbe922e_aug_photo_exposure.png,0,enemy,1,0.736138,0.551709,0.052747,0.129938,Federico_sammelt__i_tried_the_new_season [C-SDrECvTa4],120,4.000000,1.0000,False,manual_box,photo_exposure
Federico_sammelt_i_tried_the_new_season_[C-SDrECvTa4]_000120_d4ffcfb4_aug_affine_mild_0fbe922e_aug_photo_exposure.png,0,enemy,1,0.779970,0.298513,0.053309,0.172907,Federico_sammelt__i_tried_the_new_season [C-SDrECvTa4],120,4.000000,1.0000,False,manual_box,photo_exposure
Federico_sammelt_i_tried_the_new_season_[C-SDrECvTa4]_000120_d4ffcfb4_aug_affine_mild_0fbe922e_aug_photo_exposure.png,1,player,1,0.379782,0.739931,0.196616,0.520138,Federico_sammelt__i_tried_the_new_season [C-SDrECvTa4],120,4.000000,1.0000,False,manual_box,photo_exposure
Federico_sammelt_i_tried_the_new_season_[C-SDrECvTa4]_000120_d4ffcfb4_aug_affine_mild_0fbe922e_aug_photo_gameplay.png,0,enemy,1,0.244343,0.558457,0.087853,0.172014,Federico_sammelt__i_tried_the_new_season [C-SDrECvTa4],120,4.000000,1.0000,False,manual_box,photo_gameplay
Federico_sammelt_i_tried_the_new_season_[C-SDrECvTa4]_000120_d4ffcfb4_aug_affine_mild_0fbe922e_aug_photo_gameplay.png,0,enemy,1,0.568953,0.355306,0.063397,0.163564,Federico_sammelt__i_tried_the_new_season [C-SDrECvTa4],120,4.000000,1.0000,False,manual_box,photo_gameplay
Federico_sammelt_i_tried_the_new_season_[C-SDrECvTa4]_000120_d4ffcfb4_aug_affine_mild_0fbe922e_aug_photo_gameplay.png,0,enemy,1,0.736138,0.551709,0.052747,0.129938,Federico_sammelt__i_tried_the_new_season [C-SDrECvTa4],120,4.000000,1.0000,False,manual_box,photo_gameplay
Federico_sammelt_i_tried_the_new_season_[C-SDrECvTa4]_000120_d4ffcfb4_aug_affine_mild_0fbe922e_aug_photo_gameplay.png,0,enemy,1,0.779970,0.298513,0.053309,0.172907,Federico_sammelt__i_tried_the_new_season [C-SDrECvTa4],120,4.000000,1.0000,False,manual_box,photo_gameplay
Federico_sammelt_i_tried_the_new_season_[C-SDrECvTa4]_000120_d4ffcfb4_aug_affine_mild_0fbe922e_aug_photo_gameplay.png,1,player,1,0.379782,0.739931,0.196616,0.520138,Federico_sammelt__i_tried_the_new_season [C-SDrECvTa4],120,4.000000,1.0000,False,manual_box,photo_gameplay
Federico_sammelt_i_tried_the_new_season_[C-SDrECvTa4]_000120_d4ffcfb4_aug_affine_mild_0fbe922e_aug_affine_mild.png,0,enemy,1,0.735050,0.559514,0.096975,0.195674,Federico_sammelt__i_tried_the_new_season [C-SDrECvTa4],120,4.000000,1.0000,False,manual_box,affine_mild
Federico_sammelt_i_tried_the_new_season_[C-SDrECvTa4]_000120_d4ffcfb4_aug_affine_mild_0fbe922e_aug_affine_mild.png,0,enemy,1,0.421693,0.302648,0.072094,0.183712,Federico_sammelt__i_tried_the_new_season [C-SDrECvTa4],120,4.000000,1.0000,False,manual_box,affine_mild
Federico_sammelt_i_tried_the_new_season_[C-SDrECvTa4]_000120_d4ffcfb4_aug_affine_mild_0fbe922e_aug_affine_mild.png,0,enemy,1,0.244167,0.494851,0.059653,0.146222,Federico_sammelt__i_tried_the_new_season [C-SDrECvTa4],120,4.000000,1.0000,False,manual_box,affine_mild
Federico_sammelt_i_tried_the_new_season_[C-SDrECvTa4]_000120_d4ffcfb4_aug_affine_mild_0fbe922e_aug_affine_mild.png,0,enemy,1,0.213956,0.216804,0.062518,0.192606,Federico_sammelt__i_tried_the_new_season [C-SDrECvTa4],120,4.000000,1.0000,False,manual_box,affine_mild
Federico_sammelt_i_tried_the_new_season_[C-SDrECvTa4]_000120_d4ffcfb4_aug_affine_mild_0fbe922e_aug_affine_mild.png,1,player,1,0.590035,0.723758,0.224277,0.552484,Federico_sammelt__i_tried_the_new_season [C-SDrECvTa4],120,4.000000,1.0000,False,manual_box,affine_mild
Federico_sammelt_i_tried_the_new_season_[C-SDrECvTa4]_000120_d4ffcfb4_aug_affine_mild_0fbe922e_aug_retarget_edge.png,0,enemy,1,0.080000,0.500000,0.087853,0.172014,Federico_sammelt__i_tried_the_new_season [C-SDrECvTa4],120,4.000000,1.0000,False,manual_box,retarget_edge
Federico_sammelt_i_tried_the_new_season_[C-SDrECvTa4]_000120_d4ffcfb4_aug_affine_mild_0fbe922e_aug_retarget_edge.png,0,enemy,1,0.404610,0.296849,0.063397,0.163564,Federico_sammelt__i_tried_the_new_season [C-SDrECvTa4],120,4.000000,1.0000,False,manual_box,retarget_edge
Federico_sammelt_i_tried_the_new_season_[C-SDrECvTa4]_000120_d4ffcfb4_aug_affine_mild_0fbe922e_aug_retarget_edge.png,0,enemy,1,0.571795,0.493252,0.052747,0.129938,Federico_sammelt__i_tried_the_new_season [C-SDrECvTa4],120,4.000000,1.0000,False,manual_box,retarget_edge
Federico_sammelt_i_tried_the_new_season_[C-SDrECvTa4]_000120_d4ffcfb4_aug_affine_mild_0fbe922e_aug_retarget_edge.png,0,enemy,1,0.615627,0.240056,0.053309,0.172907,Federico_sammelt__i_tried_the_new_season [C-SDrECvTa4],120,4.000000,1.0000,False,manual_box,retarget_edge
Federico_sammelt_i_tried_the_new_season_[C-SDrECvTa4]_000120_d4ffcfb4_aug_affine_mild_0fbe922e_aug_retarget_edge.png,1,player,1,0.215439,0.681474,0.196616,0.520138,Federico_sammelt__i_tried_the_new_season [C-SDrECvTa4],120,4.000000,1.0000,False,manual_box,retarget_edge
Federico_sammelt_i_tried_the_new_season_[C-SDrECvTa4]_000120_d4ffcfb4_aug_affine_mild_0fbe922e_aug_retarget_corner.png,0,enemy,1,0.080000,0.916996,0.087853,0.166007,Federico_sammelt__i_tried_the_new_season [C-SDrECvTa4],120,4.000000,1.0000,False,manual_box,retarget_corner
Federico_sammelt_i_tried_the_new_season_[C-SDrECvTa4]_000120_d4ffcfb4_aug_affine_mild_0fbe922e_aug_retarget_corner.png,0,enemy,1,0.404610,0.716849,0.063397,0.163564,Federico_sammelt__i_tried_the_new_season [C-SDrECvTa4],120,4.000000,1.0000,False,manual_box,retarget_corner
Federico_sammelt_i_tried_the_new_season_[C-SDrECvTa4]_000120_d4ffcfb4_aug_affine_mild_0fbe922e_aug_retarget_corner.png,0,enemy,1,0.571795,0.913252,0.052747,0.129938,Federico_sammelt__i_tried_the_new_season [C-SDrECvTa4],120,4.000000,1.0000,False,manual_box,retarget_corner
Federico_sammelt_i_tried_the_new_season_[C-SDrECvTa4]_000120_d4ffcfb4_aug_affine_mild_0fbe922e_aug_retarget_corner.png,0,enemy,1,0.615627,0.660056,0.053309,0.172907,Federico_sammelt__i_tried_the_new_season [C-SDrECvTa4],120,4.000000,1.0000,False,manual_box,retarget_corner
Federico_sammelt_i_tried_the_new_season_[C-SDrECvTa4]_000120_d4ffcfb4_aug_retarget_edge_ad2b21dd_aug_original.png,0,enemy,1,0.080000,0.500000,0.092608,0.169707,Federico_sammelt__i_tried_the_new_season [C-SDrECvTa4],120,4.000000,1.0000,False,manual_box,original
Federico_sammelt_i_tried_the_new_season_[C-SDrECvTa4]_000120_d4ffcfb4_aug_retarget_edge_ad2b21dd_aug_original.png,0,enemy,1,0.433866,0.304124,0.066270,0.161776,Federico_sammelt__i_tried_the_new_season [C-SDrECvTa4],120,4.000000,1.0000,False,manual_box,original
Federico_sammelt_i_tried_the_new_season_[C-SDrECvTa4]_000120_d4ffcfb4_aug_retarget_edge_ad2b21dd_aug_original.png,0,enemy,1,0.611861,0.503172,0.055225,0.128469,Federico_sammelt__i_tried_the_new_season [C-SDrECvTa4],120,4.000000,1.0000,False,manual_box,original
Federico_sammelt_i_tried_the_new_season_[C-SDrECvTa4]_000120_d4ffcfb4_aug_retarget_edge_ad2b21dd_aug_original.png,0,enemy,1,0.662838,0.251784,0.055225,0.171293,Federico_sammelt__i_tried_the_new_season [C-SDrECvTa4],120,4.000000,1.0000,False,manual_box,original
Federico_sammelt_i_tried_the_new_season_[C-SDrECvTa4]_000120_d4ffcfb4_aug_retarget_edge_ad2b21dd_aug_original.png,1,player,1,0.223585,0.704203,0.204758,0.555908,Federico_sammelt__i_tried_the_new_season [C-SDrECvTa4],120,4.000000,1.0000,False,manual_box,original
Federico_sammelt_i_tried_the_new_season_[C-SDrECvTa4]_000120_d4ffcfb4_aug_retarget_edge_ad2b21dd_aug_photo_exposure.png,0,enemy,1,0.080000,0.500000,0.092608,0.169707,Federico_sammelt__i_tried_the_new_season [C-SDrECvTa4],120,4.000000,1.0000,False,manual_box,photo_exposure
Federico_sammelt_i_tried_the_new_season_[C-SDrECvTa4]_000120_d4ffcfb4_aug_retarget_edge_ad2b21dd_aug_photo_exposure.png,0,enemy,1,0.433866,0.304124,0.066270,0.161776,Federico_sammelt__i_tried_the_new_season [C-SDrECvTa4],120,4.000000,1.0000,False,manual_box,photo_exposure
Federico_sammelt_i_tried_the_new_season_[C-SDrECvTa4]_000120_d4ffcfb4_aug_retarget_edge_ad2b21dd_aug_photo_exposure.png,0,enemy,1,0.611861,0.503172,0.055225,0.128469,Federico_sammelt__i_tried_the_new_season [C-SDrECvTa4],120,4.000000,1.0000,False,manual_box,photo_exposure
Federico_sammelt_i_tried_the_new_season_[C-SDrECvTa4]_000120_d4ffcfb4_aug_retarget_edge_ad2b21dd_aug_photo_exposure.png,0,enemy,1,0.662838,0.251784,0.055225,0.171293,Federico_sammelt__i_tried_the_new_season [C-SDrECvTa4],120,4.000000,1.0000,False,manual_box,photo_exposure
Federico_sammelt_i_tried_the_new_season_[C-SDrECvTa4]_000120_d4ffcfb4_aug_retarget_edge_ad2b21dd_aug_photo_exposure.png,1,player,1,0.223585,0.704203,0.204758,0.555908,Federico_sammelt__i_tried_the_new_season [C-SDrECvTa4],120,4.000000,1.0000,False,manual_box,photo_exposure
Federico_sammelt_i_tried_the_new_season_[C-SDrECvTa4]_000120_d4ffcfb4_aug_retarget_edge_ad2b21dd_aug_photo_gameplay.png,0,enemy,1,0.080000,0.500000,0.092608,0.169707,Federico_sammelt__i_tried_the_new_season [C-SDrECvTa4],120,4.000000,1.0000,False,manual_box,photo_gameplay
Federico_sammelt_i_tried_the_new_season_[C-SDrECvTa4]_000120_d4ffcfb4_aug_retarget_edge_ad2b21dd_aug_photo_gameplay.png,0,enemy,1,0.433866,0.304124,0.066270,0.161776,Federico_sammelt__i_tried_the_new_season [C-SDrECvTa4],120,4.000000,1.0000,False,manual_box,photo_gameplay
Federico_sammelt_i_tried_the_new_season_[C-SDrECvTa4]_000120_d4ffcfb4_aug_retarget_edge_ad2b21dd_aug_photo_gameplay.png,0,enemy,1,0.611861,0.503172,0.055225,0.128469,Federico_sammelt__i_tried_the_new_season [C-SDrECvTa4],120,4.000000,1.0000,False,manual_box,photo_gameplay
Federico_sammelt_i_tried_the_new_season_[C-SDrECvTa4]_000120_d4ffcfb4_aug_retarget_edge_ad2b21dd_aug_photo_gameplay.png,0,enemy,1,0.662838,0.251784,0.055225,0.171293,Federico_sammelt__i_tried_the_new_season [C-SDrECvTa4],120,4.000000,1.0000,False,manual_box,photo_gameplay
Federico_sammelt_i_tried_the_new_season_[C-SDrECvTa4]_000120_d4ffcfb4_aug_retarget_edge_ad2b21dd_aug_photo_gameplay.png,1,player,1,0.223585,0.704203,0.204758,0.555908,Federico_sammelt__i_tried_the_new_season [C-SDrECvTa4],120,4.000000,1.0000,False,manual_box,photo_gameplay
Federico_sammelt_i_tried_the_new_season_[C-SDrECvTa4]_000120_d4ffcfb4_aug_retarget_edge_ad2b21dd_aug_affine_mild.png,0,enemy,1,0.855057,0.417702,0.088539,0.173350,Federico_sammelt__i_tried_the_new_season [C-SDrECvTa4],120,4.000000,1.0000,False,manual_box,affine_mild
Federico_sammelt_i_tried_the_new_season_[C-SDrECvTa4]_000120_d4ffcfb4_aug_retarget_edge_ad2b21dd_aug_affine_mild.png,0,enemy,1,0.530294,0.280479,0.064567,0.162246,Federico_sammelt__i_tried_the_new_season [C-SDrECvTa4],120,4.000000,1.0000,False,manual_box,affine_mild
Federico_sammelt_i_tried_the_new_season_[C-SDrECvTa4]_000120_d4ffcfb4_aug_retarget_edge_ad2b21dd_aug_affine_mild.png,0,enemy,1,0.375851,0.493264,0.053616,0.129197,Federico_sammelt__i_tried_the_new_season [C-SDrECvTa4],120,4.000000,1.0000,False,manual_box,affine_mild
Federico_sammelt_i_tried_the_new_season_[C-SDrECvTa4]_000120_d4ffcfb4_aug_retarget_edge_ad2b21dd_aug_affine_mild.png,0,enemy,1,0.322382,0.262150,0.054898,0.169752,Federico_sammelt__i_tried_the_new_season [C-SDrECvTa4],120,4.000000,1.0000,False,manual_box,affine_mild
Federico_sammelt_i_tried_the_new_season_[C-SDrECvTa4]_000120_d4ffcfb4_aug_retarget_edge_ad2b21dd_aug_affine_mild.png,1,player,1,0.731778,0.630675,0.201174,0.554389,Federico_sammelt__i_tried_the_new_season [C-SDrECvTa4],120,4.000000,1.0000,False,manual_box,affine_mild
Federico_sammelt_i_tried_the_new_season_[C-SDrECvTa4]_000120_d4ffcfb4_aug_retarget_edge_ad2b21dd_aug_retarget_edge.png,0,enemy,1,0.080000,0.500000,0.092608,0.169707,Federico_sammelt__i_tried_the_new_season [C-SDrECvTa4],120,4.000000,1.0000,False,manual_box,retarget_edge
Federico_sammelt_i_tried_the_new_season_[C-SDrECvTa4]_000120_d4ffcfb4_aug_retarget_edge_ad2b21dd_aug_retarget_edge.png,0,enemy,1,0.433866,0.304124,0.066270,0.161776,Federico_sammelt__i_tried_the_new_season [C-SDrECvTa4],120,4.000000,1.0000,False,manual_box,retarget_edge
Federico_sammelt_i_tried_the_new_season_[C-SDrECvTa4]_000120_d4ffcfb4_aug_retarget_edge_ad2b21dd_aug_retarget_edge.png,0,enemy,1,0.611861,0.503172,0.055225,0.128469,Federico_sammelt__i_tried_the_new_season [C-SDrECvTa4],120,4.000000,1.0000,False,manual_box,retarget_edge
Federico_sammelt_i_tried_the_new_season_[C-SDrECvTa4]_000120_d4ffcfb4_aug_retarget_edge_ad2b21dd_aug_retarget_edge.png,0,enemy,1,0.662838,0.251784,0.055225,0.171293,Federico_sammelt__i_tried_the_new_season [C-SDrECvTa4],120,4.000000,1.0000,False,manual_box,retarget_edge
Federico_sammelt_i_tried_the_new_season_[C-SDrECvTa4]_000120_d4ffcfb4_aug_retarget_edge_ad2b21dd_aug_retarget_edge.png,1,player,1,0.223585,0.704203,0.204758,0.555908,Federico_sammelt__i_tried_the_new_season [C-SDrECvTa4],120,4.000000,1.0000,False,manual_box,retarget_edge
Federico_sammelt_i_tried_the_new_season_[C-SDrECvTa4]_000120_d4ffcfb4_aug_retarget_edge_ad2b21dd_aug_retarget_corner.png,0,enemy,1,0.080000,0.917573,0.092608,0.164853,Federico_sammelt__i_tried_the_new_season [C-SDrECvTa4],120,4.000000,1.0000,False,manual_box,retarget_corner
Federico_sammelt_i_tried_the_new_season_[C-SDrECvTa4]_000120_d4ffcfb4_aug_retarget_edge_ad2b21dd_aug_retarget_corner.png,0,enemy,1,0.433866,0.724124,0.066270,0.161776,Federico_sammelt__i_tried_the_new_season [C-SDrECvTa4],120,4.000000,1.0000,False,manual_box,retarget_corner
Federico_sammelt_i_tried_the_new_season_[C-SDrECvTa4]_000120_d4ffcfb4_aug_retarget_edge_ad2b21dd_aug_retarget_corner.png,0,enemy,1,0.611861,0.923172,0.055225,0.128469,Federico_sammelt__i_tried_the_new_season [C-SDrECvTa4],120,4.000000,1.0000,False,manual_box,retarget_corner
Federico_sammelt_i_tried_the_new_season_[C-SDrECvTa4]_000120_d4ffcfb4_aug_retarget_edge_ad2b21dd_aug_retarget_corner.png,0,enemy,1,0.662838,0.671784,0.055225,0.171293,Federico_sammelt__i_tried_the_new_season [C-SDrECvTa4],120,4.000000,1.0000,False,manual_box,retarget_corner
Federico_sammelt_i_tried_the_new_season_[C-SDrECvTa4]_000120_d4ffcfb4_aug_retarget_corner_e4d59c10_aug_original.png,0,enemy,1,0.080000,0.917573,0.092608,0.164853,Federico_sammelt__i_tried_the_new_season [C-SDrECvTa4],120,4.000000,1.0000,False,manual_box,original
Federico_sammelt_i_tried_the_new_season_[C-SDrECvTa4]_000120_d4ffcfb4_aug_retarget_corner_e4d59c10_aug_original.png,0,enemy,1,0.433866,0.724124,0.066270,0.161776,Federico_sammelt__i_tried_the_new_season [C-SDrECvTa4],120,4.000000,1.0000,False,manual_box,original
Federico_sammelt_i_tried_the_new_season_[C-SDrECvTa4]_000120_d4ffcfb4_aug_retarget_corner_e4d59c10_aug_original.png,0,enemy,1,0.611861,0.923172,0.055225,0.128469,Federico_sammelt__i_tried_the_new_season [C-SDrECvTa4],120,4.000000,1.0000,False,manual_box,original
Federico_sammelt_i_tried_the_new_season_[C-SDrECvTa4]_000120_d4ffcfb4_aug_retarget_corner_e4d59c10_aug_original.png,0,enemy,1,0.662838,0.671784,0.055225,0.171293,Federico_sammelt__i_tried_the_new_season [C-SDrECvTa4],120,4.000000,1.0000,False,manual_box,original
Federico_sammelt_i_tried_the_new_season_[C-SDrECvTa4]_000120_d4ffcfb4_aug_retarget_corner_e4d59c10_aug_photo_exposure.png,0,enemy,1,0.080000,0.917573,0.092608,0.164853,Federico_sammelt__i_tried_the_new_season [C-SDrECvTa4],120,4.000000,1.0000,False,manual_box,photo_exposure
Federico_sammelt_i_tried_the_new_season_[C-SDrECvTa4]_000120_d4ffcfb4_aug_retarget_corner_e4d59c10_aug_photo_exposure.png,0,enemy,1,0.433866,0.724124,0.066270,0.161776,Federico_sammelt__i_tried_the_new_season [C-SDrECvTa4],120,4.000000,1.0000,False,manual_box,photo_exposure
Federico_sammelt_i_tried_the_new_season_[C-SDrECvTa4]_000120_d4ffcfb4_aug_retarget_corner_e4d59c10_aug_photo_exposure.png,0,enemy,1,0.611861,0.923172,0.055225,0.128469,Federico_sammelt__i_tried_the_new_season [C-SDrECvTa4],120,4.000000,1.0000,False,manual_box,photo_exposure
Federico_sammelt_i_tried_the_new_season_[C-SDrECvTa4]_000120_d4ffcfb4_aug_retarget_corner_e4d59c10_aug_photo_exposure.png,0,enemy,1,0.662838,0.671784,0.055225,0.171293,Federico_sammelt__i_tried_the_new_season [C-SDrECvTa4],120,4.000000,1.0000,False,manual_box,photo_exposure
Federico_sammelt_i_tried_the_new_season_[C-SDrECvTa4]_000120_d4ffcfb4_aug_retarget_corner_e4d59c10_aug_photo_gameplay.png,0,enemy,1,0.080000,0.917573,0.092608,0.164853,Federico_sammelt__i_tried_the_new_season [C-SDrECvTa4],120,4.000000,1.0000,False,manual_box,photo_gameplay
Federico_sammelt_i_tried_the_new_season_[C-SDrECvTa4]_000120_d4ffcfb4_aug_retarget_corner_e4d59c10_aug_photo_gameplay.png,0,enemy,1,0.433866,0.724124,0.066270,0.161776,Federico_sammelt__i_tried_the_new_season [C-SDrECvTa4],120,4.000000,1.0000,False,manual_box,photo_gameplay
Federico_sammelt_i_tried_the_new_season_[C-SDrECvTa4]_000120_d4ffcfb4_aug_retarget_corner_e4d59c10_aug_photo_gameplay.png,0,enemy,1,0.611861,0.923172,0.055225,0.128469,Federico_sammelt__i_tried_the_new_season [C-SDrECvTa4],120,4.000000,1.0000,False,manual_box,photo_gameplay
Federico_sammelt_i_tried_the_new_season_[C-SDrECvTa4]_000120_d4ffcfb4_aug_retarget_corner_e4d59c10_aug_photo_gameplay.png,0,enemy,1,0.662838,0.671784,0.055225,0.171293,Federico_sammelt__i_tried_the_new_season [C-SDrECvTa4],120,4.000000,1.0000,False,manual_box,photo_gameplay
Federico_sammelt_i_tried_the_new_season_[C-SDrECvTa4]_000120_d4ffcfb4_aug_retarget_corner_e4d59c10_aug_affine_mild.png,0,enemy,1,0.941860,0.935532,0.102633,0.128936,Federico_sammelt__i_tried_the_new_season [C-SDrECvTa4],120,4.000000,1.0000,False,manual_box,affine_mild
Federico_sammelt_i_tried_the_new_season_[C-SDrECvTa4]_000120_d4ffcfb4_aug_retarget_corner_e4d59c10_aug_affine_mild.png,0,enemy,1,0.552532,0.661856,0.073902,0.151996,Federico_sammelt__i_tried_the_new_season [C-SDrECvTa4],120,4.000000,1.0000,False,manual_box,affine_mild
Federico_sammelt_i_tried_the_new_season_[C-SDrECvTa4]_000120_d4ffcfb4_aug_retarget_corner_e4d59c10_aug_affine_mild.png,0,enemy,1,0.360671,0.858267,0.061519,0.120956,Federico_sammelt__i_tried_the_new_season [C-SDrECvTa4],120,4.000000,1.0000,False,manual_box,affine_mild
Federico_sammelt_i_tried_the_new_season_[C-SDrECvTa4]_000120_d4ffcfb4_aug_retarget_corner_e4d59c10_aug_affine_mild.png,0,enemy,1,0.302494,0.637073,0.061967,0.159482,Federico_sammelt__i_tried_the_new_season [C-SDrECvTa4],120,4.000000,1.0000,False,manual_box,affine_mild
Federico_sammelt_i_tried_the_new_season_[C-SDrECvTa4]_000120_d4ffcfb4_aug_retarget_corner_e4d59c10_aug_photo_blur_noise.png,0,enemy,1,0.080000,0.917573,0.092608,0.164853,Federico_sammelt__i_tried_the_new_season [C-SDrECvTa4],120,4.000000,1.0000,False,manual_box,photo_blur_noise
Federico_sammelt_i_tried_the_new_season_[C-SDrECvTa4]_000120_d4ffcfb4_aug_retarget_corner_e4d59c10_aug_photo_blur_noise.png,0,enemy,1,0.433866,0.724124,0.066270,0.161776,Federico_sammelt__i_tried_the_new_season [C-SDrECvTa4],120,4.000000,1.0000,False,manual_box,photo_blur_noise
Federico_sammelt_i_tried_the_new_season_[C-SDrECvTa4]_000120_d4ffcfb4_aug_retarget_corner_e4d59c10_aug_photo_blur_noise.png,0,enemy,1,0.611861,0.923172,0.055225,0.128469,Federico_sammelt__i_tried_the_new_season [C-SDrECvTa4],120,4.000000,1.0000,False,manual_box,photo_blur_noise
Federico_sammelt_i_tried_the_new_season_[C-SDrECvTa4]_000120_d4ffcfb4_aug_retarget_corner_e4d59c10_aug_photo_blur_noise.png,0,enemy,1,0.662838,0.671784,0.055225,0.171293,Federico_sammelt__i_tried_the_new_season [C-SDrECvTa4],120,4.000000,1.0000,False,manual_box,photo_blur_noise
Federico_sammelt_i_tried_the_new_season_[C-SDrECvTa4]_000135_835273e5_aug_original_a9e0039b_aug_original.png,1,player,1,0.386151,0.551943,0.158879,0.406027,Federico_sammelt__i_tried_the_new_season [C-SDrECvTa4],135,4.500000,1.0000,False,manual_box,original
Federico_sammelt_i_tried_the_new_season_[C-SDrECvTa4]_000135_835273e5_aug_original_a9e0039b_aug_photo_exposure.png,1,player,1,0.386151,0.551943,0.158879,0.406027,Federico_sammelt__i_tried_the_new_season [C-SDrECvTa4],135,4.500000,1.0000,False,manual_box,photo_exposure
Federico_sammelt_i_tried_the_new_season_[C-SDrECvTa4]_000135_835273e5_aug_original_a9e0039b_aug_photo_gameplay.png,1,player,1,0.386151,0.551943,0.158879,0.406027,Federico_sammelt__i_tried_the_new_season [C-SDrECvTa4],135,4.500000,1.0000,False,manual_box,photo_gameplay
Federico_sammelt_i_tried_the_new_season_[C-SDrECvTa4]_000135_835273e5_aug_original_a9e0039b_aug_affine_mild.png,1,player,1,0.353856,0.591393,0.175412,0.439246,Federico_sammelt__i_tried_the_new_season [C-SDrECvTa4],135,4.500000,1.0000,False,manual_box,affine_mild
Federico_sammelt_i_tried_the_new_season_[C-SDrECvTa4]_000135_835273e5_aug_photo_exposure_a48b9aaa_aug_original.png,1,player,1,0.386151,0.551943,0.158879,0.406027,Federico_sammelt__i_tried_the_new_season [C-SDrECvTa4],135,4.500000,1.0000,False,manual_box,original
Federico_sammelt_i_tried_the_new_season_[C-SDrECvTa4]_000135_835273e5_aug_photo_exposure_a48b9aaa_aug_photo_exposure.png,1,player,1,0.386151,0.551943,0.158879,0.406027,Federico_sammelt__i_tried_the_new_season [C-SDrECvTa4],135,4.500000,1.0000,False,manual_box,photo_exposure
Federico_sammelt_i_tried_the_new_season_[C-SDrECvTa4]_000135_835273e5_aug_photo_exposure_a48b9aaa_aug_photo_gameplay.png,1,player,1,0.386151,0.551943,0.158879,0.406027,Federico_sammelt__i_tried_the_new_season [C-SDrECvTa4],135,4.500000,1.0000,False,manual_box,photo_gameplay
Federico_sammelt_i_tried_the_new_season_[C-SDrECvTa4]_000135_835273e5_aug_photo_exposure_a48b9aaa_aug_affine_mild.png,1,player,1,0.394162,0.549159,0.182145,0.408747,Federico_sammelt__i_tried_the_new_season [C-SDrECvTa4],135,4.500000,1.0000,False,manual_box,affine_mild
Federico_sammelt_i_tried_the_new_season_[C-SDrECvTa4]_000135_835273e5_aug_photo_gameplay_9bb7008a_aug_original.png,1,player,1,0.386151,0.551943,0.158879,0.406027,Federico_sammelt__i_tried_the_new_season [C-SDrECvTa4],135,4.500000,1.0000,False,manual_box,original
Federico_sammelt_i_tried_the_new_season_[C-SDrECvTa4]_000135_835273e5_aug_photo_gameplay_9bb7008a_aug_photo_exposure.png,1,player,1,0.386151,0.551943,0.158879,0.406027,Federico_sammelt__i_tried_the_new_season [C-SDrECvTa4],135,4.500000,1.0000,False,manual_box,photo_exposure
Federico_sammelt_i_tried_the_new_season_[C-SDrECvTa4]_000135_835273e5_aug_photo_gameplay_9bb7008a_aug_photo_gameplay.png,1,player,1,0.386151,0.551943,0.158879,0.406027,Federico_sammelt__i_tried_the_new_season [C-SDrECvTa4],135,4.500000,1.0000,False,manual_box,photo_gameplay
Federico_sammelt_i_tried_the_new_season_[C-SDrECvTa4]_000135_835273e5_aug_photo_gameplay_9bb7008a_aug_affine_mild.png,1,player,1,0.657779,0.612383,0.159579,0.456678,Federico_sammelt__i_tried_the_new_season [C-SDrECvTa4],135,4.500000,1.0000,False,manual_box,affine_mild
Federico_sammelt_i_tried_the_new_season_[C-SDrECvTa4]_000135_835273e5_aug_affine_mild_a8585b41_aug_original.png,1,player,1,0.581672,0.567344,0.157452,0.459625,Federico_sammelt__i_tried_the_new_season [C-SDrECvTa4],135,4.500000,1.0000,False,manual_box,original
Federico_sammelt_i_tried_the_new_season_[C-SDrECvTa4]_000135_835273e5_aug_affine_mild_a8585b41_aug_photo_exposure.png,1,player,1,0.581672,0.567344,0.157452,0.459625,Federico_sammelt__i_tried_the_new_season [C-SDrECvTa4],135,4.500000,1.0000,False,manual_box,photo_exposure
Federico_sammelt_i_tried_the_new_season_[C-SDrECvTa4]_000135_835273e5_aug_affine_mild_a8585b41_aug_photo_gameplay.png,1,player,1,0.581672,0.567344,0.157452,0.459625,Federico_sammelt__i_tried_the_new_season [C-SDrECvTa4],135,4.500000,1.0000,False,manual_box,photo_gameplay
Federico_sammelt_i_tried_the_new_season_[C-SDrECvTa4]_000135_835273e5_aug_affine_mild_a8585b41_aug_affine_mild.png,1,player,1,0.372927,0.527100,0.147449,0.501457,Federico_sammelt__i_tried_the_new_season [C-SDrECvTa4],135,4.500000,1.0000,False,manual_box,affine_mild
Federico_sammelt_i_tried_the_new_season_[C-SDrECvTa4]_000150_ca101e93_aug_original_75b9778f_aug_original.png,1,player,1,0.398046,0.674068,0.191164,0.577320,Federico_sammelt__i_tried_the_new_season [C-SDrECvTa4],150,5.000000,1.0000,False,manual_box,original
Federico_sammelt_i_tried_the_new_season_[C-SDrECvTa4]_000150_ca101e93_aug_original_75b9778f_aug_photo_exposure.png,1,player,1,0.398046,0.674068,0.191164,0.577320,Federico_sammelt__i_tried_the_new_season [C-SDrECvTa4],150,5.000000,1.0000,False,manual_box,photo_exposure
Federico_sammelt_i_tried_the_new_season_[C-SDrECvTa4]_000150_ca101e93_aug_original_75b9778f_aug_photo_gameplay.png,1,player,1,0.398046,0.674068,0.191164,0.577320,Federico_sammelt__i_tried_the_new_season [C-SDrECvTa4],150,5.000000,1.0000,False,manual_box,photo_gameplay
Federico_sammelt_i_tried_the_new_season_[C-SDrECvTa4]_000150_ca101e93_aug_original_75b9778f_aug_affine_mild.png,1,player,1,0.646227,0.704801,0.201871,0.590398,Federico_sammelt__i_tried_the_new_season [C-SDrECvTa4],150,5.000000,1.0000,False,manual_box,affine_mild
Federico_sammelt_i_tried_the_new_season_[C-SDrECvTa4]_000150_ca101e93_aug_original_75b9778f_aug_retarget_edge.png,1,player,1,0.087791,0.500000,0.175582,0.577320,Federico_sammelt__i_tried_the_new_season [C-SDrECvTa4],150,5.000000,1.0000,False,manual_box,retarget_edge
Federico_sammelt_i_tried_the_new_season_[C-SDrECvTa4]_000150_ca101e93_aug_photo_exposure_54ddd303_aug_original.png,1,player,1,0.398046,0.674068,0.191164,0.577320,Federico_sammelt__i_tried_the_new_season [C-SDrECvTa4],150,5.000000,1.0000,False,manual_box,original
Federico_sammelt_i_tried_the_new_season_[C-SDrECvTa4]_000150_ca101e93_aug_photo_exposure_54ddd303_aug_photo_exposure.png,1,player,1,0.398046,0.674068,0.191164,0.577320,Federico_sammelt__i_tried_the_new_season [C-SDrECvTa4],150,5.000000,1.0000,False,manual_box,photo_exposure
Federico_sammelt_i_tried_the_new_season_[C-SDrECvTa4]_000150_ca101e93_aug_photo_exposure_54ddd303_aug_photo_gameplay.png,1,player,1,0.398046,0.674068,0.191164,0.577320,Federico_sammelt__i_tried_the_new_season [C-SDrECvTa4],150,5.000000,1.0000,False,manual_box,photo_gameplay
Federico_sammelt_i_tried_the_new_season_[C-SDrECvTa4]_000150_ca101e93_aug_photo_exposure_54ddd303_aug_affine_mild.png,1,player,1,0.412237,0.716022,0.227366,0.567956,Federico_sammelt__i_tried_the_new_season [C-SDrECvTa4],150,5.000000,1.0000,False,manual_box,affine_mild
Federico_sammelt_i_tried_the_new_season_[C-SDrECvTa4]_000150_ca101e93_aug_photo_exposure_54ddd303_aug_retarget_edge.png,1,player,1,0.087791,0.500000,0.175582,0.577320,Federico_sammelt__i_tried_the_new_season [C-SDrECvTa4],150,5.000000,1.0000,False,manual_box,retarget_edge
Federico_sammelt_i_tried_the_new_season_[C-SDrECvTa4]_000150_ca101e93_aug_photo_gameplay_4ad6124d_aug_original.png,1,player,1,0.398046,0.674068,0.191164,0.577320,Federico_sammelt__i_tried_the_new_season [C-SDrECvTa4],150,5.000000,1.0000,False,manual_box,original
Federico_sammelt_i_tried_the_new_season_[C-SDrECvTa4]_000150_ca101e93_aug_photo_gameplay_4ad6124d_aug_photo_exposure.png,1,player,1,0.398046,0.674068,0.191164,0.577320,Federico_sammelt__i_tried_the_new_season [C-SDrECvTa4],150,5.000000,1.0000,False,manual_box,photo_exposure
Federico_sammelt_i_tried_the_new_season_[C-SDrECvTa4]_000150_ca101e93_aug_photo_gameplay_4ad6124d_aug_photo_gameplay.png,1,player,1,0.398046,0.674068,0.191164,0.577320,Federico_sammelt__i_tried_the_new_season [C-SDrECvTa4],150,5.000000,1.0000,False,manual_box,photo_gameplay
Federico_sammelt_i_tried_the_new_season_[C-SDrECvTa4]_000150_ca101e93_aug_photo_gameplay_4ad6124d_aug_affine_mild.png,1,player,1,0.624842,0.717680,0.200366,0.564639,Federico_sammelt__i_tried_the_new_season [C-SDrECvTa4],150,5.000000,1.0000,False,manual_box,affine_mild
Federico_sammelt_i_tried_the_new_season_[C-SDrECvTa4]_000150_ca101e93_aug_photo_gameplay_4ad6124d_aug_retarget_edge.png,1,player,1,0.087791,0.500000,0.175582,0.577320,Federico_sammelt__i_tried_the_new_season [C-SDrECvTa4],150,5.000000,1.0000,False,manual_box,retarget_edge
Federico_sammelt_i_tried_the_new_season_[C-SDrECvTa4]_000150_ca101e93_aug_affine_mild_f018f975_aug_original.png,1,player,1,0.434547,0.639318,0.197404,0.641589,Federico_sammelt__i_tried_the_new_season [C-SDrECvTa4],150,5.000000,1.0000,False,manual_box,original
Federico_sammelt_i_tried_the_new_season_[C-SDrECvTa4]_000150_ca101e93_aug_affine_mild_f018f975_aug_photo_exposure.png,1,player,1,0.434547,0.639318,0.197404,0.641589,Federico_sammelt__i_tried_the_new_season [C-SDrECvTa4],150,5.000000,1.0000,False,manual_box,photo_exposure
Federico_sammelt_i_tried_the_new_season_[C-SDrECvTa4]_000150_ca101e93_aug_affine_mild_f018f975_aug_photo_gameplay.png,1,player,1,0.434547,0.639318,0.197404,0.641589,Federico_sammelt__i_tried_the_new_season [C-SDrECvTa4],150,5.000000,1.0000,False,manual_box,photo_gameplay
Federico_sammelt_i_tried_the_new_season_[C-SDrECvTa4]_000150_ca101e93_aug_affine_mild_f018f975_aug_affine_mild.png,1,player,1,0.397636,0.633019,0.190146,0.653630,Federico_sammelt__i_tried_the_new_season [C-SDrECvTa4],150,5.000000,1.0000,False,manual_box,affine_mild
Federico_sammelt_i_tried_the_new_season_[C-SDrECvTa4]_000150_ca101e93_aug_retarget_edge_8aabb00e_aug_original.png,1,player,1,0.087791,0.500000,0.175582,0.577320,Federico_sammelt__i_tried_the_new_season [C-SDrECvTa4],150,5.000000,1.0000,False,manual_box,original
Federico_sammelt_i_tried_the_new_season_[C-SDrECvTa4]_000150_ca101e93_aug_retarget_edge_8aabb00e_aug_photo_exposure.png,1,player,1,0.087791,0.500000,0.175582,0.577320,Federico_sammelt__i_tried_the_new_season [C-SDrECvTa4],150,5.000000,1.0000,False,manual_box,photo_exposure
Federico_sammelt_i_tried_the_new_season_[C-SDrECvTa4]_000150_ca101e93_aug_retarget_edge_8aabb00e_aug_photo_gameplay.png,1,player,1,0.087791,0.500000,0.175582,0.577320,Federico_sammelt__i_tried_the_new_season [C-SDrECvTa4],150,5.000000,1.0000,False,manual_box,photo_gameplay
Federico_sammelt_i_tried_the_new_season_[C-SDrECvTa4]_000150_ca101e93_aug_retarget_edge_8aabb00e_aug_affine_mild.png,1,player,1,0.126325,0.496239,0.171071,0.582971,Federico_sammelt__i_tried_the_new_season [C-SDrECvTa4],150,5.000000,1.0000,False,manual_box,affine_mild
Federico_sammelt_i_tried_the_new_season_[C-SDrECvTa4]_000150_ca101e93_aug_retarget_edge_8aabb00e_aug_retarget_edge.png,1,player,1,0.083895,0.500000,0.167791,0.577320,Federico_sammelt__i_tried_the_new_season [C-SDrECvTa4],150,5.000000,1.0000,False,manual_box,retarget_edge
Federico_sammelt_i_tried_the_new_season_[C-SDrECvTa4]_000165_f03eeab8_aug_original_e70df5fa_aug_original.png,1,player,1,0.395497,0.717684,0.179269,0.556701,Federico_sammelt__i_tried_the_new_season [C-SDrECvTa4],165,5.500000,1.0000,False,manual_box,original
Federico_sammelt_i_tried_the_new_season_[C-SDrECvTa4]_000165_f03eeab8_aug_original_e70df5fa_aug_photo_exposure.png,1,player,1,0.395497,0.717684,0.179269,0.556701,Federico_sammelt__i_tried_the_new_season [C-SDrECvTa4],165,5.500000,1.0000,False,manual_box,photo_exposure
Federico_sammelt_i_tried_the_new_season_[C-SDrECvTa4]_000165_f03eeab8_aug_original_e70df5fa_aug_photo_gameplay.png,1,player,1,0.395497,0.717684,0.179269,0.556701,Federico_sammelt__i_tried_the_new_season [C-SDrECvTa4],165,5.500000,1.0000,False,manual_box,photo_gameplay
Federico_sammelt_i_tried_the_new_season_[C-SDrECvTa4]_000165_f03eeab8_aug_original_e70df5fa_aug_affine_mild.png,1,player,1,0.557043,0.672302,0.182260,0.541971,Federico_sammelt__i_tried_the_new_season [C-SDrECvTa4],165,5.500000,1.0000,False,manual_box,affine_mild
Federico_sammelt_i_tried_the_new_season_[C-SDrECvTa4]_000165_f03eeab8_aug_original_e70df5fa_aug_retarget_edge.png,1,player,1,0.084817,0.500000,0.169634,0.556701,Federico_sammelt__i_tried_the_new_season [C-SDrECvTa4],165,5.500000,1.0000,False,manual_box,retarget_edge
Federico_sammelt_i_tried_the_new_season_[C-SDrECvTa4]_000165_f03eeab8_aug_photo_exposure_f6f4cae7_aug_original.png,1,player,1,0.395497,0.717684,0.179269,0.556701,Federico_sammelt__i_tried_the_new_season [C-SDrECvTa4],165,5.500000,1.0000,False,manual_box,original
Federico_sammelt_i_tried_the_new_season_[C-SDrECvTa4]_000165_f03eeab8_aug_photo_exposure_f6f4cae7_aug_photo_exposure.png,1,player,1,0.395497,0.717684,0.179269,0.556701,Federico_sammelt__i_tried_the_new_season [C-SDrECvTa4],165,5.500000,1.0000,False,manual_box,photo_exposure
Federico_sammelt_i_tried_the_new_season_[C-SDrECvTa4]_000165_f03eeab8_aug_photo_exposure_f6f4cae7_aug_photo_gameplay.png,1,player,1,0.395497,0.717684,0.179269,0.556701,Federico_sammelt__i_tried_the_new_season [C-SDrECvTa4],165,5.500000,1.0000,False,manual_box,photo_gameplay
Federico_sammelt_i_tried_the_new_season_[C-SDrECvTa4]_000165_f03eeab8_aug_photo_exposure_f6f4cae7_aug_affine_mild.png,1,player,1,0.561596,0.738094,0.182333,0.523813,Federico_sammelt__i_tried_the_new_season [C-SDrECvTa4],165,5.500000,1.0000,False,manual_box,affine_mild
Federico_sammelt_i_tried_the_new_season_[C-SDrECvTa4]_000165_f03eeab8_aug_photo_exposure_f6f4cae7_aug_retarget_edge.png,1,player,1,0.084817,0.500000,0.169634,0.556701,Federico_sammelt__i_tried_the_new_season [C-SDrECvTa4],165,5.500000,1.0000,False,manual_box,retarget_edge
Federico_sammelt_i_tried_the_new_season_[C-SDrECvTa4]_000165_f03eeab8_aug_photo_gameplay_83f9b824_aug_original.png,1,player,1,0.395497,0.717684,0.179269,0.556701,Federico_sammelt__i_tried_the_new_season [C-SDrECvTa4],165,5.500000,1.0000,False,manual_box,original
Federico_sammelt_i_tried_the_new_season_[C-SDrECvTa4]_000165_f03eeab8_aug_photo_gameplay_83f9b824_aug_photo_exposure.png,1,player,1,0.395497,0.717684,0.179269,0.556701,Federico_sammelt__i_tried_the_new_season [C-SDrECvTa4],165,5.500000,1.0000,False,manual_box,photo_exposure
Federico_sammelt_i_tried_the_new_season_[C-SDrECvTa4]_000165_f03eeab8_aug_photo_gameplay_83f9b824_aug_photo_gameplay.png,1,player,1,0.395497,0.717684,0.179269,0.556701,Federico_sammelt__i_tried_the_new_season [C-SDrECvTa4],165,5.500000,1.0000,False,manual_box,photo_gameplay
Federico_sammelt_i_tried_the_new_season_[C-SDrECvTa4]_000165_f03eeab8_aug_photo_gameplay_83f9b824_aug_affine_mild.png,1,player,1,0.608442,0.645652,0.195217,0.517965,Federico_sammelt__i_tried_the_new_season [C-SDrECvTa4],165,5.500000,1.0000,False,manual_box,affine_mild
Federico_sammelt_i_tried_the_new_season_[C-SDrECvTa4]_000165_f03eeab8_aug_photo_gameplay_83f9b824_aug_retarget_edge.png,1,player,1,0.084817,0.500000,0.169634,0.556701,Federico_sammelt__i_tried_the_new_season [C-SDrECvTa4],165,5.500000,1.0000,False,manual_box,retarget_edge
Federico_sammelt_i_tried_the_new_season_[C-SDrECvTa4]_000165_f03eeab8_aug_affine_mild_42bfc5a2_aug_original.png,1,player,1,0.538312,0.654989,0.166088,0.515596,Federico_sammelt__i_tried_the_new_season [C-SDrECvTa4],165,5.500000,1.0000,False,manual_box,original
Federico_sammelt_i_tried_the_new_season_[C-SDrECvTa4]_000165_f03eeab8_aug_affine_mild_42bfc5a2_aug_photo_exposure.png,1,player,1,0.538312,0.654989,0.166088,0.515596,Federico_sammelt__i_tried_the_new_season [C-SDrECvTa4],165,5.500000,1.0000,False,manual_box,photo_exposure
Federico_sammelt_i_tried_the_new_season_[C-SDrECvTa4]_000165_f03eeab8_aug_affine_mild_42bfc5a2_aug_photo_gameplay.png,1,player,1,0.538312,0.654989,0.166088,0.515596,Federico_sammelt__i_tried_the_new_season [C-SDrECvTa4],165,5.500000,1.0000,False,manual_box,photo_gameplay
Federico_sammelt_i_tried_the_new_season_[C-SDrECvTa4]_000165_f03eeab8_aug_affine_mild_42bfc5a2_aug_affine_mild.png,1,player,1,0.399774,0.630860,0.184955,0.582127,Federico_sammelt__i_tried_the_new_season [C-SDrECvTa4],165,5.500000,1.0000,False,manual_box,affine_mild
Federico_sammelt_i_tried_the_new_season_[C-SDrECvTa4]_000165_f03eeab8_aug_affine_mild_42bfc5a2_aug_retarget_edge.png,1,player,1,0.918478,0.500000,0.163044,0.515596,Federico_sammelt__i_tried_the_new_season [C-SDrECvTa4],165,5.500000,1.0000,False,manual_box,retarget_edge
Federico_sammelt_i_tried_the_new_season_[C-SDrECvTa4]_000165_f03eeab8_aug_retarget_edge_a3b982a6_aug_original.png,1,player,1,0.084817,0.500000,0.169634,0.556701,Federico_sammelt__i_tried_the_new_season [C-SDrECvTa4],165,5.500000,1.0000,False,manual_box,original
Federico_sammelt_i_tried_the_new_season_[C-SDrECvTa4]_000165_f03eeab8_aug_retarget_edge_a3b982a6_aug_photo_exposure.png,1,player,1,0.084817,0.500000,0.169634,0.556701,Federico_sammelt__i_tried_the_new_season [C-SDrECvTa4],165,5.500000,1.0000,False,manual_box,photo_exposure
Federico_sammelt_i_tried_the_new_season_[C-SDrECvTa4]_000165_f03eeab8_aug_retarget_edge_a3b982a6_aug_photo_gameplay.png,1,player,1,0.084817,0.500000,0.169634,0.556701,Federico_sammelt__i_tried_the_new_season [C-SDrECvTa4],165,5.500000,1.0000,False,manual_box,photo_gameplay
Federico_sammelt_i_tried_the_new_season_[C-SDrECvTa4]_000165_f03eeab8_aug_retarget_edge_a3b982a6_aug_affine_mild.png,1,player,1,0.088938,0.569402,0.177875,0.614819,Federico_sammelt__i_tried_the_new_season [C-SDrECvTa4],165,5.500000,1.0000,False,manual_box,affine_mild
Federico_sammelt_i_tried_the_new_season_[C-SDrECvTa4]_000165_f03eeab8_aug_retarget_edge_a3b982a6_aug_retarget_edge.png,1,player,1,0.082409,0.500000,0.164817,0.556701,Federico_sammelt__i_tried_the_new_season [C-SDrECvTa4],165,5.500000,1.0000,False,manual_box,retarget_edge
Federico_sammelt_i_tried_the_new_season_[C-SDrECvTa4]_000180_8e697712_aug_original_83d5c583_aug_original.png,1,player,1,0.398046,0.695480,0.196262,0.547185,Federico_sammelt__i_tried_the_new_season [C-SDrECvTa4],180,6.000000,1.0000,False,manual_box,original
Federico_sammelt_i_tried_the_new_season_[C-SDrECvTa4]_000180_8e697712_aug_original_83d5c583_aug_photo_exposure.png,1,player,1,0.398046,0.695480,0.196262,0.547185,Federico_sammelt__i_tried_the_new_season [C-SDrECvTa4],180,6.000000,1.0000,False,manual_box,photo_exposure
Federico_sammelt_i_tried_the_new_season_[C-SDrECvTa4]_000180_8e697712_aug_original_83d5c583_aug_photo_gameplay.png,1,player,1,0.398046,0.695480,0.196262,0.547185,Federico_sammelt__i_tried_the_new_season [C-SDrECvTa4],180,6.000000,1.0000,False,manual_box,photo_gameplay
Federico_sammelt_i_tried_the_new_season_[C-SDrECvTa4]_000180_8e697712_aug_original_83d5c583_aug_affine_mild.png,1,player,1,0.438317,0.674207,0.213727,0.569058,Federico_sammelt__i_tried_the_new_season [C-SDrECvTa4],180,6.000000,1.0000,False,manual_box,affine_mild
Federico_sammelt_i_tried_the_new_season_[C-SDrECvTa4]_000180_8e697712_aug_original_83d5c583_aug_retarget_edge.png,1,player,1,0.089065,0.500000,0.178131,0.547185,Federico_sammelt__i_tried_the_new_season [C-SDrECvTa4],180,6.000000,1.0000,False,manual_box,retarget_edge
Federico_sammelt_i_tried_the_new_season_[C-SDrECvTa4]_000180_8e697712_aug_photo_exposure_d41f894e_aug_original.png,1,player,1,0.398046,0.695480,0.196262,0.547185,Federico_sammelt__i_tried_the_new_season [C-SDrECvTa4],180,6.000000,1.0000,False,manual_box,original
Federico_sammelt_i_tried_the_new_season_[C-SDrECvTa4]_000180_8e697712_aug_photo_exposure_d41f894e_aug_photo_exposure.png,1,player,1,0.398046,0.695480,0.196262,0.547185,Federico_sammelt__i_tried_the_new_season [C-SDrECvTa4],180,6.000000,1.0000,False,manual_box,photo_exposure
Federico_sammelt_i_tried_the_new_season_[C-SDrECvTa4]_000180_8e697712_aug_photo_exposure_d41f894e_aug_photo_gameplay.png,1,player,1,0.398046,0.695480,0.196262,0.547185,Federico_sammelt__i_tried_the_new_season [C-SDrECvTa4],180,6.000000,1.0000,False,manual_box,photo_gameplay
Federico_sammelt_i_tried_the_new_season_[C-SDrECvTa4]_000180_8e697712_aug_photo_exposure_d41f894e_aug_affine_mild.png,1,player,1,0.555299,0.732008,0.203998,0.535984,Federico_sammelt__i_tried_the_new_season [C-SDrECvTa4],180,6.000000,1.0000,False,manual_box,affine_mild
Federico_sammelt_i_tried_the_new_season_[C-SDrECvTa4]_000180_8e697712_aug_photo_exposure_d41f894e_aug_retarget_edge.png,1,player,1,0.089065,0.500000,0.178131,0.547185,Federico_sammelt__i_tried_the_new_season [C-SDrECvTa4],180,6.000000,1.0000,False,manual_box,retarget_edge
Federico_sammelt_i_tried_the_new_season_[C-SDrECvTa4]_000180_8e697712_aug_photo_gameplay_4a0b0848_aug_original.png,1,player,1,0.398046,0.695480,0.196262,0.547185,Federico_sammelt__i_tried_the_new_season [C-SDrECvTa4],180,6.000000,1.0000,False,manual_box,original
Federico_sammelt_i_tried_the_new_season_[C-SDrECvTa4]_000180_8e697712_aug_photo_gameplay_4a0b0848_aug_photo_exposure.png,1,player,1,0.398046,0.695480,0.196262,0.547185,Federico_sammelt__i_tried_the_new_season [C-SDrECvTa4],180,6.000000,1.0000,False,manual_box,photo_exposure
Federico_sammelt_i_tried_the_new_season_[C-SDrECvTa4]_000180_8e697712_aug_photo_gameplay_4a0b0848_aug_photo_gameplay.png,1,player,1,0.398046,0.695480,0.196262,0.547185,Federico_sammelt__i_tried_the_new_season [C-SDrECvTa4],180,6.000000,1.0000,False,manual_box,photo_gameplay
Federico_sammelt_i_tried_the_new_season_[C-SDrECvTa4]_000180_8e697712_aug_photo_gameplay_4a0b0848_aug_affine_mild.png,1,player,1,0.629343,0.736534,0.195651,0.526932,Federico_sammelt__i_tried_the_new_season [C-SDrECvTa4],180,6.000000,1.0000,False,manual_box,affine_mild
Federico_sammelt_i_tried_the_new_season_[C-SDrECvTa4]_000180_8e697712_aug_photo_gameplay_4a0b0848_aug_retarget_edge.png,1,player,1,0.089065,0.500000,0.178131,0.547185,Federico_sammelt__i_tried_the_new_season [C-SDrECvTa4],180,6.000000,1.0000,False,manual_box,retarget_edge
Federico_sammelt_i_tried_the_new_season_[C-SDrECvTa4]_000180_8e697712_aug_affine_mild_2dbea7ac_aug_original.png,1,player,1,0.425060,0.687301,0.212613,0.547227,Federico_sammelt__i_tried_the_new_season [C-SDrECvTa4],180,6.000000,1.0000,False,manual_box,original
Federico_sammelt_i_tried_the_new_season_[C-SDrECvTa4]_000180_8e697712_aug_affine_mild_2dbea7ac_aug_photo_exposure.png,1,player,1,0.425060,0.687301,0.212613,0.547227,Federico_sammelt__i_tried_the_new_season [C-SDrECvTa4],180,6.000000,1.0000,False,manual_box,photo_exposure
Federico_sammelt_i_tried_the_new_season_[C-SDrECvTa4]_000180_8e697712_aug_affine_mild_2dbea7ac_aug_photo_gameplay.png,1,player,1,0.425060,0.687301,0.212613,0.547227,Federico_sammelt__i_tried_the_new_season [C-SDrECvTa4],180,6.000000,1.0000,False,manual_box,photo_gameplay
Federico_sammelt_i_tried_the_new_season_[C-SDrECvTa4]_000180_8e697712_aug_affine_mild_2dbea7ac_aug_affine_mild.png,1,player,1,0.548362,0.647360,0.230953,0.606836,Federico_sammelt__i_tried_the_new_season [C-SDrECvTa4],180,6.000000,1.0000,False,manual_box,affine_mild
Federico_sammelt_i_tried_the_new_season_[C-SDrECvTa4]_000180_8e697712_aug_affine_mild_2dbea7ac_aug_retarget_edge.png,1,player,1,0.093153,0.500000,0.186306,0.547227,Federico_sammelt__i_tried_the_new_season [C-SDrECvTa4],180,6.000000,1.0000,False,manual_box,retarget_edge
Federico_sammelt_i_tried_the_new_season_[C-SDrECvTa4]_000180_8e697712_aug_retarget_edge_747eea1d_aug_original.png,1,player,1,0.089065,0.500000,0.178131,0.547185,Federico_sammelt__i_tried_the_new_season [C-SDrECvTa4],180,6.000000,1.0000,False,manual_box,original
Federico_sammelt_i_tried_the_new_season_[C-SDrECvTa4]_000180_8e697712_aug_retarget_edge_747eea1d_aug_photo_exposure.png,1,player,1,0.089065,0.500000,0.178130,0.547185,Federico_sammelt__i_tried_the_new_season [C-SDrECvTa4],180,6.000000,1.0000,False,manual_box,photo_exposure
Federico_sammelt_i_tried_the_new_season_[C-SDrECvTa4]_000180_8e697712_aug_retarget_edge_747eea1d_aug_photo_gameplay.png,1,player,1,0.089065,0.500000,0.178130,0.547185,Federico_sammelt__i_tried_the_new_season [C-SDrECvTa4],180,6.000000,1.0000,False,manual_box,photo_gameplay
Federico_sammelt_i_tried_the_new_season_[C-SDrECvTa4]_000180_8e697712_aug_retarget_edge_747eea1d_aug_affine_mild.png,1,player,1,0.126409,0.550774,0.195688,0.593278,Federico_sammelt__i_tried_the_new_season [C-SDrECvTa4],180,6.000000,1.0000,False,manual_box,affine_mild
Federico_sammelt_i_tried_the_new_season_[C-SDrECvTa4]_000180_8e697712_aug_retarget_edge_747eea1d_aug_retarget_edge.png,1,player,1,0.084533,0.500000,0.169065,0.547185,Federico_sammelt__i_tried_the_new_season [C-SDrECvTa4],180,6.000000,1.0000,False,manual_box,retarget_edge
Federico_sammelt_i_tried_the_new_season_[C-SDrECvTa4]_000195_f9825501_aug_original_fadfc90c_aug_original.png,1,player,1,0.406542,0.659001,0.180969,0.597938,Federico_sammelt__i_tried_the_new_season [C-SDrECvTa4],195,6.500000,1.0000,False,manual_box,original
Federico_sammelt_i_tried_the_new_season_[C-SDrECvTa4]_000195_f9825501_aug_original_fadfc90c_aug_photo_exposure.png,1,player,1,0.406542,0.659001,0.180969,0.597938,Federico_sammelt__i_tried_the_new_season [C-SDrECvTa4],195,6.500000,1.0000,False,manual_box,photo_exposure
Federico_sammelt_i_tried_the_new_season_[C-SDrECvTa4]_000195_f9825501_aug_original_fadfc90c_aug_photo_gameplay.png,1,player,1,0.406542,0.659001,0.180969,0.597938,Federico_sammelt__i_tried_the_new_season [C-SDrECvTa4],195,6.500000,1.0000,False,manual_box,photo_gameplay
Federico_sammelt_i_tried_the_new_season_[C-SDrECvTa4]_000195_f9825501_aug_original_fadfc90c_aug_affine_mild.png,1,player,1,0.393804,0.602750,0.178549,0.557479,Federico_sammelt__i_tried_the_new_season [C-SDrECvTa4],195,6.500000,1.0000,False,manual_box,affine_mild
Federico_sammelt_i_tried_the_new_season_[C-SDrECvTa4]_000195_f9825501_aug_original_fadfc90c_aug_retarget_edge.png,1,player,1,0.085242,0.500000,0.170484,0.597938,Federico_sammelt__i_tried_the_new_season [C-SDrECvTa4],195,6.500000,1.0000,False,manual_box,retarget_edge
Federico_sammelt_i_tried_the_new_season_[C-SDrECvTa4]_000195_f9825501_aug_photo_exposure_9fb87330_aug_original.png,1,player,1,0.406542,0.659001,0.180969,0.597938,Federico_sammelt__i_tried_the_new_season [C-SDrECvTa4],195,6.500000,1.0000,False,manual_box,original
Federico_sammelt_i_tried_the_new_season_[C-SDrECvTa4]_000195_f9825501_aug_photo_exposure_9fb87330_aug_photo_exposure.png,1,player,1,0.406542,0.659001,0.180969,0.597938,Federico_sammelt__i_tried_the_new_season [C-SDrECvTa4],195,6.500000,1.0000,False,manual_box,photo_exposure
Federico_sammelt_i_tried_the_new_season_[C-SDrECvTa4]_000195_f9825501_aug_photo_exposure_9fb87330_aug_photo_gameplay.png,1,player,1,0.406542,0.659001,0.180969,0.597938,Federico_sammelt__i_tried_the_new_season [C-SDrECvTa4],195,6.500000,1.0000,False,manual_box,photo_gameplay
Federico_sammelt_i_tried_the_new_season_[C-SDrECvTa4]_000195_f9825501_aug_photo_exposure_9fb87330_aug_affine_mild.png,1,player,1,0.372851,0.682050,0.214471,0.635900,Federico_sammelt__i_tried_the_new_season [C-SDrECvTa4],195,6.500000,1.0000,False,manual_box,affine_mild
Federico_sammelt_i_tried_the_new_season_[C-SDrECvTa4]_000195_f9825501_aug_photo_exposure_9fb87330_aug_retarget_edge.png,1,player,1,0.085242,0.500000,0.170484,0.597938,Federico_sammelt__i_tried_the_new_season [C-SDrECvTa4],195,6.500000,1.0000,False,manual_box,retarget_edge
Federico_sammelt_i_tried_the_new_season_[C-SDrECvTa4]_000195_f9825501_aug_photo_gameplay_91fbd06b_aug_original.png,1,player,1,0.406542,0.659001,0.180969,0.597938,Federico_sammelt__i_tried_the_new_season [C-SDrECvTa4],195,6.500000,1.0000,False,manual_box,original
Federico_sammelt_i_tried_the_new_season_[C-SDrECvTa4]_000195_f9825501_aug_photo_gameplay_91fbd06b_aug_photo_exposure.png,1,player,1,0.406542,0.659001,0.180969,0.597938,Federico_sammelt__i_tried_the_new_season [C-SDrECvTa4],195,6.500000,1.0000,False,manual_box,photo_exposure
Federico_sammelt_i_tried_the_new_season_[C-SDrECvTa4]_000195_f9825501_aug_photo_gameplay_91fbd06b_aug_photo_gameplay.png,1,player,1,0.406542,0.659001,0.180969,0.597938,Federico_sammelt__i_tried_the_new_season [C-SDrECvTa4],195,6.500000,1.0000,False,manual_box,photo_gameplay
Federico_sammelt_i_tried_the_new_season_[C-SDrECvTa4]_000195_f9825501_aug_photo_gameplay_91fbd06b_aug_affine_mild.png,1,player,1,0.442561,0.661660,0.180510,0.575810,Federico_sammelt__i_tried_the_new_season [C-SDrECvTa4],195,6.500000,1.0000,False,manual_box,affine_mild
Federico_sammelt_i_tried_the_new_season_[C-SDrECvTa4]_000195_f9825501_aug_photo_gameplay_91fbd06b_aug_retarget_edge.png,1,player,1,0.085242,0.500000,0.170484,0.597938,Federico_sammelt__i_tried_the_new_season [C-SDrECvTa4],195,6.500000,1.0000,False,manual_box,retarget_edge
Federico_sammelt_i_tried_the_new_season_[C-SDrECvTa4]_000195_f9825501_aug_affine_mild_f225923b_aug_original.png,1,player,1,0.623313,0.607513,0.197230,0.629873,Federico_sammelt__i_tried_the_new_season [C-SDrECvTa4],195,6.500000,1.0000,False,manual_box,original
Federico_sammelt_i_tried_the_new_season_[C-SDrECvTa4]_000195_f9825501_aug_affine_mild_f225923b_aug_photo_exposure.png,1,player,1,0.623313,0.607513,0.197230,0.629873,Federico_sammelt__i_tried_the_new_season [C-SDrECvTa4],195,6.500000,1.0000,False,manual_box,photo_exposure
Federico_sammelt_i_tried_the_new_season_[C-SDrECvTa4]_000195_f9825501_aug_affine_mild_f225923b_aug_photo_gameplay.png,1,player,1,0.623313,0.607513,0.197230,0.629873,Federico_sammelt__i_tried_the_new_season [C-SDrECvTa4],195,6.500000,1.0000,False,manual_box,photo_gameplay
Federico_sammelt_i_tried_the_new_season_[C-SDrECvTa4]_000195_f9825501_aug_affine_mild_f225923b_aug_affine_mild.png,1,player,1,0.613494,0.659996,0.182435,0.680007,Federico_sammelt__i_tried_the_new_season [C-SDrECvTa4],195,6.500000,1.0000,False,manual_box,affine_mild
Federico_sammelt_i_tried_the_new_season_[C-SDrECvTa4]_000195_f9825501_aug_retarget_edge_9c787352_aug_original.png,1,player,1,0.085242,0.500000,0.170484,0.597938,Federico_sammelt__i_tried_the_new_season [C-SDrECvTa4],195,6.500000,1.0000,False,manual_box,original
Federico_sammelt_i_tried_the_new_season_[C-SDrECvTa4]_000195_f9825501_aug_retarget_edge_9c787352_aug_photo_exposure.png,1,player,1,0.085242,0.500000,0.170484,0.597938,Federico_sammelt__i_tried_the_new_season [C-SDrECvTa4],195,6.500000,1.0000,False,manual_box,photo_exposure
Federico_sammelt_i_tried_the_new_season_[C-SDrECvTa4]_000195_f9825501_aug_retarget_edge_9c787352_aug_photo_gameplay.png,1,player,1,0.085242,0.500000,0.170484,0.597938,Federico_sammelt__i_tried_the_new_season [C-SDrECvTa4],195,6.500000,1.0000,False,manual_box,photo_gameplay
Federico_sammelt_i_tried_the_new_season_[C-SDrECvTa4]_000195_f9825501_aug_retarget_edge_9c787352_aug_retarget_edge.png,1,player,1,0.082621,0.500000,0.165242,0.597938,Federico_sammelt__i_tried_the_new_season [C-SDrECvTa4],195,6.500000,1.0000,False,manual_box,retarget_edge
Federico_sammelt_i_tried_the_new_season_[C-SDrECvTa4]_000210_b52918ea_aug_original_c4da34d4_aug_original.png,1,player,1,0.385726,0.708565,0.225998,0.582870,Federico_sammelt__i_tried_the_new_season [C-SDrECvTa4],210,7.000000,1.0000,False,manual_box,original
Federico_sammelt_i_tried_the_new_season_[C-SDrECvTa4]_000210_b52918ea_aug_original_c4da34d4_aug_original.png,0,enemy,1,0.115123,0.354481,0.031436,0.084060,Federico_sammelt__i_tried_the_new_season [C-SDrECvTa4],210,7.000000,1.0000,False,manual_box,original
Federico_sammelt_i_tried_the_new_season_[C-SDrECvTa4]_000210_b52918ea_aug_original_c4da34d4_aug_original.png,0,enemy,1,0.147833,0.251388,0.032285,0.077716,Federico_sammelt__i_tried_the_new_season [C-SDrECvTa4],210,7.000000,1.0000,False,manual_box,original
Federico_sammelt_i_tried_the_new_season_[C-SDrECvTa4]_000210_b52918ea_aug_original_c4da34d4_aug_original.png,0,enemy,1,0.199660,0.343378,0.028887,0.077716,Federico_sammelt__i_tried_the_new_season [C-SDrECvTa4],210,7.000000,1.0000,False,manual_box,original
Federico_sammelt_i_tried_the_new_season_[C-SDrECvTa4]_000210_b52918ea_aug_original_c4da34d4_aug_original.png,0,enemy,1,0.073917,0.346550,0.030586,0.106265,Federico_sammelt__i_tried_the_new_season [C-SDrECvTa4],210,7.000000,1.0000,False,manual_box,original
Federico_sammelt_i_tried_the_new_season_[C-SDrECvTa4]_000210_b52918ea_aug_original_c4da34d4_aug_photo_exposure.png,1,player,1,0.385726,0.708565,0.225998,0.582870,Federico_sammelt__i_tried_the_new_season [C-SDrECvTa4],210,7.000000,1.0000,False,manual_box,photo_exposure
Federico_sammelt_i_tried_the_new_season_[C-SDrECvTa4]_000210_b52918ea_aug_original_c4da34d4_aug_photo_exposure.png,0,enemy,1,0.115123,0.354481,0.031436,0.084060,Federico_sammelt__i_tried_the_new_season [C-SDrECvTa4],210,7.000000,1.0000,False,manual_box,photo_exposure
Federico_sammelt_i_tried_the_new_season_[C-SDrECvTa4]_000210_b52918ea_aug_original_c4da34d4_aug_photo_exposure.png,0,enemy,1,0.147833,0.251388,0.032285,0.077716,Federico_sammelt__i_tried_the_new_season [C-SDrECvTa4],210,7.000000,1.0000,False,manual_box,photo_exposure
Federico_sammelt_i_tried_the_new_season_[C-SDrECvTa4]_000210_b52918ea_aug_original_c4da34d4_aug_photo_exposure.png,0,enemy,1,0.199660,0.343378,0.028887,0.077716,Federico_sammelt__i_tried_the_new_season [C-SDrECvTa4],210,7.000000,1.0000,False,manual_box,photo_exposure
Federico_sammelt_i_tried_the_new_season_[C-SDrECvTa4]_000210_b52918ea_aug_original_c4da34d4_aug_photo_exposure.png,0,enemy,1,0.073917,0.346550,0.030586,0.106265,Federico_sammelt__i_tried_the_new_season [C-SDrECvTa4],210,7.000000,1.0000,False,manual_box,photo_exposure
Federico_sammelt_i_tried_the_new_season_[C-SDrECvTa4]_000210_b52918ea_aug_original_c4da34d4_aug_photo_gameplay.png,1,player,1,0.385726,0.708565,0.225998,0.582870,Federico_sammelt__i_tried_the_new_season [C-SDrECvTa4],210,7.000000,1.0000,False,manual_box,photo_gameplay
Federico_sammelt_i_tried_the_new_season_[C-SDrECvTa4]_000210_b52918ea_aug_original_c4da34d4_aug_photo_gameplay.png,0,enemy,1,0.115123,0.354481,0.031436,0.084060,Federico_sammelt__i_tried_the_new_season [C-SDrECvTa4],210,7.000000,1.0000,False,manual_box,photo_gameplay
Federico_sammelt_i_tried_the_new_season_[C-SDrECvTa4]_000210_b52918ea_aug_original_c4da34d4_aug_photo_gameplay.png,0,enemy,1,0.147833,0.251388,0.032285,0.077716,Federico_sammelt__i_tried_the_new_season [C-SDrECvTa4],210,7.000000,1.0000,False,manual_box,photo_gameplay
Federico_sammelt_i_tried_the_new_season_[C-SDrECvTa4]_000210_b52918ea_aug_original_c4da34d4_aug_photo_gameplay.png,0,enemy,1,0.199660,0.343378,0.028887,0.077716,Federico_sammelt__i_tried_the_new_season [C-SDrECvTa4],210,7.000000,1.0000,False,manual_box,photo_gameplay
Federico_sammelt_i_tried_the_new_season_[C-SDrECvTa4]_000210_b52918ea_aug_original_c4da34d4_aug_photo_gameplay.png,0,enemy,1,0.073917,0.346550,0.030586,0.106265,Federico_sammelt__i_tried_the_new_season [C-SDrECvTa4],210,7.000000,1.0000,False,manual_box,photo_gameplay
Federico_sammelt_i_tried_the_new_season_[C-SDrECvTa4]_000210_b52918ea_aug_original_c4da34d4_aug_affine_mild.png,1,player,1,0.663653,0.703982,0.243730,0.538100,Federico_sammelt__i_tried_the_new_season [C-SDrECvTa4],210,7.000000,1.0000,False,manual_box,affine_mild
Federico_sammelt_i_tried_the_new_season_[C-SDrECvTa4]_000210_b52918ea_aug_original_c4da34d4_aug_affine_mild.png,0,enemy,1,0.948939,0.381073,0.033959,0.077592,Federico_sammelt__i_tried_the_new_season [C-SDrECvTa4],210,7.000000,1.0000,False,manual_box,affine_mild
Federico_sammelt_i_tried_the_new_season_[C-SDrECvTa4]_000210_b52918ea_aug_original_c4da34d4_aug_affine_mild.png,0,enemy,1,0.917233,0.285969,0.034712,0.071768,Federico_sammelt__i_tried_the_new_season [C-SDrECvTa4],210,7.000000,1.0000,False,manual_box,affine_mild
Federico_sammelt_i_tried_the_new_season_[C-SDrECvTa4]_000210_b52918ea_aug_original_c4da34d4_aug_affine_mild.png,0,enemy,1,0.862133,0.370040,0.031215,0.071735,Federico_sammelt__i_tried_the_new_season [C-SDrECvTa4],210,7.000000,1.0000,False,manual_box,affine_mild
Federico_sammelt_i_tried_the_new_season_[C-SDrECvTa4]_000210_b52918ea_aug_original_c4da34d4_aug_affine_mild.png,0,enemy,1,0.987375,0.374183,0.025249,0.097999,Federico_sammelt__i_tried_the_new_season [C-SDrECvTa4],210,7.000000,1.0000,False,manual_box,affine_mild
Federico_sammelt_i_tried_the_new_season_[C-SDrECvTa4]_000210_b52918ea_aug_original_c4da34d4_aug_retarget_edge.png,1,player,1,0.391809,0.612015,0.225998,0.582870,Federico_sammelt__i_tried_the_new_season [C-SDrECvTa4],210,7.000000,1.0000,False,manual_box,retarget_edge
Federico_sammelt_i_tried_the_new_season_[C-SDrECvTa4]_000210_b52918ea_aug_original_c4da34d4_aug_retarget_edge.png,0,enemy,1,0.121206,0.257931,0.031436,0.084060,Federico_sammelt__i_tried_the_new_season [C-SDrECvTa4],210,7.000000,1.0000,False,manual_box,retarget_edge
Federico_sammelt_i_tried_the_new_season_[C-SDrECvTa4]_000210_b52918ea_aug_original_c4da34d4_aug_retarget_edge.png,0,enemy,1,0.153916,0.154838,0.032285,0.077716,Federico_sammelt__i_tried_the_new_season [C-SDrECvTa4],210,7.000000,1.0000,False,manual_box,retarget_edge
Federico_sammelt_i_tried_the_new_season_[C-SDrECvTa4]_000210_b52918ea_aug_original_c4da34d4_aug_retarget_edge.png,0,enemy,1,0.205743,0.246828,0.028887,0.077716,Federico_sammelt__i_tried_the_new_season [C-SDrECvTa4],210,7.000000,1.0000,False,manual_box,retarget_edge
Federico_sammelt_i_tried_the_new_season_[C-SDrECvTa4]_000210_b52918ea_aug_original_c4da34d4_aug_retarget_edge.png,0,enemy,1,0.080000,0.250000,0.030586,0.106265,Federico_sammelt__i_tried_the_new_season [C-SDrECvTa4],210,7.000000,1.0000,False,manual_box,retarget_edge
Federico_sammelt_i_tried_the_new_season_[C-SDrECvTa4]_000210_b52918ea_aug_original_c4da34d4_aug_retarget_corner.png,1,player,1,0.391809,0.442015,0.225998,0.582870,Federico_sammelt__i_tried_the_new_season [C-SDrECvTa4],210,7.000000,1.0000,False,manual_box,retarget_corner
Federico_sammelt_i_tried_the_new_season_[C-SDrECvTa4]_000210_b52918ea_aug_original_c4da34d4_aug_retarget_corner.png,0,enemy,1,0.121206,0.087931,0.031436,0.084060,Federico_sammelt__i_tried_the_new_season [C-SDrECvTa4],210,7.000000,1.0000,False,manual_box,retarget_corner
Federico_sammelt_i_tried_the_new_season_[C-SDrECvTa4]_000210_b52918ea_aug_original_c4da34d4_aug_retarget_corner.png,0,enemy,1,0.205743,0.076828,0.028887,0.077716,Federico_sammelt__i_tried_the_new_season [C-SDrECvTa4],210,7.000000,1.0000,False,manual_box,retarget_corner
Federico_sammelt_i_tried_the_new_season_[C-SDrECvTa4]_000210_b52918ea_aug_original_c4da34d4_aug_retarget_corner.png,0,enemy,1,0.080000,0.080000,0.030586,0.106265,Federico_sammelt__i_tried_the_new_season [C-SDrECvTa4],210,7.000000,1.0000,False,manual_box,retarget_corner
Federico_sammelt_i_tried_the_new_season_[C-SDrECvTa4]_000210_b52918ea_aug_photo_exposure_955a3638_aug_original.png,1,player,1,0.385726,0.708565,0.225998,0.582870,Federico_sammelt__i_tried_the_new_season [C-SDrECvTa4],210,7.000000,1.0000,False,manual_box,original
Federico_sammelt_i_tried_the_new_season_[C-SDrECvTa4]_000210_b52918ea_aug_photo_exposure_955a3638_aug_original.png,0,enemy,1,0.115123,0.354481,0.031436,0.084060,Federico_sammelt__i_tried_the_new_season [C-SDrECvTa4],210,7.000000,1.0000,False,manual_box,original
Federico_sammelt_i_tried_the_new_season_[C-SDrECvTa4]_000210_b52918ea_aug_photo_exposure_955a3638_aug_original.png,0,enemy,1,0.147833,0.251388,0.032285,0.077716,Federico_sammelt__i_tried_the_new_season [C-SDrECvTa4],210,7.000000,1.0000,False,manual_box,original
Federico_sammelt_i_tried_the_new_season_[C-SDrECvTa4]_000210_b52918ea_aug_photo_exposure_955a3638_aug_original.png,0,enemy,1,0.199660,0.343378,0.028887,0.077716,Federico_sammelt__i_tried_the_new_season [C-SDrECvTa4],210,7.000000,1.0000,False,manual_box,original
Federico_sammelt_i_tried_the_new_season_[C-SDrECvTa4]_000210_b52918ea_aug_photo_exposure_955a3638_aug_original.png,0,enemy,1,0.073917,0.346550,0.030586,0.106265,Federico_sammelt__i_tried_the_new_season [C-SDrECvTa4],210,7.000000,1.0000,False,manual_box,original
Federico_sammelt_i_tried_the_new_season_[C-SDrECvTa4]_000210_b52918ea_aug_photo_exposure_955a3638_aug_photo_exposure.png,1,player,1,0.385726,0.708565,0.225998,0.582870,Federico_sammelt__i_tried_the_new_season [C-SDrECvTa4],210,7.000000,1.0000,False,manual_box,photo_exposure
Federico_sammelt_i_tried_the_new_season_[C-SDrECvTa4]_000210_b52918ea_aug_photo_exposure_955a3638_aug_photo_exposure.png,0,enemy,1,0.115123,0.354481,0.031436,0.084060,Federico_sammelt__i_tried_the_new_season [C-SDrECvTa4],210,7.000000,1.0000,False,manual_box,photo_exposure
Federico_sammelt_i_tried_the_new_season_[C-SDrECvTa4]_000210_b52918ea_aug_photo_exposure_955a3638_aug_photo_exposure.png,0,enemy,1,0.147833,0.251388,0.032285,0.077716,Federico_sammelt__i_tried_the_new_season [C-SDrECvTa4],210,7.000000,1.0000,False,manual_box,photo_exposure
Federico_sammelt_i_tried_the_new_season_[C-SDrECvTa4]_000210_b52918ea_aug_photo_exposure_955a3638_aug_photo_exposure.png,0,enemy,1,0.199660,0.343378,0.028887,0.077716,Federico_sammelt__i_tried_the_new_season [C-SDrECvTa4],210,7.000000,1.0000,False,manual_box,photo_exposure
Federico_sammelt_i_tried_the_new_season_[C-SDrECvTa4]_000210_b52918ea_aug_photo_exposure_955a3638_aug_photo_exposure.png,0,enemy,1,0.073917,0.346550,0.030586,0.106265,Federico_sammelt__i_tried_the_new_season [C-SDrECvTa4],210,7.000000,1.0000,False,manual_box,photo_exposure
Federico_sammelt_i_tried_the_new_season_[C-SDrECvTa4]_000210_b52918ea_aug_photo_exposure_955a3638_aug_photo_gameplay.png,1,player,1,0.385726,0.708565,0.225998,0.582870,Federico_sammelt__i_tried_the_new_season [C-SDrECvTa4],210,7.000000,1.0000,False,manual_box,photo_gameplay
Federico_sammelt_i_tried_the_new_season_[C-SDrECvTa4]_000210_b52918ea_aug_photo_exposure_955a3638_aug_photo_gameplay.png,0,enemy,1,0.115123,0.354481,0.031436,0.084060,Federico_sammelt__i_tried_the_new_season [C-SDrECvTa4],210,7.000000,1.0000,False,manual_box,photo_gameplay
Federico_sammelt_i_tried_the_new_season_[C-SDrECvTa4]_000210_b52918ea_aug_photo_exposure_955a3638_aug_photo_gameplay.png,0,enemy,1,0.147833,0.251388,0.032285,0.077716,Federico_sammelt__i_tried_the_new_season [C-SDrECvTa4],210,7.000000,1.0000,False,manual_box,photo_gameplay
Federico_sammelt_i_tried_the_new_season_[C-SDrECvTa4]_000210_b52918ea_aug_photo_exposure_955a3638_aug_photo_gameplay.png,0,enemy,1,0.199660,0.343378,0.028887,0.077716,Federico_sammelt__i_tried_the_new_season [C-SDrECvTa4],210,7.000000,1.0000,False,manual_box,photo_gameplay
Federico_sammelt_i_tried_the_new_season_[C-SDrECvTa4]_000210_b52918ea_aug_photo_exposure_955a3638_aug_photo_gameplay.png,0,enemy,1,0.073917,0.346550,0.030586,0.106265,Federico_sammelt__i_tried_the_new_season [C-SDrECvTa4],210,7.000000,1.0000,False,manual_box,photo_gameplay
Federico_sammelt_i_tried_the_new_season_[C-SDrECvTa4]_000210_b52918ea_aug_photo_exposure_955a3638_aug_affine_mild.png,1,player,1,0.659551,0.718151,0.218402,0.563699,Federico_sammelt__i_tried_the_new_season [C-SDrECvTa4],210,7.000000,1.0000,False,manual_box,affine_mild
Federico_sammelt_i_tried_the_new_season_[C-SDrECvTa4]_000210_b52918ea_aug_photo_exposure_955a3638_aug_affine_mild.png,0,enemy,1,0.918322,0.383225,0.030403,0.085174,Federico_sammelt__i_tried_the_new_season [C-SDrECvTa4],210,7.000000,1.0000,False,manual_box,affine_mild
Federico_sammelt_i_tried_the_new_season_[C-SDrECvTa4]_000210_b52918ea_aug_photo_exposure_955a3638_aug_affine_mild.png,0,enemy,1,0.888204,0.278915,0.031156,0.078828,Federico_sammelt__i_tried_the_new_season [C-SDrECvTa4],210,7.000000,1.0000,False,manual_box,affine_mild
Federico_sammelt_i_tried_the_new_season_[C-SDrECvTa4]_000210_b52918ea_aug_photo_exposure_955a3638_aug_affine_mild.png,0,enemy,1,0.838450,0.369920,0.027942,0.078741,Federico_sammelt__i_tried_the_new_season [C-SDrECvTa4],210,7.000000,1.0000,False,manual_box,affine_mild
Federico_sammelt_i_tried_the_new_season_[C-SDrECvTa4]_000210_b52918ea_aug_photo_exposure_955a3638_aug_affine_mild.png,0,enemy,1,0.957360,0.376318,0.029776,0.107439,Federico_sammelt__i_tried_the_new_season [C-SDrECvTa4],210,7.000000,1.0000,False,manual_box,affine_mild
Federico_sammelt_i_tried_the_new_season_[C-SDrECvTa4]_000210_b52918ea_aug_photo_exposure_955a3638_aug_retarget_edge.png,1,player,1,0.391809,0.612015,0.225998,0.582870,Federico_sammelt__i_tried_the_new_season [C-SDrECvTa4],210,7.000000,1.0000,False,manual_box,retarget_edge
Federico_sammelt_i_tried_the_new_season_[C-SDrECvTa4]_000210_b52918ea_aug_photo_exposure_955a3638_aug_retarget_edge.png,0,enemy,1,0.121206,0.257931,0.031436,0.084060,Federico_sammelt__i_tried_the_new_season [C-SDrECvTa4],210,7.000000,1.0000,False,manual_box,retarget_edge
Federico_sammelt_i_tried_the_new_season_[C-SDrECvTa4]_000210_b52918ea_aug_photo_exposure_955a3638_aug_retarget_edge.png,0,enemy,1,0.153916,0.154838,0.032285,0.077716,Federico_sammelt__i_tried_the_new_season [C-SDrECvTa4],210,7.000000,1.0000,False,manual_box,retarget_edge
Federico_sammelt_i_tried_the_new_season_[C-SDrECvTa4]_000210_b52918ea_aug_photo_exposure_955a3638_aug_retarget_edge.png,0,enemy,1,0.205743,0.246828,0.028887,0.077716,Federico_sammelt__i_tried_the_new_season [C-SDrECvTa4],210,7.000000,1.0000,False,manual_box,retarget_edge
Federico_sammelt_i_tried_the_new_season_[C-SDrECvTa4]_000210_b52918ea_aug_photo_exposure_955a3638_aug_retarget_edge.png,0,enemy,1,0.080000,0.250000,0.030586,0.106265,Federico_sammelt__i_tried_the_new_season [C-SDrECvTa4],210,7.000000,1.0000,False,manual_box,retarget_edge
Federico_sammelt_i_tried_the_new_season_[C-SDrECvTa4]_000210_b52918ea_aug_photo_exposure_955a3638_aug_retarget_corner.png,1,player,1,0.391809,0.442015,0.225998,0.582870,Federico_sammelt__i_tried_the_new_season [C-SDrECvTa4],210,7.000000,1.0000,False,manual_box,retarget_corner
Federico_sammelt_i_tried_the_new_season_[C-SDrECvTa4]_000210_b52918ea_aug_photo_exposure_955a3638_aug_retarget_corner.png,0,enemy,1,0.121206,0.087931,0.031436,0.084060,Federico_sammelt__i_tried_the_new_season [C-SDrECvTa4],210,7.000000,1.0000,False,manual_box,retarget_corner
Federico_sammelt_i_tried_the_new_season_[C-SDrECvTa4]_000210_b52918ea_aug_photo_exposure_955a3638_aug_retarget_corner.png,0,enemy,1,0.205743,0.076828,0.028887,0.077716,Federico_sammelt__i_tried_the_new_season [C-SDrECvTa4],210,7.000000,1.0000,False,manual_box,retarget_corner
Federico_sammelt_i_tried_the_new_season_[C-SDrECvTa4]_000210_b52918ea_aug_photo_exposure_955a3638_aug_retarget_corner.png,0,enemy,1,0.080000,0.080000,0.030586,0.106265,Federico_sammelt__i_tried_the_new_season [C-SDrECvTa4],210,7.000000,1.0000,False,manual_box,retarget_corner
Federico_sammelt_i_tried_the_new_season_[C-SDrECvTa4]_000210_b52918ea_aug_photo_gameplay_9942d08a_aug_original.png,1,player,1,0.385726,0.708565,0.225998,0.582870,Federico_sammelt__i_tried_the_new_season [C-SDrECvTa4],210,7.000000,1.0000,False,manual_box,original
Federico_sammelt_i_tried_the_new_season_[C-SDrECvTa4]_000210_b52918ea_aug_photo_gameplay_9942d08a_aug_original.png,0,enemy,1,0.115123,0.354481,0.031436,0.084060,Federico_sammelt__i_tried_the_new_season [C-SDrECvTa4],210,7.000000,1.0000,False,manual_box,original
Federico_sammelt_i_tried_the_new_season_[C-SDrECvTa4]_000210_b52918ea_aug_photo_gameplay_9942d08a_aug_original.png,0,enemy,1,0.147833,0.251388,0.032285,0.077716,Federico_sammelt__i_tried_the_new_season [C-SDrECvTa4],210,7.000000,1.0000,False,manual_box,original
Federico_sammelt_i_tried_the_new_season_[C-SDrECvTa4]_000210_b52918ea_aug_photo_gameplay_9942d08a_aug_original.png,0,enemy,1,0.199660,0.343378,0.028887,0.077716,Federico_sammelt__i_tried_the_new_season [C-SDrECvTa4],210,7.000000,1.0000,False,manual_box,original
Federico_sammelt_i_tried_the_new_season_[C-SDrECvTa4]_000210_b52918ea_aug_photo_gameplay_9942d08a_aug_original.png,0,enemy,1,0.073917,0.346550,0.030586,0.106265,Federico_sammelt__i_tried_the_new_season [C-SDrECvTa4],210,7.000000,1.0000,False,manual_box,original
Federico_sammelt_i_tried_the_new_season_[C-SDrECvTa4]_000210_b52918ea_aug_photo_gameplay_9942d08a_aug_photo_exposure.png,1,player,1,0.385726,0.708565,0.225998,0.582870,Federico_sammelt__i_tried_the_new_season [C-SDrECvTa4],210,7.000000,1.0000,False,manual_box,photo_exposure
Federico_sammelt_i_tried_the_new_season_[C-SDrECvTa4]_000210_b52918ea_aug_photo_gameplay_9942d08a_aug_photo_exposure.png,0,enemy,1,0.115123,0.354481,0.031436,0.084060,Federico_sammelt__i_tried_the_new_season [C-SDrECvTa4],210,7.000000,1.0000,False,manual_box,photo_exposure
Federico_sammelt_i_tried_the_new_season_[C-SDrECvTa4]_000210_b52918ea_aug_photo_gameplay_9942d08a_aug_photo_exposure.png,0,enemy,1,0.147833,0.251388,0.032285,0.077716,Federico_sammelt__i_tried_the_new_season [C-SDrECvTa4],210,7.000000,1.0000,False,manual_box,photo_exposure
Federico_sammelt_i_tried_the_new_season_[C-SDrECvTa4]_000210_b52918ea_aug_photo_gameplay_9942d08a_aug_photo_exposure.png,0,enemy,1,0.199660,0.343378,0.028887,0.077716,Federico_sammelt__i_tried_the_new_season [C-SDrECvTa4],210,7.000000,1.0000,False,manual_box,photo_exposure
Federico_sammelt_i_tried_the_new_season_[C-SDrECvTa4]_000210_b52918ea_aug_photo_gameplay_9942d08a_aug_photo_exposure.png,0,enemy,1,0.073917,0.346550,0.030586,0.106265,Federico_sammelt__i_tried_the_new_season [C-SDrECvTa4],210,7.000000,1.0000,False,manual_box,photo_exposure
Federico_sammelt_i_tried_the_new_season_[C-SDrECvTa4]_000210_b52918ea_aug_photo_gameplay_9942d08a_aug_photo_gameplay.png,1,player,1,0.385726,0.708565,0.225998,0.582870,Federico_sammelt__i_tried_the_new_season [C-SDrECvTa4],210,7.000000,1.0000,False,manual_box,photo_gameplay
Federico_sammelt_i_tried_the_new_season_[C-SDrECvTa4]_000210_b52918ea_aug_photo_gameplay_9942d08a_aug_photo_gameplay.png,0,enemy,1,0.115123,0.354481,0.031436,0.084060,Federico_sammelt__i_tried_the_new_season [C-SDrECvTa4],210,7.000000,1.0000,False,manual_box,photo_gameplay
Federico_sammelt_i_tried_the_new_season_[C-SDrECvTa4]_000210_b52918ea_aug_photo_gameplay_9942d08a_aug_photo_gameplay.png,0,enemy,1,0.147833,0.251388,0.032285,0.077716,Federico_sammelt__i_tried_the_new_season [C-SDrECvTa4],210,7.000000,1.0000,False,manual_box,photo_gameplay
Federico_sammelt_i_tried_the_new_season_[C-SDrECvTa4]_000210_b52918ea_aug_photo_gameplay_9942d08a_aug_photo_gameplay.png,0,enemy,1,0.199660,0.343378,0.028887,0.077716,Federico_sammelt__i_tried_the_new_season [C-SDrECvTa4],210,7.000000,1.0000,False,manual_box,photo_gameplay
Federico_sammelt_i_tried_the_new_season_[C-SDrECvTa4]_000210_b52918ea_aug_photo_gameplay_9942d08a_aug_photo_gameplay.png,0,enemy,1,0.073917,0.346550,0.030586,0.106265,Federico_sammelt__i_tried_the_new_season [C-SDrECvTa4],210,7.000000,1.0000,False,manual_box,photo_gameplay
Federico_sammelt_i_tried_the_new_season_[C-SDrECvTa4]_000210_b52918ea_aug_photo_gameplay_9942d08a_aug_affine_mild.png,1,player,1,0.595096,0.710581,0.249982,0.578838,Federico_sammelt__i_tried_the_new_season [C-SDrECvTa4],210,7.000000,1.0000,False,manual_box,affine_mild
Federico_sammelt_i_tried_the_new_season_[C-SDrECvTa4]_000210_b52918ea_aug_photo_gameplay_9942d08a_aug_affine_mild.png,0,enemy,1,0.874669,0.353684,0.034828,0.083905,Federico_sammelt__i_tried_the_new_season [C-SDrECvTa4],210,7.000000,1.0000,False,manual_box,affine_mild
Federico_sammelt_i_tried_the_new_season_[C-SDrECvTa4]_000210_b52918ea_aug_photo_gameplay_9942d08a_aug_affine_mild.png,0,enemy,1,0.838136,0.253408,0.035607,0.077691,Federico_sammelt__i_tried_the_new_season [C-SDrECvTa4],210,7.000000,1.0000,False,manual_box,affine_mild
Federico_sammelt_i_tried_the_new_season_[C-SDrECvTa4]_000210_b52918ea_aug_photo_gameplay_9942d08a_aug_affine_mild.png,0,enemy,1,0.785045,0.345870,0.032013,0.077566,Federico_sammelt__i_tried_the_new_season [C-SDrECvTa4],210,7.000000,1.0000,False,manual_box,affine_mild
Federico_sammelt_i_tried_the_new_season_[C-SDrECvTa4]_000210_b52918ea_aug_photo_gameplay_9942d08a_aug_affine_mild.png,0,enemy,1,0.918104,0.344359,0.034346,0.105732,Federico_sammelt__i_tried_the_new_season [C-SDrECvTa4],210,7.000000,1.0000,False,manual_box,affine_mild
Federico_sammelt_i_tried_the_new_season_[C-SDrECvTa4]_000210_b52918ea_aug_photo_gameplay_9942d08a_aug_retarget_edge.png,1,player,1,0.391809,0.612015,0.225998,0.582870,Federico_sammelt__i_tried_the_new_season [C-SDrECvTa4],210,7.000000,1.0000,False,manual_box,retarget_edge
Federico_sammelt_i_tried_the_new_season_[C-SDrECvTa4]_000210_b52918ea_aug_photo_gameplay_9942d08a_aug_retarget_edge.png,0,enemy,1,0.121206,0.257931,0.031436,0.084060,Federico_sammelt__i_tried_the_new_season [C-SDrECvTa4],210,7.000000,1.0000,False,manual_box,retarget_edge
Federico_sammelt_i_tried_the_new_season_[C-SDrECvTa4]_000210_b52918ea_aug_photo_gameplay_9942d08a_aug_retarget_edge.png,0,enemy,1,0.153916,0.154838,0.032285,0.077716,Federico_sammelt__i_tried_the_new_season [C-SDrECvTa4],210,7.000000,1.0000,False,manual_box,retarget_edge
Federico_sammelt_i_tried_the_new_season_[C-SDrECvTa4]_000210_b52918ea_aug_photo_gameplay_9942d08a_aug_retarget_edge.png,0,enemy,1,0.205743,0.246828,0.028887,0.077716,Federico_sammelt__i_tried_the_new_season [C-SDrECvTa4],210,7.000000,1.0000,False,manual_box,retarget_edge
Federico_sammelt_i_tried_the_new_season_[C-SDrECvTa4]_000210_b52918ea_aug_photo_gameplay_9942d08a_aug_retarget_edge.png,0,enemy,1,0.080000,0.250000,0.030586,0.106265,Federico_sammelt__i_tried_the_new_season [C-SDrECvTa4],210,7.000000,1.0000,False,manual_box,retarget_edge
Federico_sammelt_i_tried_the_new_season_[C-SDrECvTa4]_000210_b52918ea_aug_photo_gameplay_9942d08a_aug_retarget_corner.png,1,player,1,0.391809,0.442015,0.225998,0.582870,Federico_sammelt__i_tried_the_new_season [C-SDrECvTa4],210,7.000000,1.0000,False,manual_box,retarget_corner
Federico_sammelt_i_tried_the_new_season_[C-SDrECvTa4]_000210_b52918ea_aug_photo_gameplay_9942d08a_aug_retarget_corner.png,0,enemy,1,0.121206,0.087931,0.031436,0.084060,Federico_sammelt__i_tried_the_new_season [C-SDrECvTa4],210,7.000000,1.0000,False,manual_box,retarget_corner
Federico_sammelt_i_tried_the_new_season_[C-SDrECvTa4]_000210_b52918ea_aug_photo_gameplay_9942d08a_aug_retarget_corner.png,0,enemy,1,0.205743,0.076828,0.028887,0.077716,Federico_sammelt__i_tried_the_new_season [C-SDrECvTa4],210,7.000000,1.0000,False,manual_box,retarget_corner
Federico_sammelt_i_tried_the_new_season_[C-SDrECvTa4]_000210_b52918ea_aug_photo_gameplay_9942d08a_aug_retarget_corner.png,0,enemy,1,0.080000,0.080000,0.030586,0.106265,Federico_sammelt__i_tried_the_new_season [C-SDrECvTa4],210,7.000000,1.0000,False,manual_box,retarget_corner
Federico_sammelt_i_tried_the_new_season_[C-SDrECvTa4]_000210_b52918ea_aug_affine_mild_1e4990a0_aug_original.png,1,player,1,0.375212,0.714882,0.255948,0.550641,Federico_sammelt__i_tried_the_new_season [C-SDrECvTa4],210,7.000000,1.0000,False,manual_box,original
Federico_sammelt_i_tried_the_new_season_[C-SDrECvTa4]_000210_b52918ea_aug_affine_mild_1e4990a0_aug_original.png,0,enemy,1,0.087125,0.394816,0.035654,0.079371,Federico_sammelt__i_tried_the_new_season [C-SDrECvTa4],210,7.000000,1.0000,False,manual_box,original
Federico_sammelt_i_tried_the_new_season_[C-SDrECvTa4]_000210_b52918ea_aug_affine_mild_1e4990a0_aug_original.png,0,enemy,1,0.124497,0.297681,0.036467,0.073495,Federico_sammelt__i_tried_the_new_season [C-SDrECvTa4],210,7.000000,1.0000,False,manual_box,original
Federico_sammelt_i_tried_the_new_season_[C-SDrECvTa4]_000210_b52918ea_aug_affine_mild_1e4990a0_aug_original.png,0,enemy,1,0.179251,0.381487,0.032771,0.073375,Federico_sammelt__i_tried_the_new_season [C-SDrECvTa4],210,7.000000,1.0000,False,manual_box,original
Federico_sammelt_i_tried_the_new_season_[C-SDrECvTa4]_000210_b52918ea_aug_affine_mild_1e4990a0_aug_original.png,0,enemy,1,0.042454,0.388891,0.035118,0.100013,Federico_sammelt__i_tried_the_new_season [C-SDrECvTa4],210,7.000000,1.0000,False,manual_box,original
Federico_sammelt_i_tried_the_new_season_[C-SDrECvTa4]_000210_b52918ea_aug_affine_mild_1e4990a0_aug_photo_exposure.png,1,player,1,0.375212,0.714882,0.255948,0.550641,Federico_sammelt__i_tried_the_new_season [C-SDrECvTa4],210,7.000000,1.0000,False,manual_box,photo_exposure
Federico_sammelt_i_tried_the_new_season_[C-SDrECvTa4]_000210_b52918ea_aug_affine_mild_1e4990a0_aug_photo_exposure.png,0,enemy,1,0.087125,0.394816,0.035654,0.079371,Federico_sammelt__i_tried_the_new_season [C-SDrECvTa4],210,7.000000,1.0000,False,manual_box,photo_exposure
Federico_sammelt_i_tried_the_new_season_[C-SDrECvTa4]_000210_b52918ea_aug_affine_mild_1e4990a0_aug_photo_exposure.png,0,enemy,1,0.124497,0.297681,0.036467,0.073495,Federico_sammelt__i_tried_the_new_season [C-SDrECvTa4],210,7.000000,1.0000,False,manual_box,photo_exposure
Federico_sammelt_i_tried_the_new_season_[C-SDrECvTa4]_000210_b52918ea_aug_affine_mild_1e4990a0_aug_photo_exposure.png,0,enemy,1,0.179251,0.381487,0.032771,0.073375,Federico_sammelt__i_tried_the_new_season [C-SDrECvTa4],210,7.000000,1.0000,False,manual_box,photo_exposure
Federico_sammelt_i_tried_the_new_season_[C-SDrECvTa4]_000210_b52918ea_aug_affine_mild_1e4990a0_aug_photo_exposure.png,0,enemy,1,0.042454,0.388891,0.035118,0.100013,Federico_sammelt__i_tried_the_new_season [C-SDrECvTa4],210,7.000000,1.0000,False,manual_box,photo_exposure
Federico_sammelt_i_tried_the_new_season_[C-SDrECvTa4]_000210_b52918ea_aug_affine_mild_1e4990a0_aug_photo_gameplay.png,1,player,1,0.375212,0.714882,0.255948,0.550641,Federico_sammelt__i_tried_the_new_season [C-SDrECvTa4],210,7.000000,1.0000,False,manual_box,photo_gameplay
Federico_sammelt_i_tried_the_new_season_[C-SDrECvTa4]_000210_b52918ea_aug_affine_mild_1e4990a0_aug_photo_gameplay.png,0,enemy,1,0.087125,0.394816,0.035654,0.079371,Federico_sammelt__i_tried_the_new_season [C-SDrECvTa4],210,7.000000,1.0000,False,manual_box,photo_gameplay
Federico_sammelt_i_tried_the_new_season_[C-SDrECvTa4]_000210_b52918ea_aug_affine_mild_1e4990a0_aug_photo_gameplay.png,0,enemy,1,0.124497,0.297681,0.036467,0.073495,Federico_sammelt__i_tried_the_new_season [C-SDrECvTa4],210,7.000000,1.0000,False,manual_box,photo_gameplay
Federico_sammelt_i_tried_the_new_season_[C-SDrECvTa4]_000210_b52918ea_aug_affine_mild_1e4990a0_aug_photo_gameplay.png,0,enemy,1,0.179251,0.381487,0.032771,0.073375,Federico_sammelt__i_tried_the_new_season [C-SDrECvTa4],210,7.000000,1.0000,False,manual_box,photo_gameplay
Federico_sammelt_i_tried_the_new_season_[C-SDrECvTa4]_000210_b52918ea_aug_affine_mild_1e4990a0_aug_photo_gameplay.png,0,enemy,1,0.042454,0.388891,0.035118,0.100013,Federico_sammelt__i_tried_the_new_season [C-SDrECvTa4],210,7.000000,1.0000,False,manual_box,photo_gameplay
Federico_sammelt_i_tried_the_new_season_[C-SDrECvTa4]_000210_b52918ea_aug_affine_mild_1e4990a0_aug_retarget_edge.png,1,player,1,0.412758,0.775335,0.255948,0.449330,Federico_sammelt__i_tried_the_new_season [C-SDrECvTa4],210,7.000000,1.0000,False,manual_box,retarget_edge
Federico_sammelt_i_tried_the_new_season_[C-SDrECvTa4]_000210_b52918ea_aug_affine_mild_1e4990a0_aug_retarget_edge.png,0,enemy,1,0.124671,0.505925,0.035654,0.079371,Federico_sammelt__i_tried_the_new_season [C-SDrECvTa4],210,7.000000,1.0000,False,manual_box,retarget_edge
Federico_sammelt_i_tried_the_new_season_[C-SDrECvTa4]_000210_b52918ea_aug_affine_mild_1e4990a0_aug_retarget_edge.png,0,enemy,1,0.162043,0.408790,0.036467,0.073495,Federico_sammelt__i_tried_the_new_season [C-SDrECvTa4],210,7.000000,1.0000,False,manual_box,retarget_edge
Federico_sammelt_i_tried_the_new_season_[C-SDrECvTa4]_000210_b52918ea_aug_affine_mild_1e4990a0_aug_retarget_edge.png,0,enemy,1,0.216797,0.492596,0.032771,0.073375,Federico_sammelt__i_tried_the_new_season [C-SDrECvTa4],210,7.000000,1.0000,False,manual_box,retarget_edge
Federico_sammelt_i_tried_the_new_season_[C-SDrECvTa4]_000210_b52918ea_aug_affine_mild_1e4990a0_aug_retarget_edge.png,0,enemy,1,0.080000,0.500000,0.035118,0.100013,Federico_sammelt__i_tried_the_new_season [C-SDrECvTa4],210,7.000000,1.0000,False,manual_box,retarget_edge
Federico_sammelt_i_tried_the_new_season_[C-SDrECvTa4]_000210_b52918ea_aug_affine_mild_1e4990a0_aug_retarget_corner.png,1,player,1,0.412758,0.405991,0.255948,0.550641,Federico_sammelt__i_tried_the_new_season [C-SDrECvTa4],210,7.000000,1.0000,False,manual_box,retarget_corner
Federico_sammelt_i_tried_the_new_season_[C-SDrECvTa4]_000210_b52918ea_aug_affine_mild_1e4990a0_aug_retarget_corner.png,0,enemy,1,0.124671,0.085925,0.035654,0.079371,Federico_sammelt__i_tried_the_new_season [C-SDrECvTa4],210,7.000000,1.0000,False,manual_box,retarget_corner
Federico_sammelt_i_tried_the_new_season_[C-SDrECvTa4]_000210_b52918ea_aug_affine_mild_1e4990a0_aug_retarget_corner.png,0,enemy,1,0.216797,0.072596,0.032771,0.073375,Federico_sammelt__i_tried_the_new_season [C-SDrECvTa4],210,7.000000,1.0000,False,manual_box,retarget_corner
Federico_sammelt_i_tried_the_new_season_[C-SDrECvTa4]_000210_b52918ea_aug_affine_mild_1e4990a0_aug_retarget_corner.png,0,enemy,1,0.080000,0.080000,0.035118,0.100013,Federico_sammelt__i_tried_the_new_season [C-SDrECvTa4],210,7.000000,1.0000,False,manual_box,retarget_corner
Federico_sammelt_i_tried_the_new_season_[C-SDrECvTa4]_000210_b52918ea_aug_retarget_edge_6c3d0ae3_aug_original.png,1,player,1,0.391809,0.612015,0.225998,0.582870,Federico_sammelt__i_tried_the_new_season [C-SDrECvTa4],210,7.000000,1.0000,False,manual_box,original
Federico_sammelt_i_tried_the_new_season_[C-SDrECvTa4]_000210_b52918ea_aug_retarget_edge_6c3d0ae3_aug_original.png,0,enemy,1,0.121206,0.257931,0.031436,0.084060,Federico_sammelt__i_tried_the_new_season [C-SDrECvTa4],210,7.000000,1.0000,False,manual_box,original
Federico_sammelt_i_tried_the_new_season_[C-SDrECvTa4]_000210_b52918ea_aug_retarget_edge_6c3d0ae3_aug_original.png,0,enemy,1,0.153916,0.154838,0.032285,0.077716,Federico_sammelt__i_tried_the_new_season [C-SDrECvTa4],210,7.000000,1.0000,False,manual_box,original
Federico_sammelt_i_tried_the_new_season_[C-SDrECvTa4]_000210_b52918ea_aug_retarget_edge_6c3d0ae3_aug_original.png,0,enemy,1,0.205743,0.246828,0.028887,0.077716,Federico_sammelt__i_tried_the_new_season [C-SDrECvTa4],210,7.000000,1.0000,False,manual_box,original
Federico_sammelt_i_tried_the_new_season_[C-SDrECvTa4]_000210_b52918ea_aug_retarget_edge_6c3d0ae3_aug_original.png,0,enemy,1,0.080000,0.250000,0.030586,0.106265,Federico_sammelt__i_tried_the_new_season [C-SDrECvTa4],210,7.000000,1.0000,False,manual_box,original
Federico_sammelt_i_tried_the_new_season_[C-SDrECvTa4]_000210_b52918ea_aug_retarget_edge_6c3d0ae3_aug_photo_exposure.png,1,player,1,0.391809,0.612015,0.225998,0.582870,Federico_sammelt__i_tried_the_new_season [C-SDrECvTa4],210,7.000000,1.0000,False,manual_box,photo_exposure
Federico_sammelt_i_tried_the_new_season_[C-SDrECvTa4]_000210_b52918ea_aug_retarget_edge_6c3d0ae3_aug_photo_exposure.png,0,enemy,1,0.121206,0.257931,0.031436,0.084060,Federico_sammelt__i_tried_the_new_season [C-SDrECvTa4],210,7.000000,1.0000,False,manual_box,photo_exposure
Federico_sammelt_i_tried_the_new_season_[C-SDrECvTa4]_000210_b52918ea_aug_retarget_edge_6c3d0ae3_aug_photo_exposure.png,0,enemy,1,0.153916,0.154838,0.032285,0.077716,Federico_sammelt__i_tried_the_new_season [C-SDrECvTa4],210,7.000000,1.0000,False,manual_box,photo_exposure
Federico_sammelt_i_tried_the_new_season_[C-SDrECvTa4]_000210_b52918ea_aug_retarget_edge_6c3d0ae3_aug_photo_exposure.png,0,enemy,1,0.205743,0.246828,0.028887,0.077716,Federico_sammelt__i_tried_the_new_season [C-SDrECvTa4],210,7.000000,1.0000,False,manual_box,photo_exposure
Federico_sammelt_i_tried_the_new_season_[C-SDrECvTa4]_000210_b52918ea_aug_retarget_edge_6c3d0ae3_aug_photo_exposure.png,0,enemy,1,0.080000,0.250000,0.030586,0.106265,Federico_sammelt__i_tried_the_new_season [C-SDrECvTa4],210,7.000000,1.0000,False,manual_box,photo_exposure
Federico_sammelt_i_tried_the_new_season_[C-SDrECvTa4]_000210_b52918ea_aug_retarget_edge_6c3d0ae3_aug_photo_gameplay.png,1,player,1,0.391809,0.612015,0.225998,0.582870,Federico_sammelt__i_tried_the_new_season [C-SDrECvTa4],210,7.000000,1.0000,False,manual_box,photo_gameplay
Federico_sammelt_i_tried_the_new_season_[C-SDrECvTa4]_000210_b52918ea_aug_retarget_edge_6c3d0ae3_aug_photo_gameplay.png,0,enemy,1,0.121206,0.257931,0.031436,0.084060,Federico_sammelt__i_tried_the_new_season [C-SDrECvTa4],210,7.000000,1.0000,False,manual_box,photo_gameplay
Federico_sammelt_i_tried_the_new_season_[C-SDrECvTa4]_000210_b52918ea_aug_retarget_edge_6c3d0ae3_aug_photo_gameplay.png,0,enemy,1,0.153916,0.154838,0.032285,0.077716,Federico_sammelt__i_tried_the_new_season [C-SDrECvTa4],210,7.000000,1.0000,False,manual_box,photo_gameplay
Federico_sammelt_i_tried_the_new_season_[C-SDrECvTa4]_000210_b52918ea_aug_retarget_edge_6c3d0ae3_aug_photo_gameplay.png,0,enemy,1,0.205743,0.246828,0.028887,0.077716,Federico_sammelt__i_tried_the_new_season [C-SDrECvTa4],210,7.000000,1.0000,False,manual_box,photo_gameplay
Federico_sammelt_i_tried_the_new_season_[C-SDrECvTa4]_000210_b52918ea_aug_retarget_edge_6c3d0ae3_aug_photo_gameplay.png,0,enemy,1,0.080000,0.250000,0.030586,0.106265,Federico_sammelt__i_tried_the_new_season [C-SDrECvTa4],210,7.000000,1.0000,False,manual_box,photo_gameplay
Federico_sammelt_i_tried_the_new_season_[C-SDrECvTa4]_000210_b52918ea_aug_retarget_edge_6c3d0ae3_aug_affine_mild.png,1,player,1,0.417336,0.615218,0.249271,0.607197,Federico_sammelt__i_tried_the_new_season [C-SDrECvTa4],210,7.000000,1.0000,False,manual_box,affine_mild
Federico_sammelt_i_tried_the_new_season_[C-SDrECvTa4]_000210_b52918ea_aug_retarget_edge_6c3d0ae3_aug_affine_mild.png,0,enemy,1,0.133309,0.242619,0.034714,0.087536,Federico_sammelt__i_tried_the_new_season [C-SDrECvTa4],210,7.000000,1.0000,False,manual_box,affine_mild
Federico_sammelt_i_tried_the_new_season_[C-SDrECvTa4]_000210_b52918ea_aug_retarget_edge_6c3d0ae3_aug_affine_mild.png,0,enemy,1,0.169645,0.137260,0.035533,0.081020,Federico_sammelt__i_tried_the_new_season [C-SDrECvTa4],210,7.000000,1.0000,False,manual_box,affine_mild
Federico_sammelt_i_tried_the_new_season_[C-SDrECvTa4]_000210_b52918ea_aug_retarget_edge_6c3d0ae3_aug_affine_mild.png,0,enemy,1,0.223711,0.233543,0.031906,0.080925,Federico_sammelt__i_tried_the_new_season [C-SDrECvTa4],210,7.000000,1.0000,False,manual_box,affine_mild
Federico_sammelt_i_tried_the_new_season_[C-SDrECvTa4]_000210_b52918ea_aug_retarget_edge_6c3d0ae3_aug_affine_mild.png,0,enemy,1,0.089428,0.233288,0.034112,0.110403,Federico_sammelt__i_tried_the_new_season [C-SDrECvTa4],210,7.000000,1.0000,False,manual_box,affine_mild
Federico_sammelt_i_tried_the_new_season_[C-SDrECvTa4]_000210_b52918ea_aug_retarget_edge_6c3d0ae3_aug_retarget_edge.png,1,player,1,0.391809,0.612015,0.225998,0.582870,Federico_sammelt__i_tried_the_new_season [C-SDrECvTa4],210,7.000000,1.0000,False,manual_box,retarget_edge
Federico_sammelt_i_tried_the_new_season_[C-SDrECvTa4]_000210_b52918ea_aug_retarget_edge_6c3d0ae3_aug_retarget_edge.png,0,enemy,1,0.121206,0.257931,0.031436,0.084060,Federico_sammelt__i_tried_the_new_season [C-SDrECvTa4],210,7.000000,1.0000,False,manual_box,retarget_edge
Federico_sammelt_i_tried_the_new_season_[C-SDrECvTa4]_000210_b52918ea_aug_retarget_edge_6c3d0ae3_aug_retarget_edge.png,0,enemy,1,0.153916,0.154838,0.032285,0.077716,Federico_sammelt__i_tried_the_new_season [C-SDrECvTa4],210,7.000000,1.0000,False,manual_box,retarget_edge
Federico_sammelt_i_tried_the_new_season_[C-SDrECvTa4]_000210_b52918ea_aug_retarget_edge_6c3d0ae3_aug_retarget_edge.png,0,enemy,1,0.205743,0.246828,0.028887,0.077716,Federico_sammelt__i_tried_the_new_season [C-SDrECvTa4],210,7.000000,1.0000,False,manual_box,retarget_edge
Federico_sammelt_i_tried_the_new_season_[C-SDrECvTa4]_000210_b52918ea_aug_retarget_edge_6c3d0ae3_aug_retarget_edge.png,0,enemy,1,0.080000,0.250000,0.030586,0.106265,Federico_sammelt__i_tried_the_new_season [C-SDrECvTa4],210,7.000000,1.0000,False,manual_box,retarget_edge
Federico_sammelt_i_tried_the_new_season_[C-SDrECvTa4]_000210_b52918ea_aug_retarget_edge_6c3d0ae3_aug_retarget_corner.png,1,player,1,0.391809,0.442015,0.225998,0.582870,Federico_sammelt__i_tried_the_new_season [C-SDrECvTa4],210,7.000000,1.0000,False,manual_box,retarget_corner
Federico_sammelt_i_tried_the_new_season_[C-SDrECvTa4]_000210_b52918ea_aug_retarget_edge_6c3d0ae3_aug_retarget_corner.png,0,enemy,1,0.121206,0.087931,0.031436,0.084060,Federico_sammelt__i_tried_the_new_season [C-SDrECvTa4],210,7.000000,1.0000,False,manual_box,retarget_corner
Federico_sammelt_i_tried_the_new_season_[C-SDrECvTa4]_000210_b52918ea_aug_retarget_edge_6c3d0ae3_aug_retarget_corner.png,0,enemy,1,0.205743,0.076828,0.028887,0.077716,Federico_sammelt__i_tried_the_new_season [C-SDrECvTa4],210,7.000000,1.0000,False,manual_box,retarget_corner
Federico_sammelt_i_tried_the_new_season_[C-SDrECvTa4]_000210_b52918ea_aug_retarget_edge_6c3d0ae3_aug_retarget_corner.png,0,enemy,1,0.080000,0.080000,0.030586,0.106265,Federico_sammelt__i_tried_the_new_season [C-SDrECvTa4],210,7.000000,1.0000,False,manual_box,retarget_corner
Federico_sammelt_i_tried_the_new_season_[C-SDrECvTa4]_000210_b52918ea_aug_retarget_corner_8222eac7_aug_original.png,1,player,1,0.391809,0.442015,0.225998,0.582870,Federico_sammelt__i_tried_the_new_season [C-SDrECvTa4],210,7.000000,1.0000,False,manual_box,original
Federico_sammelt_i_tried_the_new_season_[C-SDrECvTa4]_000210_b52918ea_aug_retarget_corner_8222eac7_aug_original.png,0,enemy,1,0.121206,0.087931,0.031436,0.084060,Federico_sammelt__i_tried_the_new_season [C-SDrECvTa4],210,7.000000,1.0000,False,manual_box,original
Federico_sammelt_i_tried_the_new_season_[C-SDrECvTa4]_000210_b52918ea_aug_retarget_corner_8222eac7_aug_original.png,0,enemy,1,0.205743,0.076828,0.028887,0.077716,Federico_sammelt__i_tried_the_new_season [C-SDrECvTa4],210,7.000000,1.0000,False,manual_box,original
Federico_sammelt_i_tried_the_new_season_[C-SDrECvTa4]_000210_b52918ea_aug_retarget_corner_8222eac7_aug_original.png,0,enemy,1,0.080000,0.080000,0.030586,0.106265,Federico_sammelt__i_tried_the_new_season [C-SDrECvTa4],210,7.000000,1.0000,False,manual_box,original
Federico_sammelt_i_tried_the_new_season_[C-SDrECvTa4]_000210_b52918ea_aug_retarget_corner_8222eac7_aug_photo_exposure.png,1,player,1,0.391809,0.442015,0.225998,0.582870,Federico_sammelt__i_tried_the_new_season [C-SDrECvTa4],210,7.000000,1.0000,False,manual_box,photo_exposure
Federico_sammelt_i_tried_the_new_season_[C-SDrECvTa4]_000210_b52918ea_aug_retarget_corner_8222eac7_aug_photo_exposure.png,0,enemy,1,0.121206,0.087931,0.031436,0.084060,Federico_sammelt__i_tried_the_new_season [C-SDrECvTa4],210,7.000000,1.0000,False,manual_box,photo_exposure
Federico_sammelt_i_tried_the_new_season_[C-SDrECvTa4]_000210_b52918ea_aug_retarget_corner_8222eac7_aug_photo_exposure.png,0,enemy,1,0.205743,0.076828,0.028887,0.077716,Federico_sammelt__i_tried_the_new_season [C-SDrECvTa4],210,7.000000,1.0000,False,manual_box,photo_exposure
Federico_sammelt_i_tried_the_new_season_[C-SDrECvTa4]_000210_b52918ea_aug_retarget_corner_8222eac7_aug_photo_exposure.png,0,enemy,1,0.080000,0.080000,0.030586,0.106265,Federico_sammelt__i_tried_the_new_season [C-SDrECvTa4],210,7.000000,1.0000,False,manual_box,photo_exposure
Federico_sammelt_i_tried_the_new_season_[C-SDrECvTa4]_000210_b52918ea_aug_retarget_corner_8222eac7_aug_photo_gameplay.png,1,player,1,0.391809,0.442015,0.225998,0.582870,Federico_sammelt__i_tried_the_new_season [C-SDrECvTa4],210,7.000000,1.0000,False,manual_box,photo_gameplay
Federico_sammelt_i_tried_the_new_season_[C-SDrECvTa4]_000210_b52918ea_aug_retarget_corner_8222eac7_aug_photo_gameplay.png,0,enemy,1,0.121206,0.087931,0.031436,0.084060,Federico_sammelt__i_tried_the_new_season [C-SDrECvTa4],210,7.000000,1.0000,False,manual_box,photo_gameplay
Federico_sammelt_i_tried_the_new_season_[C-SDrECvTa4]_000210_b52918ea_aug_retarget_corner_8222eac7_aug_photo_gameplay.png,0,enemy,1,0.205743,0.076828,0.028887,0.077716,Federico_sammelt__i_tried_the_new_season [C-SDrECvTa4],210,7.000000,1.0000,False,manual_box,photo_gameplay
Federico_sammelt_i_tried_the_new_season_[C-SDrECvTa4]_000210_b52918ea_aug_retarget_corner_8222eac7_aug_photo_gameplay.png,0,enemy,1,0.080000,0.080000,0.030586,0.106265,Federico_sammelt__i_tried_the_new_season [C-SDrECvTa4],210,7.000000,1.0000,False,manual_box,photo_gameplay
Federico_sammelt_i_tried_the_new_season_[C-SDrECvTa4]_000210_b52918ea_aug_retarget_corner_8222eac7_aug_affine_mild.png,1,player,1,0.614015,0.413914,0.251296,0.574206,Federico_sammelt__i_tried_the_new_season [C-SDrECvTa4],210,7.000000,1.0000,False,manual_box,affine_mild
Federico_sammelt_i_tried_the_new_season_[C-SDrECvTa4]_000210_b52918ea_aug_retarget_corner_8222eac7_aug_affine_mild.png,0,enemy,1,0.907560,0.063249,0.035019,0.082795,Federico_sammelt__i_tried_the_new_season [C-SDrECvTa4],210,7.000000,1.0000,False,manual_box,affine_mild
Federico_sammelt_i_tried_the_new_season_[C-SDrECvTa4]_000210_b52918ea_aug_retarget_corner_8222eac7_aug_affine_mild.png,0,enemy,1,0.818457,0.053540,0.032189,0.076544,Federico_sammelt__i_tried_the_new_season [C-SDrECvTa4],210,7.000000,1.0000,False,manual_box,affine_mild
Federico_sammelt_i_tried_the_new_season_[C-SDrECvTa4]_000210_b52918ea_aug_retarget_corner_8222eac7_aug_affine_mild.png,0,enemy,1,0.951276,0.054908,0.034595,0.104539,Federico_sammelt__i_tried_the_new_season [C-SDrECvTa4],210,7.000000,1.0000,False,manual_box,affine_mild
Federico_sammelt_i_tried_the_new_season_[C-SDrECvTa4]_000210_b52918ea_aug_retarget_corner_8222eac7_aug_photo_blur_noise.png,1,player,1,0.391809,0.442015,0.225998,0.582870,Federico_sammelt__i_tried_the_new_season [C-SDrECvTa4],210,7.000000,1.0000,False,manual_box,photo_blur_noise
Federico_sammelt_i_tried_the_new_season_[C-SDrECvTa4]_000210_b52918ea_aug_retarget_corner_8222eac7_aug_photo_blur_noise.png,0,enemy,1,0.121206,0.087931,0.031436,0.084060,Federico_sammelt__i_tried_the_new_season [C-SDrECvTa4],210,7.000000,1.0000,False,manual_box,photo_blur_noise
Federico_sammelt_i_tried_the_new_season_[C-SDrECvTa4]_000210_b52918ea_aug_retarget_corner_8222eac7_aug_photo_blur_noise.png,0,enemy,1,0.205743,0.076828,0.028887,0.077716,Federico_sammelt__i_tried_the_new_season [C-SDrECvTa4],210,7.000000,1.0000,False,manual_box,photo_blur_noise
Federico_sammelt_i_tried_the_new_season_[C-SDrECvTa4]_000210_b52918ea_aug_retarget_corner_8222eac7_aug_photo_blur_noise.png,0,enemy,1,0.080000,0.080000,0.030586,0.106265,Federico_sammelt__i_tried_the_new_season [C-SDrECvTa4],210,7.000000,1.0000,False,manual_box,photo_blur_noise
Federico_sammelt_i_tried_the_new_season_[C-SDrECvTa4]_000225_b6453225_aug_original_059a0cb4_aug_original.png,0,enemy,1,0.490654,0.346550,0.029737,0.074544,Federico_sammelt__i_tried_the_new_season [C-SDrECvTa4],225,7.500000,1.0000,False,manual_box,original
Federico_sammelt_i_tried_the_new_season_[C-SDrECvTa4]_000225_b6453225_aug_original_059a0cb4_aug_original.png,0,enemy,1,0.519116,0.352895,0.015293,0.077716,Federico_sammelt__i_tried_the_new_season [C-SDrECvTa4],225,7.500000,1.0000,False,manual_box,original
Federico_sammelt_i_tried_the_new_season_[C-SDrECvTa4]_000225_b6453225_aug_original_059a0cb4_aug_original.png,0,enemy,1,0.512744,0.424266,0.043331,0.128469,Federico_sammelt__i_tried_the_new_season [C-SDrECvTa4],225,7.500000,1.0000,False,manual_box,original
Federico_sammelt_i_tried_the_new_season_[C-SDrECvTa4]_000225_b6453225_aug_original_059a0cb4_aug_original.png,1,player,1,0.375106,0.727597,0.167375,0.544806,Federico_sammelt__i_tried_the_new_season [C-SDrECvTa4],225,7.500000,1.0000,False,manual_box,original
Federico_sammelt_i_tried_the_new_season_[C-SDrECvTa4]_000225_b6453225_aug_original_059a0cb4_aug_photo_exposure.png,0,enemy,1,0.490654,0.346550,0.029737,0.074544,Federico_sammelt__i_tried_the_new_season [C-SDrECvTa4],225,7.500000,1.0000,False,manual_box,photo_exposure
Federico_sammelt_i_tried_the_new_season_[C-SDrECvTa4]_000225_b6453225_aug_original_059a0cb4_aug_photo_exposure.png,0,enemy,1,0.519116,0.352895,0.015293,0.077716,Federico_sammelt__i_tried_the_new_season [C-SDrECvTa4],225,7.500000,1.0000,False,manual_box,photo_exposure
Federico_sammelt_i_tried_the_new_season_[C-SDrECvTa4]_000225_b6453225_aug_original_059a0cb4_aug_photo_exposure.png,0,enemy,1,0.512744,0.424266,0.043331,0.128469,Federico_sammelt__i_tried_the_new_season [C-SDrECvTa4],225,7.500000,1.0000,False,manual_box,photo_exposure
Federico_sammelt_i_tried_the_new_season_[C-SDrECvTa4]_000225_b6453225_aug_original_059a0cb4_aug_photo_exposure.png,1,player,1,0.375106,0.727597,0.167375,0.544806,Federico_sammelt__i_tried_the_new_season [C-SDrECvTa4],225,7.500000,1.0000,False,manual_box,photo_exposure
Federico_sammelt_i_tried_the_new_season_[C-SDrECvTa4]_000225_b6453225_aug_original_059a0cb4_aug_photo_gameplay.png,0,enemy,1,0.490654,0.346550,0.029737,0.074544,Federico_sammelt__i_tried_the_new_season [C-SDrECvTa4],225,7.500000,1.0000,False,manual_box,photo_gameplay
Federico_sammelt_i_tried_the_new_season_[C-SDrECvTa4]_000225_b6453225_aug_original_059a0cb4_aug_photo_gameplay.png,0,enemy,1,0.519116,0.352895,0.015293,0.077716,Federico_sammelt__i_tried_the_new_season [C-SDrECvTa4],225,7.500000,1.0000,False,manual_box,photo_gameplay
Federico_sammelt_i_tried_the_new_season_[C-SDrECvTa4]_000225_b6453225_aug_original_059a0cb4_aug_photo_gameplay.png,0,enemy,1,0.512744,0.424266,0.043331,0.128469,Federico_sammelt__i_tried_the_new_season [C-SDrECvTa4],225,7.500000,1.0000,False,manual_box,photo_gameplay
Federico_sammelt_i_tried_the_new_season_[C-SDrECvTa4]_000225_b6453225_aug_original_059a0cb4_aug_photo_gameplay.png,1,player,1,0.375106,0.727597,0.167375,0.544806,Federico_sammelt__i_tried_the_new_season [C-SDrECvTa4],225,7.500000,1.0000,False,manual_box,photo_gameplay
Federico_sammelt_i_tried_the_new_season_[C-SDrECvTa4]_000225_b6453225_aug_original_059a0cb4_aug_affine_mild.png,0,enemy,1,0.528336,0.359303,0.031526,0.077481,Federico_sammelt__i_tried_the_new_season [C-SDrECvTa4],225,7.500000,1.0000,False,manual_box,affine_mild
Federico_sammelt_i_tried_the_new_season_[C-SDrECvTa4]_000225_b6453225_aug_original_059a0cb4_aug_affine_mild.png,0,enemy,1,0.556125,0.368352,0.017423,0.079291,Federico_sammelt__i_tried_the_new_season [C-SDrECvTa4],225,7.500000,1.0000,False,manual_box,affine_mild
Federico_sammelt_i_tried_the_new_season_[C-SDrECvTa4]_000225_b6453225_aug_original_059a0cb4_aug_affine_mild.png,0,enemy,1,0.547668,0.439237,0.046548,0.132781,Federico_sammelt__i_tried_the_new_season [C-SDrECvTa4],225,7.500000,1.0000,False,manual_box,affine_mild
Federico_sammelt_i_tried_the_new_season_[C-SDrECvTa4]_000225_b6453225_aug_original_059a0cb4_aug_affine_mild.png,1,player,1,0.403030,0.724634,0.181291,0.550732,Federico_sammelt__i_tried_the_new_season [C-SDrECvTa4],225,7.500000,1.0000,False,manual_box,affine_mild
Federico_sammelt_i_tried_the_new_season_[C-SDrECvTa4]_000225_b6453225_aug_photo_exposure_125b6271_aug_original.png,0,enemy,1,0.490654,0.346550,0.029737,0.074544,Federico_sammelt__i_tried_the_new_season [C-SDrECvTa4],225,7.500000,1.0000,False,manual_box,original
Federico_sammelt_i_tried_the_new_season_[C-SDrECvTa4]_000225_b6453225_aug_photo_exposure_125b6271_aug_original.png,0,enemy,1,0.519116,0.352895,0.015293,0.077716,Federico_sammelt__i_tried_the_new_season [C-SDrECvTa4],225,7.500000,1.0000,False,manual_box,original
Federico_sammelt_i_tried_the_new_season_[C-SDrECvTa4]_000225_b6453225_aug_photo_exposure_125b6271_aug_original.png,0,enemy,1,0.512744,0.424266,0.043331,0.128469,Federico_sammelt__i_tried_the_new_season [C-SDrECvTa4],225,7.500000,1.0000,False,manual_box,original
Federico_sammelt_i_tried_the_new_season_[C-SDrECvTa4]_000225_b6453225_aug_photo_exposure_125b6271_aug_original.png,1,player,1,0.375106,0.727597,0.167375,0.544806,Federico_sammelt__i_tried_the_new_season [C-SDrECvTa4],225,7.500000,1.0000,False,manual_box,original
Federico_sammelt_i_tried_the_new_season_[C-SDrECvTa4]_000225_b6453225_aug_photo_exposure_125b6271_aug_photo_exposure.png,0,enemy,1,0.490654,0.346550,0.029737,0.074544,Federico_sammelt__i_tried_the_new_season [C-SDrECvTa4],225,7.500000,1.0000,False,manual_box,photo_exposure
Federico_sammelt_i_tried_the_new_season_[C-SDrECvTa4]_000225_b6453225_aug_photo_exposure_125b6271_aug_photo_exposure.png,0,enemy,1,0.519116,0.352895,0.015293,0.077716,Federico_sammelt__i_tried_the_new_season [C-SDrECvTa4],225,7.500000,1.0000,False,manual_box,photo_exposure
Federico_sammelt_i_tried_the_new_season_[C-SDrECvTa4]_000225_b6453225_aug_photo_exposure_125b6271_aug_photo_exposure.png,0,enemy,1,0.512744,0.424266,0.043331,0.128469,Federico_sammelt__i_tried_the_new_season [C-SDrECvTa4],225,7.500000,1.0000,False,manual_box,photo_exposure
Federico_sammelt_i_tried_the_new_season_[C-SDrECvTa4]_000225_b6453225_aug_photo_exposure_125b6271_aug_photo_exposure.png,1,player,1,0.375106,0.727597,0.167375,0.544806,Federico_sammelt__i_tried_the_new_season [C-SDrECvTa4],225,7.500000,1.0000,False,manual_box,photo_exposure
Federico_sammelt_i_tried_the_new_season_[C-SDrECvTa4]_000225_b6453225_aug_photo_exposure_125b6271_aug_photo_gameplay.png,0,enemy,1,0.490654,0.346550,0.029737,0.074544,Federico_sammelt__i_tried_the_new_season [C-SDrECvTa4],225,7.500000,1.0000,False,manual_box,photo_gameplay
Federico_sammelt_i_tried_the_new_season_[C-SDrECvTa4]_000225_b6453225_aug_photo_exposure_125b6271_aug_photo_gameplay.png,0,enemy,1,0.519116,0.352895,0.015293,0.077716,Federico_sammelt__i_tried_the_new_season [C-SDrECvTa4],225,7.500000,1.0000,False,manual_box,photo_gameplay
Federico_sammelt_i_tried_the_new_season_[C-SDrECvTa4]_000225_b6453225_aug_photo_exposure_125b6271_aug_photo_gameplay.png,0,enemy,1,0.512744,0.424266,0.043331,0.128469,Federico_sammelt__i_tried_the_new_season [C-SDrECvTa4],225,7.500000,1.0000,False,manual_box,photo_gameplay
Federico_sammelt_i_tried_the_new_season_[C-SDrECvTa4]_000225_b6453225_aug_photo_exposure_125b6271_aug_photo_gameplay.png,1,player,1,0.375106,0.727597,0.167375,0.544806,Federico_sammelt__i_tried_the_new_season [C-SDrECvTa4],225,7.500000,1.0000,False,manual_box,photo_gameplay
Federico_sammelt_i_tried_the_new_season_[C-SDrECvTa4]_000225_b6453225_aug_photo_exposure_125b6271_aug_affine_mild.png,0,enemy,1,0.502561,0.371405,0.032240,0.070724,Federico_sammelt__i_tried_the_new_season [C-SDrECvTa4],225,7.500000,1.0000,False,manual_box,affine_mild
Federico_sammelt_i_tried_the_new_season_[C-SDrECvTa4]_000225_b6453225_aug_photo_exposure_125b6271_aug_affine_mild.png,0,enemy,1,0.531953,0.377282,0.017468,0.073661,Federico_sammelt__i_tried_the_new_season [C-SDrECvTa4],225,7.500000,1.0000,False,manual_box,affine_mild
Federico_sammelt_i_tried_the_new_season_[C-SDrECvTa4]_000225_b6453225_aug_photo_exposure_125b6271_aug_affine_mild.png,0,enemy,1,0.527014,0.444894,0.047426,0.121849,Federico_sammelt__i_tried_the_new_season [C-SDrECvTa4],225,7.500000,1.0000,False,manual_box,affine_mild
Federico_sammelt_i_tried_the_new_season_[C-SDrECvTa4]_000225_b6453225_aug_photo_exposure_125b6271_aug_affine_mild.png,1,player,1,0.392409,0.732756,0.184287,0.516655,Federico_sammelt__i_tried_the_new_season [C-SDrECvTa4],225,7.500000,1.0000,False,manual_box,affine_mild
Federico_sammelt_i_tried_the_new_season_[C-SDrECvTa4]_000225_b6453225_aug_photo_gameplay_9d56ba88_aug_original.png,0,enemy,1,0.490654,0.346550,0.029737,0.074544,Federico_sammelt__i_tried_the_new_season [C-SDrECvTa4],225,7.500000,1.0000,False,manual_box,original
Federico_sammelt_i_tried_the_new_season_[C-SDrECvTa4]_000225_b6453225_aug_photo_gameplay_9d56ba88_aug_original.png,0,enemy,1,0.519116,0.352895,0.015293,0.077716,Federico_sammelt__i_tried_the_new_season [C-SDrECvTa4],225,7.500000,1.0000,False,manual_box,original
Federico_sammelt_i_tried_the_new_season_[C-SDrECvTa4]_000225_b6453225_aug_photo_gameplay_9d56ba88_aug_original.png,0,enemy,1,0.512744,0.424266,0.043331,0.128469,Federico_sammelt__i_tried_the_new_season [C-SDrECvTa4],225,7.500000,1.0000,False,manual_box,original
Federico_sammelt_i_tried_the_new_season_[C-SDrECvTa4]_000225_b6453225_aug_photo_gameplay_9d56ba88_aug_original.png,1,player,1,0.375106,0.727597,0.167375,0.544806,Federico_sammelt__i_tried_the_new_season [C-SDrECvTa4],225,7.500000,1.0000,False,manual_box,original
Federico_sammelt_i_tried_the_new_season_[C-SDrECvTa4]_000225_b6453225_aug_photo_gameplay_9d56ba88_aug_photo_exposure.png,0,enemy,1,0.490654,0.346550,0.029737,0.074544,Federico_sammelt__i_tried_the_new_season [C-SDrECvTa4],225,7.500000,1.0000,False,manual_box,photo_exposure
Federico_sammelt_i_tried_the_new_season_[C-SDrECvTa4]_000225_b6453225_aug_photo_gameplay_9d56ba88_aug_photo_exposure.png,0,enemy,1,0.519116,0.352895,0.015293,0.077716,Federico_sammelt__i_tried_the_new_season [C-SDrECvTa4],225,7.500000,1.0000,False,manual_box,photo_exposure
Federico_sammelt_i_tried_the_new_season_[C-SDrECvTa4]_000225_b6453225_aug_photo_gameplay_9d56ba88_aug_photo_exposure.png,0,enemy,1,0.512744,0.424266,0.043331,0.128469,Federico_sammelt__i_tried_the_new_season [C-SDrECvTa4],225,7.500000,1.0000,False,manual_box,photo_exposure
Federico_sammelt_i_tried_the_new_season_[C-SDrECvTa4]_000225_b6453225_aug_photo_gameplay_9d56ba88_aug_photo_exposure.png,1,player,1,0.375106,0.727597,0.167375,0.544806,Federico_sammelt__i_tried_the_new_season [C-SDrECvTa4],225,7.500000,1.0000,False,manual_box,photo_exposure
Federico_sammelt_i_tried_the_new_season_[C-SDrECvTa4]_000225_b6453225_aug_photo_gameplay_9d56ba88_aug_photo_gameplay.png,0,enemy,1,0.490654,0.346550,0.029737,0.074544,Federico_sammelt__i_tried_the_new_season [C-SDrECvTa4],225,7.500000,1.0000,False,manual_box,photo_gameplay
Federico_sammelt_i_tried_the_new_season_[C-SDrECvTa4]_000225_b6453225_aug_photo_gameplay_9d56ba88_aug_photo_gameplay.png,0,enemy,1,0.519116,0.352895,0.015293,0.077716,Federico_sammelt__i_tried_the_new_season [C-SDrECvTa4],225,7.500000,1.0000,False,manual_box,photo_gameplay
Federico_sammelt_i_tried_the_new_season_[C-SDrECvTa4]_000225_b6453225_aug_photo_gameplay_9d56ba88_aug_photo_gameplay.png,0,enemy,1,0.512744,0.424266,0.043331,0.128469,Federico_sammelt__i_tried_the_new_season [C-SDrECvTa4],225,7.500000,1.0000,False,manual_box,photo_gameplay
Federico_sammelt_i_tried_the_new_season_[C-SDrECvTa4]_000225_b6453225_aug_photo_gameplay_9d56ba88_aug_photo_gameplay.png,1,player,1,0.375106,0.727597,0.167375,0.544806,Federico_sammelt__i_tried_the_new_season [C-SDrECvTa4],225,7.500000,1.0000,False,manual_box,photo_gameplay
Federico_sammelt_i_tried_the_new_season_[C-SDrECvTa4]_000225_b6453225_aug_photo_gameplay_9d56ba88_aug_affine_mild.png,0,enemy,1,0.474698,0.411856,0.033736,0.073892,Federico_sammelt__i_tried_the_new_season [C-SDrECvTa4],225,7.500000,1.0000,False,manual_box,affine_mild
Federico_sammelt_i_tried_the_new_season_[C-SDrECvTa4]_000225_b6453225_aug_photo_gameplay_9d56ba88_aug_affine_mild.png,0,enemy,1,0.444767,0.414452,0.018779,0.075164,Federico_sammelt__i_tried_the_new_season [C-SDrECvTa4],225,7.500000,1.0000,False,manual_box,affine_mild
Federico_sammelt_i_tried_the_new_season_[C-SDrECvTa4]_000225_b6453225_aug_photo_gameplay_9d56ba88_aug_affine_mild.png,0,enemy,1,0.448826,0.482565,0.049879,0.126402,Federico_sammelt__i_tried_the_new_season [C-SDrECvTa4],225,7.500000,1.0000,False,manual_box,affine_mild
Federico_sammelt_i_tried_the_new_season_[C-SDrECvTa4]_000225_b6453225_aug_photo_gameplay_9d56ba88_aug_affine_mild.png,1,player,1,0.581441,0.759091,0.194432,0.481819,Federico_sammelt__i_tried_the_new_season [C-SDrECvTa4],225,7.500000,1.0000,False,manual_box,affine_mild
Federico_sammelt_i_tried_the_new_season_[C-SDrECvTa4]_000225_b6453225_aug_affine_mild_58684e48_aug_original.png,0,enemy,1,0.429114,0.375573,0.030654,0.078243,Federico_sammelt__i_tried_the_new_season [C-SDrECvTa4],225,7.500000,1.0000,False,manual_box,original
Federico_sammelt_i_tried_the_new_season_[C-SDrECvTa4]_000225_b6453225_aug_affine_mild_58684e48_aug_original.png,0,enemy,1,0.456734,0.379562,0.016806,0.080218,Federico_sammelt__i_tried_the_new_season [C-SDrECvTa4],225,7.500000,1.0000,False,manual_box,original
Federico_sammelt_i_tried_the_new_season_[C-SDrECvTa4]_000225_b6453225_aug_affine_mild_58684e48_aug_original.png,0,enemy,1,0.452476,0.452569,0.045192,0.134161,Federico_sammelt__i_tried_the_new_season [C-SDrECvTa4],225,7.500000,1.0000,False,manual_box,original
Federico_sammelt_i_tried_the_new_season_[C-SDrECvTa4]_000225_b6453225_aug_affine_mild_58684e48_aug_original.png,1,player,1,0.327745,0.744309,0.175847,0.511382,Federico_sammelt__i_tried_the_new_season [C-SDrECvTa4],225,7.500000,1.0000,False,manual_box,original
Federico_sammelt_i_tried_the_new_season_[C-SDrECvTa4]_000225_b6453225_aug_affine_mild_58684e48_aug_photo_exposure.png,0,enemy,1,0.429114,0.375573,0.030654,0.078243,Federico_sammelt__i_tried_the_new_season [C-SDrECvTa4],225,7.500000,1.0000,False,manual_box,photo_exposure
Federico_sammelt_i_tried_the_new_season_[C-SDrECvTa4]_000225_b6453225_aug_affine_mild_58684e48_aug_photo_exposure.png,0,enemy,1,0.456734,0.379562,0.016806,0.080218,Federico_sammelt__i_tried_the_new_season [C-SDrECvTa4],225,7.500000,1.0000,False,manual_box,photo_exposure
Federico_sammelt_i_tried_the_new_season_[C-SDrECvTa4]_000225_b6453225_aug_affine_mild_58684e48_aug_photo_exposure.png,0,enemy,1,0.452476,0.452569,0.045192,0.134161,Federico_sammelt__i_tried_the_new_season [C-SDrECvTa4],225,7.500000,1.0000,False,manual_box,photo_exposure
Federico_sammelt_i_tried_the_new_season_[C-SDrECvTa4]_000225_b6453225_aug_affine_mild_58684e48_aug_photo_exposure.png,1,player,1,0.327745,0.744309,0.175847,0.511382,Federico_sammelt__i_tried_the_new_season [C-SDrECvTa4],225,7.500000,1.0000,False,manual_box,photo_exposure
Federico_sammelt_i_tried_the_new_season_[C-SDrECvTa4]_000225_b6453225_aug_affine_mild_58684e48_aug_photo_gameplay.png,0,enemy,1,0.429114,0.375573,0.030654,0.078243,Federico_sammelt__i_tried_the_new_season [C-SDrECvTa4],225,7.500000,1.0000,False,manual_box,photo_gameplay
Federico_sammelt_i_tried_the_new_season_[C-SDrECvTa4]_000225_b6453225_aug_affine_mild_58684e48_aug_photo_gameplay.png,0,enemy,1,0.456734,0.379562,0.016806,0.080218,Federico_sammelt__i_tried_the_new_season [C-SDrECvTa4],225,7.500000,1.0000,False,manual_box,photo_gameplay
Federico_sammelt_i_tried_the_new_season_[C-SDrECvTa4]_000225_b6453225_aug_affine_mild_58684e48_aug_photo_gameplay.png,0,enemy,1,0.452476,0.452569,0.045192,0.134161,Federico_sammelt__i_tried_the_new_season [C-SDrECvTa4],225,7.500000,1.0000,False,manual_box,photo_gameplay
Federico_sammelt_i_tried_the_new_season_[C-SDrECvTa4]_000225_b6453225_aug_affine_mild_58684e48_aug_photo_gameplay.png,1,player,1,0.327745,0.744309,0.175847,0.511382,Federico_sammelt__i_tried_the_new_season [C-SDrECvTa4],225,7.500000,1.0000,False,manual_box,photo_gameplay
Federico_sammelt_i_tried_the_new_season_[C-SDrECvTa4]_000225_b6453225_aug_affine_mild_58684e48_aug_affine_mild.png,0,enemy,1,0.600594,0.381541,0.034331,0.082468,Federico_sammelt__i_tried_the_new_season [C-SDrECvTa4],225,7.500000,1.0000,False,manual_box,affine_mild
Federico_sammelt_i_tried_the_new_season_[C-SDrECvTa4]_000225_b6453225_aug_affine_mild_58684e48_aug_affine_mild.png,0,enemy,1,0.572492,0.387160,0.020241,0.083756,Federico_sammelt__i_tried_the_new_season [C-SDrECvTa4],225,7.500000,1.0000,False,manual_box,affine_mild
Federico_sammelt_i_tried_the_new_season_[C-SDrECvTa4]_000225_b6453225_aug_affine_mild_58684e48_aug_affine_mild.png,0,enemy,1,0.579623,0.462325,0.051328,0.141005,Federico_sammelt__i_tried_the_new_season [C-SDrECvTa4],225,7.500000,1.0000,False,manual_box,affine_mild
Federico_sammelt_i_tried_the_new_season_[C-SDrECvTa4]_000225_b6453225_aug_affine_mild_58684e48_aug_affine_mild.png,1,player,1,0.718304,0.744003,0.199318,0.511993,Federico_sammelt__i_tried_the_new_season [C-SDrECvTa4],225,7.500000,1.0000,False,manual_box,affine_mild
Federico_sammelt_i_tried_the_new_season_[C-SDrECvTa4]_000240_18b08390_aug_original_eddff9fb_aug_original.png,1,player,1,0.405692,0.703807,0.138488,0.592386,Federico_sammelt__i_tried_the_new_season [C-SDrECvTa4],240,8.000000,1.0000,False,manual_box,original
Federico_sammelt_i_tried_the_new_season_[C-SDrECvTa4]_000240_18b08390_aug_original_eddff9fb_aug_original.png,0,enemy,1,0.528037,0.521808,0.065421,0.130056,Federico_sammelt__i_tried_the_new_season [C-SDrECvTa4],240,8.000000,1.0000,False,manual_box,original
Federico_sammelt_i_tried_the_new_season_[C-SDrECvTa4]_000240_18b08390_aug_original_eddff9fb_aug_original.png,0,enemy,1,0.601105,0.367169,0.021240,0.065028,Federico_sammelt__i_tried_the_new_season [C-SDrECvTa4],240,8.000000,1.0000,False,manual_box,original
Federico_sammelt_i_tried_the_new_season_[C-SDrECvTa4]_000240_18b08390_aug_original_eddff9fb_aug_original.png,0,enemy,1,0.554376,0.270420,0.033135,0.074544,Federico_sammelt__i_tried_the_new_season [C-SDrECvTa4],240,8.000000,1.0000,False,manual_box,original
Federico_sammelt_i_tried_the_new_season_[C-SDrECvTa4]_000240_18b08390_aug_original_eddff9fb_aug_original.png,0,enemy,1,0.526338,0.362411,0.026338,0.084060,Federico_sammelt__i_tried_the_new_season [C-SDrECvTa4],240,8.000000,1.0000,False,manual_box,original
Federico_sammelt_i_tried_the_new_season_[C-SDrECvTa4]_000240_18b08390_aug_original_eddff9fb_aug_original.png,0,enemy,1,0.498726,0.355274,0.025489,0.082474,Federico_sammelt__i_tried_the_new_season [C-SDrECvTa4],240,8.000000,1.0000,False,manual_box,original
Federico_sammelt_i_tried_the_new_season_[C-SDrECvTa4]_000240_18b08390_aug_original_eddff9fb_aug_photo_exposure.png,1,player,1,0.405692,0.703807,0.138488,0.592386,Federico_sammelt__i_tried_the_new_season [C-SDrECvTa4],240,8.000000,1.0000,False,manual_box,photo_exposure
Federico_sammelt_i_tried_the_new_season_[C-SDrECvTa4]_000240_18b08390_aug_original_eddff9fb_aug_photo_exposure.png,0,enemy,1,0.528037,0.521808,0.065421,0.130056,Federico_sammelt__i_tried_the_new_season [C-SDrECvTa4],240,8.000000,1.0000,False,manual_box,photo_exposure
Federico_sammelt_i_tried_the_new_season_[C-SDrECvTa4]_000240_18b08390_aug_original_eddff9fb_aug_photo_exposure.png,0,enemy,1,0.601105,0.367169,0.021240,0.065028,Federico_sammelt__i_tried_the_new_season [C-SDrECvTa4],240,8.000000,1.0000,False,manual_box,photo_exposure
Federico_sammelt_i_tried_the_new_season_[C-SDrECvTa4]_000240_18b08390_aug_original_eddff9fb_aug_photo_exposure.png,0,enemy,1,0.554376,0.270420,0.033135,0.074544,Federico_sammelt__i_tried_the_new_season [C-SDrECvTa4],240,8.000000,1.0000,False,manual_box,photo_exposure
Federico_sammelt_i_tried_the_new_season_[C-SDrECvTa4]_000240_18b08390_aug_original_eddff9fb_aug_photo_exposure.png,0,enemy,1,0.526338,0.362411,0.026338,0.084060,Federico_sammelt__i_tried_the_new_season [C-SDrECvTa4],240,8.000000,1.0000,False,manual_box,photo_exposure
Federico_sammelt_i_tried_the_new_season_[C-SDrECvTa4]_000240_18b08390_aug_original_eddff9fb_aug_photo_exposure.png,0,enemy,1,0.498726,0.355274,0.025489,0.082474,Federico_sammelt__i_tried_the_new_season [C-SDrECvTa4],240,8.000000,1.0000,False,manual_box,photo_exposure
Federico_sammelt_i_tried_the_new_season_[C-SDrECvTa4]_000240_18b08390_aug_original_eddff9fb_aug_photo_gameplay.png,1,player,1,0.405692,0.703807,0.138488,0.592386,Federico_sammelt__i_tried_the_new_season [C-SDrECvTa4],240,8.000000,1.0000,False,manual_box,photo_gameplay
Federico_sammelt_i_tried_the_new_season_[C-SDrECvTa4]_000240_18b08390_aug_original_eddff9fb_aug_photo_gameplay.png,0,enemy,1,0.528037,0.521808,0.065421,0.130056,Federico_sammelt__i_tried_the_new_season [C-SDrECvTa4],240,8.000000,1.0000,False,manual_box,photo_gameplay
Federico_sammelt_i_tried_the_new_season_[C-SDrECvTa4]_000240_18b08390_aug_original_eddff9fb_aug_photo_gameplay.png,0,enemy,1,0.601105,0.367169,0.021240,0.065028,Federico_sammelt__i_tried_the_new_season [C-SDrECvTa4],240,8.000000,1.0000,False,manual_box,photo_gameplay
Federico_sammelt_i_tried_the_new_season_[C-SDrECvTa4]_000240_18b08390_aug_original_eddff9fb_aug_photo_gameplay.png,0,enemy,1,0.554376,0.270420,0.033135,0.074544,Federico_sammelt__i_tried_the_new_season [C-SDrECvTa4],240,8.000000,1.0000,False,manual_box,photo_gameplay
Federico_sammelt_i_tried_the_new_season_[C-SDrECvTa4]_000240_18b08390_aug_original_eddff9fb_aug_photo_gameplay.png,0,enemy,1,0.526338,0.362411,0.026338,0.084060,Federico_sammelt__i_tried_the_new_season [C-SDrECvTa4],240,8.000000,1.0000,False,manual_box,photo_gameplay
Federico_sammelt_i_tried_the_new_season_[C-SDrECvTa4]_000240_18b08390_aug_original_eddff9fb_aug_photo_gameplay.png,0,enemy,1,0.498726,0.355274,0.025489,0.082474,Federico_sammelt__i_tried_the_new_season [C-SDrECvTa4],240,8.000000,1.0000,False,manual_box,photo_gameplay
Federico_sammelt_i_tried_the_new_season_[C-SDrECvTa4]_000240_18b08390_aug_original_eddff9fb_aug_affine_mild.png,1,player,1,0.544622,0.687223,0.153040,0.562202,Federico_sammelt__i_tried_the_new_season [C-SDrECvTa4],240,8.000000,1.0000,False,manual_box,affine_mild
Federico_sammelt_i_tried_the_new_season_[C-SDrECvTa4]_000240_18b08390_aug_original_eddff9fb_aug_affine_mild.png,0,enemy,1,0.423159,0.534605,0.066267,0.127699,Federico_sammelt__i_tried_the_new_season [C-SDrECvTa4],240,8.000000,1.0000,False,manual_box,affine_mild
Federico_sammelt_i_tried_the_new_season_[C-SDrECvTa4]_000240_18b08390_aug_original_eddff9fb_aug_affine_mild.png,0,enemy,1,0.348768,0.401164,0.022432,0.062451,Federico_sammelt__i_tried_the_new_season [C-SDrECvTa4],240,8.000000,1.0000,False,manual_box,affine_mild
Federico_sammelt_i_tried_the_new_season_[C-SDrECvTa4]_000240_18b08390_aug_original_eddff9fb_aug_affine_mild.png,0,enemy,1,0.388469,0.306404,0.033913,0.072661,Federico_sammelt__i_tried_the_new_season [C-SDrECvTa4],240,8.000000,1.0000,False,manual_box,affine_mild
Federico_sammelt_i_tried_the_new_season_[C-SDrECvTa4]_000240_18b08390_aug_original_eddff9fb_aug_affine_mild.png,0,enemy,1,0.418329,0.387667,0.027955,0.080592,Federico_sammelt__i_tried_the_new_season [C-SDrECvTa4],240,8.000000,1.0000,False,manual_box,affine_mild
Federico_sammelt_i_tried_the_new_season_[C-SDrECvTa4]_000240_18b08390_aug_original_eddff9fb_aug_affine_mild.png,0,enemy,1,0.443802,0.377730,0.027099,0.079029,Federico_sammelt__i_tried_the_new_season [C-SDrECvTa4],240,8.000000,1.0000,False,manual_box,affine_mild
Federico_sammelt_i_tried_the_new_season_[C-SDrECvTa4]_000240_18b08390_aug_photo_exposure_cb7f2a7d_aug_original.png,1,player,1,0.405692,0.703807,0.138488,0.592386,Federico_sammelt__i_tried_the_new_season [C-SDrECvTa4],240,8.000000,1.0000,False,manual_box,original
Federico_sammelt_i_tried_the_new_season_[C-SDrECvTa4]_000240_18b08390_aug_photo_exposure_cb7f2a7d_aug_original.png,0,enemy,1,0.528037,0.521808,0.065421,0.130056,Federico_sammelt__i_tried_the_new_season [C-SDrECvTa4],240,8.000000,1.0000,False,manual_box,original
Federico_sammelt_i_tried_the_new_season_[C-SDrECvTa4]_000240_18b08390_aug_photo_exposure_cb7f2a7d_aug_original.png,0,enemy,1,0.601105,0.367169,0.021240,0.065028,Federico_sammelt__i_tried_the_new_season [C-SDrECvTa4],240,8.000000,1.0000,False,manual_box,original
Federico_sammelt_i_tried_the_new_season_[C-SDrECvTa4]_000240_18b08390_aug_photo_exposure_cb7f2a7d_aug_original.png,0,enemy,1,0.554376,0.270420,0.033135,0.074544,Federico_sammelt__i_tried_the_new_season [C-SDrECvTa4],240,8.000000,1.0000,False,manual_box,original
Federico_sammelt_i_tried_the_new_season_[C-SDrECvTa4]_000240_18b08390_aug_photo_exposure_cb7f2a7d_aug_original.png,0,enemy,1,0.526338,0.362411,0.026338,0.084060,Federico_sammelt__i_tried_the_new_season [C-SDrECvTa4],240,8.000000,1.0000,False,manual_box,original
Federico_sammelt_i_tried_the_new_season_[C-SDrECvTa4]_000240_18b08390_aug_photo_exposure_cb7f2a7d_aug_original.png,0,enemy,1,0.498726,0.355274,0.025489,0.082474,Federico_sammelt__i_tried_the_new_season [C-SDrECvTa4],240,8.000000,1.0000,False,manual_box,original
Federico_sammelt_i_tried_the_new_season_[C-SDrECvTa4]_000240_18b08390_aug_photo_exposure_cb7f2a7d_aug_photo_exposure.png,1,player,1,0.405692,0.703807,0.138488,0.592386,Federico_sammelt__i_tried_the_new_season [C-SDrECvTa4],240,8.000000,1.0000,False,manual_box,photo_exposure
Federico_sammelt_i_tried_the_new_season_[C-SDrECvTa4]_000240_18b08390_aug_photo_exposure_cb7f2a7d_aug_photo_exposure.png,0,enemy,1,0.528037,0.521808,0.065421,0.130056,Federico_sammelt__i_tried_the_new_season [C-SDrECvTa4],240,8.000000,1.0000,False,manual_box,photo_exposure
Federico_sammelt_i_tried_the_new_season_[C-SDrECvTa4]_000240_18b08390_aug_photo_exposure_cb7f2a7d_aug_photo_exposure.png,0,enemy,1,0.601105,0.367169,0.021240,0.065028,Federico_sammelt__i_tried_the_new_season [C-SDrECvTa4],240,8.000000,1.0000,False,manual_box,photo_exposure
Federico_sammelt_i_tried_the_new_season_[C-SDrECvTa4]_000240_18b08390_aug_photo_exposure_cb7f2a7d_aug_photo_exposure.png,0,enemy,1,0.554376,0.270420,0.033135,0.074544,Federico_sammelt__i_tried_the_new_season [C-SDrECvTa4],240,8.000000,1.0000,False,manual_box,photo_exposure
Federico_sammelt_i_tried_the_new_season_[C-SDrECvTa4]_000240_18b08390_aug_photo_exposure_cb7f2a7d_aug_photo_exposure.png,0,enemy,1,0.526338,0.362411,0.026338,0.084060,Federico_sammelt__i_tried_the_new_season [C-SDrECvTa4],240,8.000000,1.0000,False,manual_box,photo_exposure
Federico_sammelt_i_tried_the_new_season_[C-SDrECvTa4]_000240_18b08390_aug_photo_exposure_cb7f2a7d_aug_photo_exposure.png,0,enemy,1,0.498726,0.355274,0.025489,0.082474,Federico_sammelt__i_tried_the_new_season [C-SDrECvTa4],240,8.000000,1.0000,False,manual_box,photo_exposure
Federico_sammelt_i_tried_the_new_season_[C-SDrECvTa4]_000240_18b08390_aug_photo_exposure_cb7f2a7d_aug_photo_gameplay.png,1,player,1,0.405692,0.703807,0.138488,0.592386,Federico_sammelt__i_tried_the_new_season [C-SDrECvTa4],240,8.000000,1.0000,False,manual_box,photo_gameplay
Federico_sammelt_i_tried_the_new_season_[C-SDrECvTa4]_000240_18b08390_aug_photo_exposure_cb7f2a7d_aug_photo_gameplay.png,0,enemy,1,0.528037,0.521808,0.065421,0.130056,Federico_sammelt__i_tried_the_new_season [C-SDrECvTa4],240,8.000000,1.0000,False,manual_box,photo_gameplay
Federico_sammelt_i_tried_the_new_season_[C-SDrECvTa4]_000240_18b08390_aug_photo_exposure_cb7f2a7d_aug_photo_gameplay.png,0,enemy,1,0.601105,0.367169,0.021240,0.065028,Federico_sammelt__i_tried_the_new_season [C-SDrECvTa4],240,8.000000,1.0000,False,manual_box,photo_gameplay
Federico_sammelt_i_tried_the_new_season_[C-SDrECvTa4]_000240_18b08390_aug_photo_exposure_cb7f2a7d_aug_photo_gameplay.png,0,enemy,1,0.554376,0.270420,0.033135,0.074544,Federico_sammelt__i_tried_the_new_season [C-SDrECvTa4],240,8.000000,1.0000,False,manual_box,photo_gameplay
Federico_sammelt_i_tried_the_new_season_[C-SDrECvTa4]_000240_18b08390_aug_photo_exposure_cb7f2a7d_aug_photo_gameplay.png,0,enemy,1,0.526338,0.362411,0.026338,0.084060,Federico_sammelt__i_tried_the_new_season [C-SDrECvTa4],240,8.000000,1.0000,False,manual_box,photo_gameplay
Federico_sammelt_i_tried_the_new_season_[C-SDrECvTa4]_000240_18b08390_aug_photo_exposure_cb7f2a7d_aug_photo_gameplay.png,0,enemy,1,0.498726,0.355274,0.025489,0.082474,Federico_sammelt__i_tried_the_new_season [C-SDrECvTa4],240,8.000000,1.0000,False,manual_box,photo_gameplay
Federico_sammelt_i_tried_the_new_season_[C-SDrECvTa4]_000240_18b08390_aug_photo_exposure_cb7f2a7d_aug_affine_mild.png,1,player,1,0.562479,0.695341,0.147169,0.609319,Federico_sammelt__i_tried_the_new_season [C-SDrECvTa4],240,8.000000,1.0000,False,manual_box,affine_mild
Federico_sammelt_i_tried_the_new_season_[C-SDrECvTa4]_000240_18b08390_aug_photo_exposure_cb7f2a7d_aug_affine_mild.png,0,enemy,1,0.435549,0.521828,0.068168,0.141503,Federico_sammelt__i_tried_the_new_season [C-SDrECvTa4],240,8.000000,1.0000,False,manual_box,affine_mild
Federico_sammelt_i_tried_the_new_season_[C-SDrECvTa4]_000240_18b08390_aug_photo_exposure_cb7f2a7d_aug_affine_mild.png,0,enemy,1,0.359327,0.361339,0.022338,0.070161,Federico_sammelt__i_tried_the_new_season [C-SDrECvTa4],240,8.000000,1.0000,False,manual_box,affine_mild
Federico_sammelt_i_tried_the_new_season_[C-SDrECvTa4]_000240_18b08390_aug_photo_exposure_cb7f2a7d_aug_affine_mild.png,0,enemy,1,0.406305,0.256174,0.034605,0.080881,Federico_sammelt__i_tried_the_new_season [C-SDrECvTa4],240,8.000000,1.0000,False,manual_box,affine_mild
Federico_sammelt_i_tried_the_new_season_[C-SDrECvTa4]_000240_18b08390_aug_photo_exposure_cb7f2a7d_aug_affine_mild.png,0,enemy,1,0.435848,0.352439,0.027731,0.090638,Federico_sammelt__i_tried_the_new_season [C-SDrECvTa4],240,8.000000,1.0000,False,manual_box,affine_mild
Federico_sammelt_i_tried_the_new_season_[C-SDrECvTa4]_000240_18b08390_aug_photo_exposure_cb7f2a7d_aug_affine_mild.png,0,enemy,1,0.464059,0.343438,0.026847,0.088910,Federico_sammelt__i_tried_the_new_season [C-SDrECvTa4],240,8.000000,1.0000,False,manual_box,affine_mild
Federico_sammelt_i_tried_the_new_season_[C-SDrECvTa4]_000240_18b08390_aug_photo_gameplay_4f5e43d0_aug_original.png,1,player,1,0.405692,0.703807,0.138488,0.592386,Federico_sammelt__i_tried_the_new_season [C-SDrECvTa4],240,8.000000,1.0000,False,manual_box,original
Federico_sammelt_i_tried_the_new_season_[C-SDrECvTa4]_000240_18b08390_aug_photo_gameplay_4f5e43d0_aug_original.png,0,enemy,1,0.528037,0.521808,0.065421,0.130056,Federico_sammelt__i_tried_the_new_season [C-SDrECvTa4],240,8.000000,1.0000,False,manual_box,original
Federico_sammelt_i_tried_the_new_season_[C-SDrECvTa4]_000240_18b08390_aug_photo_gameplay_4f5e43d0_aug_original.png,0,enemy,1,0.601105,0.367169,0.021240,0.065028,Federico_sammelt__i_tried_the_new_season [C-SDrECvTa4],240,8.000000,1.0000,False,manual_box,original
Federico_sammelt_i_tried_the_new_season_[C-SDrECvTa4]_000240_18b08390_aug_photo_gameplay_4f5e43d0_aug_original.png,0,enemy,1,0.554376,0.270420,0.033135,0.074544,Federico_sammelt__i_tried_the_new_season [C-SDrECvTa4],240,8.000000,1.0000,False,manual_box,original
Federico_sammelt_i_tried_the_new_season_[C-SDrECvTa4]_000240_18b08390_aug_photo_gameplay_4f5e43d0_aug_original.png,0,enemy,1,0.526338,0.362411,0.026338,0.084060,Federico_sammelt__i_tried_the_new_season [C-SDrECvTa4],240,8.000000,1.0000,False,manual_box,original
Federico_sammelt_i_tried_the_new_season_[C-SDrECvTa4]_000240_18b08390_aug_photo_gameplay_4f5e43d0_aug_original.png,0,enemy,1,0.498726,0.355274,0.025489,0.082474,Federico_sammelt__i_tried_the_new_season [C-SDrECvTa4],240,8.000000,1.0000,False,manual_box,original
Federico_sammelt_i_tried_the_new_season_[C-SDrECvTa4]_000240_18b08390_aug_photo_gameplay_4f5e43d0_aug_photo_exposure.png,1,player,1,0.405692,0.703807,0.138488,0.592386,Federico_sammelt__i_tried_the_new_season [C-SDrECvTa4],240,8.000000,1.0000,False,manual_box,photo_exposure
Federico_sammelt_i_tried_the_new_season_[C-SDrECvTa4]_000240_18b08390_aug_photo_gameplay_4f5e43d0_aug_photo_exposure.png,0,enemy,1,0.528037,0.521808,0.065421,0.130056,Federico_sammelt__i_tried_the_new_season [C-SDrECvTa4],240,8.000000,1.0000,False,manual_box,photo_exposure
Federico_sammelt_i_tried_the_new_season_[C-SDrECvTa4]_000240_18b08390_aug_photo_gameplay_4f5e43d0_aug_photo_exposure.png,0,enemy,1,0.601105,0.367169,0.021240,0.065028,Federico_sammelt__i_tried_the_new_season [C-SDrECvTa4],240,8.000000,1.0000,False,manual_box,photo_exposure
Federico_sammelt_i_tried_the_new_season_[C-SDrECvTa4]_000240_18b08390_aug_photo_gameplay_4f5e43d0_aug_photo_exposure.png,0,enemy,1,0.554376,0.270420,0.033135,0.074544,Federico_sammelt__i_tried_the_new_season [C-SDrECvTa4],240,8.000000,1.0000,False,manual_box,photo_exposure
Federico_sammelt_i_tried_the_new_season_[C-SDrECvTa4]_000240_18b08390_aug_photo_gameplay_4f5e43d0_aug_photo_exposure.png,0,enemy,1,0.526338,0.362411,0.026338,0.084060,Federico_sammelt__i_tried_the_new_season [C-SDrECvTa4],240,8.000000,1.0000,False,manual_box,photo_exposure
Federico_sammelt_i_tried_the_new_season_[C-SDrECvTa4]_000240_18b08390_aug_photo_gameplay_4f5e43d0_aug_photo_exposure.png,0,enemy,1,0.498726,0.355274,0.025489,0.082474,Federico_sammelt__i_tried_the_new_season [C-SDrECvTa4],240,8.000000,1.0000,False,manual_box,photo_exposure
Federico_sammelt_i_tried_the_new_season_[C-SDrECvTa4]_000240_18b08390_aug_photo_gameplay_4f5e43d0_aug_photo_gameplay.png,1,player,1,0.405692,0.703807,0.138488,0.592386,Federico_sammelt__i_tried_the_new_season [C-SDrECvTa4],240,8.000000,1.0000,False,manual_box,photo_gameplay
Federico_sammelt_i_tried_the_new_season_[C-SDrECvTa4]_000240_18b08390_aug_photo_gameplay_4f5e43d0_aug_photo_gameplay.png,0,enemy,1,0.528037,0.521808,0.065421,0.130056,Federico_sammelt__i_tried_the_new_season [C-SDrECvTa4],240,8.000000,1.0000,False,manual_box,photo_gameplay
Federico_sammelt_i_tried_the_new_season_[C-SDrECvTa4]_000240_18b08390_aug_photo_gameplay_4f5e43d0_aug_photo_gameplay.png,0,enemy,1,0.601105,0.367169,0.021240,0.065028,Federico_sammelt__i_tried_the_new_season [C-SDrECvTa4],240,8.000000,1.0000,False,manual_box,photo_gameplay
Federico_sammelt_i_tried_the_new_season_[C-SDrECvTa4]_000240_18b08390_aug_photo_gameplay_4f5e43d0_aug_photo_gameplay.png,0,enemy,1,0.554376,0.270420,0.033135,0.074544,Federico_sammelt__i_tried_the_new_season [C-SDrECvTa4],240,8.000000,1.0000,False,manual_box,photo_gameplay
Federico_sammelt_i_tried_the_new_season_[C-SDrECvTa4]_000240_18b08390_aug_photo_gameplay_4f5e43d0_aug_photo_gameplay.png,0,enemy,1,0.526338,0.362411,0.026338,0.084060,Federico_sammelt__i_tried_the_new_season [C-SDrECvTa4],240,8.000000,1.0000,False,manual_box,photo_gameplay
Federico_sammelt_i_tried_the_new_season_[C-SDrECvTa4]_000240_18b08390_aug_photo_gameplay_4f5e43d0_aug_photo_gameplay.png,0,enemy,1,0.498726,0.355274,0.025489,0.082474,Federico_sammelt__i_tried_the_new_season [C-SDrECvTa4],240,8.000000,1.0000,False,manual_box,photo_gameplay
Federico_sammelt_i_tried_the_new_season_[C-SDrECvTa4]_000240_18b08390_aug_photo_gameplay_4f5e43d0_aug_affine_mild.png,1,player,1,0.551500,0.696567,0.146278,0.606866,Federico_sammelt__i_tried_the_new_season [C-SDrECvTa4],240,8.000000,1.0000,False,manual_box,affine_mild
Federico_sammelt_i_tried_the_new_season_[C-SDrECvTa4]_000240_18b08390_aug_photo_gameplay_4f5e43d0_aug_affine_mild.png,0,enemy,1,0.429734,0.514772,0.065827,0.139407,Federico_sammelt__i_tried_the_new_season [C-SDrECvTa4],240,8.000000,1.0000,False,manual_box,affine_mild
Federico_sammelt_i_tried_the_new_season_[C-SDrECvTa4]_000240_18b08390_aug_photo_gameplay_4f5e43d0_aug_affine_mild.png,0,enemy,1,0.356007,0.349048,0.021870,0.069624,Federico_sammelt__i_tried_the_new_season [C-SDrECvTa4],240,8.000000,1.0000,False,manual_box,affine_mild
Federico_sammelt_i_tried_the_new_season_[C-SDrECvTa4]_000240_18b08390_aug_photo_gameplay_4f5e43d0_aug_affine_mild.png,0,enemy,1,0.398881,0.246004,0.033530,0.079873,Federico_sammelt__i_tried_the_new_season [C-SDrECvTa4],240,8.000000,1.0000,False,manual_box,affine_mild
Federico_sammelt_i_tried_the_new_season_[C-SDrECvTa4]_000240_18b08390_aug_photo_gameplay_4f5e43d0_aug_affine_mild.png,0,enemy,1,0.427886,0.344482,0.027194,0.089993,Federico_sammelt__i_tried_the_new_season [C-SDrECvTa4],240,8.000000,1.0000,False,manual_box,affine_mild
Federico_sammelt_i_tried_the_new_season_[C-SDrECvTa4]_000240_18b08390_aug_photo_gameplay_4f5e43d0_aug_affine_mild.png,0,enemy,1,0.454313,0.337048,0.026342,0.088293,Federico_sammelt__i_tried_the_new_season [C-SDrECvTa4],240,8.000000,1.0000,False,manual_box,affine_mild
Federico_sammelt_i_tried_the_new_season_[C-SDrECvTa4]_000240_18b08390_aug_affine_mild_6ebfc892_aug_original.png,1,player,1,0.631680,0.692000,0.151425,0.606261,Federico_sammelt__i_tried_the_new_season [C-SDrECvTa4],240,8.000000,1.0000,False,manual_box,original
Federico_sammelt_i_tried_the_new_season_[C-SDrECvTa4]_000240_18b08390_aug_affine_mild_6ebfc892_aug_original.png,0,enemy,1,0.519178,0.496090,0.067015,0.137336,Federico_sammelt__i_tried_the_new_season [C-SDrECvTa4],240,8.000000,1.0000,False,manual_box,original
Federico_sammelt_i_tried_the_new_season_[C-SDrECvTa4]_000240_18b08390_aug_affine_mild_6ebfc892_aug_original.png,0,enemy,1,0.453375,0.333366,0.022445,0.067281,Federico_sammelt__i_tried_the_new_season [C-SDrECvTa4],240,8.000000,1.0000,False,manual_box,original
Federico_sammelt_i_tried_the_new_season_[C-SDrECvTa4]_000240_18b08390_aug_affine_mild_6ebfc892_aug_original.png,0,enemy,1,0.501358,0.242736,0.034204,0.078189,Federico_sammelt__i_tried_the_new_season [C-SDrECvTa4],240,8.000000,1.0000,False,manual_box,original
Federico_sammelt_i_tried_the_new_season_[C-SDrECvTa4]_000240_18b08390_aug_affine_mild_6ebfc892_aug_original.png,0,enemy,1,0.525624,0.337671,0.027936,0.086837,Federico_sammelt__i_tried_the_new_season [C-SDrECvTa4],240,8.000000,1.0000,False,manual_box,original
Federico_sammelt_i_tried_the_new_season_[C-SDrECvTa4]_000240_18b08390_aug_affine_mild_6ebfc892_aug_original.png,0,enemy,1,0.552469,0.333907,0.027069,0.085156,Federico_sammelt__i_tried_the_new_season [C-SDrECvTa4],240,8.000000,1.0000,False,manual_box,original
Federico_sammelt_i_tried_the_new_season_[C-SDrECvTa4]_000240_18b08390_aug_affine_mild_6ebfc892_aug_photo_exposure.png,1,player,1,0.631680,0.692000,0.151425,0.606261,Federico_sammelt__i_tried_the_new_season [C-SDrECvTa4],240,8.000000,1.0000,False,manual_box,photo_exposure
Federico_sammelt_i_tried_the_new_season_[C-SDrECvTa4]_000240_18b08390_aug_affine_mild_6ebfc892_aug_photo_exposure.png,0,enemy,1,0.519178,0.496090,0.067015,0.137336,Federico_sammelt__i_tried_the_new_season [C-SDrECvTa4],240,8.000000,1.0000,False,manual_box,photo_exposure
Federico_sammelt_i_tried_the_new_season_[C-SDrECvTa4]_000240_18b08390_aug_affine_mild_6ebfc892_aug_photo_exposure.png,0,enemy,1,0.453375,0.333366,0.022445,0.067281,Federico_sammelt__i_tried_the_new_season [C-SDrECvTa4],240,8.000000,1.0000,False,manual_box,photo_exposure
Federico_sammelt_i_tried_the_new_season_[C-SDrECvTa4]_000240_18b08390_aug_affine_mild_6ebfc892_aug_photo_exposure.png,0,enemy,1,0.501358,0.242736,0.034204,0.078189,Federico_sammelt__i_tried_the_new_season [C-SDrECvTa4],240,8.000000,1.0000,False,manual_box,photo_exposure
Federico_sammelt_i_tried_the_new_season_[C-SDrECvTa4]_000240_18b08390_aug_affine_mild_6ebfc892_aug_photo_exposure.png,0,enemy,1,0.525624,0.337671,0.027936,0.086837,Federico_sammelt__i_tried_the_new_season [C-SDrECvTa4],240,8.000000,1.0000,False,manual_box,photo_exposure
Federico_sammelt_i_tried_the_new_season_[C-SDrECvTa4]_000240_18b08390_aug_affine_mild_6ebfc892_aug_photo_exposure.png,0,enemy,1,0.552469,0.333907,0.027069,0.085156,Federico_sammelt__i_tried_the_new_season [C-SDrECvTa4],240,8.000000,1.0000,False,manual_box,photo_exposure
Federico_sammelt_i_tried_the_new_season_[C-SDrECvTa4]_000240_18b08390_aug_affine_mild_6ebfc892_aug_photo_gameplay.png,1,player,1,0.631680,0.692000,0.151425,0.606261,Federico_sammelt__i_tried_the_new_season [C-SDrECvTa4],240,8.000000,1.0000,False,manual_box,photo_gameplay
Federico_sammelt_i_tried_the_new_season_[C-SDrECvTa4]_000240_18b08390_aug_affine_mild_6ebfc892_aug_photo_gameplay.png,0,enemy,1,0.519178,0.496090,0.067015,0.137336,Federico_sammelt__i_tried_the_new_season [C-SDrECvTa4],240,8.000000,1.0000,False,manual_box,photo_gameplay
Federico_sammelt_i_tried_the_new_season_[C-SDrECvTa4]_000240_18b08390_aug_affine_mild_6ebfc892_aug_photo_gameplay.png,0,enemy,1,0.453375,0.333366,0.022445,0.067281,Federico_sammelt__i_tried_the_new_season [C-SDrECvTa4],240,8.000000,1.0000,False,manual_box,photo_gameplay
Federico_sammelt_i_tried_the_new_season_[C-SDrECvTa4]_000240_18b08390_aug_affine_mild_6ebfc892_aug_photo_gameplay.png,0,enemy,1,0.501358,0.242736,0.034204,0.078189,Federico_sammelt__i_tried_the_new_season [C-SDrECvTa4],240,8.000000,1.0000,False,manual_box,photo_gameplay
Federico_sammelt_i_tried_the_new_season_[C-SDrECvTa4]_000240_18b08390_aug_affine_mild_6ebfc892_aug_photo_gameplay.png,0,enemy,1,0.525624,0.337671,0.027936,0.086837,Federico_sammelt__i_tried_the_new_season [C-SDrECvTa4],240,8.000000,1.0000,False,manual_box,photo_gameplay
Federico_sammelt_i_tried_the_new_season_[C-SDrECvTa4]_000240_18b08390_aug_affine_mild_6ebfc892_aug_photo_gameplay.png,0,enemy,1,0.552469,0.333907,0.027069,0.085156,Federico_sammelt__i_tried_the_new_season [C-SDrECvTa4],240,8.000000,1.0000,False,manual_box,photo_gameplay
Federico_sammelt_i_tried_the_new_season_[C-SDrECvTa4]_000240_18b08390_aug_affine_mild_6ebfc892_aug_affine_mild.png,1,player,1,0.340050,0.681841,0.163599,0.636318,Federico_sammelt__i_tried_the_new_season [C-SDrECvTa4],240,8.000000,1.0000,False,manual_box,affine_mild
Federico_sammelt_i_tried_the_new_season_[C-SDrECvTa4]_000240_18b08390_aug_affine_mild_6ebfc892_aug_affine_mild.png,0,enemy,1,0.449405,0.474971,0.069932,0.150557,Federico_sammelt__i_tried_the_new_season [C-SDrECvTa4],240,8.000000,1.0000,False,manual_box,affine_mild
Federico_sammelt_i_tried_the_new_season_[C-SDrECvTa4]_000240_18b08390_aug_affine_mild_6ebfc892_aug_affine_mild.png,0,enemy,1,0.512459,0.297537,0.023823,0.073029,Federico_sammelt__i_tried_the_new_season [C-SDrECvTa4],240,8.000000,1.0000,False,manual_box,affine_mild
Federico_sammelt_i_tried_the_new_season_[C-SDrECvTa4]_000240_18b08390_aug_affine_mild_6ebfc892_aug_affine_mild.png,0,enemy,1,0.462533,0.204653,0.035845,0.085439,Federico_sammelt__i_tried_the_new_season [C-SDrECvTa4],240,8.000000,1.0000,False,manual_box,affine_mild
Federico_sammelt_i_tried_the_new_season_[C-SDrECvTa4]_000240_18b08390_aug_affine_mild_6ebfc892_aug_affine_mild.png,0,enemy,1,0.439939,0.307179,0.029710,0.094183,Federico_sammelt__i_tried_the_new_season [C-SDrECvTa4],240,8.000000,1.0000,False,manual_box,affine_mild
Federico_sammelt_i_tried_the_new_season_[C-SDrECvTa4]_000240_18b08390_aug_affine_mild_6ebfc892_aug_affine_mild.png,0,enemy,1,0.412892,0.305066,0.028807,0.092337,Federico_sammelt__i_tried_the_new_season [C-SDrECvTa4],240,8.000000,1.0000,False,manual_box,affine_mild
Federico_sammelt_i_tried_the_new_season_[C-SDrECvTa4]_000255_189f3e79_aug_original_0fae5aab_aug_original.png,0,enemy,1,0.553951,0.311657,0.027188,0.077716,Federico_sammelt__i_tried_the_new_season [C-SDrECvTa4],255,8.500000,1.0000,False,manual_box,original
Federico_sammelt_i_tried_the_new_season_[C-SDrECvTa4]_000255_189f3e79_aug_original_0fae5aab_aug_original.png,0,enemy,1,0.590909,0.405234,0.029737,0.058684,Federico_sammelt__i_tried_the_new_season [C-SDrECvTa4],255,8.500000,1.0000,False,manual_box,original
Federico_sammelt_i_tried_the_new_season_[C-SDrECvTa4]_000255_189f3e79_aug_original_0fae5aab_aug_original.png,0,enemy,1,0.526338,0.398890,0.028037,0.071372,Federico_sammelt__i_tried_the_new_season [C-SDrECvTa4],255,8.500000,1.0000,False,manual_box,original
Federico_sammelt_i_tried_the_new_season_[C-SDrECvTa4]_000255_189f3e79_aug_original_0fae5aab_aug_original.png,0,enemy,1,0.501699,0.398890,0.031436,0.065028,Federico_sammelt__i_tried_the_new_season [C-SDrECvTa4],255,8.500000,1.0000,False,manual_box,original
Federico_sammelt_i_tried_the_new_season_[C-SDrECvTa4]_000255_189f3e79_aug_original_0fae5aab_aug_original.png,0,enemy,1,0.471113,0.428232,0.016143,0.072958,Federico_sammelt__i_tried_the_new_season [C-SDrECvTa4],255,8.500000,1.0000,False,manual_box,original
Federico_sammelt_i_tried_the_new_season_[C-SDrECvTa4]_000255_189f3e79_aug_original_0fae5aab_aug_original.png,0,enemy,1,0.446899,0.421094,0.040782,0.090404,Federico_sammelt__i_tried_the_new_season [C-SDrECvTa4],255,8.500000,1.0000,False,manual_box,original
Federico_sammelt_i_tried_the_new_season_[C-SDrECvTa4]_000255_189f3e79_aug_original_0fae5aab_aug_original.png,0,enemy,1,0.455395,0.790642,0.062872,0.122125,Federico_sammelt__i_tried_the_new_season [C-SDrECvTa4],255,8.500000,1.0000,False,manual_box,original
Federico_sammelt_i_tried_the_new_season_[C-SDrECvTa4]_000255_189f3e79_aug_original_0fae5aab_aug_original.png,0,enemy,1,0.520391,0.662173,0.067120,0.157018,Federico_sammelt__i_tried_the_new_season [C-SDrECvTa4],255,8.500000,1.0000,False,manual_box,original
Federico_sammelt_i_tried_the_new_season_[C-SDrECvTa4]_000255_189f3e79_aug_original_0fae5aab_aug_original.png,0,enemy,1,0.589635,0.713719,0.073067,0.333069,Federico_sammelt__i_tried_the_new_season [C-SDrECvTa4],255,8.500000,1.0000,False,manual_box,original
Federico_sammelt_i_tried_the_new_season_[C-SDrECvTa4]_000255_189f3e79_aug_original_0fae5aab_aug_original.png,1,player,1,0.373407,0.701031,0.162277,0.586836,Federico_sammelt__i_tried_the_new_season [C-SDrECvTa4],255,8.500000,1.0000,False,manual_box,original
Federico_sammelt_i_tried_the_new_season_[C-SDrECvTa4]_000255_189f3e79_aug_original_0fae5aab_aug_photo_exposure.png,0,enemy,1,0.553951,0.311657,0.027188,0.077716,Federico_sammelt__i_tried_the_new_season [C-SDrECvTa4],255,8.500000,1.0000,False,manual_box,photo_exposure
Federico_sammelt_i_tried_the_new_season_[C-SDrECvTa4]_000255_189f3e79_aug_original_0fae5aab_aug_photo_exposure.png,0,enemy,1,0.590909,0.405234,0.029737,0.058684,Federico_sammelt__i_tried_the_new_season [C-SDrECvTa4],255,8.500000,1.0000,False,manual_box,photo_exposure
Federico_sammelt_i_tried_the_new_season_[C-SDrECvTa4]_000255_189f3e79_aug_original_0fae5aab_aug_photo_exposure.png,0,enemy,1,0.526338,0.398890,0.028037,0.071372,Federico_sammelt__i_tried_the_new_season [C-SDrECvTa4],255,8.500000,1.0000,False,manual_box,photo_exposure
Federico_sammelt_i_tried_the_new_season_[C-SDrECvTa4]_000255_189f3e79_aug_original_0fae5aab_aug_photo_exposure.png,0,enemy,1,0.501699,0.398890,0.031436,0.065028,Federico_sammelt__i_tried_the_new_season [C-SDrECvTa4],255,8.500000,1.0000,False,manual_box,photo_exposure
Federico_sammelt_i_tried_the_new_season_[C-SDrECvTa4]_000255_189f3e79_aug_original_0fae5aab_aug_photo_exposure.png,0,enemy,1,0.471113,0.428232,0.016143,0.072958,Federico_sammelt__i_tried_the_new_season [C-SDrECvTa4],255,8.500000,1.0000,False,manual_box,photo_exposure
Federico_sammelt_i_tried_the_new_season_[C-SDrECvTa4]_000255_189f3e79_aug_original_0fae5aab_aug_photo_exposure.png,0,enemy,1,0.446899,0.421094,0.040782,0.090404,Federico_sammelt__i_tried_the_new_season [C-SDrECvTa4],255,8.500000,1.0000,False,manual_box,photo_exposure
Federico_sammelt_i_tried_the_new_season_[C-SDrECvTa4]_000255_189f3e79_aug_original_0fae5aab_aug_photo_exposure.png,0,enemy,1,0.455395,0.790642,0.062872,0.122125,Federico_sammelt__i_tried_the_new_season [C-SDrECvTa4],255,8.500000,1.0000,False,manual_box,photo_exposure
Federico_sammelt_i_tried_the_new_season_[C-SDrECvTa4]_000255_189f3e79_aug_original_0fae5aab_aug_photo_exposure.png,0,enemy,1,0.520391,0.662173,0.067120,0.157018,Federico_sammelt__i_tried_the_new_season [C-SDrECvTa4],255,8.500000,1.0000,False,manual_box,photo_exposure
Federico_sammelt_i_tried_the_new_season_[C-SDrECvTa4]_000255_189f3e79_aug_original_0fae5aab_aug_photo_exposure.png,0,enemy,1,0.589635,0.713719,0.073067,0.333069,Federico_sammelt__i_tried_the_new_season [C-SDrECvTa4],255,8.500000,1.0000,False,manual_box,photo_exposure
Federico_sammelt_i_tried_the_new_season_[C-SDrECvTa4]_000255_189f3e79_aug_original_0fae5aab_aug_photo_exposure.png,1,player,1,0.373407,0.701031,0.162277,0.586836,Federico_sammelt__i_tried_the_new_season [C-SDrECvTa4],255,8.500000,1.0000,False,manual_box,photo_exposure
Federico_sammelt_i_tried_the_new_season_[C-SDrECvTa4]_000255_189f3e79_aug_original_0fae5aab_aug_photo_gameplay.png,0,enemy,1,0.553951,0.311657,0.027188,0.077716,Federico_sammelt__i_tried_the_new_season [C-SDrECvTa4],255,8.500000,1.0000,False,manual_box,photo_gameplay
Federico_sammelt_i_tried_the_new_season_[C-SDrECvTa4]_000255_189f3e79_aug_original_0fae5aab_aug_photo_gameplay.png,0,enemy,1,0.590909,0.405234,0.029737,0.058684,Federico_sammelt__i_tried_the_new_season [C-SDrECvTa4],255,8.500000,1.0000,False,manual_box,photo_gameplay
Federico_sammelt_i_tried_the_new_season_[C-SDrECvTa4]_000255_189f3e79_aug_original_0fae5aab_aug_photo_gameplay.png,0,enemy,1,0.526338,0.398890,0.028037,0.071372,Federico_sammelt__i_tried_the_new_season [C-SDrECvTa4],255,8.500000,1.0000,False,manual_box,photo_gameplay
Federico_sammelt_i_tried_the_new_season_[C-SDrECvTa4]_000255_189f3e79_aug_original_0fae5aab_aug_photo_gameplay.png,0,enemy,1,0.501699,0.398890,0.031436,0.065028,Federico_sammelt__i_tried_the_new_season [C-SDrECvTa4],255,8.500000,1.0000,False,manual_box,photo_gameplay
Federico_sammelt_i_tried_the_new_season_[C-SDrECvTa4]_000255_189f3e79_aug_original_0fae5aab_aug_photo_gameplay.png,0,enemy,1,0.471113,0.428232,0.016143,0.072958,Federico_sammelt__i_tried_the_new_season [C-SDrECvTa4],255,8.500000,1.0000,False,manual_box,photo_gameplay
Federico_sammelt_i_tried_the_new_season_[C-SDrECvTa4]_000255_189f3e79_aug_original_0fae5aab_aug_photo_gameplay.png,0,enemy,1,0.446899,0.421094,0.040782,0.090404,Federico_sammelt__i_tried_the_new_season [C-SDrECvTa4],255,8.500000,1.0000,False,manual_box,photo_gameplay
Federico_sammelt_i_tried_the_new_season_[C-SDrECvTa4]_000255_189f3e79_aug_original_0fae5aab_aug_photo_gameplay.png,0,enemy,1,0.455395,0.790642,0.062872,0.122125,Federico_sammelt__i_tried_the_new_season [C-SDrECvTa4],255,8.500000,1.0000,False,manual_box,photo_gameplay
Federico_sammelt_i_tried_the_new_season_[C-SDrECvTa4]_000255_189f3e79_aug_original_0fae5aab_aug_photo_gameplay.png,0,enemy,1,0.520391,0.662173,0.067120,0.157018,Federico_sammelt__i_tried_the_new_season [C-SDrECvTa4],255,8.500000,1.0000,False,manual_box,photo_gameplay
Federico_sammelt_i_tried_the_new_season_[C-SDrECvTa4]_000255_189f3e79_aug_original_0fae5aab_aug_photo_gameplay.png,0,enemy,1,0.589635,0.713719,0.073067,0.333069,Federico_sammelt__i_tried_the_new_season [C-SDrECvTa4],255,8.500000,1.0000,False,manual_box,photo_gameplay
Federico_sammelt_i_tried_the_new_season_[C-SDrECvTa4]_000255_189f3e79_aug_original_0fae5aab_aug_photo_gameplay.png,1,player,1,0.373407,0.701031,0.162277,0.586836,Federico_sammelt__i_tried_the_new_season [C-SDrECvTa4],255,8.500000,1.0000,False,manual_box,photo_gameplay
Federico_sammelt_i_tried_the_new_season_[C-SDrECvTa4]_000255_189f3e79_aug_original_0fae5aab_aug_affine_mild.png,0,enemy,1,0.499141,0.255326,0.030680,0.085719,Federico_sammelt__i_tried_the_new_season [C-SDrECvTa4],255,8.500000,1.0000,False,manual_box,affine_mild
Federico_sammelt_i_tried_the_new_season_[C-SDrECvTa4]_000255_189f3e79_aug_original_0fae5aab_aug_affine_mild.png,0,enemy,1,0.457679,0.347139,0.033027,0.066233,Federico_sammelt__i_tried_the_new_season [C-SDrECvTa4],255,8.500000,1.0000,False,manual_box,affine_mild
Federico_sammelt_i_tried_the_new_season_[C-SDrECvTa4]_000255_189f3e79_aug_original_0fae5aab_aug_affine_mild.png,0,enemy,1,0.526955,0.351067,0.031461,0.079224,Federico_sammelt__i_tried_the_new_season [C-SDrECvTa4],255,8.500000,1.0000,False,manual_box,affine_mild
Federico_sammelt_i_tried_the_new_season_[C-SDrECvTa4]_000255_189f3e79_aug_original_0fae5aab_aug_affine_mild.png,0,enemy,1,0.553341,0.355097,0.034974,0.073145,Federico_sammelt__i_tried_the_new_season [C-SDrECvTa4],255,8.500000,1.0000,False,manual_box,affine_mild
Federico_sammelt_i_tried_the_new_season_[C-SDrECvTa4]_000255_189f3e79_aug_original_0fae5aab_aug_affine_mild.png,0,enemy,1,0.585505,0.390784,0.018756,0.078937,Federico_sammelt__i_tried_the_new_season [C-SDrECvTa4],255,8.500000,1.0000,False,manual_box,affine_mild
Federico_sammelt_i_tried_the_new_season_[C-SDrECvTa4]_000255_189f3e79_aug_original_0fae5aab_aug_affine_mild.png,0,enemy,1,0.611579,0.387280,0.045493,0.101211,Federico_sammelt__i_tried_the_new_season [C-SDrECvTa4],255,8.500000,1.0000,False,manual_box,affine_mild
Federico_sammelt_i_tried_the_new_season_[C-SDrECvTa4]_000255_189f3e79_aug_original_0fae5aab_aug_affine_mild.png,0,enemy,1,0.595041,0.772348,0.069788,0.137997,Federico_sammelt__i_tried_the_new_season [C-SDrECvTa4],255,8.500000,1.0000,False,manual_box,affine_mild
Federico_sammelt_i_tried_the_new_season_[C-SDrECvTa4]_000255_189f3e79_aug_original_0fae5aab_aug_affine_mild.png,0,enemy,1,0.528024,0.627369,0.075039,0.175181,Federico_sammelt__i_tried_the_new_season [C-SDrECvTa4],255,8.500000,1.0000,False,manual_box,affine_mild
Federico_sammelt_i_tried_the_new_season_[C-SDrECvTa4]_000255_189f3e79_aug_original_0fae5aab_aug_affine_mild.png,0,enemy,1,0.452833,0.669948,0.084952,0.360260,Federico_sammelt__i_tried_the_new_season [C-SDrECvTa4],255,8.500000,1.0000,False,manual_box,affine_mild
Federico_sammelt_i_tried_the_new_season_[C-SDrECvTa4]_000255_189f3e79_aug_original_0fae5aab_aug_affine_mild.png,1,player,1,0.684646,0.685966,0.185595,0.628068,Federico_sammelt__i_tried_the_new_season [C-SDrECvTa4],255,8.500000,1.0000,False,manual_box,affine_mild
Federico_sammelt_i_tried_the_new_season_[C-SDrECvTa4]_000255_189f3e79_aug_original_0fae5aab_aug_retarget_edge.png,0,enemy,1,0.884316,0.097938,0.027188,0.077716,Federico_sammelt__i_tried_the_new_season [C-SDrECvTa4],255,8.500000,1.0000,False,manual_box,retarget_edge
Federico_sammelt_i_tried_the_new_season_[C-SDrECvTa4]_000255_189f3e79_aug_original_0fae5aab_aug_retarget_edge.png,0,enemy,1,0.921274,0.191515,0.029737,0.058684,Federico_sammelt__i_tried_the_new_season [C-SDrECvTa4],255,8.500000,1.0000,False,manual_box,retarget_edge
Federico_sammelt_i_tried_the_new_season_[C-SDrECvTa4]_000255_189f3e79_aug_original_0fae5aab_aug_retarget_edge.png,0,enemy,1,0.856703,0.185171,0.028037,0.071372,Federico_sammelt__i_tried_the_new_season [C-SDrECvTa4],255,8.500000,1.0000,False,manual_box,retarget_edge
Federico_sammelt_i_tried_the_new_season_[C-SDrECvTa4]_000255_189f3e79_aug_original_0fae5aab_aug_retarget_edge.png,0,enemy,1,0.832064,0.185171,0.031436,0.065028,Federico_sammelt__i_tried_the_new_season [C-SDrECvTa4],255,8.500000,1.0000,False,manual_box,retarget_edge
Federico_sammelt_i_tried_the_new_season_[C-SDrECvTa4]_000255_189f3e79_aug_original_0fae5aab_aug_retarget_edge.png,0,enemy,1,0.801478,0.214513,0.016143,0.072958,Federico_sammelt__i_tried_the_new_season [C-SDrECvTa4],255,8.500000,1.0000,False,manual_box,retarget_edge
Federico_sammelt_i_tried_the_new_season_[C-SDrECvTa4]_000255_189f3e79_aug_original_0fae5aab_aug_retarget_edge.png,0,enemy,1,0.777264,0.207375,0.040782,0.090404,Federico_sammelt__i_tried_the_new_season [C-SDrECvTa4],255,8.500000,1.0000,False,manual_box,retarget_edge
Federico_sammelt_i_tried_the_new_season_[C-SDrECvTa4]_000255_189f3e79_aug_original_0fae5aab_aug_retarget_edge.png,0,enemy,1,0.785760,0.576923,0.062872,0.122125,Federico_sammelt__i_tried_the_new_season [C-SDrECvTa4],255,8.500000,1.0000,False,manual_box,retarget_edge
Federico_sammelt_i_tried_the_new_season_[C-SDrECvTa4]_000255_189f3e79_aug_original_0fae5aab_aug_retarget_edge.png,0,enemy,1,0.850756,0.448454,0.067120,0.157018,Federico_sammelt__i_tried_the_new_season [C-SDrECvTa4],255,8.500000,1.0000,False,manual_box,retarget_edge
Federico_sammelt_i_tried_the_new_season_[C-SDrECvTa4]_000255_189f3e79_aug_original_0fae5aab_aug_retarget_edge.png,0,enemy,1,0.920000,0.500000,0.073067,0.333069,Federico_sammelt__i_tried_the_new_season [C-SDrECvTa4],255,8.500000,1.0000,False,manual_box,retarget_edge
Federico_sammelt_i_tried_the_new_season_[C-SDrECvTa4]_000255_189f3e79_aug_original_0fae5aab_aug_retarget_edge.png,1,player,1,0.703772,0.487312,0.162277,0.586836,Federico_sammelt__i_tried_the_new_season [C-SDrECvTa4],255,8.500000,1.0000,False,manual_box,retarget_edge
Federico_sammelt_i_tried_the_new_season_[C-SDrECvTa4]_000255_189f3e79_aug_original_0fae5aab_aug_retarget_corner.png,0,enemy,1,0.884316,0.517938,0.027188,0.077716,Federico_sammelt__i_tried_the_new_season [C-SDrECvTa4],255,8.500000,1.0000,False,manual_box,retarget_corner
Federico_sammelt_i_tried_the_new_season_[C-SDrECvTa4]_000255_189f3e79_aug_original_0fae5aab_aug_retarget_corner.png,0,enemy,1,0.921274,0.611515,0.029737,0.058684,Federico_sammelt__i_tried_the_new_season [C-SDrECvTa4],255,8.500000,1.0000,False,manual_box,retarget_corner
Federico_sammelt_i_tried_the_new_season_[C-SDrECvTa4]_000255_189f3e79_aug_original_0fae5aab_aug_retarget_corner.png,0,enemy,1,0.856703,0.605171,0.028037,0.071372,Federico_sammelt__i_tried_the_new_season [C-SDrECvTa4],255,8.500000,1.0000,False,manual_box,retarget_corner
Federico_sammelt_i_tried_the_new_season_[C-SDrECvTa4]_000255_189f3e79_aug_original_0fae5aab_aug_retarget_corner.png,0,enemy,1,0.832064,0.605171,0.031436,0.065028,Federico_sammelt__i_tried_the_new_season [C-SDrECvTa4],255,8.500000,1.0000,False,manual_box,retarget_corner
Federico_sammelt_i_tried_the_new_season_[C-SDrECvTa4]_000255_189f3e79_aug_original_0fae5aab_aug_retarget_corner.png,0,enemy,1,0.801478,0.634513,0.016143,0.072958,Federico_sammelt__i_tried_the_new_season [C-SDrECvTa4],255,8.500000,1.0000,False,manual_box,retarget_corner
Federico_sammelt_i_tried_the_new_season_[C-SDrECvTa4]_000255_189f3e79_aug_original_0fae5aab_aug_retarget_corner.png,0,enemy,1,0.777264,0.627375,0.040782,0.090404,Federico_sammelt__i_tried_the_new_season [C-SDrECvTa4],255,8.500000,1.0000,False,manual_box,retarget_corner
Federico_sammelt_i_tried_the_new_season_[C-SDrECvTa4]_000255_189f3e79_aug_original_0fae5aab_aug_retarget_corner.png,0,enemy,1,0.850756,0.868454,0.067120,0.157018,Federico_sammelt__i_tried_the_new_season [C-SDrECvTa4],255,8.500000,1.0000,False,manual_box,retarget_corner
Federico_sammelt_i_tried_the_new_season_[C-SDrECvTa4]_000255_189f3e79_aug_original_0fae5aab_aug_retarget_corner.png,0,enemy,1,0.920000,0.876733,0.073067,0.246535,Federico_sammelt__i_tried_the_new_season [C-SDrECvTa4],255,8.500000,1.0000,False,manual_box,retarget_corner
Federico_sammelt_i_tried_the_new_season_[C-SDrECvTa4]_000255_189f3e79_aug_original_0fae5aab_aug_retarget_corner.png,1,player,1,0.703772,0.806947,0.162277,0.386106,Federico_sammelt__i_tried_the_new_season [C-SDrECvTa4],255,8.500000,1.0000,False,manual_box,retarget_corner
Federico_sammelt_i_tried_the_new_season_[C-SDrECvTa4]_000255_189f3e79_aug_photo_exposure_046369a8_aug_original.png,0,enemy,1,0.553951,0.311657,0.027188,0.077716,Federico_sammelt__i_tried_the_new_season [C-SDrECvTa4],255,8.500000,1.0000,False,manual_box,original
Federico_sammelt_i_tried_the_new_season_[C-SDrECvTa4]_000255_189f3e79_aug_photo_exposure_046369a8_aug_original.png,0,enemy,1,0.590909,0.405234,0.029737,0.058684,Federico_sammelt__i_tried_the_new_season [C-SDrECvTa4],255,8.500000,1.0000,False,manual_box,original
Federico_sammelt_i_tried_the_new_season_[C-SDrECvTa4]_000255_189f3e79_aug_photo_exposure_046369a8_aug_original.png,0,enemy,1,0.526338,0.398890,0.028037,0.071372,Federico_sammelt__i_tried_the_new_season [C-SDrECvTa4],255,8.500000,1.0000,False,manual_box,original
Federico_sammelt_i_tried_the_new_season_[C-SDrECvTa4]_000255_189f3e79_aug_photo_exposure_046369a8_aug_original.png,0,enemy,1,0.501699,0.398890,0.031436,0.065028,Federico_sammelt__i_tried_the_new_season [C-SDrECvTa4],255,8.500000,1.0000,False,manual_box,original
Federico_sammelt_i_tried_the_new_season_[C-SDrECvTa4]_000255_189f3e79_aug_photo_exposure_046369a8_aug_original.png,0,enemy,1,0.471113,0.428232,0.016143,0.072958,Federico_sammelt__i_tried_the_new_season [C-SDrECvTa4],255,8.500000,1.0000,False,manual_box,original
Federico_sammelt_i_tried_the_new_season_[C-SDrECvTa4]_000255_189f3e79_aug_photo_exposure_046369a8_aug_original.png,0,enemy,1,0.446899,0.421094,0.040782,0.090404,Federico_sammelt__i_tried_the_new_season [C-SDrECvTa4],255,8.500000,1.0000,False,manual_box,original
Federico_sammelt_i_tried_the_new_season_[C-SDrECvTa4]_000255_189f3e79_aug_photo_exposure_046369a8_aug_original.png,0,enemy,1,0.455395,0.790642,0.062872,0.122125,Federico_sammelt__i_tried_the_new_season [C-SDrECvTa4],255,8.500000,1.0000,False,manual_box,original
Federico_sammelt_i_tried_the_new_season_[C-SDrECvTa4]_000255_189f3e79_aug_photo_exposure_046369a8_aug_original.png,0,enemy,1,0.520391,0.662173,0.067120,0.157018,Federico_sammelt__i_tried_the_new_season [C-SDrECvTa4],255,8.500000,1.0000,False,manual_box,original
Federico_sammelt_i_tried_the_new_season_[C-SDrECvTa4]_000255_189f3e79_aug_photo_exposure_046369a8_aug_original.png,0,enemy,1,0.589635,0.713719,0.073067,0.333069,Federico_sammelt__i_tried_the_new_season [C-SDrECvTa4],255,8.500000,1.0000,False,manual_box,original
Federico_sammelt_i_tried_the_new_season_[C-SDrECvTa4]_000255_189f3e79_aug_photo_exposure_046369a8_aug_original.png,1,player,1,0.373407,0.701031,0.162277,0.586836,Federico_sammelt__i_tried_the_new_season [C-SDrECvTa4],255,8.500000,1.0000,False,manual_box,original
Federico_sammelt_i_tried_the_new_season_[C-SDrECvTa4]_000255_189f3e79_aug_photo_exposure_046369a8_aug_photo_exposure.png,0,enemy,1,0.553951,0.311657,0.027188,0.077716,Federico_sammelt__i_tried_the_new_season [C-SDrECvTa4],255,8.500000,1.0000,False,manual_box,photo_exposure
Federico_sammelt_i_tried_the_new_season_[C-SDrECvTa4]_000255_189f3e79_aug_photo_exposure_046369a8_aug_photo_exposure.png,0,enemy,1,0.590909,0.405234,0.029737,0.058684,Federico_sammelt__i_tried_the_new_season [C-SDrECvTa4],255,8.500000,1.0000,False,manual_box,photo_exposure
Federico_sammelt_i_tried_the_new_season_[C-SDrECvTa4]_000255_189f3e79_aug_photo_exposure_046369a8_aug_photo_exposure.png,0,enemy,1,0.526338,0.398890,0.028037,0.071372,Federico_sammelt__i_tried_the_new_season [C-SDrECvTa4],255,8.500000,1.0000,False,manual_box,photo_exposure
Federico_sammelt_i_tried_the_new_season_[C-SDrECvTa4]_000255_189f3e79_aug_photo_exposure_046369a8_aug_photo_exposure.png,0,enemy,1,0.501699,0.398890,0.031436,0.065028,Federico_sammelt__i_tried_the_new_season [C-SDrECvTa4],255,8.500000,1.0000,False,manual_box,photo_exposure
Federico_sammelt_i_tried_the_new_season_[C-SDrECvTa4]_000255_189f3e79_aug_photo_exposure_046369a8_aug_photo_exposure.png,0,enemy,1,0.471113,0.428232,0.016143,0.072958,Federico_sammelt__i_tried_the_new_season [C-SDrECvTa4],255,8.500000,1.0000,False,manual_box,photo_exposure
Federico_sammelt_i_tried_the_new_season_[C-SDrECvTa4]_000255_189f3e79_aug_photo_exposure_046369a8_aug_photo_exposure.png,0,enemy,1,0.446899,0.421094,0.040782,0.090404,Federico_sammelt__i_tried_the_new_season [C-SDrECvTa4],255,8.500000,1.0000,False,manual_box,photo_exposure
Federico_sammelt_i_tried_the_new_season_[C-SDrECvTa4]_000255_189f3e79_aug_photo_exposure_046369a8_aug_photo_exposure.png,0,enemy,1,0.455395,0.790642,0.062872,0.122125,Federico_sammelt__i_tried_the_new_season [C-SDrECvTa4],255,8.500000,1.0000,False,manual_box,photo_exposure
Federico_sammelt_i_tried_the_new_season_[C-SDrECvTa4]_000255_189f3e79_aug_photo_exposure_046369a8_aug_photo_exposure.png,0,enemy,1,0.520391,0.662173,0.067120,0.157018,Federico_sammelt__i_tried_the_new_season [C-SDrECvTa4],255,8.500000,1.0000,False,manual_box,photo_exposure
Federico_sammelt_i_tried_the_new_season_[C-SDrECvTa4]_000255_189f3e79_aug_photo_exposure_046369a8_aug_photo_exposure.png,0,enemy,1,0.589635,0.713719,0.073067,0.333069,Federico_sammelt__i_tried_the_new_season [C-SDrECvTa4],255,8.500000,1.0000,False,manual_box,photo_exposure
Federico_sammelt_i_tried_the_new_season_[C-SDrECvTa4]_000255_189f3e79_aug_photo_exposure_046369a8_aug_photo_exposure.png,1,player,1,0.373407,0.701031,0.162277,0.586836,Federico_sammelt__i_tried_the_new_season [C-SDrECvTa4],255,8.500000,1.0000,False,manual_box,photo_exposure
Federico_sammelt_i_tried_the_new_season_[C-SDrECvTa4]_000255_189f3e79_aug_photo_exposure_046369a8_aug_photo_gameplay.png,0,enemy,1,0.553951,0.311657,0.027188,0.077716,Federico_sammelt__i_tried_the_new_season [C-SDrECvTa4],255,8.500000,1.0000,False,manual_box,photo_gameplay
Federico_sammelt_i_tried_the_new_season_[C-SDrECvTa4]_000255_189f3e79_aug_photo_exposure_046369a8_aug_photo_gameplay.png,0,enemy,1,0.590909,0.405234,0.029737,0.058684,Federico_sammelt__i_tried_the_new_season [C-SDrECvTa4],255,8.500000,1.0000,False,manual_box,photo_gameplay
Federico_sammelt_i_tried_the_new_season_[C-SDrECvTa4]_000255_189f3e79_aug_photo_exposure_046369a8_aug_photo_gameplay.png,0,enemy,1,0.526338,0.398890,0.028037,0.071372,Federico_sammelt__i_tried_the_new_season [C-SDrECvTa4],255,8.500000,1.0000,False,manual_box,photo_gameplay
Federico_sammelt_i_tried_the_new_season_[C-SDrECvTa4]_000255_189f3e79_aug_photo_exposure_046369a8_aug_photo_gameplay.png,0,enemy,1,0.501699,0.398890,0.031436,0.065028,Federico_sammelt__i_tried_the_new_season [C-SDrECvTa4],255,8.500000,1.0000,False,manual_box,photo_gameplay
Federico_sammelt_i_tried_the_new_season_[C-SDrECvTa4]_000255_189f3e79_aug_photo_exposure_046369a8_aug_photo_gameplay.png,0,enemy,1,0.471113,0.428232,0.016143,0.072958,Federico_sammelt__i_tried_the_new_season [C-SDrECvTa4],255,8.500000,1.0000,False,manual_box,photo_gameplay
Federico_sammelt_i_tried_the_new_season_[C-SDrECvTa4]_000255_189f3e79_aug_photo_exposure_046369a8_aug_photo_gameplay.png,0,enemy,1,0.446899,0.421094,0.040782,0.090404,Federico_sammelt__i_tried_the_new_season [C-SDrECvTa4],255,8.500000,1.0000,False,manual_box,photo_gameplay
Federico_sammelt_i_tried_the_new_season_[C-SDrECvTa4]_000255_189f3e79_aug_photo_exposure_046369a8_aug_photo_gameplay.png,0,enemy,1,0.455395,0.790642,0.062872,0.122125,Federico_sammelt__i_tried_the_new_season [C-SDrECvTa4],255,8.500000,1.0000,False,manual_box,photo_gameplay
Federico_sammelt_i_tried_the_new_season_[C-SDrECvTa4]_000255_189f3e79_aug_photo_exposure_046369a8_aug_photo_gameplay.png,0,enemy,1,0.520391,0.662173,0.067120,0.157018,Federico_sammelt__i_tried_the_new_season [C-SDrECvTa4],255,8.500000,1.0000,False,manual_box,photo_gameplay
Federico_sammelt_i_tried_the_new_season_[C-SDrECvTa4]_000255_189f3e79_aug_photo_exposure_046369a8_aug_photo_gameplay.png,0,enemy,1,0.589635,0.713719,0.073067,0.333069,Federico_sammelt__i_tried_the_new_season [C-SDrECvTa4],255,8.500000,1.0000,False,manual_box,photo_gameplay
Federico_sammelt_i_tried_the_new_season_[C-SDrECvTa4]_000255_189f3e79_aug_photo_exposure_046369a8_aug_photo_gameplay.png,1,player,1,0.373407,0.701031,0.162277,0.586836,Federico_sammelt__i_tried_the_new_season [C-SDrECvTa4],255,8.500000,1.0000,False,manual_box,photo_gameplay
Federico_sammelt_i_tried_the_new_season_[C-SDrECvTa4]_000255_189f3e79_aug_photo_exposure_046369a8_aug_affine_mild.png,0,enemy,1,0.486016,0.315567,0.027141,0.086740,Federico_sammelt__i_tried_the_new_season [C-SDrECvTa4],255,8.500000,1.0000,False,manual_box,affine_mild
Federico_sammelt_i_tried_the_new_season_[C-SDrECvTa4]_000255_189f3e79_aug_photo_exposure_046369a8_aug_affine_mild.png,0,enemy,1,0.453503,0.420721,0.029107,0.067051,Federico_sammelt__i_tried_the_new_season [C-SDrECvTa4],255,8.500000,1.0000,False,manual_box,affine_mild
Federico_sammelt_i_tried_the_new_season_[C-SDrECvTa4]_000255_189f3e79_aug_photo_exposure_046369a8_aug_affine_mild.png,0,enemy,1,0.513764,0.403119,0.027796,0.080177,Federico_sammelt__i_tried_the_new_season [C-SDrECvTa4],255,8.500000,1.0000,False,manual_box,affine_mild
Federico_sammelt_i_tried_the_new_season_[C-SDrECvTa4]_000255_189f3e79_aug_photo_exposure_046369a8_aug_affine_mild.png,0,enemy,1,0.536812,0.398961,0.030836,0.074044,Federico_sammelt__i_tried_the_new_season [C-SDrECvTa4],255,8.500000,1.0000,False,manual_box,affine_mild
Federico_sammelt_i_tried_the_new_season_[C-SDrECvTa4]_000255_189f3e79_aug_photo_exposure_046369a8_aug_affine_mild.png,0,enemy,1,0.566068,0.424817,0.016705,0.079846,Federico_sammelt__i_tried_the_new_season [C-SDrECvTa4],255,8.500000,1.0000,False,manual_box,affine_mild
Federico_sammelt_i_tried_the_new_season_[C-SDrECvTa4]_000255_189f3e79_aug_photo_exposure_046369a8_aug_affine_mild.png,0,enemy,1,0.588562,0.413185,0.040137,0.102446,Federico_sammelt__i_tried_the_new_season [C-SDrECvTa4],255,8.500000,1.0000,False,manual_box,affine_mild
Federico_sammelt_i_tried_the_new_season_[C-SDrECvTa4]_000255_189f3e79_aug_photo_exposure_046369a8_aug_affine_mild.png,0,enemy,1,0.588741,0.805259,0.061498,0.139705,Federico_sammelt__i_tried_the_new_season [C-SDrECvTa4],255,8.500000,1.0000,False,manual_box,affine_mild
Federico_sammelt_i_tried_the_new_season_[C-SDrECvTa4]_000255_189f3e79_aug_photo_exposure_046369a8_aug_affine_mild.png,0,enemy,1,0.525117,0.680426,0.066239,0.177306,Federico_sammelt__i_tried_the_new_season [C-SDrECvTa4],255,8.500000,1.0000,False,manual_box,affine_mild
Federico_sammelt_i_tried_the_new_season_[C-SDrECvTa4]_000255_189f3e79_aug_photo_exposure_046369a8_aug_affine_mild.png,0,enemy,1,0.461478,0.746598,0.075673,0.364409,Federico_sammelt__i_tried_the_new_season [C-SDrECvTa4],255,8.500000,1.0000,False,manual_box,affine_mild
Federico_sammelt_i_tried_the_new_season_[C-SDrECvTa4]_000255_189f3e79_aug_photo_exposure_046369a8_aug_affine_mild.png,1,player,1,0.663464,0.686421,0.164703,0.627159,Federico_sammelt__i_tried_the_new_season [C-SDrECvTa4],255,8.500000,1.0000,False,manual_box,affine_mild
Federico_sammelt_i_tried_the_new_season_[C-SDrECvTa4]_000255_189f3e79_aug_photo_exposure_046369a8_aug_retarget_edge.png,0,enemy,1,0.884316,0.097938,0.027188,0.077716,Federico_sammelt__i_tried_the_new_season [C-SDrECvTa4],255,8.500000,1.0000,False,manual_box,retarget_edge
Federico_sammelt_i_tried_the_new_season_[C-SDrECvTa4]_000255_189f3e79_aug_photo_exposure_046369a8_aug_retarget_edge.png,0,enemy,1,0.921274,0.191515,0.029737,0.058684,Federico_sammelt__i_tried_the_new_season [C-SDrECvTa4],255,8.500000,1.0000,False,manual_box,retarget_edge
Federico_sammelt_i_tried_the_new_season_[C-SDrECvTa4]_000255_189f3e79_aug_photo_exposure_046369a8_aug_retarget_edge.png,0,enemy,1,0.856703,0.185171,0.028037,0.071372,Federico_sammelt__i_tried_the_new_season [C-SDrECvTa4],255,8.500000,1.0000,False,manual_box,retarget_edge
Federico_sammelt_i_tried_the_new_season_[C-SDrECvTa4]_000255_189f3e79_aug_photo_exposure_046369a8_aug_retarget_edge.png,0,enemy,1,0.832064,0.185171,0.031436,0.065028,Federico_sammelt__i_tried_the_new_season [C-SDrECvTa4],255,8.500000,1.0000,False,manual_box,retarget_edge
Federico_sammelt_i_tried_the_new_season_[C-SDrECvTa4]_000255_189f3e79_aug_photo_exposure_046369a8_aug_retarget_edge.png,0,enemy,1,0.801478,0.214513,0.016143,0.072958,Federico_sammelt__i_tried_the_new_season [C-SDrECvTa4],255,8.500000,1.0000,False,manual_box,retarget_edge
Federico_sammelt_i_tried_the_new_season_[C-SDrECvTa4]_000255_189f3e79_aug_photo_exposure_046369a8_aug_retarget_edge.png,0,enemy,1,0.777264,0.207375,0.040782,0.090404,Federico_sammelt__i_tried_the_new_season [C-SDrECvTa4],255,8.500000,1.0000,False,manual_box,retarget_edge
Federico_sammelt_i_tried_the_new_season_[C-SDrECvTa4]_000255_189f3e79_aug_photo_exposure_046369a8_aug_retarget_edge.png,0,enemy,1,0.785760,0.576923,0.062872,0.122125,Federico_sammelt__i_tried_the_new_season [C-SDrECvTa4],255,8.500000,1.0000,False,manual_box,retarget_edge
Federico_sammelt_i_tried_the_new_season_[C-SDrECvTa4]_000255_189f3e79_aug_photo_exposure_046369a8_aug_retarget_edge.png,0,enemy,1,0.850756,0.448454,0.067120,0.157018,Federico_sammelt__i_tried_the_new_season [C-SDrECvTa4],255,8.500000,1.0000,False,manual_box,retarget_edge
Federico_sammelt_i_tried_the_new_season_[C-SDrECvTa4]_000255_189f3e79_aug_photo_exposure_046369a8_aug_retarget_edge.png,0,enemy,1,0.920000,0.500000,0.073067,0.333069,Federico_sammelt__i_tried_the_new_season [C-SDrECvTa4],255,8.500000,1.0000,False,manual_box,retarget_edge
Federico_sammelt_i_tried_the_new_season_[C-SDrECvTa4]_000255_189f3e79_aug_photo_exposure_046369a8_aug_retarget_edge.png,1,player,1,0.703772,0.487312,0.162277,0.586836,Federico_sammelt__i_tried_the_new_season [C-SDrECvTa4],255,8.500000,1.0000,False,manual_box,retarget_edge
Federico_sammelt_i_tried_the_new_season_[C-SDrECvTa4]_000255_189f3e79_aug_photo_exposure_046369a8_aug_retarget_corner.png,0,enemy,1,0.884316,0.517938,0.027188,0.077716,Federico_sammelt__i_tried_the_new_season [C-SDrECvTa4],255,8.500000,1.0000,False,manual_box,retarget_corner
Federico_sammelt_i_tried_the_new_season_[C-SDrECvTa4]_000255_189f3e79_aug_photo_exposure_046369a8_aug_retarget_corner.png,0,enemy,1,0.921274,0.611515,0.029737,0.058684,Federico_sammelt__i_tried_the_new_season [C-SDrECvTa4],255,8.500000,1.0000,False,manual_box,retarget_corner
Federico_sammelt_i_tried_the_new_season_[C-SDrECvTa4]_000255_189f3e79_aug_photo_exposure_046369a8_aug_retarget_corner.png,0,enemy,1,0.856703,0.605171,0.028037,0.071372,Federico_sammelt__i_tried_the_new_season [C-SDrECvTa4],255,8.500000,1.0000,False,manual_box,retarget_corner
Federico_sammelt_i_tried_the_new_season_[C-SDrECvTa4]_000255_189f3e79_aug_photo_exposure_046369a8_aug_retarget_corner.png,0,enemy,1,0.832064,0.605171,0.031436,0.065028,Federico_sammelt__i_tried_the_new_season [C-SDrECvTa4],255,8.500000,1.0000,False,manual_box,retarget_corner
Federico_sammelt_i_tried_the_new_season_[C-SDrECvTa4]_000255_189f3e79_aug_photo_exposure_046369a8_aug_retarget_corner.png,0,enemy,1,0.801478,0.634513,0.016143,0.072958,Federico_sammelt__i_tried_the_new_season [C-SDrECvTa4],255,8.500000,1.0000,False,manual_box,retarget_corner
Federico_sammelt_i_tried_the_new_season_[C-SDrECvTa4]_000255_189f3e79_aug_photo_exposure_046369a8_aug_retarget_corner.png,0,enemy,1,0.777264,0.627375,0.040782,0.090404,Federico_sammelt__i_tried_the_new_season [C-SDrECvTa4],255,8.500000,1.0000,False,manual_box,retarget_corner
Federico_sammelt_i_tried_the_new_season_[C-SDrECvTa4]_000255_189f3e79_aug_photo_exposure_046369a8_aug_retarget_corner.png,0,enemy,1,0.850756,0.868454,0.067120,0.157018,Federico_sammelt__i_tried_the_new_season [C-SDrECvTa4],255,8.500000,1.0000,False,manual_box,retarget_corner
Federico_sammelt_i_tried_the_new_season_[C-SDrECvTa4]_000255_189f3e79_aug_photo_exposure_046369a8_aug_retarget_corner.png,0,enemy,1,0.920000,0.876733,0.073067,0.246535,Federico_sammelt__i_tried_the_new_season [C-SDrECvTa4],255,8.500000,1.0000,False,manual_box,retarget_corner
Federico_sammelt_i_tried_the_new_season_[C-SDrECvTa4]_000255_189f3e79_aug_photo_exposure_046369a8_aug_retarget_corner.png,1,player,1,0.703772,0.806947,0.162277,0.386106,Federico_sammelt__i_tried_the_new_season [C-SDrECvTa4],255,8.500000,1.0000,False,manual_box,retarget_corner
Federico_sammelt_i_tried_the_new_season_[C-SDrECvTa4]_000255_189f3e79_aug_photo_gameplay_08fc4757_aug_original.png,0,enemy,1,0.553951,0.311657,0.027188,0.077716,Federico_sammelt__i_tried_the_new_season [C-SDrECvTa4],255,8.500000,1.0000,False,manual_box,original
Federico_sammelt_i_tried_the_new_season_[C-SDrECvTa4]_000255_189f3e79_aug_photo_gameplay_08fc4757_aug_original.png,0,enemy,1,0.590909,0.405234,0.029737,0.058684,Federico_sammelt__i_tried_the_new_season [C-SDrECvTa4],255,8.500000,1.0000,False,manual_box,original
Federico_sammelt_i_tried_the_new_season_[C-SDrECvTa4]_000255_189f3e79_aug_photo_gameplay_08fc4757_aug_original.png,0,enemy,1,0.526338,0.398890,0.028037,0.071372,Federico_sammelt__i_tried_the_new_season [C-SDrECvTa4],255,8.500000,1.0000,False,manual_box,original
Federico_sammelt_i_tried_the_new_season_[C-SDrECvTa4]_000255_189f3e79_aug_photo_gameplay_08fc4757_aug_original.png,0,enemy,1,0.501699,0.398890,0.031436,0.065028,Federico_sammelt__i_tried_the_new_season [C-SDrECvTa4],255,8.500000,1.0000,False,manual_box,original
Federico_sammelt_i_tried_the_new_season_[C-SDrECvTa4]_000255_189f3e79_aug_photo_gameplay_08fc4757_aug_original.png,0,enemy,1,0.471113,0.428232,0.016143,0.072958,Federico_sammelt__i_tried_the_new_season [C-SDrECvTa4],255,8.500000,1.0000,False,manual_box,original
Federico_sammelt_i_tried_the_new_season_[C-SDrECvTa4]_000255_189f3e79_aug_photo_gameplay_08fc4757_aug_original.png,0,enemy,1,0.446899,0.421094,0.040782,0.090404,Federico_sammelt__i_tried_the_new_season [C-SDrECvTa4],255,8.500000,1.0000,False,manual_box,original
Federico_sammelt_i_tried_the_new_season_[C-SDrECvTa4]_000255_189f3e79_aug_photo_gameplay_08fc4757_aug_original.png,0,enemy,1,0.455395,0.790642,0.062872,0.122125,Federico_sammelt__i_tried_the_new_season [C-SDrECvTa4],255,8.500000,1.0000,False,manual_box,original
Federico_sammelt_i_tried_the_new_season_[C-SDrECvTa4]_000255_189f3e79_aug_photo_gameplay_08fc4757_aug_original.png,0,enemy,1,0.520391,0.662173,0.067120,0.157018,Federico_sammelt__i_tried_the_new_season [C-SDrECvTa4],255,8.500000,1.0000,False,manual_box,original
Federico_sammelt_i_tried_the_new_season_[C-SDrECvTa4]_000255_189f3e79_aug_photo_gameplay_08fc4757_aug_original.png,0,enemy,1,0.589635,0.713719,0.073067,0.333069,Federico_sammelt__i_tried_the_new_season [C-SDrECvTa4],255,8.500000,1.0000,False,manual_box,original
Federico_sammelt_i_tried_the_new_season_[C-SDrECvTa4]_000255_189f3e79_aug_photo_gameplay_08fc4757_aug_original.png,1,player,1,0.373407,0.701031,0.162277,0.586836,Federico_sammelt__i_tried_the_new_season [C-SDrECvTa4],255,8.500000,1.0000,False,manual_box,original
Federico_sammelt_i_tried_the_new_season_[C-SDrECvTa4]_000255_189f3e79_aug_photo_gameplay_08fc4757_aug_photo_exposure.png,0,enemy,1,0.553951,0.311657,0.027188,0.077716,Federico_sammelt__i_tried_the_new_season [C-SDrECvTa4],255,8.500000,1.0000,False,manual_box,photo_exposure
Federico_sammelt_i_tried_the_new_season_[C-SDrECvTa4]_000255_189f3e79_aug_photo_gameplay_08fc4757_aug_photo_exposure.png,0,enemy,1,0.590909,0.405234,0.029737,0.058684,Federico_sammelt__i_tried_the_new_season [C-SDrECvTa4],255,8.500000,1.0000,False,manual_box,photo_exposure
Federico_sammelt_i_tried_the_new_season_[C-SDrECvTa4]_000255_189f3e79_aug_photo_gameplay_08fc4757_aug_photo_exposure.png,0,enemy,1,0.526338,0.398890,0.028037,0.071372,Federico_sammelt__i_tried_the_new_season [C-SDrECvTa4],255,8.500000,1.0000,False,manual_box,photo_exposure
Federico_sammelt_i_tried_the_new_season_[C-SDrECvTa4]_000255_189f3e79_aug_photo_gameplay_08fc4757_aug_photo_exposure.png,0,enemy,1,0.501699,0.398890,0.031436,0.065028,Federico_sammelt__i_tried_the_new_season [C-SDrECvTa4],255,8.500000,1.0000,False,manual_box,photo_exposure
Federico_sammelt_i_tried_the_new_season_[C-SDrECvTa4]_000255_189f3e79_aug_photo_gameplay_08fc4757_aug_photo_exposure.png,0,enemy,1,0.471113,0.428232,0.016143,0.072958,Federico_sammelt__i_tried_the_new_season [C-SDrECvTa4],255,8.500000,1.0000,False,manual_box,photo_exposure
Federico_sammelt_i_tried_the_new_season_[C-SDrECvTa4]_000255_189f3e79_aug_photo_gameplay_08fc4757_aug_photo_exposure.png,0,enemy,1,0.446899,0.421094,0.040782,0.090404,Federico_sammelt__i_tried_the_new_season [C-SDrECvTa4],255,8.500000,1.0000,False,manual_box,photo_exposure
Federico_sammelt_i_tried_the_new_season_[C-SDrECvTa4]_000255_189f3e79_aug_photo_gameplay_08fc4757_aug_photo_exposure.png,0,enemy,1,0.455395,0.790642,0.062872,0.122125,Federico_sammelt__i_tried_the_new_season [C-SDrECvTa4],255,8.500000,1.0000,False,manual_box,photo_exposure
Federico_sammelt_i_tried_the_new_season_[C-SDrECvTa4]_000255_189f3e79_aug_photo_gameplay_08fc4757_aug_photo_exposure.png,0,enemy,1,0.520391,0.662173,0.067120,0.157018,Federico_sammelt__i_tried_the_new_season [C-SDrECvTa4],255,8.500000,1.0000,False,manual_box,photo_exposure
Federico_sammelt_i_tried_the_new_season_[C-SDrECvTa4]_000255_189f3e79_aug_photo_gameplay_08fc4757_aug_photo_exposure.png,0,enemy,1,0.589635,0.713719,0.073067,0.333069,Federico_sammelt__i_tried_the_new_season [C-SDrECvTa4],255,8.500000,1.0000,False,manual_box,photo_exposure
Federico_sammelt_i_tried_the_new_season_[C-SDrECvTa4]_000255_189f3e79_aug_photo_gameplay_08fc4757_aug_photo_exposure.png,1,player,1,0.373407,0.701031,0.162277,0.586836,Federico_sammelt__i_tried_the_new_season [C-SDrECvTa4],255,8.500000,1.0000,False,manual_box,photo_exposure
Federico_sammelt_i_tried_the_new_season_[C-SDrECvTa4]_000255_189f3e79_aug_photo_gameplay_08fc4757_aug_photo_gameplay.png,0,enemy,1,0.553951,0.311657,0.027188,0.077716,Federico_sammelt__i_tried_the_new_season [C-SDrECvTa4],255,8.500000,1.0000,False,manual_box,photo_gameplay
Federico_sammelt_i_tried_the_new_season_[C-SDrECvTa4]_000255_189f3e79_aug_photo_gameplay_08fc4757_aug_photo_gameplay.png,0,enemy,1,0.590909,0.405234,0.029737,0.058684,Federico_sammelt__i_tried_the_new_season [C-SDrECvTa4],255,8.500000,1.0000,False,manual_box,photo_gameplay
Federico_sammelt_i_tried_the_new_season_[C-SDrECvTa4]_000255_189f3e79_aug_photo_gameplay_08fc4757_aug_photo_gameplay.png,0,enemy,1,0.526338,0.398890,0.028037,0.071372,Federico_sammelt__i_tried_the_new_season [C-SDrECvTa4],255,8.500000,1.0000,False,manual_box,photo_gameplay
Federico_sammelt_i_tried_the_new_season_[C-SDrECvTa4]_000255_189f3e79_aug_photo_gameplay_08fc4757_aug_photo_gameplay.png,0,enemy,1,0.501699,0.398890,0.031436,0.065028,Federico_sammelt__i_tried_the_new_season [C-SDrECvTa4],255,8.500000,1.0000,False,manual_box,photo_gameplay
Federico_sammelt_i_tried_the_new_season_[C-SDrECvTa4]_000255_189f3e79_aug_photo_gameplay_08fc4757_aug_photo_gameplay.png,0,enemy,1,0.471113,0.428232,0.016143,0.072958,Federico_sammelt__i_tried_the_new_season [C-SDrECvTa4],255,8.500000,1.0000,False,manual_box,photo_gameplay
Federico_sammelt_i_tried_the_new_season_[C-SDrECvTa4]_000255_189f3e79_aug_photo_gameplay_08fc4757_aug_photo_gameplay.png,0,enemy,1,0.446899,0.421094,0.040782,0.090404,Federico_sammelt__i_tried_the_new_season [C-SDrECvTa4],255,8.500000,1.0000,False,manual_box,photo_gameplay
Federico_sammelt_i_tried_the_new_season_[C-SDrECvTa4]_000255_189f3e79_aug_photo_gameplay_08fc4757_aug_photo_gameplay.png,0,enemy,1,0.455395,0.790642,0.062872,0.122125,Federico_sammelt__i_tried_the_new_season [C-SDrECvTa4],255,8.500000,1.0000,False,manual_box,photo_gameplay
Federico_sammelt_i_tried_the_new_season_[C-SDrECvTa4]_000255_189f3e79_aug_photo_gameplay_08fc4757_aug_photo_gameplay.png,0,enemy,1,0.520391,0.662173,0.067120,0.157018,Federico_sammelt__i_tried_the_new_season [C-SDrECvTa4],255,8.500000,1.0000,False,manual_box,photo_gameplay
Federico_sammelt_i_tried_the_new_season_[C-SDrECvTa4]_000255_189f3e79_aug_photo_gameplay_08fc4757_aug_photo_gameplay.png,0,enemy,1,0.589635,0.713719,0.073067,0.333069,Federico_sammelt__i_tried_the_new_season [C-SDrECvTa4],255,8.500000,1.0000,False,manual_box,photo_gameplay
Federico_sammelt_i_tried_the_new_season_[C-SDrECvTa4]_000255_189f3e79_aug_photo_gameplay_08fc4757_aug_photo_gameplay.png,1,player,1,0.373407,0.701031,0.162277,0.586836,Federico_sammelt__i_tried_the_new_season [C-SDrECvTa4],255,8.500000,1.0000,False,manual_box,photo_gameplay
Federico_sammelt_i_tried_the_new_season_[C-SDrECvTa4]_000255_189f3e79_aug_photo_gameplay_08fc4757_aug_affine_mild.png,0,enemy,1,0.415610,0.259956,0.030394,0.085528,Federico_sammelt__i_tried_the_new_season [C-SDrECvTa4],255,8.500000,1.0000,False,manual_box,affine_mild
Federico_sammelt_i_tried_the_new_season_[C-SDrECvTa4]_000255_189f3e79_aug_photo_gameplay_08fc4757_aug_affine_mild.png,0,enemy,1,0.378023,0.363546,0.032751,0.065907,Federico_sammelt__i_tried_the_new_season [C-SDrECvTa4],255,8.500000,1.0000,False,manual_box,affine_mild
Federico_sammelt_i_tried_the_new_season_[C-SDrECvTa4]_000255_189f3e79_aug_photo_gameplay_08fc4757_aug_affine_mild.png,0,enemy,1,0.446635,0.347599,0.031179,0.078988,Federico_sammelt__i_tried_the_new_season [C-SDrECvTa4],255,8.500000,1.0000,False,manual_box,affine_mild
Federico_sammelt_i_tried_the_new_season_[C-SDrECvTa4]_000255_189f3e79_aug_photo_gameplay_08fc4757_aug_affine_mild.png,0,enemy,1,0.472861,0.344056,0.034679,0.072814,Federico_sammelt__i_tried_the_new_season [C-SDrECvTa4],255,8.500000,1.0000,False,manual_box,affine_mild
Federico_sammelt_i_tried_the_new_season_[C-SDrECvTa4]_000255_189f3e79_aug_photo_gameplay_08fc4757_aug_affine_mild.png,0,enemy,1,0.505967,0.370474,0.018549,0.078943,Federico_sammelt__i_tried_the_new_season [C-SDrECvTa4],255,8.500000,1.0000,False,manual_box,affine_mild
Federico_sammelt_i_tried_the_new_season_[C-SDrECvTa4]_000255_189f3e79_aug_photo_gameplay_08fc4757_aug_affine_mild.png,0,enemy,1,0.531607,0.359496,0.045102,0.100808,Federico_sammelt__i_tried_the_new_season [C-SDrECvTa4],255,8.500000,1.0000,False,manual_box,affine_mild
Federico_sammelt_i_tried_the_new_season_[C-SDrECvTa4]_000255_189f3e79_aug_photo_gameplay_08fc4757_aug_affine_mild.png,0,enemy,1,0.529482,0.748825,0.069209,0.137298,Federico_sammelt__i_tried_the_new_season [C-SDrECvTa4],255,8.500000,1.0000,False,manual_box,affine_mild
Federico_sammelt_i_tried_the_new_season_[C-SDrECvTa4]_000255_189f3e79_aug_photo_gameplay_08fc4757_aug_affine_mild.png,0,enemy,1,0.457894,0.623249,0.074383,0.174554,Federico_sammelt__i_tried_the_new_season [C-SDrECvTa4],255,8.500000,1.0000,False,manual_box,affine_mild
Federico_sammelt_i_tried_the_new_season_[C-SDrECvTa4]_000255_189f3e79_aug_photo_gameplay_08fc4757_aug_affine_mild.png,0,enemy,1,0.385154,0.687340,0.084009,0.360302,Federico_sammelt__i_tried_the_new_season [C-SDrECvTa4],255,8.500000,1.0000,False,manual_box,affine_mild
Federico_sammelt_i_tried_the_new_season_[C-SDrECvTa4]_000255_189f3e79_aug_photo_gameplay_08fc4757_aug_affine_mild.png,1,player,1,0.615074,0.642925,0.183717,0.639640,Federico_sammelt__i_tried_the_new_season [C-SDrECvTa4],255,8.500000,1.0000,False,manual_box,affine_mild
Federico_sammelt_i_tried_the_new_season_[C-SDrECvTa4]_000255_189f3e79_aug_photo_gameplay_08fc4757_aug_retarget_edge.png,0,enemy,1,0.884316,0.097938,0.027188,0.077716,Federico_sammelt__i_tried_the_new_season [C-SDrECvTa4],255,8.500000,1.0000,False,manual_box,retarget_edge
Federico_sammelt_i_tried_the_new_season_[C-SDrECvTa4]_000255_189f3e79_aug_photo_gameplay_08fc4757_aug_retarget_edge.png,0,enemy,1,0.921274,0.191515,0.029737,0.058684,Federico_sammelt__i_tried_the_new_season [C-SDrECvTa4],255,8.500000,1.0000,False,manual_box,retarget_edge
Federico_sammelt_i_tried_the_new_season_[C-SDrECvTa4]_000255_189f3e79_aug_photo_gameplay_08fc4757_aug_retarget_edge.png,0,enemy,1,0.856703,0.185171,0.028037,0.071372,Federico_sammelt__i_tried_the_new_season [C-SDrECvTa4],255,8.500000,1.0000,False,manual_box,retarget_edge
Federico_sammelt_i_tried_the_new_season_[C-SDrECvTa4]_000255_189f3e79_aug_photo_gameplay_08fc4757_aug_retarget_edge.png,0,enemy,1,0.832064,0.185171,0.031436,0.065028,Federico_sammelt__i_tried_the_new_season [C-SDrECvTa4],255,8.500000,1.0000,False,manual_box,retarget_edge
Federico_sammelt_i_tried_the_new_season_[C-SDrECvTa4]_000255_189f3e79_aug_photo_gameplay_08fc4757_aug_retarget_edge.png,0,enemy,1,0.801478,0.214513,0.016143,0.072958,Federico_sammelt__i_tried_the_new_season [C-SDrECvTa4],255,8.500000,1.0000,False,manual_box,retarget_edge
Federico_sammelt_i_tried_the_new_season_[C-SDrECvTa4]_000255_189f3e79_aug_photo_gameplay_08fc4757_aug_retarget_edge.png,0,enemy,1,0.777264,0.207375,0.040782,0.090404,Federico_sammelt__i_tried_the_new_season [C-SDrECvTa4],255,8.500000,1.0000,False,manual_box,retarget_edge
Federico_sammelt_i_tried_the_new_season_[C-SDrECvTa4]_000255_189f3e79_aug_photo_gameplay_08fc4757_aug_retarget_edge.png,0,enemy,1,0.785760,0.576923,0.062872,0.122125,Federico_sammelt__i_tried_the_new_season [C-SDrECvTa4],255,8.500000,1.0000,False,manual_box,retarget_edge
Federico_sammelt_i_tried_the_new_season_[C-SDrECvTa4]_000255_189f3e79_aug_photo_gameplay_08fc4757_aug_retarget_edge.png,0,enemy,1,0.850756,0.448454,0.067120,0.157018,Federico_sammelt__i_tried_the_new_season [C-SDrECvTa4],255,8.500000,1.0000,False,manual_box,retarget_edge
Federico_sammelt_i_tried_the_new_season_[C-SDrECvTa4]_000255_189f3e79_aug_photo_gameplay_08fc4757_aug_retarget_edge.png,0,enemy,1,0.920000,0.500000,0.073067,0.333069,Federico_sammelt__i_tried_the_new_season [C-SDrECvTa4],255,8.500000,1.0000,False,manual_box,retarget_edge
Federico_sammelt_i_tried_the_new_season_[C-SDrECvTa4]_000255_189f3e79_aug_photo_gameplay_08fc4757_aug_retarget_edge.png,1,player,1,0.703772,0.487312,0.162277,0.586836,Federico_sammelt__i_tried_the_new_season [C-SDrECvTa4],255,8.500000,1.0000,False,manual_box,retarget_edge
Federico_sammelt_i_tried_the_new_season_[C-SDrECvTa4]_000255_189f3e79_aug_photo_gameplay_08fc4757_aug_retarget_corner.png,0,enemy,1,0.884316,0.517938,0.027188,0.077716,Federico_sammelt__i_tried_the_new_season [C-SDrECvTa4],255,8.500000,1.0000,False,manual_box,retarget_corner
Federico_sammelt_i_tried_the_new_season_[C-SDrECvTa4]_000255_189f3e79_aug_photo_gameplay_08fc4757_aug_retarget_corner.png,0,enemy,1,0.921274,0.611515,0.029737,0.058684,Federico_sammelt__i_tried_the_new_season [C-SDrECvTa4],255,8.500000,1.0000,False,manual_box,retarget_corner
Federico_sammelt_i_tried_the_new_season_[C-SDrECvTa4]_000255_189f3e79_aug_photo_gameplay_08fc4757_aug_retarget_corner.png,0,enemy,1,0.856703,0.605171,0.028037,0.071372,Federico_sammelt__i_tried_the_new_season [C-SDrECvTa4],255,8.500000,1.0000,False,manual_box,retarget_corner
Federico_sammelt_i_tried_the_new_season_[C-SDrECvTa4]_000255_189f3e79_aug_photo_gameplay_08fc4757_aug_retarget_corner.png,0,enemy,1,0.832064,0.605171,0.031436,0.065028,Federico_sammelt__i_tried_the_new_season [C-SDrECvTa4],255,8.500000,1.0000,False,manual_box,retarget_corner
Federico_sammelt_i_tried_the_new_season_[C-SDrECvTa4]_000255_189f3e79_aug_photo_gameplay_08fc4757_aug_retarget_corner.png,0,enemy,1,0.801478,0.634513,0.016143,0.072958,Federico_sammelt__i_tried_the_new_season [C-SDrECvTa4],255,8.500000,1.0000,False,manual_box,retarget_corner
Federico_sammelt_i_tried_the_new_season_[C-SDrECvTa4]_000255_189f3e79_aug_photo_gameplay_08fc4757_aug_retarget_corner.png,0,enemy,1,0.777264,0.627375,0.040782,0.090404,Federico_sammelt__i_tried_the_new_season [C-SDrECvTa4],255,8.500000,1.0000,False,manual_box,retarget_corner
Federico_sammelt_i_tried_the_new_season_[C-SDrECvTa4]_000255_189f3e79_aug_photo_gameplay_08fc4757_aug_retarget_corner.png,0,enemy,1,0.850756,0.868454,0.067120,0.157018,Federico_sammelt__i_tried_the_new_season [C-SDrECvTa4],255,8.500000,1.0000,False,manual_box,retarget_corner
Federico_sammelt_i_tried_the_new_season_[C-SDrECvTa4]_000255_189f3e79_aug_photo_gameplay_08fc4757_aug_retarget_corner.png,0,enemy,1,0.920000,0.876733,0.073067,0.246535,Federico_sammelt__i_tried_the_new_season [C-SDrECvTa4],255,8.500000,1.0000,False,manual_box,retarget_corner
Federico_sammelt_i_tried_the_new_season_[C-SDrECvTa4]_000255_189f3e79_aug_photo_gameplay_08fc4757_aug_retarget_corner.png,1,player,1,0.703772,0.806947,0.162277,0.386106,Federico_sammelt__i_tried_the_new_season [C-SDrECvTa4],255,8.500000,1.0000,False,manual_box,retarget_corner
Federico_sammelt_i_tried_the_new_season_[C-SDrECvTa4]_000255_189f3e79_aug_affine_mild_cd8129b6_aug_original.png,0,enemy,1,0.511891,0.317729,0.030750,0.076264,Federico_sammelt__i_tried_the_new_season [C-SDrECvTa4],255,8.500000,1.0000,False,manual_box,original
Federico_sammelt_i_tried_the_new_season_[C-SDrECvTa4]_000255_189f3e79_aug_affine_mild_cd8129b6_aug_original.png,0,enemy,1,0.548607,0.410039,0.032962,0.058638,Federico_sammelt__i_tried_the_new_season [C-SDrECvTa4],255,8.500000,1.0000,False,manual_box,original
Federico_sammelt_i_tried_the_new_season_[C-SDrECvTa4]_000255_189f3e79_aug_affine_mild_cd8129b6_aug_original.png,0,enemy,1,0.480448,0.396704,0.031487,0.070389,Federico_sammelt__i_tried_the_new_season [C-SDrECvTa4],255,8.500000,1.0000,False,manual_box,original
Federico_sammelt_i_tried_the_new_season_[C-SDrECvTa4]_000255_189f3e79_aug_affine_mild_cd8129b6_aug_original.png,0,enemy,1,0.454378,0.393895,0.034921,0.064804,Federico_sammelt__i_tried_the_new_season [C-SDrECvTa4],255,8.500000,1.0000,False,manual_box,original
Federico_sammelt_i_tried_the_new_season_[C-SDrECvTa4]_000255_189f3e79_aug_affine_mild_cd8129b6_aug_original.png,0,enemy,1,0.421267,0.418030,0.018942,0.070526,Federico_sammelt__i_tried_the_new_season [C-SDrECvTa4],255,8.500000,1.0000,False,manual_box,original
Federico_sammelt_i_tried_the_new_season_[C-SDrECvTa4]_000255_189f3e79_aug_affine_mild_cd8129b6_aug_original.png,0,enemy,1,0.395829,0.408549,0.045457,0.089759,Federico_sammelt__i_tried_the_new_season [C-SDrECvTa4],255,8.500000,1.0000,False,manual_box,original
Federico_sammelt_i_tried_the_new_season_[C-SDrECvTa4]_000255_189f3e79_aug_affine_mild_cd8129b6_aug_original.png,0,enemy,1,0.395387,0.757422,0.069640,0.122141,Federico_sammelt__i_tried_the_new_season [C-SDrECvTa4],255,8.500000,1.0000,False,manual_box,original
Federico_sammelt_i_tried_the_new_season_[C-SDrECvTa4]_000255_189f3e79_aug_affine_mild_cd8129b6_aug_original.png,0,enemy,1,0.467436,0.643889,0.075025,0.155475,Federico_sammelt__i_tried_the_new_season [C-SDrECvTa4],255,8.500000,1.0000,False,manual_box,original
Federico_sammelt_i_tried_the_new_season_[C-SDrECvTa4]_000255_189f3e79_aug_affine_mild_cd8129b6_aug_original.png,0,enemy,1,0.539386,0.700311,0.085810,0.321893,Federico_sammelt__i_tried_the_new_season [C-SDrECvTa4],255,8.500000,1.0000,False,manual_box,original
Federico_sammelt_i_tried_the_new_season_[C-SDrECvTa4]_000255_189f3e79_aug_affine_mild_cd8129b6_aug_original.png,1,player,1,0.310925,0.663711,0.186677,0.570969,Federico_sammelt__i_tried_the_new_season [C-SDrECvTa4],255,8.500000,1.0000,False,manual_box,original
Federico_sammelt_i_tried_the_new_season_[C-SDrECvTa4]_000255_189f3e79_aug_affine_mild_cd8129b6_aug_photo_exposure.png,0,enemy,1,0.511891,0.317729,0.030750,0.076264,Federico_sammelt__i_tried_the_new_season [C-SDrECvTa4],255,8.500000,1.0000,False,manual_box,photo_exposure
Federico_sammelt_i_tried_the_new_season_[C-SDrECvTa4]_000255_189f3e79_aug_affine_mild_cd8129b6_aug_photo_exposure.png,0,enemy,1,0.548607,0.410039,0.032962,0.058638,Federico_sammelt__i_tried_the_new_season [C-SDrECvTa4],255,8.500000,1.0000,False,manual_box,photo_exposure
Federico_sammelt_i_tried_the_new_season_[C-SDrECvTa4]_000255_189f3e79_aug_affine_mild_cd8129b6_aug_photo_exposure.png,0,enemy,1,0.480448,0.396704,0.031487,0.070389,Federico_sammelt__i_tried_the_new_season [C-SDrECvTa4],255,8.500000,1.0000,False,manual_box,photo_exposure
Federico_sammelt_i_tried_the_new_season_[C-SDrECvTa4]_000255_189f3e79_aug_affine_mild_cd8129b6_aug_photo_exposure.png,0,enemy,1,0.454378,0.393895,0.034921,0.064804,Federico_sammelt__i_tried_the_new_season [C-SDrECvTa4],255,8.500000,1.0000,False,manual_box,photo_exposure
Federico_sammelt_i_tried_the_new_season_[C-SDrECvTa4]_000255_189f3e79_aug_affine_mild_cd8129b6_aug_photo_exposure.png,0,enemy,1,0.421267,0.418030,0.018942,0.070526,Federico_sammelt__i_tried_the_new_season [C-SDrECvTa4],255,8.500000,1.0000,False,manual_box,photo_exposure
Federico_sammelt_i_tried_the_new_season_[C-SDrECvTa4]_000255_189f3e79_aug_affine_mild_cd8129b6_aug_photo_exposure.png,0,enemy,1,0.395829,0.408549,0.045457,0.089759,Federico_sammelt__i_tried_the_new_season [C-SDrECvTa4],255,8.500000,1.0000,False,manual_box,photo_exposure
Federico_sammelt_i_tried_the_new_season_[C-SDrECvTa4]_000255_189f3e79_aug_affine_mild_cd8129b6_aug_photo_exposure.png,0,enemy,1,0.395387,0.757422,0.069640,0.122141,Federico_sammelt__i_tried_the_new_season [C-SDrECvTa4],255,8.500000,1.0000,False,manual_box,photo_exposure
Federico_sammelt_i_tried_the_new_season_[C-SDrECvTa4]_000255_189f3e79_aug_affine_mild_cd8129b6_aug_photo_exposure.png,0,enemy,1,0.467436,0.643889,0.075025,0.155475,Federico_sammelt__i_tried_the_new_season [C-SDrECvTa4],255,8.500000,1.0000,False,manual_box,photo_exposure
Federico_sammelt_i_tried_the_new_season_[C-SDrECvTa4]_000255_189f3e79_aug_affine_mild_cd8129b6_aug_photo_exposure.png,0,enemy,1,0.539386,0.700311,0.085810,0.321893,Federico_sammelt__i_tried_the_new_season [C-SDrECvTa4],255,8.500000,1.0000,False,manual_box,photo_exposure
Federico_sammelt_i_tried_the_new_season_[C-SDrECvTa4]_000255_189f3e79_aug_affine_mild_cd8129b6_aug_photo_exposure.png,1,player,1,0.310925,0.663711,0.186677,0.570969,Federico_sammelt__i_tried_the_new_season [C-SDrECvTa4],255,8.500000,1.0000,False,manual_box,photo_exposure
Federico_sammelt_i_tried_the_new_season_[C-SDrECvTa4]_000255_189f3e79_aug_affine_mild_cd8129b6_aug_photo_gameplay.png,0,enemy,1,0.511891,0.317729,0.030750,0.076264,Federico_sammelt__i_tried_the_new_season [C-SDrECvTa4],255,8.500000,1.0000,False,manual_box,photo_gameplay
Federico_sammelt_i_tried_the_new_season_[C-SDrECvTa4]_000255_189f3e79_aug_affine_mild_cd8129b6_aug_photo_gameplay.png,0,enemy,1,0.548607,0.410039,0.032962,0.058638,Federico_sammelt__i_tried_the_new_season [C-SDrECvTa4],255,8.500000,1.0000,False,manual_box,photo_gameplay
Federico_sammelt_i_tried_the_new_season_[C-SDrECvTa4]_000255_189f3e79_aug_affine_mild_cd8129b6_aug_photo_gameplay.png,0,enemy,1,0.480448,0.396704,0.031487,0.070389,Federico_sammelt__i_tried_the_new_season [C-SDrECvTa4],255,8.500000,1.0000,False,manual_box,photo_gameplay
Federico_sammelt_i_tried_the_new_season_[C-SDrECvTa4]_000255_189f3e79_aug_affine_mild_cd8129b6_aug_photo_gameplay.png,0,enemy,1,0.454378,0.393895,0.034921,0.064804,Federico_sammelt__i_tried_the_new_season [C-SDrECvTa4],255,8.500000,1.0000,False,manual_box,photo_gameplay
Federico_sammelt_i_tried_the_new_season_[C-SDrECvTa4]_000255_189f3e79_aug_affine_mild_cd8129b6_aug_photo_gameplay.png,0,enemy,1,0.421267,0.418030,0.018942,0.070526,Federico_sammelt__i_tried_the_new_season [C-SDrECvTa4],255,8.500000,1.0000,False,manual_box,photo_gameplay
Federico_sammelt_i_tried_the_new_season_[C-SDrECvTa4]_000255_189f3e79_aug_affine_mild_cd8129b6_aug_photo_gameplay.png,0,enemy,1,0.395829,0.408549,0.045457,0.089759,Federico_sammelt__i_tried_the_new_season [C-SDrECvTa4],255,8.500000,1.0000,False,manual_box,photo_gameplay
Federico_sammelt_i_tried_the_new_season_[C-SDrECvTa4]_000255_189f3e79_aug_affine_mild_cd8129b6_aug_photo_gameplay.png,0,enemy,1,0.395387,0.757422,0.069640,0.122141,Federico_sammelt__i_tried_the_new_season [C-SDrECvTa4],255,8.500000,1.0000,False,manual_box,photo_gameplay
Federico_sammelt_i_tried_the_new_season_[C-SDrECvTa4]_000255_189f3e79_aug_affine_mild_cd8129b6_aug_photo_gameplay.png,0,enemy,1,0.467436,0.643889,0.075025,0.155475,Federico_sammelt__i_tried_the_new_season [C-SDrECvTa4],255,8.500000,1.0000,False,manual_box,photo_gameplay
Federico_sammelt_i_tried_the_new_season_[C-SDrECvTa4]_000255_189f3e79_aug_affine_mild_cd8129b6_aug_photo_gameplay.png,0,enemy,1,0.539386,0.700311,0.085810,0.321893,Federico_sammelt__i_tried_the_new_season [C-SDrECvTa4],255,8.500000,1.0000,False,manual_box,photo_gameplay
Federico_sammelt_i_tried_the_new_season_[C-SDrECvTa4]_000255_189f3e79_aug_affine_mild_cd8129b6_aug_photo_gameplay.png,1,player,1,0.310925,0.663711,0.186677,0.570969,Federico_sammelt__i_tried_the_new_season [C-SDrECvTa4],255,8.500000,1.0000,False,manual_box,photo_gameplay
Federico_sammelt_i_tried_the_new_season_[C-SDrECvTa4]_000255_189f3e79_aug_affine_mild_cd8129b6_aug_affine_mild.png,0,enemy,1,0.482926,0.308978,0.031735,0.076639,Federico_sammelt__i_tried_the_new_season [C-SDrECvTa4],255,8.500000,1.0000,False,manual_box,affine_mild
Federico_sammelt_i_tried_the_new_season_[C-SDrECvTa4]_000255_189f3e79_aug_affine_mild_cd8129b6_aug_affine_mild.png,0,enemy,1,0.448923,0.401723,0.033527,0.059282,Federico_sammelt__i_tried_the_new_season [C-SDrECvTa4],255,8.500000,1.0000,False,manual_box,affine_mild
Federico_sammelt_i_tried_the_new_season_[C-SDrECvTa4]_000255_189f3e79_aug_affine_mild_cd8129b6_aug_affine_mild.png,0,enemy,1,0.515397,0.385927,0.032332,0.070854,Federico_sammelt__i_tried_the_new_season [C-SDrECvTa4],255,8.500000,1.0000,False,manual_box,affine_mild
Federico_sammelt_i_tried_the_new_season_[C-SDrECvTa4]_000255_189f3e79_aug_affine_mild_cd8129b6_aug_affine_mild.png,0,enemy,1,0.540871,0.382153,0.035577,0.065458,Federico_sammelt__i_tried_the_new_season [C-SDrECvTa4],255,8.500000,1.0000,False,manual_box,affine_mild
Federico_sammelt_i_tried_the_new_season_[C-SDrECvTa4]_000255_189f3e79_aug_affine_mild_cd8129b6_aug_affine_mild.png,0,enemy,1,0.573813,0.404773,0.020048,0.070511,Federico_sammelt__i_tried_the_new_season [C-SDrECvTa4],255,8.500000,1.0000,False,manual_box,affine_mild
Federico_sammelt_i_tried_the_new_season_[C-SDrECvTa4]_000255_189f3e79_aug_affine_mild_cd8129b6_aug_affine_mild.png,0,enemy,1,0.598526,0.394421,0.046425,0.090554,Federico_sammelt__i_tried_the_new_season [C-SDrECvTa4],255,8.500000,1.0000,False,manual_box,affine_mild
Federico_sammelt_i_tried_the_new_season_[C-SDrECvTa4]_000255_189f3e79_aug_affine_mild_cd8129b6_aug_affine_mild.png,0,enemy,1,0.606357,0.739629,0.070797,0.123520,Federico_sammelt__i_tried_the_new_season [C-SDrECvTa4],255,8.500000,1.0000,False,manual_box,affine_mild
Federico_sammelt_i_tried_the_new_season_[C-SDrECvTa4]_000255_189f3e79_aug_affine_mild_cd8129b6_aug_affine_mild.png,0,enemy,1,0.533383,0.630031,0.076778,0.156711,Federico_sammelt__i_tried_the_new_season [C-SDrECvTa4],255,8.500000,1.0000,False,manual_box,affine_mild
Federico_sammelt_i_tried_the_new_season_[C-SDrECvTa4]_000255_189f3e79_aug_affine_mild_cd8129b6_aug_affine_mild.png,0,enemy,1,0.464109,0.688607,0.090870,0.321800,Federico_sammelt__i_tried_the_new_season [C-SDrECvTa4],255,8.500000,1.0000,False,manual_box,affine_mild
Federico_sammelt_i_tried_the_new_season_[C-SDrECvTa4]_000255_189f3e79_aug_affine_mild_cd8129b6_aug_affine_mild.png,1,player,1,0.687094,0.643676,0.194944,0.572118,Federico_sammelt__i_tried_the_new_season [C-SDrECvTa4],255,8.500000,1.0000,False,manual_box,affine_mild
Federico_sammelt_i_tried_the_new_season_[C-SDrECvTa4]_000255_189f3e79_aug_affine_mild_cd8129b6_aug_retarget_edge.png,0,enemy,1,0.892505,0.117418,0.030750,0.076264,Federico_sammelt__i_tried_the_new_season [C-SDrECvTa4],255,8.500000,1.0000,False,manual_box,retarget_edge
Federico_sammelt_i_tried_the_new_season_[C-SDrECvTa4]_000255_189f3e79_aug_affine_mild_cd8129b6_aug_retarget_edge.png,0,enemy,1,0.929221,0.209728,0.032962,0.058638,Federico_sammelt__i_tried_the_new_season [C-SDrECvTa4],255,8.500000,1.0000,False,manual_box,retarget_edge
Federico_sammelt_i_tried_the_new_season_[C-SDrECvTa4]_000255_189f3e79_aug_affine_mild_cd8129b6_aug_retarget_edge.png,0,enemy,1,0.861062,0.196393,0.031487,0.070389,Federico_sammelt__i_tried_the_new_season [C-SDrECvTa4],255,8.500000,1.0000,False,manual_box,retarget_edge
Federico_sammelt_i_tried_the_new_season_[C-SDrECvTa4]_000255_189f3e79_aug_affine_mild_cd8129b6_aug_retarget_edge.png,0,enemy,1,0.834992,0.193584,0.034921,0.064804,Federico_sammelt__i_tried_the_new_season [C-SDrECvTa4],255,8.500000,1.0000,False,manual_box,retarget_edge
Federico_sammelt_i_tried_the_new_season_[C-SDrECvTa4]_000255_189f3e79_aug_affine_mild_cd8129b6_aug_retarget_edge.png,0,enemy,1,0.801881,0.217719,0.018942,0.070526,Federico_sammelt__i_tried_the_new_season [C-SDrECvTa4],255,8.500000,1.0000,False,manual_box,retarget_edge
Federico_sammelt_i_tried_the_new_season_[C-SDrECvTa4]_000255_189f3e79_aug_affine_mild_cd8129b6_aug_retarget_edge.png,0,enemy,1,0.776443,0.208238,0.045457,0.089759,Federico_sammelt__i_tried_the_new_season [C-SDrECvTa4],255,8.500000,1.0000,False,manual_box,retarget_edge
Federico_sammelt_i_tried_the_new_season_[C-SDrECvTa4]_000255_189f3e79_aug_affine_mild_cd8129b6_aug_retarget_edge.png,0,enemy,1,0.776001,0.557111,0.069640,0.122141,Federico_sammelt__i_tried_the_new_season [C-SDrECvTa4],255,8.500000,1.0000,False,manual_box,retarget_edge
Federico_sammelt_i_tried_the_new_season_[C-SDrECvTa4]_000255_189f3e79_aug_affine_mild_cd8129b6_aug_retarget_edge.png,0,enemy,1,0.848050,0.443578,0.075025,0.155475,Federico_sammelt__i_tried_the_new_season [C-SDrECvTa4],255,8.500000,1.0000,False,manual_box,retarget_edge
Federico_sammelt_i_tried_the_new_season_[C-SDrECvTa4]_000255_189f3e79_aug_affine_mild_cd8129b6_aug_retarget_edge.png,0,enemy,1,0.920000,0.500000,0.085810,0.321893,Federico_sammelt__i_tried_the_new_season [C-SDrECvTa4],255,8.500000,1.0000,False,manual_box,retarget_edge
Federico_sammelt_i_tried_the_new_season_[C-SDrECvTa4]_000255_189f3e79_aug_affine_mild_cd8129b6_aug_retarget_edge.png,1,player,1,0.691539,0.463400,0.186677,0.570969,Federico_sammelt__i_tried_the_new_season [C-SDrECvTa4],255,8.500000,1.0000,False,manual_box,retarget_edge
Federico_sammelt_i_tried_the_new_season_[C-SDrECvTa4]_000255_189f3e79_aug_affine_mild_cd8129b6_aug_retarget_corner.png,0,enemy,1,0.892505,0.537418,0.030750,0.076264,Federico_sammelt__i_tried_the_new_season [C-SDrECvTa4],255,8.500000,1.0000,False,manual_box,retarget_corner
Federico_sammelt_i_tried_the_new_season_[C-SDrECvTa4]_000255_189f3e79_aug_affine_mild_cd8129b6_aug_retarget_corner.png,0,enemy,1,0.929221,0.629728,0.032962,0.058638,Federico_sammelt__i_tried_the_new_season [C-SDrECvTa4],255,8.500000,1.0000,False,manual_box,retarget_corner
Federico_sammelt_i_tried_the_new_season_[C-SDrECvTa4]_000255_189f3e79_aug_affine_mild_cd8129b6_aug_retarget_corner.png,0,enemy,1,0.861062,0.616393,0.031487,0.070389,Federico_sammelt__i_tried_the_new_season [C-SDrECvTa4],255,8.500000,1.0000,False,manual_box,retarget_corner
Federico_sammelt_i_tried_the_new_season_[C-SDrECvTa4]_000255_189f3e79_aug_affine_mild_cd8129b6_aug_retarget_corner.png,0,enemy,1,0.834992,0.613584,0.034921,0.064804,Federico_sammelt__i_tried_the_new_season [C-SDrECvTa4],255,8.500000,1.0000,False,manual_box,retarget_corner
Federico_sammelt_i_tried_the_new_season_[C-SDrECvTa4]_000255_189f3e79_aug_affine_mild_cd8129b6_aug_retarget_corner.png,0,enemy,1,0.801881,0.637719,0.018942,0.070526,Federico_sammelt__i_tried_the_new_season [C-SDrECvTa4],255,8.500000,1.0000,False,manual_box,retarget_corner
Federico_sammelt_i_tried_the_new_season_[C-SDrECvTa4]_000255_189f3e79_aug_affine_mild_cd8129b6_aug_retarget_corner.png,0,enemy,1,0.776443,0.628238,0.045457,0.089759,Federico_sammelt__i_tried_the_new_season [C-SDrECvTa4],255,8.500000,1.0000,False,manual_box,retarget_corner
Federico_sammelt_i_tried_the_new_season_[C-SDrECvTa4]_000255_189f3e79_aug_affine_mild_cd8129b6_aug_retarget_corner.png,0,enemy,1,0.776001,0.958020,0.069640,0.083959,Federico_sammelt__i_tried_the_new_season [C-SDrECvTa4],255,8.500000,1.0000,False,manual_box,retarget_corner
Federico_sammelt_i_tried_the_new_season_[C-SDrECvTa4]_000255_189f3e79_aug_affine_mild_cd8129b6_aug_retarget_corner.png,0,enemy,1,0.848050,0.863578,0.075025,0.155475,Federico_sammelt__i_tried_the_new_season [C-SDrECvTa4],255,8.500000,1.0000,False,manual_box,retarget_corner
Federico_sammelt_i_tried_the_new_season_[C-SDrECvTa4]_000255_189f3e79_aug_affine_mild_cd8129b6_aug_retarget_corner.png,0,enemy,1,0.920000,0.879527,0.085810,0.240947,Federico_sammelt__i_tried_the_new_season [C-SDrECvTa4],255,8.500000,1.0000,False,manual_box,retarget_corner
Federico_sammelt_i_tried_the_new_season_[C-SDrECvTa4]_000255_189f3e79_aug_affine_mild_cd8129b6_aug_retarget_corner.png,1,player,1,0.691539,0.798958,0.186677,0.402084,Federico_sammelt__i_tried_the_new_season [C-SDrECvTa4],255,8.500000,1.0000,False,manual_box,retarget_corner
Federico_sammelt_i_tried_the_new_season_[C-SDrECvTa4]_000255_189f3e79_aug_retarget_edge_a33cdbb0_aug_original.png,0,enemy,1,0.884316,0.097938,0.027188,0.077716,Federico_sammelt__i_tried_the_new_season [C-SDrECvTa4],255,8.500000,1.0000,False,manual_box,original
Federico_sammelt_i_tried_the_new_season_[C-SDrECvTa4]_000255_189f3e79_aug_retarget_edge_a33cdbb0_aug_original.png,0,enemy,1,0.921274,0.191515,0.029737,0.058684,Federico_sammelt__i_tried_the_new_season [C-SDrECvTa4],255,8.500000,1.0000,False,manual_box,original
Federico_sammelt_i_tried_the_new_season_[C-SDrECvTa4]_000255_189f3e79_aug_retarget_edge_a33cdbb0_aug_original.png,0,enemy,1,0.856703,0.185171,0.028037,0.071372,Federico_sammelt__i_tried_the_new_season [C-SDrECvTa4],255,8.500000,1.0000,False,manual_box,original
Federico_sammelt_i_tried_the_new_season_[C-SDrECvTa4]_000255_189f3e79_aug_retarget_edge_a33cdbb0_aug_original.png,0,enemy,1,0.832064,0.185171,0.031436,0.065028,Federico_sammelt__i_tried_the_new_season [C-SDrECvTa4],255,8.500000,1.0000,False,manual_box,original
Federico_sammelt_i_tried_the_new_season_[C-SDrECvTa4]_000255_189f3e79_aug_retarget_edge_a33cdbb0_aug_original.png,0,enemy,1,0.801478,0.214513,0.016143,0.072958,Federico_sammelt__i_tried_the_new_season [C-SDrECvTa4],255,8.500000,1.0000,False,manual_box,original
Federico_sammelt_i_tried_the_new_season_[C-SDrECvTa4]_000255_189f3e79_aug_retarget_edge_a33cdbb0_aug_original.png,0,enemy,1,0.777264,0.207375,0.040782,0.090404,Federico_sammelt__i_tried_the_new_season [C-SDrECvTa4],255,8.500000,1.0000,False,manual_box,original
Federico_sammelt_i_tried_the_new_season_[C-SDrECvTa4]_000255_189f3e79_aug_retarget_edge_a33cdbb0_aug_original.png,0,enemy,1,0.785760,0.576923,0.062872,0.122125,Federico_sammelt__i_tried_the_new_season [C-SDrECvTa4],255,8.500000,1.0000,False,manual_box,original
Federico_sammelt_i_tried_the_new_season_[C-SDrECvTa4]_000255_189f3e79_aug_retarget_edge_a33cdbb0_aug_original.png,0,enemy,1,0.850756,0.448454,0.067120,0.157018,Federico_sammelt__i_tried_the_new_season [C-SDrECvTa4],255,8.500000,1.0000,False,manual_box,original
Federico_sammelt_i_tried_the_new_season_[C-SDrECvTa4]_000255_189f3e79_aug_retarget_edge_a33cdbb0_aug_original.png,0,enemy,1,0.920000,0.500000,0.073067,0.333069,Federico_sammelt__i_tried_the_new_season [C-SDrECvTa4],255,8.500000,1.0000,False,manual_box,original
Federico_sammelt_i_tried_the_new_season_[C-SDrECvTa4]_000255_189f3e79_aug_retarget_edge_a33cdbb0_aug_original.png,1,player,1,0.703772,0.487312,0.162277,0.586836,Federico_sammelt__i_tried_the_new_season [C-SDrECvTa4],255,8.500000,1.0000,False,manual_box,original
Federico_sammelt_i_tried_the_new_season_[C-SDrECvTa4]_000255_189f3e79_aug_retarget_edge_a33cdbb0_aug_photo_exposure.png,0,enemy,1,0.884316,0.097938,0.027188,0.077716,Federico_sammelt__i_tried_the_new_season [C-SDrECvTa4],255,8.500000,1.0000,False,manual_box,photo_exposure
Federico_sammelt_i_tried_the_new_season_[C-SDrECvTa4]_000255_189f3e79_aug_retarget_edge_a33cdbb0_aug_photo_exposure.png,0,enemy,1,0.921274,0.191515,0.029737,0.058684,Federico_sammelt__i_tried_the_new_season [C-SDrECvTa4],255,8.500000,1.0000,False,manual_box,photo_exposure
Federico_sammelt_i_tried_the_new_season_[C-SDrECvTa4]_000255_189f3e79_aug_retarget_edge_a33cdbb0_aug_photo_exposure.png,0,enemy,1,0.856703,0.185171,0.028037,0.071372,Federico_sammelt__i_tried_the_new_season [C-SDrECvTa4],255,8.500000,1.0000,False,manual_box,photo_exposure
Federico_sammelt_i_tried_the_new_season_[C-SDrECvTa4]_000255_189f3e79_aug_retarget_edge_a33cdbb0_aug_photo_exposure.png,0,enemy,1,0.832064,0.185171,0.031436,0.065028,Federico_sammelt__i_tried_the_new_season [C-SDrECvTa4],255,8.500000,1.0000,False,manual_box,photo_exposure
Federico_sammelt_i_tried_the_new_season_[C-SDrECvTa4]_000255_189f3e79_aug_retarget_edge_a33cdbb0_aug_photo_exposure.png,0,enemy,1,0.801478,0.214513,0.016143,0.072958,Federico_sammelt__i_tried_the_new_season [C-SDrECvTa4],255,8.500000,1.0000,False,manual_box,photo_exposure
Federico_sammelt_i_tried_the_new_season_[C-SDrECvTa4]_000255_189f3e79_aug_retarget_edge_a33cdbb0_aug_photo_exposure.png,0,enemy,1,0.777264,0.207375,0.040782,0.090404,Federico_sammelt__i_tried_the_new_season [C-SDrECvTa4],255,8.500000,1.0000,False,manual_box,photo_exposure
Federico_sammelt_i_tried_the_new_season_[C-SDrECvTa4]_000255_189f3e79_aug_retarget_edge_a33cdbb0_aug_photo_exposure.png,0,enemy,1,0.785760,0.576923,0.062872,0.122125,Federico_sammelt__i_tried_the_new_season [C-SDrECvTa4],255,8.500000,1.0000,False,manual_box,photo_exposure
Federico_sammelt_i_tried_the_new_season_[C-SDrECvTa4]_000255_189f3e79_aug_retarget_edge_a33cdbb0_aug_photo_exposure.png,0,enemy,1,0.850756,0.448454,0.067120,0.157018,Federico_sammelt__i_tried_the_new_season [C-SDrECvTa4],255,8.500000,1.0000,False,manual_box,photo_exposure
Federico_sammelt_i_tried_the_new_season_[C-SDrECvTa4]_000255_189f3e79_aug_retarget_edge_a33cdbb0_aug_photo_exposure.png,0,enemy,1,0.920000,0.500000,0.073067,0.333069,Federico_sammelt__i_tried_the_new_season [C-SDrECvTa4],255,8.500000,1.0000,False,manual_box,photo_exposure
Federico_sammelt_i_tried_the_new_season_[C-SDrECvTa4]_000255_189f3e79_aug_retarget_edge_a33cdbb0_aug_photo_exposure.png,1,player,1,0.703772,0.487312,0.162277,0.586836,Federico_sammelt__i_tried_the_new_season [C-SDrECvTa4],255,8.500000,1.0000,False,manual_box,photo_exposure
Federico_sammelt_i_tried_the_new_season_[C-SDrECvTa4]_000255_189f3e79_aug_retarget_edge_a33cdbb0_aug_photo_gameplay.png,0,enemy,1,0.884316,0.097938,0.027188,0.077716,Federico_sammelt__i_tried_the_new_season [C-SDrECvTa4],255,8.500000,1.0000,False,manual_box,photo_gameplay
Federico_sammelt_i_tried_the_new_season_[C-SDrECvTa4]_000255_189f3e79_aug_retarget_edge_a33cdbb0_aug_photo_gameplay.png,0,enemy,1,0.921274,0.191515,0.029737,0.058684,Federico_sammelt__i_tried_the_new_season [C-SDrECvTa4],255,8.500000,1.0000,False,manual_box,photo_gameplay
Federico_sammelt_i_tried_the_new_season_[C-SDrECvTa4]_000255_189f3e79_aug_retarget_edge_a33cdbb0_aug_photo_gameplay.png,0,enemy,1,0.856703,0.185171,0.028037,0.071372,Federico_sammelt__i_tried_the_new_season [C-SDrECvTa4],255,8.500000,1.0000,False,manual_box,photo_gameplay
Federico_sammelt_i_tried_the_new_season_[C-SDrECvTa4]_000255_189f3e79_aug_retarget_edge_a33cdbb0_aug_photo_gameplay.png,0,enemy,1,0.832064,0.185171,0.031436,0.065028,Federico_sammelt__i_tried_the_new_season [C-SDrECvTa4],255,8.500000,1.0000,False,manual_box,photo_gameplay
Federico_sammelt_i_tried_the_new_season_[C-SDrECvTa4]_000255_189f3e79_aug_retarget_edge_a33cdbb0_aug_photo_gameplay.png,0,enemy,1,0.801478,0.214513,0.016143,0.072958,Federico_sammelt__i_tried_the_new_season [C-SDrECvTa4],255,8.500000,1.0000,False,manual_box,photo_gameplay
Federico_sammelt_i_tried_the_new_season_[C-SDrECvTa4]_000255_189f3e79_aug_retarget_edge_a33cdbb0_aug_photo_gameplay.png,0,enemy,1,0.777264,0.207375,0.040782,0.090404,Federico_sammelt__i_tried_the_new_season [C-SDrECvTa4],255,8.500000,1.0000,False,manual_box,photo_gameplay
Federico_sammelt_i_tried_the_new_season_[C-SDrECvTa4]_000255_189f3e79_aug_retarget_edge_a33cdbb0_aug_photo_gameplay.png,0,enemy,1,0.785760,0.576923,0.062872,0.122125,Federico_sammelt__i_tried_the_new_season [C-SDrECvTa4],255,8.500000,1.0000,False,manual_box,photo_gameplay
Federico_sammelt_i_tried_the_new_season_[C-SDrECvTa4]_000255_189f3e79_aug_retarget_edge_a33cdbb0_aug_photo_gameplay.png,0,enemy,1,0.850756,0.448454,0.067120,0.157018,Federico_sammelt__i_tried_the_new_season [C-SDrECvTa4],255,8.500000,1.0000,False,manual_box,photo_gameplay
Federico_sammelt_i_tried_the_new_season_[C-SDrECvTa4]_000255_189f3e79_aug_retarget_edge_a33cdbb0_aug_photo_gameplay.png,0,enemy,1,0.920000,0.500000,0.073067,0.333069,Federico_sammelt__i_tried_the_new_season [C-SDrECvTa4],255,8.500000,1.0000,False,manual_box,photo_gameplay
Federico_sammelt_i_tried_the_new_season_[C-SDrECvTa4]_000255_189f3e79_aug_retarget_edge_a33cdbb0_aug_photo_gameplay.png,1,player,1,0.703772,0.487312,0.162277,0.586836,Federico_sammelt__i_tried_the_new_season [C-SDrECvTa4],255,8.500000,1.0000,False,manual_box,photo_gameplay
Federico_sammelt_i_tried_the_new_season_[C-SDrECvTa4]_000255_189f3e79_aug_retarget_edge_a33cdbb0_aug_affine_mild.png,0,enemy,1,0.107224,0.077567,0.029460,0.082163,Federico_sammelt__i_tried_the_new_season [C-SDrECvTa4],255,8.500000,1.0000,False,manual_box,affine_mild
Federico_sammelt_i_tried_the_new_season_[C-SDrECvTa4]_000255_189f3e79_aug_retarget_edge_a33cdbb0_aug_affine_mild.png,0,enemy,1,0.077518,0.176765,0.030856,0.062624,Federico_sammelt__i_tried_the_new_season [C-SDrECvTa4],255,8.500000,1.0000,False,manual_box,affine_mild
Federico_sammelt_i_tried_the_new_season_[C-SDrECvTa4]_000255_189f3e79_aug_retarget_edge_a33cdbb0_aug_affine_mild.png,0,enemy,1,0.137575,0.166116,0.029924,0.075650,Federico_sammelt__i_tried_the_new_season [C-SDrECvTa4],255,8.500000,1.0000,False,manual_box,affine_mild
Federico_sammelt_i_tried_the_new_season_[C-SDrECvTa4]_000255_189f3e79_aug_retarget_edge_a33cdbb0_aug_affine_mild.png,0,enemy,1,0.160617,0.164558,0.032774,0.069298,Federico_sammelt__i_tried_the_new_season [C-SDrECvTa4],255,8.500000,1.0000,False,manual_box,affine_mild
Federico_sammelt_i_tried_the_new_season_[C-SDrECvTa4]_000255_189f3e79_aug_retarget_edge_a33cdbb0_aug_affine_mild.png,0,enemy,1,0.190744,0.192996,0.018884,0.076539,Federico_sammelt__i_tried_the_new_season [C-SDrECvTa4],255,8.500000,1.0000,False,manual_box,affine_mild
Federico_sammelt_i_tried_the_new_season_[C-SDrECvTa4]_000255_189f3e79_aug_retarget_edge_a33cdbb0_aug_affine_mild.png,0,enemy,1,0.213018,0.184077,0.042831,0.096155,Federico_sammelt__i_tried_the_new_season [C-SDrECvTa4],255,8.500000,1.0000,False,manual_box,affine_mild
Federico_sammelt_i_tried_the_new_season_[C-SDrECvTa4]_000255_189f3e79_aug_retarget_edge_a33cdbb0_aug_affine_mild.png,0,enemy,1,0.224254,0.567133,0.065136,0.130386,Federico_sammelt__i_tried_the_new_season [C-SDrECvTa4],255,8.500000,1.0000,False,manual_box,affine_mild
Federico_sammelt_i_tried_the_new_season_[C-SDrECvTa4]_000255_189f3e79_aug_retarget_edge_a33cdbb0_aug_affine_mild.png,0,enemy,1,0.156802,0.438264,0.070920,0.166773,Federico_sammelt__i_tried_the_new_season [C-SDrECvTa4],255,8.500000,1.0000,False,manual_box,affine_mild
Federico_sammelt_i_tried_the_new_season_[C-SDrECvTa4]_000255_189f3e79_aug_retarget_edge_a33cdbb0_aug_affine_mild.png,0,enemy,1,0.094722,0.495997,0.085619,0.349379,Federico_sammelt__i_tried_the_new_season [C-SDrECvTa4],255,8.500000,1.0000,False,manual_box,affine_mild
Federico_sammelt_i_tried_the_new_season_[C-SDrECvTa4]_000255_189f3e79_aug_retarget_edge_a33cdbb0_aug_affine_mild.png,1,player,1,0.296277,0.469194,0.182219,0.617693,Federico_sammelt__i_tried_the_new_season [C-SDrECvTa4],255,8.500000,1.0000,False,manual_box,affine_mild
Federico_sammelt_i_tried_the_new_season_[C-SDrECvTa4]_000255_189f3e79_aug_retarget_edge_a33cdbb0_aug_retarget_edge.png,0,enemy,1,0.884316,0.097938,0.027188,0.077716,Federico_sammelt__i_tried_the_new_season [C-SDrECvTa4],255,8.500000,1.0000,False,manual_box,retarget_edge
Federico_sammelt_i_tried_the_new_season_[C-SDrECvTa4]_000255_189f3e79_aug_retarget_edge_a33cdbb0_aug_retarget_edge.png,0,enemy,1,0.921274,0.191515,0.029737,0.058684,Federico_sammelt__i_tried_the_new_season [C-SDrECvTa4],255,8.500000,1.0000,False,manual_box,retarget_edge
Federico_sammelt_i_tried_the_new_season_[C-SDrECvTa4]_000255_189f3e79_aug_retarget_edge_a33cdbb0_aug_retarget_edge.png,0,enemy,1,0.856703,0.185171,0.028037,0.071372,Federico_sammelt__i_tried_the_new_season [C-SDrECvTa4],255,8.500000,1.0000,False,manual_box,retarget_edge
Federico_sammelt_i_tried_the_new_season_[C-SDrECvTa4]_000255_189f3e79_aug_retarget_edge_a33cdbb0_aug_retarget_edge.png,0,enemy,1,0.832064,0.185171,0.031436,0.065028,Federico_sammelt__i_tried_the_new_season [C-SDrECvTa4],255,8.500000,1.0000,False,manual_box,retarget_edge
Federico_sammelt_i_tried_the_new_season_[C-SDrECvTa4]_000255_189f3e79_aug_retarget_edge_a33cdbb0_aug_retarget_edge.png,0,enemy,1,0.801478,0.214513,0.016143,0.072958,Federico_sammelt__i_tried_the_new_season [C-SDrECvTa4],255,8.500000,1.0000,False,manual_box,retarget_edge
Federico_sammelt_i_tried_the_new_season_[C-SDrECvTa4]_000255_189f3e79_aug_retarget_edge_a33cdbb0_aug_retarget_edge.png,0,enemy,1,0.777264,0.207375,0.040782,0.090404,Federico_sammelt__i_tried_the_new_season [C-SDrECvTa4],255,8.500000,1.0000,False,manual_box,retarget_edge
Federico_sammelt_i_tried_the_new_season_[C-SDrECvTa4]_000255_189f3e79_aug_retarget_edge_a33cdbb0_aug_retarget_edge.png,0,enemy,1,0.785760,0.576923,0.062872,0.122125,Federico_sammelt__i_tried_the_new_season [C-SDrECvTa4],255,8.500000,1.0000,False,manual_box,retarget_edge
Federico_sammelt_i_tried_the_new_season_[C-SDrECvTa4]_000255_189f3e79_aug_retarget_edge_a33cdbb0_aug_retarget_edge.png,0,enemy,1,0.850756,0.448454,0.067120,0.157018,Federico_sammelt__i_tried_the_new_season [C-SDrECvTa4],255,8.500000,1.0000,False,manual_box,retarget_edge
Federico_sammelt_i_tried_the_new_season_[C-SDrECvTa4]_000255_189f3e79_aug_retarget_edge_a33cdbb0_aug_retarget_edge.png,0,enemy,1,0.920000,0.500000,0.073067,0.333069,Federico_sammelt__i_tried_the_new_season [C-SDrECvTa4],255,8.500000,1.0000,False,manual_box,retarget_edge
Federico_sammelt_i_tried_the_new_season_[C-SDrECvTa4]_000255_189f3e79_aug_retarget_edge_a33cdbb0_aug_retarget_edge.png,1,player,1,0.703772,0.487312,0.162277,0.586836,Federico_sammelt__i_tried_the_new_season [C-SDrECvTa4],255,8.500000,1.0000,False,manual_box,retarget_edge
Federico_sammelt_i_tried_the_new_season_[C-SDrECvTa4]_000255_189f3e79_aug_retarget_edge_a33cdbb0_aug_retarget_corner.png,0,enemy,1,0.884316,0.517938,0.027188,0.077716,Federico_sammelt__i_tried_the_new_season [C-SDrECvTa4],255,8.500000,1.0000,False,manual_box,retarget_corner
Federico_sammelt_i_tried_the_new_season_[C-SDrECvTa4]_000255_189f3e79_aug_retarget_edge_a33cdbb0_aug_retarget_corner.png,0,enemy,1,0.921274,0.611515,0.029737,0.058684,Federico_sammelt__i_tried_the_new_season [C-SDrECvTa4],255,8.500000,1.0000,False,manual_box,retarget_corner
Federico_sammelt_i_tried_the_new_season_[C-SDrECvTa4]_000255_189f3e79_aug_retarget_edge_a33cdbb0_aug_retarget_corner.png,0,enemy,1,0.856703,0.605171,0.028037,0.071372,Federico_sammelt__i_tried_the_new_season [C-SDrECvTa4],255,8.500000,1.0000,False,manual_box,retarget_corner
Federico_sammelt_i_tried_the_new_season_[C-SDrECvTa4]_000255_189f3e79_aug_retarget_edge_a33cdbb0_aug_retarget_corner.png,0,enemy,1,0.832064,0.605171,0.031436,0.065028,Federico_sammelt__i_tried_the_new_season [C-SDrECvTa4],255,8.500000,1.0000,False,manual_box,retarget_corner
Federico_sammelt_i_tried_the_new_season_[C-SDrECvTa4]_000255_189f3e79_aug_retarget_edge_a33cdbb0_aug_retarget_corner.png,0,enemy,1,0.801478,0.634513,0.016143,0.072958,Federico_sammelt__i_tried_the_new_season [C-SDrECvTa4],255,8.500000,1.0000,False,manual_box,retarget_corner
Federico_sammelt_i_tried_the_new_season_[C-SDrECvTa4]_000255_189f3e79_aug_retarget_edge_a33cdbb0_aug_retarget_corner.png,0,enemy,1,0.777264,0.627375,0.040782,0.090404,Federico_sammelt__i_tried_the_new_season [C-SDrECvTa4],255,8.500000,1.0000,False,manual_box,retarget_corner
Federico_sammelt_i_tried_the_new_season_[C-SDrECvTa4]_000255_189f3e79_aug_retarget_edge_a33cdbb0_aug_retarget_corner.png,0,enemy,1,0.850756,0.868454,0.067120,0.157018,Federico_sammelt__i_tried_the_new_season [C-SDrECvTa4],255,8.500000,1.0000,False,manual_box,retarget_corner
Federico_sammelt_i_tried_the_new_season_[C-SDrECvTa4]_000255_189f3e79_aug_retarget_edge_a33cdbb0_aug_retarget_corner.png,0,enemy,1,0.920000,0.876733,0.073067,0.246535,Federico_sammelt__i_tried_the_new_season [C-SDrECvTa4],255,8.500000,1.0000,False,manual_box,retarget_corner
Federico_sammelt_i_tried_the_new_season_[C-SDrECvTa4]_000255_189f3e79_aug_retarget_edge_a33cdbb0_aug_retarget_corner.png,1,player,1,0.703772,0.806947,0.162277,0.386106,Federico_sammelt__i_tried_the_new_season [C-SDrECvTa4],255,8.500000,1.0000,False,manual_box,retarget_corner
Federico_sammelt_i_tried_the_new_season_[C-SDrECvTa4]_000255_189f3e79_aug_retarget_corner_e12ec1fd_aug_original.png,0,enemy,1,0.884316,0.517938,0.027188,0.077716,Federico_sammelt__i_tried_the_new_season [C-SDrECvTa4],255,8.500000,1.0000,False,manual_box,original
Federico_sammelt_i_tried_the_new_season_[C-SDrECvTa4]_000255_189f3e79_aug_retarget_corner_e12ec1fd_aug_original.png,0,enemy,1,0.921274,0.611515,0.029737,0.058684,Federico_sammelt__i_tried_the_new_season [C-SDrECvTa4],255,8.500000,1.0000,False,manual_box,original
Federico_sammelt_i_tried_the_new_season_[C-SDrECvTa4]_000255_189f3e79_aug_retarget_corner_e12ec1fd_aug_original.png,0,enemy,1,0.856703,0.605171,0.028037,0.071372,Federico_sammelt__i_tried_the_new_season [C-SDrECvTa4],255,8.500000,1.0000,False,manual_box,original
Federico_sammelt_i_tried_the_new_season_[C-SDrECvTa4]_000255_189f3e79_aug_retarget_corner_e12ec1fd_aug_original.png,0,enemy,1,0.832064,0.605171,0.031436,0.065028,Federico_sammelt__i_tried_the_new_season [C-SDrECvTa4],255,8.500000,1.0000,False,manual_box,original
Federico_sammelt_i_tried_the_new_season_[C-SDrECvTa4]_000255_189f3e79_aug_retarget_corner_e12ec1fd_aug_original.png,0,enemy,1,0.801478,0.634513,0.016143,0.072958,Federico_sammelt__i_tried_the_new_season [C-SDrECvTa4],255,8.500000,1.0000,False,manual_box,original
Federico_sammelt_i_tried_the_new_season_[C-SDrECvTa4]_000255_189f3e79_aug_retarget_corner_e12ec1fd_aug_original.png,0,enemy,1,0.777264,0.627375,0.040782,0.090404,Federico_sammelt__i_tried_the_new_season [C-SDrECvTa4],255,8.500000,1.0000,False,manual_box,original
Federico_sammelt_i_tried_the_new_season_[C-SDrECvTa4]_000255_189f3e79_aug_retarget_corner_e12ec1fd_aug_original.png,0,enemy,1,0.850756,0.868454,0.067120,0.157018,Federico_sammelt__i_tried_the_new_season [C-SDrECvTa4],255,8.500000,1.0000,False,manual_box,original
Federico_sammelt_i_tried_the_new_season_[C-SDrECvTa4]_000255_189f3e79_aug_retarget_corner_e12ec1fd_aug_original.png,0,enemy,1,0.920000,0.876733,0.073067,0.246535,Federico_sammelt__i_tried_the_new_season [C-SDrECvTa4],255,8.500000,1.0000,False,manual_box,original
Federico_sammelt_i_tried_the_new_season_[C-SDrECvTa4]_000255_189f3e79_aug_retarget_corner_e12ec1fd_aug_original.png,1,player,1,0.703772,0.806947,0.162277,0.386106,Federico_sammelt__i_tried_the_new_season [C-SDrECvTa4],255,8.500000,1.0000,False,manual_box,original
Federico_sammelt_i_tried_the_new_season_[C-SDrECvTa4]_000255_189f3e79_aug_retarget_corner_e12ec1fd_aug_photo_exposure.png,0,enemy,1,0.884316,0.517938,0.027188,0.077716,Federico_sammelt__i_tried_the_new_season [C-SDrECvTa4],255,8.500000,1.0000,False,manual_box,photo_exposure
Federico_sammelt_i_tried_the_new_season_[C-SDrECvTa4]_000255_189f3e79_aug_retarget_corner_e12ec1fd_aug_photo_exposure.png,0,enemy,1,0.921274,0.611515,0.029737,0.058684,Federico_sammelt__i_tried_the_new_season [C-SDrECvTa4],255,8.500000,1.0000,False,manual_box,photo_exposure
Federico_sammelt_i_tried_the_new_season_[C-SDrECvTa4]_000255_189f3e79_aug_retarget_corner_e12ec1fd_aug_photo_exposure.png,0,enemy,1,0.856703,0.605171,0.028037,0.071372,Federico_sammelt__i_tried_the_new_season [C-SDrECvTa4],255,8.500000,1.0000,False,manual_box,photo_exposure
Federico_sammelt_i_tried_the_new_season_[C-SDrECvTa4]_000255_189f3e79_aug_retarget_corner_e12ec1fd_aug_photo_exposure.png,0,enemy,1,0.832064,0.605171,0.031436,0.065028,Federico_sammelt__i_tried_the_new_season [C-SDrECvTa4],255,8.500000,1.0000,False,manual_box,photo_exposure
Federico_sammelt_i_tried_the_new_season_[C-SDrECvTa4]_000255_189f3e79_aug_retarget_corner_e12ec1fd_aug_photo_exposure.png,0,enemy,1,0.801478,0.634513,0.016143,0.072958,Federico_sammelt__i_tried_the_new_season [C-SDrECvTa4],255,8.500000,1.0000,False,manual_box,photo_exposure
Federico_sammelt_i_tried_the_new_season_[C-SDrECvTa4]_000255_189f3e79_aug_retarget_corner_e12ec1fd_aug_photo_exposure.png,0,enemy,1,0.777264,0.627375,0.040782,0.090404,Federico_sammelt__i_tried_the_new_season [C-SDrECvTa4],255,8.500000,1.0000,False,manual_box,photo_exposure
Federico_sammelt_i_tried_the_new_season_[C-SDrECvTa4]_000255_189f3e79_aug_retarget_corner_e12ec1fd_aug_photo_exposure.png,0,enemy,1,0.850756,0.868454,0.067120,0.157018,Federico_sammelt__i_tried_the_new_season [C-SDrECvTa4],255,8.500000,1.0000,False,manual_box,photo_exposure
Federico_sammelt_i_tried_the_new_season_[C-SDrECvTa4]_000255_189f3e79_aug_retarget_corner_e12ec1fd_aug_photo_exposure.png,0,enemy,1,0.920000,0.876733,0.073067,0.246534,Federico_sammelt__i_tried_the_new_season [C-SDrECvTa4],255,8.500000,1.0000,False,manual_box,photo_exposure
Federico_sammelt_i_tried_the_new_season_[C-SDrECvTa4]_000255_189f3e79_aug_retarget_corner_e12ec1fd_aug_photo_exposure.png,1,player,1,0.703772,0.806947,0.162277,0.386106,Federico_sammelt__i_tried_the_new_season [C-SDrECvTa4],255,8.500000,1.0000,False,manual_box,photo_exposure
Federico_sammelt_i_tried_the_new_season_[C-SDrECvTa4]_000255_189f3e79_aug_retarget_corner_e12ec1fd_aug_photo_gameplay.png,0,enemy,1,0.884316,0.517938,0.027188,0.077716,Federico_sammelt__i_tried_the_new_season [C-SDrECvTa4],255,8.500000,1.0000,False,manual_box,photo_gameplay
Federico_sammelt_i_tried_the_new_season_[C-SDrECvTa4]_000255_189f3e79_aug_retarget_corner_e12ec1fd_aug_photo_gameplay.png,0,enemy,1,0.921274,0.611515,0.029737,0.058684,Federico_sammelt__i_tried_the_new_season [C-SDrECvTa4],255,8.500000,1.0000,False,manual_box,photo_gameplay
Federico_sammelt_i_tried_the_new_season_[C-SDrECvTa4]_000255_189f3e79_aug_retarget_corner_e12ec1fd_aug_photo_gameplay.png,0,enemy,1,0.856703,0.605171,0.028037,0.071372,Federico_sammelt__i_tried_the_new_season [C-SDrECvTa4],255,8.500000,1.0000,False,manual_box,photo_gameplay
Federico_sammelt_i_tried_the_new_season_[C-SDrECvTa4]_000255_189f3e79_aug_retarget_corner_e12ec1fd_aug_photo_gameplay.png,0,enemy,1,0.832064,0.605171,0.031436,0.065028,Federico_sammelt__i_tried_the_new_season [C-SDrECvTa4],255,8.500000,1.0000,False,manual_box,photo_gameplay
Federico_sammelt_i_tried_the_new_season_[C-SDrECvTa4]_000255_189f3e79_aug_retarget_corner_e12ec1fd_aug_photo_gameplay.png,0,enemy,1,0.801478,0.634513,0.016143,0.072958,Federico_sammelt__i_tried_the_new_season [C-SDrECvTa4],255,8.500000,1.0000,False,manual_box,photo_gameplay
Federico_sammelt_i_tried_the_new_season_[C-SDrECvTa4]_000255_189f3e79_aug_retarget_corner_e12ec1fd_aug_photo_gameplay.png,0,enemy,1,0.777264,0.627375,0.040782,0.090404,Federico_sammelt__i_tried_the_new_season [C-SDrECvTa4],255,8.500000,1.0000,False,manual_box,photo_gameplay
Federico_sammelt_i_tried_the_new_season_[C-SDrECvTa4]_000255_189f3e79_aug_retarget_corner_e12ec1fd_aug_photo_gameplay.png,0,enemy,1,0.850756,0.868454,0.067120,0.157018,Federico_sammelt__i_tried_the_new_season [C-SDrECvTa4],255,8.500000,1.0000,False,manual_box,photo_gameplay
Federico_sammelt_i_tried_the_new_season_[C-SDrECvTa4]_000255_189f3e79_aug_retarget_corner_e12ec1fd_aug_photo_gameplay.png,0,enemy,1,0.920000,0.876733,0.073067,0.246534,Federico_sammelt__i_tried_the_new_season [C-SDrECvTa4],255,8.500000,1.0000,False,manual_box,photo_gameplay
Federico_sammelt_i_tried_the_new_season_[C-SDrECvTa4]_000255_189f3e79_aug_retarget_corner_e12ec1fd_aug_photo_gameplay.png,1,player,1,0.703772,0.806947,0.162277,0.386106,Federico_sammelt__i_tried_the_new_season [C-SDrECvTa4],255,8.500000,1.0000,False,manual_box,photo_gameplay
Federico_sammelt_i_tried_the_new_season_[C-SDrECvTa4]_000255_189f3e79_aug_retarget_corner_e12ec1fd_aug_affine_mild.png,0,enemy,1,0.098790,0.492872,0.029057,0.075650,Federico_sammelt__i_tried_the_new_season [C-SDrECvTa4],255,8.500000,1.0000,False,manual_box,affine_mild
Federico_sammelt_i_tried_the_new_season_[C-SDrECvTa4]_000255_189f3e79_aug_retarget_corner_e12ec1fd_aug_affine_mild.png,0,enemy,1,0.059397,0.581556,0.031549,0.057441,Federico_sammelt__i_tried_the_new_season [C-SDrECvTa4],255,8.500000,1.0000,False,manual_box,affine_mild
Federico_sammelt_i_tried_the_new_season_[C-SDrECvTa4]_000255_189f3e79_aug_retarget_corner_e12ec1fd_aug_affine_mild.png,0,enemy,1,0.126836,0.577685,0.029887,0.069580,Federico_sammelt__i_tried_the_new_season [C-SDrECvTa4],255,8.500000,1.0000,False,manual_box,affine_mild
Federico_sammelt_i_tried_the_new_season_[C-SDrECvTa4]_000255_189f3e79_aug_retarget_corner_e12ec1fd_aug_affine_mild.png,0,enemy,1,0.152548,0.578535,0.033378,0.063599,Federico_sammelt__i_tried_the_new_season [C-SDrECvTa4],255,8.500000,1.0000,False,manual_box,affine_mild
Federico_sammelt_i_tried_the_new_season_[C-SDrECvTa4]_000255_189f3e79_aug_retarget_corner_e12ec1fd_aug_affine_mild.png,0,enemy,1,0.184207,0.607798,0.017489,0.070694,Federico_sammelt__i_tried_the_new_season [C-SDrECvTa4],255,8.500000,1.0000,False,manual_box,affine_mild
Federico_sammelt_i_tried_the_new_season_[C-SDrECvTa4]_000255_189f3e79_aug_retarget_corner_e12ec1fd_aug_affine_mild.png,0,enemy,1,0.209539,0.601772,0.043355,0.088316,Federico_sammelt__i_tried_the_new_season [C-SDrECvTa4],255,8.500000,1.0000,False,manual_box,affine_mild
Federico_sammelt_i_tried_the_new_season_[C-SDrECvTa4]_000255_189f3e79_aug_retarget_corner_e12ec1fd_aug_affine_mild.png,0,enemy,1,0.130721,0.830994,0.071427,0.153264,Federico_sammelt__i_tried_the_new_season [C-SDrECvTa4],255,8.500000,1.0000,False,manual_box,affine_mild
Federico_sammelt_i_tried_the_new_season_[C-SDrECvTa4]_000255_189f3e79_aug_retarget_corner_e12ec1fd_aug_affine_mild.png,0,enemy,1,0.058389,0.836564,0.078422,0.239524,Federico_sammelt__i_tried_the_new_season [C-SDrECvTa4],255,8.500000,1.0000,False,manual_box,affine_mild
Federico_sammelt_i_tried_the_new_season_[C-SDrECvTa4]_000255_189f3e79_aug_retarget_corner_e12ec1fd_aug_affine_mild.png,1,player,1,0.284648,0.776937,0.172748,0.376778,Federico_sammelt__i_tried_the_new_season [C-SDrECvTa4],255,8.500000,1.0000,False,manual_box,affine_mild
Federico_sammelt_i_tried_the_new_season_[C-SDrECvTa4]_000255_189f3e79_aug_retarget_corner_e12ec1fd_aug_photo_blur_noise.png,0,enemy,1,0.884316,0.517938,0.027188,0.077716,Federico_sammelt__i_tried_the_new_season [C-SDrECvTa4],255,8.500000,1.0000,False,manual_box,photo_blur_noise
Federico_sammelt_i_tried_the_new_season_[C-SDrECvTa4]_000255_189f3e79_aug_retarget_corner_e12ec1fd_aug_photo_blur_noise.png,0,enemy,1,0.921274,0.611515,0.029737,0.058684,Federico_sammelt__i_tried_the_new_season [C-SDrECvTa4],255,8.500000,1.0000,False,manual_box,photo_blur_noise
Federico_sammelt_i_tried_the_new_season_[C-SDrECvTa4]_000255_189f3e79_aug_retarget_corner_e12ec1fd_aug_photo_blur_noise.png,0,enemy,1,0.856703,0.605171,0.028037,0.071372,Federico_sammelt__i_tried_the_new_season [C-SDrECvTa4],255,8.500000,1.0000,False,manual_box,photo_blur_noise
Federico_sammelt_i_tried_the_new_season_[C-SDrECvTa4]_000255_189f3e79_aug_retarget_corner_e12ec1fd_aug_photo_blur_noise.png,0,enemy,1,0.832064,0.605171,0.031436,0.065028,Federico_sammelt__i_tried_the_new_season [C-SDrECvTa4],255,8.500000,1.0000,False,manual_box,photo_blur_noise
Federico_sammelt_i_tried_the_new_season_[C-SDrECvTa4]_000255_189f3e79_aug_retarget_corner_e12ec1fd_aug_photo_blur_noise.png,0,enemy,1,0.801478,0.634513,0.016143,0.072958,Federico_sammelt__i_tried_the_new_season [C-SDrECvTa4],255,8.500000,1.0000,False,manual_box,photo_blur_noise
Federico_sammelt_i_tried_the_new_season_[C-SDrECvTa4]_000255_189f3e79_aug_retarget_corner_e12ec1fd_aug_photo_blur_noise.png,0,enemy,1,0.777264,0.627375,0.040782,0.090404,Federico_sammelt__i_tried_the_new_season [C-SDrECvTa4],255,8.500000,1.0000,False,manual_box,photo_blur_noise
Federico_sammelt_i_tried_the_new_season_[C-SDrECvTa4]_000255_189f3e79_aug_retarget_corner_e12ec1fd_aug_photo_blur_noise.png,0,enemy,1,0.850756,0.868454,0.067120,0.157018,Federico_sammelt__i_tried_the_new_season [C-SDrECvTa4],255,8.500000,1.0000,False,manual_box,photo_blur_noise
Federico_sammelt_i_tried_the_new_season_[C-SDrECvTa4]_000255_189f3e79_aug_retarget_corner_e12ec1fd_aug_photo_blur_noise.png,0,enemy,1,0.920000,0.876733,0.073067,0.246534,Federico_sammelt__i_tried_the_new_season [C-SDrECvTa4],255,8.500000,1.0000,False,manual_box,photo_blur_noise
Federico_sammelt_i_tried_the_new_season_[C-SDrECvTa4]_000255_189f3e79_aug_retarget_corner_e12ec1fd_aug_photo_blur_noise.png,1,player,1,0.703772,0.806947,0.162277,0.386106,Federico_sammelt__i_tried_the_new_season [C-SDrECvTa4],255,8.500000,1.0000,False,manual_box,photo_blur_noise
Federico_sammelt_i_tried_the_new_season_[C-SDrECvTa4]_000270_6bb7744b_aug_original_337627da_aug_original.png,1,player,1,0.367035,0.651071,0.173322,0.436162,Federico_sammelt__i_tried_the_new_season [C-SDrECvTa4],270,9.000000,1.0000,False,manual_box,original
Federico_sammelt_i_tried_the_new_season_[C-SDrECvTa4]_000270_6bb7744b_aug_original_337627da_aug_original.png,0,enemy,1,0.501699,0.468676,0.082413,0.277557,Federico_sammelt__i_tried_the_new_season [C-SDrECvTa4],270,9.000000,1.0000,False,manual_box,original
Federico_sammelt_i_tried_the_new_season_[C-SDrECvTa4]_000270_6bb7744b_aug_original_337627da_aug_original.png,0,enemy,1,0.528462,0.203807,0.030586,0.074544,Federico_sammelt__i_tried_the_new_season [C-SDrECvTa4],270,9.000000,1.0000,False,manual_box,original
Federico_sammelt_i_tried_the_new_season_[C-SDrECvTa4]_000270_6bb7744b_aug_original_337627da_aug_original.png,0,enemy,1,0.478760,0.047581,0.046729,0.095162,Federico_sammelt__i_tried_the_new_season [C-SDrECvTa4],270,9.000000,1.0000,False,manual_box,original
Federico_sammelt_i_tried_the_new_season_[C-SDrECvTa4]_000270_6bb7744b_aug_original_337627da_aug_photo_exposure.png,1,player,1,0.367035,0.651071,0.173322,0.436162,Federico_sammelt__i_tried_the_new_season [C-SDrECvTa4],270,9.000000,1.0000,False,manual_box,photo_exposure
Federico_sammelt_i_tried_the_new_season_[C-SDrECvTa4]_000270_6bb7744b_aug_original_337627da_aug_photo_exposure.png,0,enemy,1,0.501699,0.468676,0.082413,0.277557,Federico_sammelt__i_tried_the_new_season [C-SDrECvTa4],270,9.000000,1.0000,False,manual_box,photo_exposure
Federico_sammelt_i_tried_the_new_season_[C-SDrECvTa4]_000270_6bb7744b_aug_original_337627da_aug_photo_exposure.png,0,enemy,1,0.528462,0.203807,0.030586,0.074544,Federico_sammelt__i_tried_the_new_season [C-SDrECvTa4],270,9.000000,1.0000,False,manual_box,photo_exposure
Federico_sammelt_i_tried_the_new_season_[C-SDrECvTa4]_000270_6bb7744b_aug_original_337627da_aug_photo_exposure.png,0,enemy,1,0.478760,0.047581,0.046729,0.095162,Federico_sammelt__i_tried_the_new_season [C-SDrECvTa4],270,9.000000,1.0000,False,manual_box,photo_exposure
Federico_sammelt_i_tried_the_new_season_[C-SDrECvTa4]_000270_6bb7744b_aug_original_337627da_aug_photo_gameplay.png,1,player,1,0.367035,0.651071,0.173322,0.436162,Federico_sammelt__i_tried_the_new_season [C-SDrECvTa4],270,9.000000,1.0000,False,manual_box,photo_gameplay
Federico_sammelt_i_tried_the_new_season_[C-SDrECvTa4]_000270_6bb7744b_aug_original_337627da_aug_photo_gameplay.png,0,enemy,1,0.501699,0.468676,0.082413,0.277557,Federico_sammelt__i_tried_the_new_season [C-SDrECvTa4],270,9.000000,1.0000,False,manual_box,photo_gameplay
Federico_sammelt_i_tried_the_new_season_[C-SDrECvTa4]_000270_6bb7744b_aug_original_337627da_aug_photo_gameplay.png,0,enemy,1,0.528462,0.203807,0.030586,0.074544,Federico_sammelt__i_tried_the_new_season [C-SDrECvTa4],270,9.000000,1.0000,False,manual_box,photo_gameplay
Federico_sammelt_i_tried_the_new_season_[C-SDrECvTa4]_000270_6bb7744b_aug_original_337627da_aug_photo_gameplay.png,0,enemy,1,0.478760,0.047581,0.046729,0.095162,Federico_sammelt__i_tried_the_new_season [C-SDrECvTa4],270,9.000000,1.0000,False,manual_box,photo_gameplay
Federico_sammelt_i_tried_the_new_season_[C-SDrECvTa4]_000270_6bb7744b_aug_original_337627da_aug_affine_mild.png,1,player,1,0.593006,0.649753,0.189987,0.467871,Federico_sammelt__i_tried_the_new_season [C-SDrECvTa4],270,9.000000,1.0000,False,manual_box,affine_mild
Federico_sammelt_i_tried_the_new_season_[C-SDrECvTa4]_000270_6bb7744b_aug_original_337627da_aug_affine_mild.png,0,enemy,1,0.447733,0.464319,0.091386,0.296360,Federico_sammelt__i_tried_the_new_season [C-SDrECvTa4],270,9.000000,1.0000,False,manual_box,affine_mild
Federico_sammelt_i_tried_the_new_season_[C-SDrECvTa4]_000270_6bb7744b_aug_original_337627da_aug_affine_mild.png,0,enemy,1,0.415445,0.186708,0.033491,0.080011,Federico_sammelt__i_tried_the_new_season [C-SDrECvTa4],270,9.000000,1.0000,False,manual_box,affine_mild
Federico_sammelt_i_tried_the_new_season_[C-SDrECvTa4]_000270_6bb7744b_aug_original_337627da_aug_affine_mild.png,0,enemy,1,0.465721,0.035498,0.050887,0.070995,Federico_sammelt__i_tried_the_new_season [C-SDrECvTa4],270,9.000000,1.0000,False,manual_box,affine_mild
Federico_sammelt_i_tried_the_new_season_[C-SDrECvTa4]_000270_6bb7744b_aug_photo_exposure_20aa8e21_aug_original.png,1,player,1,0.367035,0.651071,0.173322,0.436162,Federico_sammelt__i_tried_the_new_season [C-SDrECvTa4],270,9.000000,1.0000,False,manual_box,original
Federico_sammelt_i_tried_the_new_season_[C-SDrECvTa4]_000270_6bb7744b_aug_photo_exposure_20aa8e21_aug_original.png,0,enemy,1,0.501699,0.468676,0.082413,0.277557,Federico_sammelt__i_tried_the_new_season [C-SDrECvTa4],270,9.000000,1.0000,False,manual_box,original
Federico_sammelt_i_tried_the_new_season_[C-SDrECvTa4]_000270_6bb7744b_aug_photo_exposure_20aa8e21_aug_original.png,0,enemy,1,0.528462,0.203807,0.030586,0.074544,Federico_sammelt__i_tried_the_new_season [C-SDrECvTa4],270,9.000000,1.0000,False,manual_box,original
Federico_sammelt_i_tried_the_new_season_[C-SDrECvTa4]_000270_6bb7744b_aug_photo_exposure_20aa8e21_aug_original.png,0,enemy,1,0.478760,0.047581,0.046729,0.095162,Federico_sammelt__i_tried_the_new_season [C-SDrECvTa4],270,9.000000,1.0000,False,manual_box,original
Federico_sammelt_i_tried_the_new_season_[C-SDrECvTa4]_000270_6bb7744b_aug_photo_exposure_20aa8e21_aug_photo_exposure.png,1,player,1,0.367035,0.651071,0.173322,0.436162,Federico_sammelt__i_tried_the_new_season [C-SDrECvTa4],270,9.000000,1.0000,False,manual_box,photo_exposure
Federico_sammelt_i_tried_the_new_season_[C-SDrECvTa4]_000270_6bb7744b_aug_photo_exposure_20aa8e21_aug_photo_exposure.png,0,enemy,1,0.501699,0.468676,0.082413,0.277557,Federico_sammelt__i_tried_the_new_season [C-SDrECvTa4],270,9.000000,1.0000,False,manual_box,photo_exposure
Federico_sammelt_i_tried_the_new_season_[C-SDrECvTa4]_000270_6bb7744b_aug_photo_exposure_20aa8e21_aug_photo_exposure.png,0,enemy,1,0.528462,0.203807,0.030586,0.074544,Federico_sammelt__i_tried_the_new_season [C-SDrECvTa4],270,9.000000,1.0000,False,manual_box,photo_exposure
Federico_sammelt_i_tried_the_new_season_[C-SDrECvTa4]_000270_6bb7744b_aug_photo_exposure_20aa8e21_aug_photo_exposure.png,0,enemy,1,0.478760,0.047581,0.046729,0.095162,Federico_sammelt__i_tried_the_new_season [C-SDrECvTa4],270,9.000000,1.0000,False,manual_box,photo_exposure
Federico_sammelt_i_tried_the_new_season_[C-SDrECvTa4]_000270_6bb7744b_aug_photo_exposure_20aa8e21_aug_photo_gameplay.png,1,player,1,0.367035,0.651071,0.173322,0.436162,Federico_sammelt__i_tried_the_new_season [C-SDrECvTa4],270,9.000000,1.0000,False,manual_box,photo_gameplay
Federico_sammelt_i_tried_the_new_season_[C-SDrECvTa4]_000270_6bb7744b_aug_photo_exposure_20aa8e21_aug_photo_gameplay.png,0,enemy,1,0.501699,0.468676,0.082413,0.277557,Federico_sammelt__i_tried_the_new_season [C-SDrECvTa4],270,9.000000,1.0000,False,manual_box,photo_gameplay
Federico_sammelt_i_tried_the_new_season_[C-SDrECvTa4]_000270_6bb7744b_aug_photo_exposure_20aa8e21_aug_photo_gameplay.png,0,enemy,1,0.528462,0.203807,0.030586,0.074544,Federico_sammelt__i_tried_the_new_season [C-SDrECvTa4],270,9.000000,1.0000,False,manual_box,photo_gameplay
Federico_sammelt_i_tried_the_new_season_[C-SDrECvTa4]_000270_6bb7744b_aug_photo_exposure_20aa8e21_aug_photo_gameplay.png,0,enemy,1,0.478760,0.047581,0.046729,0.095162,Federico_sammelt__i_tried_the_new_season [C-SDrECvTa4],270,9.000000,1.0000,False,manual_box,photo_gameplay
Federico_sammelt_i_tried_the_new_season_[C-SDrECvTa4]_000270_6bb7744b_aug_photo_exposure_20aa8e21_aug_affine_mild.png,1,player,1,0.644285,0.668443,0.196627,0.445688,Federico_sammelt__i_tried_the_new_season [C-SDrECvTa4],270,9.000000,1.0000,False,manual_box,affine_mild
Federico_sammelt_i_tried_the_new_season_[C-SDrECvTa4]_000270_6bb7744b_aug_photo_exposure_20aa8e21_aug_affine_mild.png,0,enemy,1,0.497106,0.499756,0.096002,0.281238,Federico_sammelt__i_tried_the_new_season [C-SDrECvTa4],270,9.000000,1.0000,False,manual_box,affine_mild
Federico_sammelt_i_tried_the_new_season_[C-SDrECvTa4]_000270_6bb7744b_aug_photo_exposure_20aa8e21_aug_affine_mild.png,0,enemy,1,0.459686,0.240377,0.034612,0.076254,Federico_sammelt__i_tried_the_new_season [C-SDrECvTa4],270,9.000000,1.0000,False,manual_box,affine_mild
Federico_sammelt_i_tried_the_new_season_[C-SDrECvTa4]_000270_6bb7744b_aug_photo_exposure_20aa8e21_aug_affine_mild.png,0,enemy,1,0.506019,0.081796,0.052211,0.098002,Federico_sammelt__i_tried_the_new_season [C-SDrECvTa4],270,9.000000,1.0000,False,manual_box,affine_mild
Federico_sammelt_i_tried_the_new_season_[C-SDrECvTa4]_000270_6bb7744b_aug_photo_gameplay_d7e76ad5_aug_original.png,1,player,1,0.367035,0.651071,0.173322,0.436162,Federico_sammelt__i_tried_the_new_season [C-SDrECvTa4],270,9.000000,1.0000,False,manual_box,original
Federico_sammelt_i_tried_the_new_season_[C-SDrECvTa4]_000270_6bb7744b_aug_photo_gameplay_d7e76ad5_aug_original.png,0,enemy,1,0.501699,0.468676,0.082413,0.277557,Federico_sammelt__i_tried_the_new_season [C-SDrECvTa4],270,9.000000,1.0000,False,manual_box,original
Federico_sammelt_i_tried_the_new_season_[C-SDrECvTa4]_000270_6bb7744b_aug_photo_gameplay_d7e76ad5_aug_original.png,0,enemy,1,0.528462,0.203807,0.030586,0.074544,Federico_sammelt__i_tried_the_new_season [C-SDrECvTa4],270,9.000000,1.0000,False,manual_box,original
Federico_sammelt_i_tried_the_new_season_[C-SDrECvTa4]_000270_6bb7744b_aug_photo_gameplay_d7e76ad5_aug_original.png,0,enemy,1,0.478760,0.047581,0.046729,0.095162,Federico_sammelt__i_tried_the_new_season [C-SDrECvTa4],270,9.000000,1.0000,False,manual_box,original
Federico_sammelt_i_tried_the_new_season_[C-SDrECvTa4]_000270_6bb7744b_aug_photo_gameplay_d7e76ad5_aug_photo_exposure.png,1,player,1,0.367035,0.651071,0.173322,0.436162,Federico_sammelt__i_tried_the_new_season [C-SDrECvTa4],270,9.000000,1.0000,False,manual_box,photo_exposure
Federico_sammelt_i_tried_the_new_season_[C-SDrECvTa4]_000270_6bb7744b_aug_photo_gameplay_d7e76ad5_aug_photo_exposure.png,0,enemy,1,0.501699,0.468676,0.082413,0.277557,Federico_sammelt__i_tried_the_new_season [C-SDrECvTa4],270,9.000000,1.0000,False,manual_box,photo_exposure
Federico_sammelt_i_tried_the_new_season_[C-SDrECvTa4]_000270_6bb7744b_aug_photo_gameplay_d7e76ad5_aug_photo_exposure.png,0,enemy,1,0.528462,0.203807,0.030586,0.074544,Federico_sammelt__i_tried_the_new_season [C-SDrECvTa4],270,9.000000,1.0000,False,manual_box,photo_exposure
Federico_sammelt_i_tried_the_new_season_[C-SDrECvTa4]_000270_6bb7744b_aug_photo_gameplay_d7e76ad5_aug_photo_exposure.png,0,enemy,1,0.478760,0.047581,0.046729,0.095162,Federico_sammelt__i_tried_the_new_season [C-SDrECvTa4],270,9.000000,1.0000,False,manual_box,photo_exposure
Federico_sammelt_i_tried_the_new_season_[C-SDrECvTa4]_000270_6bb7744b_aug_photo_gameplay_d7e76ad5_aug_photo_gameplay.png,1,player,1,0.367035,0.651071,0.173322,0.436162,Federico_sammelt__i_tried_the_new_season [C-SDrECvTa4],270,9.000000,1.0000,False,manual_box,photo_gameplay
Federico_sammelt_i_tried_the_new_season_[C-SDrECvTa4]_000270_6bb7744b_aug_photo_gameplay_d7e76ad5_aug_photo_gameplay.png,0,enemy,1,0.501699,0.468676,0.082413,0.277557,Federico_sammelt__i_tried_the_new_season [C-SDrECvTa4],270,9.000000,1.0000,False,manual_box,photo_gameplay
Federico_sammelt_i_tried_the_new_season_[C-SDrECvTa4]_000270_6bb7744b_aug_photo_gameplay_d7e76ad5_aug_photo_gameplay.png,0,enemy,1,0.528462,0.203807,0.030586,0.074544,Federico_sammelt__i_tried_the_new_season [C-SDrECvTa4],270,9.000000,1.0000,False,manual_box,photo_gameplay
Federico_sammelt_i_tried_the_new_season_[C-SDrECvTa4]_000270_6bb7744b_aug_photo_gameplay_d7e76ad5_aug_photo_gameplay.png,0,enemy,1,0.478760,0.047581,0.046729,0.095162,Federico_sammelt__i_tried_the_new_season [C-SDrECvTa4],270,9.000000,1.0000,False,manual_box,photo_gameplay
Federico_sammelt_i_tried_the_new_season_[C-SDrECvTa4]_000270_6bb7744b_aug_photo_gameplay_d7e76ad5_aug_affine_mild.png,1,player,1,0.402384,0.673247,0.179895,0.449121,Federico_sammelt__i_tried_the_new_season [C-SDrECvTa4],270,9.000000,1.0000,False,manual_box,affine_mild
Federico_sammelt_i_tried_the_new_season_[C-SDrECvTa4]_000270_6bb7744b_aug_photo_gameplay_d7e76ad5_aug_affine_mild.png,0,enemy,1,0.532343,0.477457,0.086859,0.282227,Federico_sammelt__i_tried_the_new_season [C-SDrECvTa4],270,9.000000,1.0000,False,manual_box,affine_mild
Federico_sammelt_i_tried_the_new_season_[C-SDrECvTa4]_000270_6bb7744b_aug_photo_gameplay_d7e76ad5_aug_affine_mild.png,0,enemy,1,0.553869,0.214786,0.031700,0.076882,Federico_sammelt__i_tried_the_new_season [C-SDrECvTa4],270,9.000000,1.0000,False,manual_box,affine_mild
Federico_sammelt_i_tried_the_new_season_[C-SDrECvTa4]_000270_6bb7744b_aug_photo_gameplay_d7e76ad5_aug_affine_mild.png,0,enemy,1,0.501696,0.068256,0.048079,0.099133,Federico_sammelt__i_tried_the_new_season [C-SDrECvTa4],270,9.000000,1.0000,False,manual_box,affine_mild
Federico_sammelt_i_tried_the_new_season_[C-SDrECvTa4]_000270_6bb7744b_aug_affine_mild_92663f56_aug_original.png,1,player,1,0.341988,0.627167,0.176163,0.448014,Federico_sammelt__i_tried_the_new_season [C-SDrECvTa4],270,9.000000,1.0000,False,manual_box,original
Federico_sammelt_i_tried_the_new_season_[C-SDrECvTa4]_000270_6bb7744b_aug_affine_mild_92663f56_aug_original.png,0,enemy,1,0.466508,0.437645,0.085426,0.284126,Federico_sammelt__i_tried_the_new_season [C-SDrECvTa4],270,9.000000,1.0000,False,manual_box,original
Federico_sammelt_i_tried_the_new_season_[C-SDrECvTa4]_000270_6bb7744b_aug_affine_mild_92663f56_aug_original.png,0,enemy,1,0.485839,0.168319,0.031030,0.076603,Federico_sammelt__i_tried_the_new_season [C-SDrECvTa4],270,9.000000,1.0000,False,manual_box,original
Federico_sammelt_i_tried_the_new_season_[C-SDrECvTa4]_000270_6bb7744b_aug_affine_mild_92663f56_aug_original.png,0,enemy,1,0.434584,0.030391,0.046963,0.060781,Federico_sammelt__i_tried_the_new_season [C-SDrECvTa4],270,9.000000,1.0000,False,manual_box,original
Federico_sammelt_i_tried_the_new_season_[C-SDrECvTa4]_000270_6bb7744b_aug_affine_mild_92663f56_aug_photo_exposure.png,1,player,1,0.341988,0.627167,0.176163,0.448014,Federico_sammelt__i_tried_the_new_season [C-SDrECvTa4],270,9.000000,1.0000,False,manual_box,photo_exposure
Federico_sammelt_i_tried_the_new_season_[C-SDrECvTa4]_000270_6bb7744b_aug_affine_mild_92663f56_aug_photo_exposure.png,0,enemy,1,0.466508,0.437645,0.085426,0.284126,Federico_sammelt__i_tried_the_new_season [C-SDrECvTa4],270,9.000000,1.0000,False,manual_box,photo_exposure
Federico_sammelt_i_tried_the_new_season_[C-SDrECvTa4]_000270_6bb7744b_aug_affine_mild_92663f56_aug_photo_exposure.png,0,enemy,1,0.485839,0.168319,0.031030,0.076603,Federico_sammelt__i_tried_the_new_season [C-SDrECvTa4],270,9.000000,1.0000,False,manual_box,photo_exposure
Federico_sammelt_i_tried_the_new_season_[C-SDrECvTa4]_000270_6bb7744b_aug_affine_mild_92663f56_aug_photo_exposure.png,0,enemy,1,0.434584,0.030391,0.046963,0.060781,Federico_sammelt__i_tried_the_new_season [C-SDrECvTa4],270,9.000000,1.0000,False,manual_box,photo_exposure
Federico_sammelt_i_tried_the_new_season_[C-SDrECvTa4]_000270_6bb7744b_aug_affine_mild_92663f56_aug_photo_gameplay.png,1,player,1,0.341988,0.627167,0.176163,0.448014,Federico_sammelt__i_tried_the_new_season [C-SDrECvTa4],270,9.000000,1.0000,False,manual_box,photo_gameplay
Federico_sammelt_i_tried_the_new_season_[C-SDrECvTa4]_000270_6bb7744b_aug_affine_mild_92663f56_aug_photo_gameplay.png,0,enemy,1,0.466508,0.437645,0.085426,0.284126,Federico_sammelt__i_tried_the_new_season [C-SDrECvTa4],270,9.000000,1.0000,False,manual_box,photo_gameplay
Federico_sammelt_i_tried_the_new_season_[C-SDrECvTa4]_000270_6bb7744b_aug_affine_mild_92663f56_aug_photo_gameplay.png,0,enemy,1,0.485839,0.168319,0.031030,0.076603,Federico_sammelt__i_tried_the_new_season [C-SDrECvTa4],270,9.000000,1.0000,False,manual_box,photo_gameplay
Federico_sammelt_i_tried_the_new_season_[C-SDrECvTa4]_000270_6bb7744b_aug_affine_mild_92663f56_aug_photo_gameplay.png,0,enemy,1,0.434584,0.030391,0.046963,0.060781,Federico_sammelt__i_tried_the_new_season [C-SDrECvTa4],270,9.000000,1.0000,False,manual_box,photo_gameplay
Federico_sammelt_i_tried_the_new_season_[C-SDrECvTa4]_000270_6bb7744b_aug_affine_mild_92663f56_aug_affine_mild.png,1,player,1,0.324957,0.643115,0.183384,0.468388,Federico_sammelt__i_tried_the_new_season [C-SDrECvTa4],270,9.000000,1.0000,False,manual_box,affine_mild
Federico_sammelt_i_tried_the_new_season_[C-SDrECvTa4]_000270_6bb7744b_aug_affine_mild_92663f56_aug_affine_mild.png,0,enemy,1,0.446739,0.440269,0.089964,0.294573,Federico_sammelt__i_tried_the_new_season [C-SDrECvTa4],270,9.000000,1.0000,False,manual_box,affine_mild
Federico_sammelt_i_tried_the_new_season_[C-SDrECvTa4]_000270_6bb7744b_aug_affine_mild_92663f56_aug_affine_mild.png,0,enemy,1,0.461928,0.166842,0.032266,0.080172,Federico_sammelt__i_tried_the_new_season [C-SDrECvTa4],270,9.000000,1.0000,False,manual_box,affine_mild
Federico_sammelt_i_tried_the_new_season_[C-SDrECvTa4]_000270_6bb7744b_aug_affine_mild_92663f56_aug_affine_mild.png,0,enemy,1,0.408454,0.032713,0.047979,0.065426,Federico_sammelt__i_tried_the_new_season [C-SDrECvTa4],270,9.000000,1.0000,False,manual_box,affine_mild
Federico_sammelt_i_tried_the_new_season_[C-SDrECvTa4]_000285_5bb7a13c_aug_original_65e6a3f6_aug_original.png,0,enemy,1,0.488105,0.624901,0.152082,0.361618,Federico_sammelt__i_tried_the_new_season [C-SDrECvTa4],285,9.500000,1.0000,False,manual_box,original
Federico_sammelt_i_tried_the_new_season_[C-SDrECvTa4]_000285_5bb7a13c_aug_original_65e6a3f6_aug_original.png,0,enemy,1,0.521665,0.242665,0.028887,0.095163,Federico_sammelt__i_tried_the_new_season [C-SDrECvTa4],285,9.500000,1.0000,False,manual_box,original
Federico_sammelt_i_tried_the_new_season_[C-SDrECvTa4]_000285_5bb7a13c_aug_original_65e6a3f6_aug_original.png,0,enemy,1,0.478760,0.057098,0.041631,0.111023,Federico_sammelt__i_tried_the_new_season [C-SDrECvTa4],285,9.500000,1.0000,False,manual_box,original
Federico_sammelt_i_tried_the_new_season_[C-SDrECvTa4]_000285_5bb7a13c_aug_original_65e6a3f6_aug_original.png,0,enemy,1,0.419711,0.256146,0.022090,0.080888,Federico_sammelt__i_tried_the_new_season [C-SDrECvTa4],285,9.500000,1.0000,False,manual_box,original
Federico_sammelt_i_tried_the_new_season_[C-SDrECvTa4]_000285_5bb7a13c_aug_original_65e6a3f6_aug_original.png,0,enemy,1,0.390399,0.241872,0.034834,0.099921,Federico_sammelt__i_tried_the_new_season [C-SDrECvTa4],285,9.500000,1.0000,False,manual_box,original
Federico_sammelt_i_tried_the_new_season_[C-SDrECvTa4]_000285_5bb7a13c_aug_original_65e6a3f6_aug_original.png,0,enemy,1,0.339847,0.279144,0.049278,0.111023,Federico_sammelt__i_tried_the_new_season [C-SDrECvTa4],285,9.500000,1.0000,False,manual_box,original
Federico_sammelt_i_tried_the_new_season_[C-SDrECvTa4]_000285_5bb7a13c_aug_original_65e6a3f6_aug_original.png,0,enemy,1,0.310535,0.273592,0.034834,0.106265,Federico_sammelt__i_tried_the_new_season [C-SDrECvTa4],285,9.500000,1.0000,False,manual_box,original
Federico_sammelt_i_tried_the_new_season_[C-SDrECvTa4]_000285_5bb7a13c_aug_original_65e6a3f6_aug_original.png,1,player,1,0.198386,0.586836,0.388275,0.748612,Federico_sammelt__i_tried_the_new_season [C-SDrECvTa4],285,9.500000,1.0000,False,manual_box,original
Federico_sammelt_i_tried_the_new_season_[C-SDrECvTa4]_000285_5bb7a13c_aug_original_65e6a3f6_aug_photo_exposure.png,0,enemy,1,0.488105,0.624901,0.152082,0.361618,Federico_sammelt__i_tried_the_new_season [C-SDrECvTa4],285,9.500000,1.0000,False,manual_box,photo_exposure
Federico_sammelt_i_tried_the_new_season_[C-SDrECvTa4]_000285_5bb7a13c_aug_original_65e6a3f6_aug_photo_exposure.png,0,enemy,1,0.521665,0.242665,0.028887,0.095163,Federico_sammelt__i_tried_the_new_season [C-SDrECvTa4],285,9.500000,1.0000,False,manual_box,photo_exposure
Federico_sammelt_i_tried_the_new_season_[C-SDrECvTa4]_000285_5bb7a13c_aug_original_65e6a3f6_aug_photo_exposure.png,0,enemy,1,0.478760,0.057098,0.041631,0.111023,Federico_sammelt__i_tried_the_new_season [C-SDrECvTa4],285,9.500000,1.0000,False,manual_box,photo_exposure
Federico_sammelt_i_tried_the_new_season_[C-SDrECvTa4]_000285_5bb7a13c_aug_original_65e6a3f6_aug_photo_exposure.png,0,enemy,1,0.419711,0.256146,0.022090,0.080888,Federico_sammelt__i_tried_the_new_season [C-SDrECvTa4],285,9.500000,1.0000,False,manual_box,photo_exposure
Federico_sammelt_i_tried_the_new_season_[C-SDrECvTa4]_000285_5bb7a13c_aug_original_65e6a3f6_aug_photo_exposure.png,0,enemy,1,0.390399,0.241872,0.034834,0.099921,Federico_sammelt__i_tried_the_new_season [C-SDrECvTa4],285,9.500000,1.0000,False,manual_box,photo_exposure
Federico_sammelt_i_tried_the_new_season_[C-SDrECvTa4]_000285_5bb7a13c_aug_original_65e6a3f6_aug_photo_exposure.png,0,enemy,1,0.339847,0.279144,0.049278,0.111023,Federico_sammelt__i_tried_the_new_season [C-SDrECvTa4],285,9.500000,1.0000,False,manual_box,photo_exposure
Federico_sammelt_i_tried_the_new_season_[C-SDrECvTa4]_000285_5bb7a13c_aug_original_65e6a3f6_aug_photo_exposure.png,0,enemy,1,0.310535,0.273592,0.034834,0.106265,Federico_sammelt__i_tried_the_new_season [C-SDrECvTa4],285,9.500000,1.0000,False,manual_box,photo_exposure
Federico_sammelt_i_tried_the_new_season_[C-SDrECvTa4]_000285_5bb7a13c_aug_original_65e6a3f6_aug_photo_exposure.png,1,player,1,0.198386,0.586836,0.388275,0.748612,Federico_sammelt__i_tried_the_new_season [C-SDrECvTa4],285,9.500000,1.0000,False,manual_box,photo_exposure
Federico_sammelt_i_tried_the_new_season_[C-SDrECvTa4]_000285_5bb7a13c_aug_original_65e6a3f6_aug_photo_gameplay.png,0,enemy,1,0.488105,0.624901,0.152082,0.361618,Federico_sammelt__i_tried_the_new_season [C-SDrECvTa4],285,9.500000,1.0000,False,manual_box,photo_gameplay
Federico_sammelt_i_tried_the_new_season_[C-SDrECvTa4]_000285_5bb7a13c_aug_original_65e6a3f6_aug_photo_gameplay.png,0,enemy,1,0.521665,0.242665,0.028887,0.095163,Federico_sammelt__i_tried_the_new_season [C-SDrECvTa4],285,9.500000,1.0000,False,manual_box,photo_gameplay
Federico_sammelt_i_tried_the_new_season_[C-SDrECvTa4]_000285_5bb7a13c_aug_original_65e6a3f6_aug_photo_gameplay.png,0,enemy,1,0.478760,0.057098,0.041631,0.111023,Federico_sammelt__i_tried_the_new_season [C-SDrECvTa4],285,9.500000,1.0000,False,manual_box,photo_gameplay
Federico_sammelt_i_tried_the_new_season_[C-SDrECvTa4]_000285_5bb7a13c_aug_original_65e6a3f6_aug_photo_gameplay.png,0,enemy,1,0.419711,0.256146,0.022090,0.080888,Federico_sammelt__i_tried_the_new_season [C-SDrECvTa4],285,9.500000,1.0000,False,manual_box,photo_gameplay
Federico_sammelt_i_tried_the_new_season_[C-SDrECvTa4]_000285_5bb7a13c_aug_original_65e6a3f6_aug_photo_gameplay.png,0,enemy,1,0.390399,0.241872,0.034834,0.099921,Federico_sammelt__i_tried_the_new_season [C-SDrECvTa4],285,9.500000,1.0000,False,manual_box,photo_gameplay
Federico_sammelt_i_tried_the_new_season_[C-SDrECvTa4]_000285_5bb7a13c_aug_original_65e6a3f6_aug_photo_gameplay.png,0,enemy,1,0.339847,0.279144,0.049278,0.111023,Federico_sammelt__i_tried_the_new_season [C-SDrECvTa4],285,9.500000,1.0000,False,manual_box,photo_gameplay
Federico_sammelt_i_tried_the_new_season_[C-SDrECvTa4]_000285_5bb7a13c_aug_original_65e6a3f6_aug_photo_gameplay.png,0,enemy,1,0.310535,0.273592,0.034834,0.106265,Federico_sammelt__i_tried_the_new_season [C-SDrECvTa4],285,9.500000,1.0000,False,manual_box,photo_gameplay
Federico_sammelt_i_tried_the_new_season_[C-SDrECvTa4]_000285_5bb7a13c_aug_original_65e6a3f6_aug_photo_gameplay.png,1,player,1,0.198386,0.586836,0.388275,0.748612,Federico_sammelt__i_tried_the_new_season [C-SDrECvTa4],285,9.500000,1.0000,False,manual_box,photo_gameplay
Federico_sammelt_i_tried_the_new_season_[C-SDrECvTa4]_000285_5bb7a13c_aug_original_65e6a3f6_aug_affine_mild.png,0,enemy,1,0.520044,0.558977,0.142852,0.348118,Federico_sammelt__i_tried_the_new_season [C-SDrECvTa4],285,9.500000,1.0000,False,manual_box,affine_mild
Federico_sammelt_i_tried_the_new_season_[C-SDrECvTa4]_000285_5bb7a13c_aug_original_65e6a3f6_aug_affine_mild.png,0,enemy,1,0.556561,0.199841,0.027571,0.091104,Federico_sammelt__i_tried_the_new_season [C-SDrECvTa4],285,9.500000,1.0000,False,manual_box,affine_mild
Federico_sammelt_i_tried_the_new_season_[C-SDrECvTa4]_000285_5bb7a13c_aug_original_65e6a3f6_aug_affine_mild.png,0,enemy,1,0.521009,0.038061,0.039303,0.076123,Federico_sammelt__i_tried_the_new_season [C-SDrECvTa4],285,9.500000,1.0000,False,manual_box,affine_mild
Federico_sammelt_i_tried_the_new_season_[C-SDrECvTa4]_000285_5bb7a13c_aug_original_65e6a3f6_aug_affine_mild.png,0,enemy,1,0.464575,0.207928,0.021218,0.077326,Federico_sammelt__i_tried_the_new_season [C-SDrECvTa4],285,9.500000,1.0000,False,manual_box,affine_mild
Federico_sammelt_i_tried_the_new_season_[C-SDrECvTa4]_000285_5bb7a13c_aug_original_65e6a3f6_aug_affine_mild.png,0,enemy,1,0.438429,0.193128,0.033002,0.095864,Federico_sammelt__i_tried_the_new_season [C-SDrECvTa4],285,9.500000,1.0000,False,manual_box,affine_mild
Federico_sammelt_i_tried_the_new_season_[C-SDrECvTa4]_000285_5bb7a13c_aug_original_65e6a3f6_aug_affine_mild.png,0,enemy,1,0.392314,0.225999,0.046186,0.106996,Federico_sammelt__i_tried_the_new_season [C-SDrECvTa4],285,9.500000,1.0000,False,manual_box,affine_mild
Federico_sammelt_i_tried_the_new_season_[C-SDrECvTa4]_000285_5bb7a13c_aug_original_65e6a3f6_aug_affine_mild.png,0,enemy,1,0.366024,0.219428,0.033107,0.101850,Federico_sammelt__i_tried_the_new_season [C-SDrECvTa4],285,9.500000,1.0000,False,manual_box,affine_mild
Federico_sammelt_i_tried_the_new_season_[C-SDrECvTa4]_000285_5bb7a13c_aug_original_65e6a3f6_aug_affine_mild.png,1,player,1,0.259912,0.509895,0.361826,0.724002,Federico_sammelt__i_tried_the_new_season [C-SDrECvTa4],285,9.500000,1.0000,False,manual_box,affine_mild
Federico_sammelt_i_tried_the_new_season_[C-SDrECvTa4]_000285_5bb7a13c_aug_photo_exposure_c685cf84_aug_original.png,0,enemy,1,0.488105,0.624901,0.152082,0.361618,Federico_sammelt__i_tried_the_new_season [C-SDrECvTa4],285,9.500000,1.0000,False,manual_box,original
Federico_sammelt_i_tried_the_new_season_[C-SDrECvTa4]_000285_5bb7a13c_aug_photo_exposure_c685cf84_aug_original.png,0,enemy,1,0.521665,0.242665,0.028887,0.095163,Federico_sammelt__i_tried_the_new_season [C-SDrECvTa4],285,9.500000,1.0000,False,manual_box,original
Federico_sammelt_i_tried_the_new_season_[C-SDrECvTa4]_000285_5bb7a13c_aug_photo_exposure_c685cf84_aug_original.png,0,enemy,1,0.478760,0.057098,0.041631,0.111023,Federico_sammelt__i_tried_the_new_season [C-SDrECvTa4],285,9.500000,1.0000,False,manual_box,original
Federico_sammelt_i_tried_the_new_season_[C-SDrECvTa4]_000285_5bb7a13c_aug_photo_exposure_c685cf84_aug_original.png,0,enemy,1,0.419711,0.256146,0.022090,0.080888,Federico_sammelt__i_tried_the_new_season [C-SDrECvTa4],285,9.500000,1.0000,False,manual_box,original
Federico_sammelt_i_tried_the_new_season_[C-SDrECvTa4]_000285_5bb7a13c_aug_photo_exposure_c685cf84_aug_original.png,0,enemy,1,0.390399,0.241872,0.034834,0.099921,Federico_sammelt__i_tried_the_new_season [C-SDrECvTa4],285,9.500000,1.0000,False,manual_box,original
Federico_sammelt_i_tried_the_new_season_[C-SDrECvTa4]_000285_5bb7a13c_aug_photo_exposure_c685cf84_aug_original.png,0,enemy,1,0.339847,0.279144,0.049278,0.111023,Federico_sammelt__i_tried_the_new_season [C-SDrECvTa4],285,9.500000,1.0000,False,manual_box,original
Federico_sammelt_i_tried_the_new_season_[C-SDrECvTa4]_000285_5bb7a13c_aug_photo_exposure_c685cf84_aug_original.png,0,enemy,1,0.310535,0.273592,0.034834,0.106265,Federico_sammelt__i_tried_the_new_season [C-SDrECvTa4],285,9.500000,1.0000,False,manual_box,original
Federico_sammelt_i_tried_the_new_season_[C-SDrECvTa4]_000285_5bb7a13c_aug_photo_exposure_c685cf84_aug_original.png,1,player,1,0.198386,0.586836,0.388275,0.748612,Federico_sammelt__i_tried_the_new_season [C-SDrECvTa4],285,9.500000,1.0000,False,manual_box,original
Federico_sammelt_i_tried_the_new_season_[C-SDrECvTa4]_000285_5bb7a13c_aug_photo_exposure_c685cf84_aug_photo_exposure.png,0,enemy,1,0.488105,0.624901,0.152082,0.361618,Federico_sammelt__i_tried_the_new_season [C-SDrECvTa4],285,9.500000,1.0000,False,manual_box,photo_exposure
Federico_sammelt_i_tried_the_new_season_[C-SDrECvTa4]_000285_5bb7a13c_aug_photo_exposure_c685cf84_aug_photo_exposure.png,0,enemy,1,0.521665,0.242665,0.028887,0.095163,Federico_sammelt__i_tried_the_new_season [C-SDrECvTa4],285,9.500000,1.0000,False,manual_box,photo_exposure
Federico_sammelt_i_tried_the_new_season_[C-SDrECvTa4]_000285_5bb7a13c_aug_photo_exposure_c685cf84_aug_photo_exposure.png,0,enemy,1,0.478760,0.057098,0.041631,0.111023,Federico_sammelt__i_tried_the_new_season [C-SDrECvTa4],285,9.500000,1.0000,False,manual_box,photo_exposure
Federico_sammelt_i_tried_the_new_season_[C-SDrECvTa4]_000285_5bb7a13c_aug_photo_exposure_c685cf84_aug_photo_exposure.png,0,enemy,1,0.419711,0.256146,0.022090,0.080888,Federico_sammelt__i_tried_the_new_season [C-SDrECvTa4],285,9.500000,1.0000,False,manual_box,photo_exposure
Federico_sammelt_i_tried_the_new_season_[C-SDrECvTa4]_000285_5bb7a13c_aug_photo_exposure_c685cf84_aug_photo_exposure.png,0,enemy,1,0.390399,0.241872,0.034834,0.099921,Federico_sammelt__i_tried_the_new_season [C-SDrECvTa4],285,9.500000,1.0000,False,manual_box,photo_exposure
Federico_sammelt_i_tried_the_new_season_[C-SDrECvTa4]_000285_5bb7a13c_aug_photo_exposure_c685cf84_aug_photo_exposure.png,0,enemy,1,0.339847,0.279144,0.049278,0.111023,Federico_sammelt__i_tried_the_new_season [C-SDrECvTa4],285,9.500000,1.0000,False,manual_box,photo_exposure
Federico_sammelt_i_tried_the_new_season_[C-SDrECvTa4]_000285_5bb7a13c_aug_photo_exposure_c685cf84_aug_photo_exposure.png,0,enemy,1,0.310535,0.273592,0.034834,0.106265,Federico_sammelt__i_tried_the_new_season [C-SDrECvTa4],285,9.500000,1.0000,False,manual_box,photo_exposure
Federico_sammelt_i_tried_the_new_season_[C-SDrECvTa4]_000285_5bb7a13c_aug_photo_exposure_c685cf84_aug_photo_exposure.png,1,player,1,0.198386,0.586836,0.388275,0.748612,Federico_sammelt__i_tried_the_new_season [C-SDrECvTa4],285,9.500000,1.0000,False,manual_box,photo_exposure
Federico_sammelt_i_tried_the_new_season_[C-SDrECvTa4]_000285_5bb7a13c_aug_photo_exposure_c685cf84_aug_photo_gameplay.png,0,enemy,1,0.488105,0.624901,0.152082,0.361618,Federico_sammelt__i_tried_the_new_season [C-SDrECvTa4],285,9.500000,1.0000,False,manual_box,photo_gameplay
Federico_sammelt_i_tried_the_new_season_[C-SDrECvTa4]_000285_5bb7a13c_aug_photo_exposure_c685cf84_aug_photo_gameplay.png,0,enemy,1,0.521665,0.242665,0.028887,0.095163,Federico_sammelt__i_tried_the_new_season [C-SDrECvTa4],285,9.500000,1.0000,False,manual_box,photo_gameplay
Federico_sammelt_i_tried_the_new_season_[C-SDrECvTa4]_000285_5bb7a13c_aug_photo_exposure_c685cf84_aug_photo_gameplay.png,0,enemy,1,0.478760,0.057098,0.041631,0.111023,Federico_sammelt__i_tried_the_new_season [C-SDrECvTa4],285,9.500000,1.0000,False,manual_box,photo_gameplay
Federico_sammelt_i_tried_the_new_season_[C-SDrECvTa4]_000285_5bb7a13c_aug_photo_exposure_c685cf84_aug_photo_gameplay.png,0,enemy,1,0.419711,0.256146,0.022090,0.080888,Federico_sammelt__i_tried_the_new_season [C-SDrECvTa4],285,9.500000,1.0000,False,manual_box,photo_gameplay
Federico_sammelt_i_tried_the_new_season_[C-SDrECvTa4]_000285_5bb7a13c_aug_photo_exposure_c685cf84_aug_photo_gameplay.png,0,enemy,1,0.390399,0.241872,0.034834,0.099921,Federico_sammelt__i_tried_the_new_season [C-SDrECvTa4],285,9.500000,1.0000,False,manual_box,photo_gameplay
Federico_sammelt_i_tried_the_new_season_[C-SDrECvTa4]_000285_5bb7a13c_aug_photo_exposure_c685cf84_aug_photo_gameplay.png,0,enemy,1,0.339847,0.279144,0.049278,0.111023,Federico_sammelt__i_tried_the_new_season [C-SDrECvTa4],285,9.500000,1.0000,False,manual_box,photo_gameplay
Federico_sammelt_i_tried_the_new_season_[C-SDrECvTa4]_000285_5bb7a13c_aug_photo_exposure_c685cf84_aug_photo_gameplay.png,0,enemy,1,0.310535,0.273592,0.034834,0.106265,Federico_sammelt__i_tried_the_new_season [C-SDrECvTa4],285,9.500000,1.0000,False,manual_box,photo_gameplay
Federico_sammelt_i_tried_the_new_season_[C-SDrECvTa4]_000285_5bb7a13c_aug_photo_exposure_c685cf84_aug_photo_gameplay.png,1,player,1,0.198386,0.586836,0.388275,0.748612,Federico_sammelt__i_tried_the_new_season [C-SDrECvTa4],285,9.500000,1.0000,False,manual_box,photo_gameplay
Federico_sammelt_i_tried_the_new_season_[C-SDrECvTa4]_000285_5bb7a13c_aug_photo_exposure_c685cf84_aug_affine_mild.png,0,enemy,1,0.447315,0.644848,0.151517,0.359275,Federico_sammelt__i_tried_the_new_season [C-SDrECvTa4],285,9.500000,1.0000,False,manual_box,affine_mild
Federico_sammelt_i_tried_the_new_season_[C-SDrECvTa4]_000285_5bb7a13c_aug_photo_exposure_c685cf84_aug_affine_mild.png,0,enemy,1,0.476668,0.269678,0.029014,0.094145,Federico_sammelt__i_tried_the_new_season [C-SDrECvTa4],285,9.500000,1.0000,False,manual_box,affine_mild
Federico_sammelt_i_tried_the_new_season_[C-SDrECvTa4]_000285_5bb7a13c_aug_photo_exposure_c685cf84_aug_affine_mild.png,0,enemy,1,0.433184,0.089678,0.041583,0.110121,Federico_sammelt__i_tried_the_new_season [C-SDrECvTa4],285,9.500000,1.0000,False,manual_box,affine_mild
Federico_sammelt_i_tried_the_new_season_[C-SDrECvTa4]_000285_5bb7a13c_aug_photo_exposure_c685cf84_aug_affine_mild.png,0,enemy,1,0.377354,0.286547,0.022259,0.079933,Federico_sammelt__i_tried_the_new_season [C-SDrECvTa4],285,9.500000,1.0000,False,manual_box,affine_mild
Federico_sammelt_i_tried_the_new_season_[C-SDrECvTa4]_000285_5bb7a13c_aug_photo_exposure_c685cf84_aug_affine_mild.png,0,enemy,1,0.348640,0.273640,0.034856,0.099014,Federico_sammelt__i_tried_the_new_season [C-SDrECvTa4],285,9.500000,1.0000,False,manual_box,affine_mild
Federico_sammelt_i_tried_the_new_season_[C-SDrECvTa4]_000285_5bb7a13c_aug_photo_exposure_c685cf84_aug_affine_mild.png,0,enemy,1,0.299668,0.311929,0.049041,0.110397,Federico_sammelt__i_tried_the_new_season [C-SDrECvTa4],285,9.500000,1.0000,False,manual_box,affine_mild
Federico_sammelt_i_tried_the_new_season_[C-SDrECvTa4]_000285_5bb7a13c_aug_photo_exposure_c685cf84_aug_affine_mild.png,0,enemy,1,0.271031,0.307555,0.034912,0.105221,Federico_sammelt__i_tried_the_new_season [C-SDrECvTa4],285,9.500000,1.0000,False,manual_box,affine_mild
Federico_sammelt_i_tried_the_new_season_[C-SDrECvTa4]_000285_5bb7a13c_aug_photo_exposure_c685cf84_aug_affine_mild.png,1,player,1,0.178534,0.618062,0.357068,0.746412,Federico_sammelt__i_tried_the_new_season [C-SDrECvTa4],285,9.500000,1.0000,False,manual_box,affine_mild
Federico_sammelt_i_tried_the_new_season_[C-SDrECvTa4]_000285_5bb7a13c_aug_photo_gameplay_b7612040_aug_original.png,0,enemy,1,0.488105,0.624901,0.152082,0.361618,Federico_sammelt__i_tried_the_new_season [C-SDrECvTa4],285,9.500000,1.0000,False,manual_box,original
Federico_sammelt_i_tried_the_new_season_[C-SDrECvTa4]_000285_5bb7a13c_aug_photo_gameplay_b7612040_aug_original.png,0,enemy,1,0.521665,0.242665,0.028887,0.095163,Federico_sammelt__i_tried_the_new_season [C-SDrECvTa4],285,9.500000,1.0000,False,manual_box,original
Federico_sammelt_i_tried_the_new_season_[C-SDrECvTa4]_000285_5bb7a13c_aug_photo_gameplay_b7612040_aug_original.png,0,enemy,1,0.478760,0.057098,0.041631,0.111023,Federico_sammelt__i_tried_the_new_season [C-SDrECvTa4],285,9.500000,1.0000,False,manual_box,original
Federico_sammelt_i_tried_the_new_season_[C-SDrECvTa4]_000285_5bb7a13c_aug_photo_gameplay_b7612040_aug_original.png,0,enemy,1,0.419711,0.256146,0.022090,0.080888,Federico_sammelt__i_tried_the_new_season [C-SDrECvTa4],285,9.500000,1.0000,False,manual_box,original
Federico_sammelt_i_tried_the_new_season_[C-SDrECvTa4]_000285_5bb7a13c_aug_photo_gameplay_b7612040_aug_original.png,0,enemy,1,0.390399,0.241872,0.034834,0.099921,Federico_sammelt__i_tried_the_new_season [C-SDrECvTa4],285,9.500000,1.0000,False,manual_box,original
Federico_sammelt_i_tried_the_new_season_[C-SDrECvTa4]_000285_5bb7a13c_aug_photo_gameplay_b7612040_aug_original.png,0,enemy,1,0.339847,0.279144,0.049278,0.111023,Federico_sammelt__i_tried_the_new_season [C-SDrECvTa4],285,9.500000,1.0000,False,manual_box,original
Federico_sammelt_i_tried_the_new_season_[C-SDrECvTa4]_000285_5bb7a13c_aug_photo_gameplay_b7612040_aug_original.png,0,enemy,1,0.310535,0.273592,0.034834,0.106265,Federico_sammelt__i_tried_the_new_season [C-SDrECvTa4],285,9.500000,1.0000,False,manual_box,original
Federico_sammelt_i_tried_the_new_season_[C-SDrECvTa4]_000285_5bb7a13c_aug_photo_gameplay_b7612040_aug_original.png,1,player,1,0.198386,0.586836,0.388275,0.748612,Federico_sammelt__i_tried_the_new_season [C-SDrECvTa4],285,9.500000,1.0000,False,manual_box,original
Federico_sammelt_i_tried_the_new_season_[C-SDrECvTa4]_000285_5bb7a13c_aug_photo_gameplay_b7612040_aug_photo_exposure.png,0,enemy,1,0.488105,0.624901,0.152082,0.361618,Federico_sammelt__i_tried_the_new_season [C-SDrECvTa4],285,9.500000,1.0000,False,manual_box,photo_exposure
Federico_sammelt_i_tried_the_new_season_[C-SDrECvTa4]_000285_5bb7a13c_aug_photo_gameplay_b7612040_aug_photo_exposure.png,0,enemy,1,0.521665,0.242665,0.028887,0.095163,Federico_sammelt__i_tried_the_new_season [C-SDrECvTa4],285,9.500000,1.0000,False,manual_box,photo_exposure
Federico_sammelt_i_tried_the_new_season_[C-SDrECvTa4]_000285_5bb7a13c_aug_photo_gameplay_b7612040_aug_photo_exposure.png,0,enemy,1,0.478760,0.057098,0.041631,0.111023,Federico_sammelt__i_tried_the_new_season [C-SDrECvTa4],285,9.500000,1.0000,False,manual_box,photo_exposure
Federico_sammelt_i_tried_the_new_season_[C-SDrECvTa4]_000285_5bb7a13c_aug_photo_gameplay_b7612040_aug_photo_exposure.png,0,enemy,1,0.419711,0.256146,0.022090,0.080888,Federico_sammelt__i_tried_the_new_season [C-SDrECvTa4],285,9.500000,1.0000,False,manual_box,photo_exposure
Federico_sammelt_i_tried_the_new_season_[C-SDrECvTa4]_000285_5bb7a13c_aug_photo_gameplay_b7612040_aug_photo_exposure.png,0,enemy,1,0.390399,0.241872,0.034834,0.099921,Federico_sammelt__i_tried_the_new_season [C-SDrECvTa4],285,9.500000,1.0000,False,manual_box,photo_exposure
Federico_sammelt_i_tried_the_new_season_[C-SDrECvTa4]_000285_5bb7a13c_aug_photo_gameplay_b7612040_aug_photo_exposure.png,0,enemy,1,0.339847,0.279144,0.049278,0.111023,Federico_sammelt__i_tried_the_new_season [C-SDrECvTa4],285,9.500000,1.0000,False,manual_box,photo_exposure
Federico_sammelt_i_tried_the_new_season_[C-SDrECvTa4]_000285_5bb7a13c_aug_photo_gameplay_b7612040_aug_photo_exposure.png,0,enemy,1,0.310535,0.273592,0.034834,0.106265,Federico_sammelt__i_tried_the_new_season [C-SDrECvTa4],285,9.500000,1.0000,False,manual_box,photo_exposure
Federico_sammelt_i_tried_the_new_season_[C-SDrECvTa4]_000285_5bb7a13c_aug_photo_gameplay_b7612040_aug_photo_exposure.png,1,player,1,0.198386,0.586836,0.388275,0.748612,Federico_sammelt__i_tried_the_new_season [C-SDrECvTa4],285,9.500000,1.0000,False,manual_box,photo_exposure
Federico_sammelt_i_tried_the_new_season_[C-SDrECvTa4]_000285_5bb7a13c_aug_photo_gameplay_b7612040_aug_photo_gameplay.png,0,enemy,1,0.488105,0.624901,0.152082,0.361618,Federico_sammelt__i_tried_the_new_season [C-SDrECvTa4],285,9.500000,1.0000,False,manual_box,photo_gameplay
Federico_sammelt_i_tried_the_new_season_[C-SDrECvTa4]_000285_5bb7a13c_aug_photo_gameplay_b7612040_aug_photo_gameplay.png,0,enemy,1,0.521665,0.242665,0.028887,0.095163,Federico_sammelt__i_tried_the_new_season [C-SDrECvTa4],285,9.500000,1.0000,False,manual_box,photo_gameplay
Federico_sammelt_i_tried_the_new_season_[C-SDrECvTa4]_000285_5bb7a13c_aug_photo_gameplay_b7612040_aug_photo_gameplay.png,0,enemy,1,0.478760,0.057098,0.041631,0.111023,Federico_sammelt__i_tried_the_new_season [C-SDrECvTa4],285,9.500000,1.0000,False,manual_box,photo_gameplay
Federico_sammelt_i_tried_the_new_season_[C-SDrECvTa4]_000285_5bb7a13c_aug_photo_gameplay_b7612040_aug_photo_gameplay.png,0,enemy,1,0.419711,0.256146,0.022090,0.080888,Federico_sammelt__i_tried_the_new_season [C-SDrECvTa4],285,9.500000,1.0000,False,manual_box,photo_gameplay
Federico_sammelt_i_tried_the_new_season_[C-SDrECvTa4]_000285_5bb7a13c_aug_photo_gameplay_b7612040_aug_photo_gameplay.png,0,enemy,1,0.390399,0.241872,0.034834,0.099921,Federico_sammelt__i_tried_the_new_season [C-SDrECvTa4],285,9.500000,1.0000,False,manual_box,photo_gameplay
Federico_sammelt_i_tried_the_new_season_[C-SDrECvTa4]_000285_5bb7a13c_aug_photo_gameplay_b7612040_aug_photo_gameplay.png,0,enemy,1,0.339847,0.279144,0.049278,0.111023,Federico_sammelt__i_tried_the_new_season [C-SDrECvTa4],285,9.500000,1.0000,False,manual_box,photo_gameplay
Federico_sammelt_i_tried_the_new_season_[C-SDrECvTa4]_000285_5bb7a13c_aug_photo_gameplay_b7612040_aug_photo_gameplay.png,0,enemy,1,0.310535,0.273592,0.034834,0.106265,Federico_sammelt__i_tried_the_new_season [C-SDrECvTa4],285,9.500000,1.0000,False,manual_box,photo_gameplay
Federico_sammelt_i_tried_the_new_season_[C-SDrECvTa4]_000285_5bb7a13c_aug_photo_gameplay_b7612040_aug_photo_gameplay.png,1,player,1,0.198386,0.586836,0.388275,0.748612,Federico_sammelt__i_tried_the_new_season [C-SDrECvTa4],285,9.500000,1.0000,False,manual_box,photo_gameplay
Federico_sammelt_i_tried_the_new_season_[C-SDrECvTa4]_000285_5bb7a13c_aug_photo_gameplay_b7612040_aug_affine_mild.png,0,enemy,1,0.525598,0.618582,0.150884,0.351183,Federico_sammelt__i_tried_the_new_season [C-SDrECvTa4],285,9.500000,1.0000,False,manual_box,affine_mild
Federico_sammelt_i_tried_the_new_season_[C-SDrECvTa4]_000285_5bb7a13c_aug_photo_gameplay_b7612040_aug_affine_mild.png,0,enemy,1,0.483352,0.272321,0.029443,0.090987,Federico_sammelt__i_tried_the_new_season [C-SDrECvTa4],285,9.500000,1.0000,False,manual_box,affine_mild
Federico_sammelt_i_tried_the_new_season_[C-SDrECvTa4]_000285_5bb7a13c_aug_photo_gameplay_b7612040_aug_affine_mild.png,0,enemy,1,0.517408,0.096619,0.041659,0.107169,Federico_sammelt__i_tried_the_new_season [C-SDrECvTa4],285,9.500000,1.0000,False,manual_box,affine_mild
Federico_sammelt_i_tried_the_new_season_[C-SDrECvTa4]_000285_5bb7a13c_aug_photo_gameplay_b7612040_aug_affine_mild.png,0,enemy,1,0.577727,0.271597,0.022755,0.077023,Federico_sammelt__i_tried_the_new_season [C-SDrECvTa4],285,9.500000,1.0000,False,manual_box,affine_mild
Federico_sammelt_i_tried_the_new_season_[C-SDrECvTa4]_000285_5bb7a13c_aug_photo_gameplay_b7612040_aug_affine_mild.png,0,enemy,1,0.604323,0.254743,0.035065,0.096115,Federico_sammelt__i_tried_the_new_season [C-SDrECvTa4],285,9.500000,1.0000,False,manual_box,affine_mild
Federico_sammelt_i_tried_the_new_season_[C-SDrECvTa4]_000285_5bb7a13c_aug_photo_gameplay_b7612040_aug_affine_mild.png,0,enemy,1,0.652022,0.282438,0.048708,0.108151,Federico_sammelt__i_tried_the_new_season [C-SDrECvTa4],285,9.500000,1.0000,False,manual_box,affine_mild
Federico_sammelt_i_tried_the_new_season_[C-SDrECvTa4]_000285_5bb7a13c_aug_photo_gameplay_b7612040_aug_affine_mild.png,0,enemy,1,0.678876,0.273583,0.035253,0.101933,Federico_sammelt__i_tried_the_new_season [C-SDrECvTa4],285,9.500000,1.0000,False,manual_box,affine_mild
Federico_sammelt_i_tried_the_new_season_[C-SDrECvTa4]_000285_5bb7a13c_aug_photo_gameplay_b7612040_aug_affine_mild.png,1,player,1,0.791519,0.546480,0.380047,0.736436,Federico_sammelt__i_tried_the_new_season [C-SDrECvTa4],285,9.500000,1.0000,False,manual_box,affine_mild
Federico_sammelt_i_tried_the_new_season_[C-SDrECvTa4]_000285_5bb7a13c_aug_affine_mild_b2d150b3_aug_original.png,0,enemy,1,0.513790,0.685890,0.158317,0.388661,Federico_sammelt__i_tried_the_new_season [C-SDrECvTa4],285,9.500000,1.0000,False,manual_box,original
Federico_sammelt_i_tried_the_new_season_[C-SDrECvTa4]_000285_5bb7a13c_aug_affine_mild_b2d150b3_aug_original.png,0,enemy,1,0.484035,0.278604,0.030368,0.101970,Federico_sammelt__i_tried_the_new_season [C-SDrECvTa4],285,9.500000,1.0000,False,manual_box,original
Federico_sammelt_i_tried_the_new_season_[C-SDrECvTa4]_000285_5bb7a13c_aug_affine_mild_b2d150b3_aug_original.png,0,enemy,1,0.529635,0.082521,0.043473,0.119185,Federico_sammelt__i_tried_the_new_season [C-SDrECvTa4],285,9.500000,1.0000,False,manual_box,original
Federico_sammelt_i_tried_the_new_season_[C-SDrECvTa4]_000285_5bb7a13c_aug_affine_mild_b2d150b3_aug_original.png,0,enemy,1,0.587299,0.295769,0.023314,0.086606,Federico_sammelt__i_tried_the_new_season [C-SDrECvTa4],285,9.500000,1.0000,False,manual_box,original
Federico_sammelt_i_tried_the_new_season_[C-SDrECvTa4]_000285_5bb7a13c_aug_affine_mild_b2d150b3_aug_original.png,0,enemy,1,0.617192,0.281409,0.036454,0.107194,Federico_sammelt__i_tried_the_new_season [C-SDrECvTa4],285,9.500000,1.0000,False,manual_box,original
Federico_sammelt_i_tried_the_new_season_[C-SDrECvTa4]_000285_5bb7a13c_aug_affine_mild_b2d150b3_aug_original.png,0,enemy,1,0.668051,0.322438,0.051229,0.119398,Federico_sammelt__i_tried_the_new_season [C-SDrECvTa4],285,9.500000,1.0000,False,manual_box,original
Federico_sammelt_i_tried_the_new_season_[C-SDrECvTa4]_000285_5bb7a13c_aug_affine_mild_b2d150b3_aug_original.png,0,enemy,1,0.697845,0.317350,0.036525,0.113938,Federico_sammelt__i_tried_the_new_season [C-SDrECvTa4],285,9.500000,1.0000,False,manual_box,original
Federico_sammelt_i_tried_the_new_season_[C-SDrECvTa4]_000285_5bb7a13c_aug_affine_mild_b2d150b3_aug_original.png,1,player,1,0.803486,0.625078,0.393028,0.749843,Federico_sammelt__i_tried_the_new_season [C-SDrECvTa4],285,9.500000,1.0000,False,manual_box,original
Federico_sammelt_i_tried_the_new_season_[C-SDrECvTa4]_000285_5bb7a13c_aug_affine_mild_b2d150b3_aug_photo_exposure.png,0,enemy,1,0.513790,0.685890,0.158317,0.388661,Federico_sammelt__i_tried_the_new_season [C-SDrECvTa4],285,9.500000,1.0000,False,manual_box,photo_exposure
Federico_sammelt_i_tried_the_new_season_[C-SDrECvTa4]_000285_5bb7a13c_aug_affine_mild_b2d150b3_aug_photo_exposure.png,0,enemy,1,0.484035,0.278604,0.030368,0.101970,Federico_sammelt__i_tried_the_new_season [C-SDrECvTa4],285,9.500000,1.0000,False,manual_box,photo_exposure
Federico_sammelt_i_tried_the_new_season_[C-SDrECvTa4]_000285_5bb7a13c_aug_affine_mild_b2d150b3_aug_photo_exposure.png,0,enemy,1,0.529635,0.082521,0.043473,0.119185,Federico_sammelt__i_tried_the_new_season [C-SDrECvTa4],285,9.500000,1.0000,False,manual_box,photo_exposure
Federico_sammelt_i_tried_the_new_season_[C-SDrECvTa4]_000285_5bb7a13c_aug_affine_mild_b2d150b3_aug_photo_exposure.png,0,enemy,1,0.587299,0.295769,0.023314,0.086606,Federico_sammelt__i_tried_the_new_season [C-SDrECvTa4],285,9.500000,1.0000,False,manual_box,photo_exposure
Federico_sammelt_i_tried_the_new_season_[C-SDrECvTa4]_000285_5bb7a13c_aug_affine_mild_b2d150b3_aug_photo_exposure.png,0,enemy,1,0.617192,0.281409,0.036454,0.107194,Federico_sammelt__i_tried_the_new_season [C-SDrECvTa4],285,9.500000,1.0000,False,manual_box,photo_exposure
Federico_sammelt_i_tried_the_new_season_[C-SDrECvTa4]_000285_5bb7a13c_aug_affine_mild_b2d150b3_aug_photo_exposure.png,0,enemy,1,0.668051,0.322438,0.051229,0.119398,Federico_sammelt__i_tried_the_new_season [C-SDrECvTa4],285,9.500000,1.0000,False,manual_box,photo_exposure
Federico_sammelt_i_tried_the_new_season_[C-SDrECvTa4]_000285_5bb7a13c_aug_affine_mild_b2d150b3_aug_photo_exposure.png,0,enemy,1,0.697845,0.317350,0.036525,0.113938,Federico_sammelt__i_tried_the_new_season [C-SDrECvTa4],285,9.500000,1.0000,False,manual_box,photo_exposure
Federico_sammelt_i_tried_the_new_season_[C-SDrECvTa4]_000285_5bb7a13c_aug_affine_mild_b2d150b3_aug_photo_exposure.png,1,player,1,0.803486,0.625078,0.393028,0.749843,Federico_sammelt__i_tried_the_new_season [C-SDrECvTa4],285,9.500000,1.0000,False,manual_box,photo_exposure
Federico_sammelt_i_tried_the_new_season_[C-SDrECvTa4]_000285_5bb7a13c_aug_affine_mild_b2d150b3_aug_photo_gameplay.png,0,enemy,1,0.513790,0.685890,0.158317,0.388661,Federico_sammelt__i_tried_the_new_season [C-SDrECvTa4],285,9.500000,1.0000,False,manual_box,photo_gameplay
Federico_sammelt_i_tried_the_new_season_[C-SDrECvTa4]_000285_5bb7a13c_aug_affine_mild_b2d150b3_aug_photo_gameplay.png,0,enemy,1,0.484035,0.278604,0.030368,0.101970,Federico_sammelt__i_tried_the_new_season [C-SDrECvTa4],285,9.500000,1.0000,False,manual_box,photo_gameplay
Federico_sammelt_i_tried_the_new_season_[C-SDrECvTa4]_000285_5bb7a13c_aug_affine_mild_b2d150b3_aug_photo_gameplay.png,0,enemy,1,0.529635,0.082521,0.043473,0.119185,Federico_sammelt__i_tried_the_new_season [C-SDrECvTa4],285,9.500000,1.0000,False,manual_box,photo_gameplay
Federico_sammelt_i_tried_the_new_season_[C-SDrECvTa4]_000285_5bb7a13c_aug_affine_mild_b2d150b3_aug_photo_gameplay.png,0,enemy,1,0.587299,0.295769,0.023314,0.086606,Federico_sammelt__i_tried_the_new_season [C-SDrECvTa4],285,9.500000,1.0000,False,manual_box,photo_gameplay
Federico_sammelt_i_tried_the_new_season_[C-SDrECvTa4]_000285_5bb7a13c_aug_affine_mild_b2d150b3_aug_photo_gameplay.png,0,enemy,1,0.617192,0.281409,0.036454,0.107194,Federico_sammelt__i_tried_the_new_season [C-SDrECvTa4],285,9.500000,1.0000,False,manual_box,photo_gameplay
Federico_sammelt_i_tried_the_new_season_[C-SDrECvTa4]_000285_5bb7a13c_aug_affine_mild_b2d150b3_aug_photo_gameplay.png,0,enemy,1,0.668051,0.322438,0.051229,0.119398,Federico_sammelt__i_tried_the_new_season [C-SDrECvTa4],285,9.500000,1.0000,False,manual_box,photo_gameplay
Federico_sammelt_i_tried_the_new_season_[C-SDrECvTa4]_000285_5bb7a13c_aug_affine_mild_b2d150b3_aug_photo_gameplay.png,0,enemy,1,0.697845,0.317350,0.036525,0.113938,Federico_sammelt__i_tried_the_new_season [C-SDrECvTa4],285,9.500000,1.0000,False,manual_box,photo_gameplay
Federico_sammelt_i_tried_the_new_season_[C-SDrECvTa4]_000285_5bb7a13c_aug_affine_mild_b2d150b3_aug_photo_gameplay.png,1,player,1,0.803486,0.625078,0.393028,0.749843,Federico_sammelt__i_tried_the_new_season [C-SDrECvTa4],285,9.500000,1.0000,False,manual_box,photo_gameplay
Federico_sammelt_i_tried_the_new_season_[C-SDrECvTa4]_000285_5bb7a13c_aug_affine_mild_b2d150b3_aug_affine_mild.png,0,enemy,1,0.480249,0.656439,0.178918,0.418116,Federico_sammelt__i_tried_the_new_season [C-SDrECvTa4],285,9.500000,1.0000,False,manual_box,affine_mild
Federico_sammelt_i_tried_the_new_season_[C-SDrECvTa4]_000285_5bb7a13c_aug_affine_mild_b2d150b3_aug_affine_mild.png,0,enemy,1,0.505906,0.228509,0.034775,0.108859,Federico_sammelt__i_tried_the_new_season [C-SDrECvTa4],285,9.500000,1.0000,False,manual_box,affine_mild
Federico_sammelt_i_tried_the_new_season_[C-SDrECvTa4]_000285_5bb7a13c_aug_affine_mild_b2d150b3_aug_affine_mild.png,0,enemy,1,0.452977,0.045452,0.049337,0.090905,Federico_sammelt__i_tried_the_new_season [C-SDrECvTa4],285,9.500000,1.0000,False,manual_box,affine_mild
Federico_sammelt_i_tried_the_new_season_[C-SDrECvTa4]_000285_5bb7a13c_aug_affine_mild_b2d150b3_aug_affine_mild.png,0,enemy,1,0.393696,0.254203,0.026835,0.092271,Federico_sammelt__i_tried_the_new_season [C-SDrECvTa4],285,9.500000,1.0000,False,manual_box,affine_mild
Federico_sammelt_i_tried_the_new_season_[C-SDrECvTa4]_000285_5bb7a13c_aug_affine_mild_b2d150b3_aug_affine_mild.png,0,enemy,1,0.360893,0.241438,0.041491,0.114776,Federico_sammelt__i_tried_the_new_season [C-SDrECvTa4],285,9.500000,1.0000,False,manual_box,affine_mild
Federico_sammelt_i_tried_the_new_season_[C-SDrECvTa4]_000285_5bb7a13c_aug_affine_mild_b2d150b3_aug_affine_mild.png,0,enemy,1,0.306168,0.288141,0.057790,0.128641,Federico_sammelt__i_tried_the_new_season [C-SDrECvTa4],285,9.500000,1.0000,False,manual_box,affine_mild
Federico_sammelt_i_tried_the_new_season_[C-SDrECvTa4]_000285_5bb7a13c_aug_affine_mild_b2d150b3_aug_affine_mild.png,0,enemy,1,0.273626,0.285059,0.041681,0.121831,Federico_sammelt__i_tried_the_new_season [C-SDrECvTa4],285,9.500000,1.0000,False,manual_box,affine_mild
Federico_sammelt_i_tried_the_new_season_[C-SDrECvTa4]_000285_5bb7a13c_aug_affine_mild_b2d150b3_aug_affine_mild.png,1,player,1,0.191974,0.604003,0.383949,0.791994,Federico_sammelt__i_tried_the_new_season [C-SDrECvTa4],285,9.500000,1.0000,False,manual_box,affine_mild
Federico_sammelt_i_tried_the_new_season_[C-SDrECvTa4]_000285_5bb7a13c_aug_affine_mild_b2d150b3_aug_retarget_edge.png,0,enemy,1,0.500000,0.862835,0.158317,0.274331,Federico_sammelt__i_tried_the_new_season [C-SDrECvTa4],285,9.500000,1.0000,False,manual_box,retarget_edge
Federico_sammelt_i_tried_the_new_season_[C-SDrECvTa4]_000285_5bb7a13c_aug_affine_mild_b2d150b3_aug_retarget_edge.png,0,enemy,1,0.470245,0.512714,0.030368,0.101970,Federico_sammelt__i_tried_the_new_season [C-SDrECvTa4],285,9.500000,1.0000,False,manual_box,retarget_edge
Federico_sammelt_i_tried_the_new_season_[C-SDrECvTa4]_000285_5bb7a13c_aug_affine_mild_b2d150b3_aug_retarget_edge.png,0,enemy,1,0.515845,0.316631,0.043473,0.119185,Federico_sammelt__i_tried_the_new_season [C-SDrECvTa4],285,9.500000,1.0000,False,manual_box,retarget_edge
Federico_sammelt_i_tried_the_new_season_[C-SDrECvTa4]_000285_5bb7a13c_aug_affine_mild_b2d150b3_aug_retarget_edge.png,0,enemy,1,0.573509,0.529879,0.023314,0.086606,Federico_sammelt__i_tried_the_new_season [C-SDrECvTa4],285,9.500000,1.0000,False,manual_box,retarget_edge
Federico_sammelt_i_tried_the_new_season_[C-SDrECvTa4]_000285_5bb7a13c_aug_affine_mild_b2d150b3_aug_retarget_edge.png,0,enemy,1,0.603402,0.515519,0.036454,0.107194,Federico_sammelt__i_tried_the_new_season [C-SDrECvTa4],285,9.500000,1.0000,False,manual_box,retarget_edge
Federico_sammelt_i_tried_the_new_season_[C-SDrECvTa4]_000285_5bb7a13c_aug_affine_mild_b2d150b3_aug_retarget_edge.png,0,enemy,1,0.654261,0.556548,0.051229,0.119398,Federico_sammelt__i_tried_the_new_season [C-SDrECvTa4],285,9.500000,1.0000,False,manual_box,retarget_edge
Federico_sammelt_i_tried_the_new_season_[C-SDrECvTa4]_000285_5bb7a13c_aug_affine_mild_b2d150b3_aug_retarget_edge.png,0,enemy,1,0.684055,0.551460,0.036525,0.113938,Federico_sammelt__i_tried_the_new_season [C-SDrECvTa4],285,9.500000,1.0000,False,manual_box,retarget_edge
Federico_sammelt_i_tried_the_new_season_[C-SDrECvTa4]_000285_5bb7a13c_aug_affine_mild_b2d150b3_aug_retarget_edge.png,1,player,1,0.789696,0.742133,0.393028,0.515734,Federico_sammelt__i_tried_the_new_season [C-SDrECvTa4],285,9.500000,1.0000,False,manual_box,retarget_edge
Federico_sammelt_i_tried_the_new_season_[C-SDrECvTa4]_000285_5bb7a13c_aug_affine_mild_b2d150b3_aug_retarget_corner.png,0,enemy,1,0.080000,0.862835,0.158317,0.274331,Federico_sammelt__i_tried_the_new_season [C-SDrECvTa4],285,9.500000,1.0000,False,manual_box,retarget_corner
Federico_sammelt_i_tried_the_new_season_[C-SDrECvTa4]_000285_5bb7a13c_aug_affine_mild_b2d150b3_aug_retarget_corner.png,0,enemy,1,0.050245,0.512714,0.030368,0.101970,Federico_sammelt__i_tried_the_new_season [C-SDrECvTa4],285,9.500000,1.0000,False,manual_box,retarget_corner
Federico_sammelt_i_tried_the_new_season_[C-SDrECvTa4]_000285_5bb7a13c_aug_affine_mild_b2d150b3_aug_retarget_corner.png,0,enemy,1,0.095845,0.316631,0.043473,0.119185,Federico_sammelt__i_tried_the_new_season [C-SDrECvTa4],285,9.500000,1.0000,False,manual_box,retarget_corner
Federico_sammelt_i_tried_the_new_season_[C-SDrECvTa4]_000285_5bb7a13c_aug_affine_mild_b2d150b3_aug_retarget_corner.png,0,enemy,1,0.153509,0.529879,0.023314,0.086606,Federico_sammelt__i_tried_the_new_season [C-SDrECvTa4],285,9.500000,1.0000,False,manual_box,retarget_corner
Federico_sammelt_i_tried_the_new_season_[C-SDrECvTa4]_000285_5bb7a13c_aug_affine_mild_b2d150b3_aug_retarget_corner.png,0,enemy,1,0.183402,0.515519,0.036454,0.107194,Federico_sammelt__i_tried_the_new_season [C-SDrECvTa4],285,9.500000,1.0000,False,manual_box,retarget_corner
Federico_sammelt_i_tried_the_new_season_[C-SDrECvTa4]_000285_5bb7a13c_aug_affine_mild_b2d150b3_aug_retarget_corner.png,0,enemy,1,0.234261,0.556548,0.051229,0.119398,Federico_sammelt__i_tried_the_new_season [C-SDrECvTa4],285,9.500000,1.0000,False,manual_box,retarget_corner
Federico_sammelt_i_tried_the_new_season_[C-SDrECvTa4]_000285_5bb7a13c_aug_affine_mild_b2d150b3_aug_retarget_corner.png,0,enemy,1,0.264055,0.551460,0.036525,0.113938,Federico_sammelt__i_tried_the_new_season [C-SDrECvTa4],285,9.500000,1.0000,False,manual_box,retarget_corner
Federico_sammelt_i_tried_the_new_season_[C-SDrECvTa4]_000285_5bb7a13c_aug_affine_mild_b2d150b3_aug_retarget_corner.png,1,player,1,0.369696,0.742133,0.393028,0.515734,Federico_sammelt__i_tried_the_new_season [C-SDrECvTa4],285,9.500000,1.0000,False,manual_box,retarget_corner
Federico_sammelt_i_tried_the_new_season_[C-SDrECvTa4]_000300_96d71ae3_aug_original_cb415413_aug_original.png,1,player,1,0.210705,0.674465,0.418012,0.651070,Federico_sammelt__i_tried_the_new_season [C-SDrECvTa4],300,10.000000,1.0000,False,manual_box,original
Federico_sammelt_i_tried_the_new_season_[C-SDrECvTa4]_000300_96d71ae3_aug_original_cb415413_aug_original.png,0,enemy,1,0.493203,0.643933,0.128292,0.390167,Federico_sammelt__i_tried_the_new_season [C-SDrECvTa4],300,10.000000,1.0000,False,manual_box,original
Federico_sammelt_i_tried_the_new_season_[C-SDrECvTa4]_000300_96d71ae3_aug_original_cb415413_aug_original.png,0,enemy,1,0.514019,0.266455,0.027188,0.098335,Federico_sammelt__i_tried_the_new_season [C-SDrECvTa4],300,10.000000,1.0000,False,manual_box,original
Federico_sammelt_i_tried_the_new_season_[C-SDrECvTa4]_000300_96d71ae3_aug_original_cb415413_aug_original.png,0,enemy,1,0.470263,0.068200,0.034834,0.114195,Federico_sammelt__i_tried_the_new_season [C-SDrECvTa4],300,10.000000,1.0000,False,manual_box,original
Federico_sammelt_i_tried_the_new_season_[C-SDrECvTa4]_000300_96d71ae3_aug_original_cb415413_aug_original.png,0,enemy,1,0.415888,0.276764,0.022940,0.084060,Federico_sammelt__i_tried_the_new_season [C-SDrECvTa4],300,10.000000,1.0000,False,manual_box,original
Federico_sammelt_i_tried_the_new_season_[C-SDrECvTa4]_000300_96d71ae3_aug_original_cb415413_aug_original.png,0,enemy,1,0.378080,0.280730,0.030586,0.091990,Federico_sammelt__i_tried_the_new_season [C-SDrECvTa4],300,10.000000,1.0000,False,manual_box,original
Federico_sammelt_i_tried_the_new_season_[C-SDrECvTa4]_000300_96d71ae3_aug_original_cb415413_aug_original.png,0,enemy,1,0.328377,0.291039,0.034834,0.118953,Federico_sammelt__i_tried_the_new_season [C-SDrECvTa4],300,10.000000,1.0000,False,manual_box,original
Federico_sammelt_i_tried_the_new_season_[C-SDrECvTa4]_000300_96d71ae3_aug_original_cb415413_aug_original.png,0,enemy,1,0.295667,0.278351,0.028887,0.109437,Federico_sammelt__i_tried_the_new_season [C-SDrECvTa4],300,10.000000,1.0000,False,manual_box,original
Federico_sammelt_i_tried_the_new_season_[C-SDrECvTa4]_000300_96d71ae3_aug_original_cb415413_aug_photo_exposure.png,1,player,1,0.210705,0.674465,0.418012,0.651070,Federico_sammelt__i_tried_the_new_season [C-SDrECvTa4],300,10.000000,1.0000,False,manual_box,photo_exposure
Federico_sammelt_i_tried_the_new_season_[C-SDrECvTa4]_000300_96d71ae3_aug_original_cb415413_aug_photo_exposure.png,0,enemy,1,0.493203,0.643933,0.128292,0.390167,Federico_sammelt__i_tried_the_new_season [C-SDrECvTa4],300,10.000000,1.0000,False,manual_box,photo_exposure
Federico_sammelt_i_tried_the_new_season_[C-SDrECvTa4]_000300_96d71ae3_aug_original_cb415413_aug_photo_exposure.png,0,enemy,1,0.514019,0.266455,0.027188,0.098335,Federico_sammelt__i_tried_the_new_season [C-SDrECvTa4],300,10.000000,1.0000,False,manual_box,photo_exposure
Federico_sammelt_i_tried_the_new_season_[C-SDrECvTa4]_000300_96d71ae3_aug_original_cb415413_aug_photo_exposure.png,0,enemy,1,0.470263,0.068200,0.034834,0.114195,Federico_sammelt__i_tried_the_new_season [C-SDrECvTa4],300,10.000000,1.0000,False,manual_box,photo_exposure
Federico_sammelt_i_tried_the_new_season_[C-SDrECvTa4]_000300_96d71ae3_aug_original_cb415413_aug_photo_exposure.png,0,enemy,1,0.415888,0.276764,0.022940,0.084060,Federico_sammelt__i_tried_the_new_season [C-SDrECvTa4],300,10.000000,1.0000,False,manual_box,photo_exposure
Federico_sammelt_i_tried_the_new_season_[C-SDrECvTa4]_000300_96d71ae3_aug_original_cb415413_aug_photo_exposure.png,0,enemy,1,0.378080,0.280730,0.030586,0.091990,Federico_sammelt__i_tried_the_new_season [C-SDrECvTa4],300,10.000000,1.0000,False,manual_box,photo_exposure
Federico_sammelt_i_tried_the_new_season_[C-SDrECvTa4]_000300_96d71ae3_aug_original_cb415413_aug_photo_exposure.png,0,enemy,1,0.328377,0.291039,0.034834,0.118953,Federico_sammelt__i_tried_the_new_season [C-SDrECvTa4],300,10.000000,1.0000,False,manual_box,photo_exposure
Federico_sammelt_i_tried_the_new_season_[C-SDrECvTa4]_000300_96d71ae3_aug_original_cb415413_aug_photo_exposure.png,0,enemy,1,0.295667,0.278351,0.028887,0.109437,Federico_sammelt__i_tried_the_new_season [C-SDrECvTa4],300,10.000000,1.0000,False,manual_box,photo_exposure
Federico_sammelt_i_tried_the_new_season_[C-SDrECvTa4]_000300_96d71ae3_aug_original_cb415413_aug_photo_gameplay.png,1,player,1,0.210705,0.674465,0.418012,0.651070,Federico_sammelt__i_tried_the_new_season [C-SDrECvTa4],300,10.000000,1.0000,False,manual_box,photo_gameplay
Federico_sammelt_i_tried_the_new_season_[C-SDrECvTa4]_000300_96d71ae3_aug_original_cb415413_aug_photo_gameplay.png,0,enemy,1,0.493203,0.643933,0.128292,0.390167,Federico_sammelt__i_tried_the_new_season [C-SDrECvTa4],300,10.000000,1.0000,False,manual_box,photo_gameplay
Federico_sammelt_i_tried_the_new_season_[C-SDrECvTa4]_000300_96d71ae3_aug_original_cb415413_aug_photo_gameplay.png,0,enemy,1,0.514019,0.266455,0.027188,0.098335,Federico_sammelt__i_tried_the_new_season [C-SDrECvTa4],300,10.000000,1.0000,False,manual_box,photo_gameplay
Federico_sammelt_i_tried_the_new_season_[C-SDrECvTa4]_000300_96d71ae3_aug_original_cb415413_aug_photo_gameplay.png,0,enemy,1,0.470263,0.068200,0.034834,0.114195,Federico_sammelt__i_tried_the_new_season [C-SDrECvTa4],300,10.000000,1.0000,False,manual_box,photo_gameplay
Federico_sammelt_i_tried_the_new_season_[C-SDrECvTa4]_000300_96d71ae3_aug_original_cb415413_aug_photo_gameplay.png,0,enemy,1,0.415888,0.276764,0.022940,0.084060,Federico_sammelt__i_tried_the_new_season [C-SDrECvTa4],300,10.000000,1.0000,False,manual_box,photo_gameplay
Federico_sammelt_i_tried_the_new_season_[C-SDrECvTa4]_000300_96d71ae3_aug_original_cb415413_aug_photo_gameplay.png,0,enemy,1,0.378080,0.280730,0.030586,0.091990,Federico_sammelt__i_tried_the_new_season [C-SDrECvTa4],300,10.000000,1.0000,False,manual_box,photo_gameplay
Federico_sammelt_i_tried_the_new_season_[C-SDrECvTa4]_000300_96d71ae3_aug_original_cb415413_aug_photo_gameplay.png,0,enemy,1,0.328377,0.291039,0.034834,0.118953,Federico_sammelt__i_tried_the_new_season [C-SDrECvTa4],300,10.000000,1.0000,False,manual_box,photo_gameplay
Federico_sammelt_i_tried_the_new_season_[C-SDrECvTa4]_000300_96d71ae3_aug_original_cb415413_aug_photo_gameplay.png,0,enemy,1,0.295667,0.278351,0.028887,0.109437,Federico_sammelt__i_tried_the_new_season [C-SDrECvTa4],300,10.000000,1.0000,False,manual_box,photo_gameplay
Federico_sammelt_i_tried_the_new_season_[C-SDrECvTa4]_000300_96d71ae3_aug_original_cb415413_aug_affine_mild.png,1,player,1,0.186474,0.635175,0.372947,0.722323,Federico_sammelt__i_tried_the_new_season [C-SDrECvTa4],300,10.000000,1.0000,False,manual_box,affine_mild
Federico_sammelt_i_tried_the_new_season_[C-SDrECvTa4]_000300_96d71ae3_aug_original_cb415413_aug_affine_mild.png,0,enemy,1,0.439811,0.611795,0.146154,0.428622,Federico_sammelt__i_tried_the_new_season [C-SDrECvTa4],300,10.000000,1.0000,False,manual_box,affine_mild
Federico_sammelt_i_tried_the_new_season_[C-SDrECvTa4]_000300_96d71ae3_aug_original_cb415413_aug_affine_mild.png,0,enemy,1,0.473741,0.202146,0.031482,0.107848,Federico_sammelt__i_tried_the_new_season [C-SDrECvTa4],300,10.000000,1.0000,False,manual_box,affine_mild
Federico_sammelt_i_tried_the_new_season_[C-SDrECvTa4]_000300_96d71ae3_aug_original_cb415413_aug_affine_mild.png,0,enemy,1,0.371317,0.209945,0.026599,0.092182,Federico_sammelt__i_tried_the_new_season [C-SDrECvTa4],300,10.000000,1.0000,False,manual_box,affine_mild
Federico_sammelt_i_tried_the_new_season_[C-SDrECvTa4]_000300_96d71ae3_aug_original_cb415413_aug_affine_mild.png,0,enemy,1,0.331855,0.212944,0.034811,0.101068,Federico_sammelt__i_tried_the_new_season [C-SDrECvTa4],300,10.000000,1.0000,False,manual_box,affine_mild
Federico_sammelt_i_tried_the_new_season_[C-SDrECvTa4]_000300_96d71ae3_aug_original_cb415413_aug_affine_mild.png,0,enemy,1,0.279812,0.222425,0.040107,0.130528,Federico_sammelt__i_tried_the_new_season [C-SDrECvTa4],300,10.000000,1.0000,False,manual_box,affine_mild
Federico_sammelt_i_tried_the_new_season_[C-SDrECvTa4]_000300_96d71ae3_aug_original_cb415413_aug_affine_mild.png,0,enemy,1,0.246195,0.207495,0.033611,0.119977,Federico_sammelt__i_tried_the_new_season [C-SDrECvTa4],300,10.000000,1.0000,False,manual_box,affine_mild
Federico_sammelt_i_tried_the_new_season_[C-SDrECvTa4]_000300_96d71ae3_aug_photo_exposure_efbce125_aug_original.png,1,player,1,0.210705,0.674465,0.418012,0.651070,Federico_sammelt__i_tried_the_new_season [C-SDrECvTa4],300,10.000000,1.0000,False,manual_box,original
Federico_sammelt_i_tried_the_new_season_[C-SDrECvTa4]_000300_96d71ae3_aug_photo_exposure_efbce125_aug_original.png,0,enemy,1,0.493203,0.643933,0.128292,0.390167,Federico_sammelt__i_tried_the_new_season [C-SDrECvTa4],300,10.000000,1.0000,False,manual_box,original
Federico_sammelt_i_tried_the_new_season_[C-SDrECvTa4]_000300_96d71ae3_aug_photo_exposure_efbce125_aug_original.png,0,enemy,1,0.514019,0.266455,0.027188,0.098335,Federico_sammelt__i_tried_the_new_season [C-SDrECvTa4],300,10.000000,1.0000,False,manual_box,original
Federico_sammelt_i_tried_the_new_season_[C-SDrECvTa4]_000300_96d71ae3_aug_photo_exposure_efbce125_aug_original.png,0,enemy,1,0.470263,0.068200,0.034834,0.114195,Federico_sammelt__i_tried_the_new_season [C-SDrECvTa4],300,10.000000,1.0000,False,manual_box,original
Federico_sammelt_i_tried_the_new_season_[C-SDrECvTa4]_000300_96d71ae3_aug_photo_exposure_efbce125_aug_original.png,0,enemy,1,0.415888,0.276764,0.022940,0.084060,Federico_sammelt__i_tried_the_new_season [C-SDrECvTa4],300,10.000000,1.0000,False,manual_box,original
Federico_sammelt_i_tried_the_new_season_[C-SDrECvTa4]_000300_96d71ae3_aug_photo_exposure_efbce125_aug_original.png,0,enemy,1,0.378080,0.280730,0.030586,0.091990,Federico_sammelt__i_tried_the_new_season [C-SDrECvTa4],300,10.000000,1.0000,False,manual_box,original
Federico_sammelt_i_tried_the_new_season_[C-SDrECvTa4]_000300_96d71ae3_aug_photo_exposure_efbce125_aug_original.png,0,enemy,1,0.328377,0.291039,0.034834,0.118953,Federico_sammelt__i_tried_the_new_season [C-SDrECvTa4],300,10.000000,1.0000,False,manual_box,original
Federico_sammelt_i_tried_the_new_season_[C-SDrECvTa4]_000300_96d71ae3_aug_photo_exposure_efbce125_aug_original.png,0,enemy,1,0.295667,0.278351,0.028887,0.109437,Federico_sammelt__i_tried_the_new_season [C-SDrECvTa4],300,10.000000,1.0000,False,manual_box,original
Federico_sammelt_i_tried_the_new_season_[C-SDrECvTa4]_000300_96d71ae3_aug_photo_exposure_efbce125_aug_photo_exposure.png,1,player,1,0.210705,0.674465,0.418012,0.651070,Federico_sammelt__i_tried_the_new_season [C-SDrECvTa4],300,10.000000,1.0000,False,manual_box,photo_exposure
Federico_sammelt_i_tried_the_new_season_[C-SDrECvTa4]_000300_96d71ae3_aug_photo_exposure_efbce125_aug_photo_exposure.png,0,enemy,1,0.493203,0.643933,0.128292,0.390167,Federico_sammelt__i_tried_the_new_season [C-SDrECvTa4],300,10.000000,1.0000,False,manual_box,photo_exposure
Federico_sammelt_i_tried_the_new_season_[C-SDrECvTa4]_000300_96d71ae3_aug_photo_exposure_efbce125_aug_photo_exposure.png,0,enemy,1,0.514019,0.266455,0.027188,0.098335,Federico_sammelt__i_tried_the_new_season [C-SDrECvTa4],300,10.000000,1.0000,False,manual_box,photo_exposure
Federico_sammelt_i_tried_the_new_season_[C-SDrECvTa4]_000300_96d71ae3_aug_photo_exposure_efbce125_aug_photo_exposure.png,0,enemy,1,0.470263,0.068200,0.034834,0.114195,Federico_sammelt__i_tried_the_new_season [C-SDrECvTa4],300,10.000000,1.0000,False,manual_box,photo_exposure
Federico_sammelt_i_tried_the_new_season_[C-SDrECvTa4]_000300_96d71ae3_aug_photo_exposure_efbce125_aug_photo_exposure.png,0,enemy,1,0.415888,0.276764,0.022940,0.084060,Federico_sammelt__i_tried_the_new_season [C-SDrECvTa4],300,10.000000,1.0000,False,manual_box,photo_exposure
Federico_sammelt_i_tried_the_new_season_[C-SDrECvTa4]_000300_96d71ae3_aug_photo_exposure_efbce125_aug_photo_exposure.png,0,enemy,1,0.378080,0.280730,0.030586,0.091990,Federico_sammelt__i_tried_the_new_season [C-SDrECvTa4],300,10.000000,1.0000,False,manual_box,photo_exposure
Federico_sammelt_i_tried_the_new_season_[C-SDrECvTa4]_000300_96d71ae3_aug_photo_exposure_efbce125_aug_photo_exposure.png,0,enemy,1,0.328377,0.291039,0.034834,0.118953,Federico_sammelt__i_tried_the_new_season [C-SDrECvTa4],300,10.000000,1.0000,False,manual_box,photo_exposure
Federico_sammelt_i_tried_the_new_season_[C-SDrECvTa4]_000300_96d71ae3_aug_photo_exposure_efbce125_aug_photo_exposure.png,0,enemy,1,0.295667,0.278351,0.028887,0.109437,Federico_sammelt__i_tried_the_new_season [C-SDrECvTa4],300,10.000000,1.0000,False,manual_box,photo_exposure
Federico_sammelt_i_tried_the_new_season_[C-SDrECvTa4]_000300_96d71ae3_aug_photo_exposure_efbce125_aug_photo_gameplay.png,1,player,1,0.210705,0.674465,0.418012,0.651070,Federico_sammelt__i_tried_the_new_season [C-SDrECvTa4],300,10.000000,1.0000,False,manual_box,photo_gameplay
Federico_sammelt_i_tried_the_new_season_[C-SDrECvTa4]_000300_96d71ae3_aug_photo_exposure_efbce125_aug_photo_gameplay.png,0,enemy,1,0.493203,0.643933,0.128292,0.390167,Federico_sammelt__i_tried_the_new_season [C-SDrECvTa4],300,10.000000,1.0000,False,manual_box,photo_gameplay
Federico_sammelt_i_tried_the_new_season_[C-SDrECvTa4]_000300_96d71ae3_aug_photo_exposure_efbce125_aug_photo_gameplay.png,0,enemy,1,0.514019,0.266455,0.027188,0.098335,Federico_sammelt__i_tried_the_new_season [C-SDrECvTa4],300,10.000000,1.0000,False,manual_box,photo_gameplay
Federico_sammelt_i_tried_the_new_season_[C-SDrECvTa4]_000300_96d71ae3_aug_photo_exposure_efbce125_aug_photo_gameplay.png,0,enemy,1,0.470263,0.068200,0.034834,0.114195,Federico_sammelt__i_tried_the_new_season [C-SDrECvTa4],300,10.000000,1.0000,False,manual_box,photo_gameplay
Federico_sammelt_i_tried_the_new_season_[C-SDrECvTa4]_000300_96d71ae3_aug_photo_exposure_efbce125_aug_photo_gameplay.png,0,enemy,1,0.415888,0.276764,0.022940,0.084060,Federico_sammelt__i_tried_the_new_season [C-SDrECvTa4],300,10.000000,1.0000,False,manual_box,photo_gameplay
Federico_sammelt_i_tried_the_new_season_[C-SDrECvTa4]_000300_96d71ae3_aug_photo_exposure_efbce125_aug_photo_gameplay.png,0,enemy,1,0.378080,0.280730,0.030586,0.091990,Federico_sammelt__i_tried_the_new_season [C-SDrECvTa4],300,10.000000,1.0000,False,manual_box,photo_gameplay
Federico_sammelt_i_tried_the_new_season_[C-SDrECvTa4]_000300_96d71ae3_aug_photo_exposure_efbce125_aug_photo_gameplay.png,0,enemy,1,0.328377,0.291039,0.034834,0.118953,Federico_sammelt__i_tried_the_new_season [C-SDrECvTa4],300,10.000000,1.0000,False,manual_box,photo_gameplay
Federico_sammelt_i_tried_the_new_season_[C-SDrECvTa4]_000300_96d71ae3_aug_photo_exposure_efbce125_aug_photo_gameplay.png,0,enemy,1,0.295667,0.278351,0.028887,0.109437,Federico_sammelt__i_tried_the_new_season [C-SDrECvTa4],300,10.000000,1.0000,False,manual_box,photo_gameplay
Federico_sammelt_i_tried_the_new_season_[C-SDrECvTa4]_000300_96d71ae3_aug_photo_exposure_efbce125_aug_affine_mild.png,1,player,1,0.208272,0.644823,0.416544,0.654146,Federico_sammelt__i_tried_the_new_season [C-SDrECvTa4],300,10.000000,1.0000,False,manual_box,affine_mild
Federico_sammelt_i_tried_the_new_season_[C-SDrECvTa4]_000300_96d71ae3_aug_photo_exposure_efbce125_aug_affine_mild.png,0,enemy,1,0.489247,0.634990,0.131692,0.383578,Federico_sammelt__i_tried_the_new_season [C-SDrECvTa4],300,10.000000,1.0000,False,manual_box,affine_mild
Federico_sammelt_i_tried_the_new_season_[C-SDrECvTa4]_000300_96d71ae3_aug_photo_exposure_efbce125_aug_affine_mild.png,0,enemy,1,0.512273,0.273887,0.027991,0.096319,Federico_sammelt__i_tried_the_new_season [C-SDrECvTa4],300,10.000000,1.0000,False,manual_box,affine_mild
Federico_sammelt_i_tried_the_new_season_[C-SDrECvTa4]_000300_96d71ae3_aug_photo_exposure_efbce125_aug_affine_mild.png,0,enemy,1,0.469107,0.080458,0.035801,0.112079,Federico_sammelt__i_tried_the_new_season [C-SDrECvTa4],300,10.000000,1.0000,False,manual_box,affine_mild
Federico_sammelt_i_tried_the_new_season_[C-SDrECvTa4]_000300_96d71ae3_aug_photo_exposure_efbce125_aug_affine_mild.png,0,enemy,1,0.413062,0.277017,0.023623,0.082316,Federico_sammelt__i_tried_the_new_season [C-SDrECvTa4],300,10.000000,1.0000,False,manual_box,affine_mild
Federico_sammelt_i_tried_the_new_season_[C-SDrECvTa4]_000300_96d71ae3_aug_photo_exposure_efbce125_aug_affine_mild.png,0,enemy,1,0.374838,0.278218,0.031391,0.090460,Federico_sammelt__i_tried_the_new_season [C-SDrECvTa4],300,10.000000,1.0000,False,manual_box,affine_mild
Federico_sammelt_i_tried_the_new_season_[C-SDrECvTa4]_000300_96d71ae3_aug_photo_exposure_efbce125_aug_affine_mild.png,0,enemy,1,0.324561,0.284689,0.035826,0.116649,Federico_sammelt__i_tried_the_new_season [C-SDrECvTa4],300,10.000000,1.0000,False,manual_box,affine_mild
Federico_sammelt_i_tried_the_new_season_[C-SDrECvTa4]_000300_96d71ae3_aug_photo_exposure_efbce125_aug_affine_mild.png,0,enemy,1,0.291576,0.270247,0.029767,0.107099,Federico_sammelt__i_tried_the_new_season [C-SDrECvTa4],300,10.000000,1.0000,False,manual_box,affine_mild
Federico_sammelt_i_tried_the_new_season_[C-SDrECvTa4]_000300_96d71ae3_aug_photo_gameplay_75459037_aug_original.png,1,player,1,0.210705,0.674465,0.418012,0.651070,Federico_sammelt__i_tried_the_new_season [C-SDrECvTa4],300,10.000000,1.0000,False,manual_box,original
Federico_sammelt_i_tried_the_new_season_[C-SDrECvTa4]_000300_96d71ae3_aug_photo_gameplay_75459037_aug_original.png,0,enemy,1,0.493203,0.643933,0.128292,0.390167,Federico_sammelt__i_tried_the_new_season [C-SDrECvTa4],300,10.000000,1.0000,False,manual_box,original
Federico_sammelt_i_tried_the_new_season_[C-SDrECvTa4]_000300_96d71ae3_aug_photo_gameplay_75459037_aug_original.png,0,enemy,1,0.514019,0.266455,0.027188,0.098335,Federico_sammelt__i_tried_the_new_season [C-SDrECvTa4],300,10.000000,1.0000,False,manual_box,original
Federico_sammelt_i_tried_the_new_season_[C-SDrECvTa4]_000300_96d71ae3_aug_photo_gameplay_75459037_aug_original.png,0,enemy,1,0.470263,0.068200,0.034834,0.114195,Federico_sammelt__i_tried_the_new_season [C-SDrECvTa4],300,10.000000,1.0000,False,manual_box,original
Federico_sammelt_i_tried_the_new_season_[C-SDrECvTa4]_000300_96d71ae3_aug_photo_gameplay_75459037_aug_original.png,0,enemy,1,0.415888,0.276764,0.022940,0.084060,Federico_sammelt__i_tried_the_new_season [C-SDrECvTa4],300,10.000000,1.0000,False,manual_box,original
Federico_sammelt_i_tried_the_new_season_[C-SDrECvTa4]_000300_96d71ae3_aug_photo_gameplay_75459037_aug_original.png,0,enemy,1,0.378080,0.280730,0.030586,0.091990,Federico_sammelt__i_tried_the_new_season [C-SDrECvTa4],300,10.000000,1.0000,False,manual_box,original
Federico_sammelt_i_tried_the_new_season_[C-SDrECvTa4]_000300_96d71ae3_aug_photo_gameplay_75459037_aug_original.png,0,enemy,1,0.328377,0.291039,0.034834,0.118953,Federico_sammelt__i_tried_the_new_season [C-SDrECvTa4],300,10.000000,1.0000,False,manual_box,original
Federico_sammelt_i_tried_the_new_season_[C-SDrECvTa4]_000300_96d71ae3_aug_photo_gameplay_75459037_aug_original.png,0,enemy,1,0.295667,0.278351,0.028887,0.109437,Federico_sammelt__i_tried_the_new_season [C-SDrECvTa4],300,10.000000,1.0000,False,manual_box,original
Federico_sammelt_i_tried_the_new_season_[C-SDrECvTa4]_000300_96d71ae3_aug_photo_gameplay_75459037_aug_photo_exposure.png,1,player,1,0.210705,0.674465,0.418012,0.651070,Federico_sammelt__i_tried_the_new_season [C-SDrECvTa4],300,10.000000,1.0000,False,manual_box,photo_exposure
Federico_sammelt_i_tried_the_new_season_[C-SDrECvTa4]_000300_96d71ae3_aug_photo_gameplay_75459037_aug_photo_exposure.png,0,enemy,1,0.493203,0.643933,0.128292,0.390167,Federico_sammelt__i_tried_the_new_season [C-SDrECvTa4],300,10.000000,1.0000,False,manual_box,photo_exposure
Federico_sammelt_i_tried_the_new_season_[C-SDrECvTa4]_000300_96d71ae3_aug_photo_gameplay_75459037_aug_photo_exposure.png,0,enemy,1,0.514019,0.266455,0.027188,0.098335,Federico_sammelt__i_tried_the_new_season [C-SDrECvTa4],300,10.000000,1.0000,False,manual_box,photo_exposure
Federico_sammelt_i_tried_the_new_season_[C-SDrECvTa4]_000300_96d71ae3_aug_photo_gameplay_75459037_aug_photo_exposure.png,0,enemy,1,0.470263,0.068200,0.034834,0.114195,Federico_sammelt__i_tried_the_new_season [C-SDrECvTa4],300,10.000000,1.0000,False,manual_box,photo_exposure
Federico_sammelt_i_tried_the_new_season_[C-SDrECvTa4]_000300_96d71ae3_aug_photo_gameplay_75459037_aug_photo_exposure.png,0,enemy,1,0.415888,0.276764,0.022940,0.084060,Federico_sammelt__i_tried_the_new_season [C-SDrECvTa4],300,10.000000,1.0000,False,manual_box,photo_exposure
Federico_sammelt_i_tried_the_new_season_[C-SDrECvTa4]_000300_96d71ae3_aug_photo_gameplay_75459037_aug_photo_exposure.png,0,enemy,1,0.378080,0.280730,0.030586,0.091990,Federico_sammelt__i_tried_the_new_season [C-SDrECvTa4],300,10.000000,1.0000,False,manual_box,photo_exposure
Federico_sammelt_i_tried_the_new_season_[C-SDrECvTa4]_000300_96d71ae3_aug_photo_gameplay_75459037_aug_photo_exposure.png,0,enemy,1,0.328377,0.291039,0.034834,0.118953,Federico_sammelt__i_tried_the_new_season [C-SDrECvTa4],300,10.000000,1.0000,False,manual_box,photo_exposure
Federico_sammelt_i_tried_the_new_season_[C-SDrECvTa4]_000300_96d71ae3_aug_photo_gameplay_75459037_aug_photo_exposure.png,0,enemy,1,0.295667,0.278351,0.028887,0.109437,Federico_sammelt__i_tried_the_new_season [C-SDrECvTa4],300,10.000000,1.0000,False,manual_box,photo_exposure
Federico_sammelt_i_tried_the_new_season_[C-SDrECvTa4]_000300_96d71ae3_aug_photo_gameplay_75459037_aug_photo_gameplay.png,1,player,1,0.210705,0.674465,0.418012,0.651070,Federico_sammelt__i_tried_the_new_season [C-SDrECvTa4],300,10.000000,1.0000,False,manual_box,photo_gameplay
Federico_sammelt_i_tried_the_new_season_[C-SDrECvTa4]_000300_96d71ae3_aug_photo_gameplay_75459037_aug_photo_gameplay.png,0,enemy,1,0.493203,0.643933,0.128292,0.390167,Federico_sammelt__i_tried_the_new_season [C-SDrECvTa4],300,10.000000,1.0000,False,manual_box,photo_gameplay
Federico_sammelt_i_tried_the_new_season_[C-SDrECvTa4]_000300_96d71ae3_aug_photo_gameplay_75459037_aug_photo_gameplay.png,0,enemy,1,0.514019,0.266455,0.027188,0.098335,Federico_sammelt__i_tried_the_new_season [C-SDrECvTa4],300,10.000000,1.0000,False,manual_box,photo_gameplay
Federico_sammelt_i_tried_the_new_season_[C-SDrECvTa4]_000300_96d71ae3_aug_photo_gameplay_75459037_aug_photo_gameplay.png,0,enemy,1,0.470263,0.068200,0.034834,0.114195,Federico_sammelt__i_tried_the_new_season [C-SDrECvTa4],300,10.000000,1.0000,False,manual_box,photo_gameplay
Federico_sammelt_i_tried_the_new_season_[C-SDrECvTa4]_000300_96d71ae3_aug_photo_gameplay_75459037_aug_photo_gameplay.png,0,enemy,1,0.415888,0.276764,0.022940,0.084060,Federico_sammelt__i_tried_the_new_season [C-SDrECvTa4],300,10.000000,1.0000,False,manual_box,photo_gameplay
Federico_sammelt_i_tried_the_new_season_[C-SDrECvTa4]_000300_96d71ae3_aug_photo_gameplay_75459037_aug_photo_gameplay.png,0,enemy,1,0.378080,0.280730,0.030586,0.091990,Federico_sammelt__i_tried_the_new_season [C-SDrECvTa4],300,10.000000,1.0000,False,manual_box,photo_gameplay
Federico_sammelt_i_tried_the_new_season_[C-SDrECvTa4]_000300_96d71ae3_aug_photo_gameplay_75459037_aug_photo_gameplay.png,0,enemy,1,0.328377,0.291039,0.034834,0.118953,Federico_sammelt__i_tried_the_new_season [C-SDrECvTa4],300,10.000000,1.0000,False,manual_box,photo_gameplay
Federico_sammelt_i_tried_the_new_season_[C-SDrECvTa4]_000300_96d71ae3_aug_photo_gameplay_75459037_aug_photo_gameplay.png,0,enemy,1,0.295667,0.278351,0.028887,0.109437,Federico_sammelt__i_tried_the_new_season [C-SDrECvTa4],300,10.000000,1.0000,False,manual_box,photo_gameplay
Federico_sammelt_i_tried_the_new_season_[C-SDrECvTa4]_000300_96d71ae3_aug_photo_gameplay_75459037_aug_affine_mild.png,1,player,1,0.200006,0.693585,0.400011,0.612831,Federico_sammelt__i_tried_the_new_season [C-SDrECvTa4],300,10.000000,1.0000,False,manual_box,affine_mild
Federico_sammelt_i_tried_the_new_season_[C-SDrECvTa4]_000300_96d71ae3_aug_photo_gameplay_75459037_aug_affine_mild.png,0,enemy,1,0.459561,0.677174,0.155852,0.410643,Federico_sammelt__i_tried_the_new_season [C-SDrECvTa4],300,10.000000,1.0000,False,manual_box,affine_mild
Federico_sammelt_i_tried_the_new_season_[C-SDrECvTa4]_000300_96d71ae3_aug_photo_gameplay_75459037_aug_affine_mild.png,0,enemy,1,0.462239,0.292295,0.033831,0.102878,Federico_sammelt__i_tried_the_new_season [C-SDrECvTa4],300,10.000000,1.0000,False,manual_box,affine_mild
Federico_sammelt_i_tried_the_new_season_[C-SDrECvTa4]_000300_96d71ae3_aug_photo_gameplay_75459037_aug_affine_mild.png,0,enemy,1,0.405739,0.096722,0.042741,0.119862,Federico_sammelt__i_tried_the_new_season [C-SDrECvTa4],300,10.000000,1.0000,False,manual_box,affine_mild
Federico_sammelt_i_tried_the_new_season_[C-SDrECvTa4]_000300_96d71ae3_aug_photo_gameplay_75459037_aug_affine_mild.png,0,enemy,1,0.358865,0.314525,0.028601,0.087907,Federico_sammelt__i_tried_the_new_season [C-SDrECvTa4],300,10.000000,1.0000,False,manual_box,affine_mild
Federico_sammelt_i_tried_the_new_season_[C-SDrECvTa4]_000300_96d71ae3_aug_photo_gameplay_75459037_aug_affine_mild.png,0,enemy,1,0.319036,0.323085,0.037104,0.096858,Federico_sammelt__i_tried_the_new_season [C-SDrECvTa4],300,10.000000,1.0000,False,manual_box,affine_mild
Federico_sammelt_i_tried_the_new_season_[C-SDrECvTa4]_000300_96d71ae3_aug_photo_gameplay_75459037_aug_affine_mild.png,0,enemy,1,0.266938,0.339498,0.042985,0.124682,Federico_sammelt__i_tried_the_new_season [C-SDrECvTa4],300,10.000000,1.0000,False,manual_box,affine_mild
Federico_sammelt_i_tried_the_new_season_[C-SDrECvTa4]_000300_96d71ae3_aug_photo_gameplay_75459037_aug_affine_mild.png,0,enemy,1,0.231653,0.330575,0.036200,0.114328,Federico_sammelt__i_tried_the_new_season [C-SDrECvTa4],300,10.000000,1.0000,False,manual_box,affine_mild
Federico_sammelt_i_tried_the_new_season_[C-SDrECvTa4]_000300_96d71ae3_aug_affine_mild_5327d4a4_aug_original.png,1,player,1,0.254065,0.597100,0.430690,0.733577,Federico_sammelt__i_tried_the_new_season [C-SDrECvTa4],300,10.000000,1.0000,False,manual_box,original
Federico_sammelt_i_tried_the_new_season_[C-SDrECvTa4]_000300_96d71ae3_aug_affine_mild_5327d4a4_aug_original.png,0,enemy,1,0.523430,0.593669,0.142270,0.427082,Federico_sammelt__i_tried_the_new_season [C-SDrECvTa4],300,10.000000,1.0000,False,manual_box,original
Federico_sammelt_i_tried_the_new_season_[C-SDrECvTa4]_000300_96d71ae3_aug_affine_mild_5327d4a4_aug_original.png,0,enemy,1,0.563164,0.195335,0.030980,0.107111,Federico_sammelt__i_tried_the_new_season [C-SDrECvTa4],300,10.000000,1.0000,False,manual_box,original
Federico_sammelt_i_tried_the_new_season_[C-SDrECvTa4]_000300_96d71ae3_aug_affine_mild_5327d4a4_aug_original.png,0,enemy,1,0.469610,0.196212,0.026197,0.091531,Federico_sammelt__i_tried_the_new_season [C-SDrECvTa4],300,10.000000,1.0000,False,manual_box,original
Federico_sammelt_i_tried_the_new_season_[C-SDrECvTa4]_000300_96d71ae3_aug_affine_mild_5327d4a4_aug_original.png,0,enemy,1,0.433566,0.196543,0.033864,0.100728,Federico_sammelt__i_tried_the_new_season [C-SDrECvTa4],300,10.000000,1.0000,False,manual_box,original
Federico_sammelt_i_tried_the_new_season_[C-SDrECvTa4]_000300_96d71ae3_aug_affine_mild_5327d4a4_aug_original.png,0,enemy,1,0.385912,0.202385,0.039319,0.129769,Federico_sammelt__i_tried_the_new_season [C-SDrECvTa4],300,10.000000,1.0000,False,manual_box,original
Federico_sammelt_i_tried_the_new_season_[C-SDrECvTa4]_000300_96d71ae3_aug_affine_mild_5327d4a4_aug_original.png,0,enemy,1,0.355582,0.185571,0.033178,0.119064,Federico_sammelt__i_tried_the_new_season [C-SDrECvTa4],300,10.000000,1.0000,False,manual_box,original
Federico_sammelt_i_tried_the_new_season_[C-SDrECvTa4]_000300_96d71ae3_aug_affine_mild_5327d4a4_aug_photo_exposure.png,1,player,1,0.254065,0.597100,0.430690,0.733577,Federico_sammelt__i_tried_the_new_season [C-SDrECvTa4],300,10.000000,1.0000,False,manual_box,photo_exposure
Federico_sammelt_i_tried_the_new_season_[C-SDrECvTa4]_000300_96d71ae3_aug_affine_mild_5327d4a4_aug_photo_exposure.png,0,enemy,1,0.523430,0.593669,0.142270,0.427082,Federico_sammelt__i_tried_the_new_season [C-SDrECvTa4],300,10.000000,1.0000,False,manual_box,photo_exposure
Federico_sammelt_i_tried_the_new_season_[C-SDrECvTa4]_000300_96d71ae3_aug_affine_mild_5327d4a4_aug_photo_exposure.png,0,enemy,1,0.563164,0.195335,0.030980,0.107111,Federico_sammelt__i_tried_the_new_season [C-SDrECvTa4],300,10.000000,1.0000,False,manual_box,photo_exposure
Federico_sammelt_i_tried_the_new_season_[C-SDrECvTa4]_000300_96d71ae3_aug_affine_mild_5327d4a4_aug_photo_exposure.png,0,enemy,1,0.469610,0.196212,0.026197,0.091531,Federico_sammelt__i_tried_the_new_season [C-SDrECvTa4],300,10.000000,1.0000,False,manual_box,photo_exposure
Federico_sammelt_i_tried_the_new_season_[C-SDrECvTa4]_000300_96d71ae3_aug_affine_mild_5327d4a4_aug_photo_exposure.png,0,enemy,1,0.433566,0.196543,0.033864,0.100728,Federico_sammelt__i_tried_the_new_season [C-SDrECvTa4],300,10.000000,1.0000,False,manual_box,photo_exposure
Federico_sammelt_i_tried_the_new_season_[C-SDrECvTa4]_000300_96d71ae3_aug_affine_mild_5327d4a4_aug_photo_exposure.png,0,enemy,1,0.385912,0.202385,0.039319,0.129769,Federico_sammelt__i_tried_the_new_season [C-SDrECvTa4],300,10.000000,1.0000,False,manual_box,photo_exposure
Federico_sammelt_i_tried_the_new_season_[C-SDrECvTa4]_000300_96d71ae3_aug_affine_mild_5327d4a4_aug_photo_exposure.png,0,enemy,1,0.355582,0.185571,0.033178,0.119064,Federico_sammelt__i_tried_the_new_season [C-SDrECvTa4],300,10.000000,1.0000,False,manual_box,photo_exposure
Federico_sammelt_i_tried_the_new_season_[C-SDrECvTa4]_000300_96d71ae3_aug_affine_mild_5327d4a4_aug_photo_gameplay.png,1,player,1,0.254065,0.597100,0.430690,0.733577,Federico_sammelt__i_tried_the_new_season [C-SDrECvTa4],300,10.000000,1.0000,False,manual_box,photo_gameplay
Federico_sammelt_i_tried_the_new_season_[C-SDrECvTa4]_000300_96d71ae3_aug_affine_mild_5327d4a4_aug_photo_gameplay.png,0,enemy,1,0.523430,0.593669,0.142270,0.427082,Federico_sammelt__i_tried_the_new_season [C-SDrECvTa4],300,10.000000,1.0000,False,manual_box,photo_gameplay
Federico_sammelt_i_tried_the_new_season_[C-SDrECvTa4]_000300_96d71ae3_aug_affine_mild_5327d4a4_aug_photo_gameplay.png,0,enemy,1,0.563164,0.195335,0.030980,0.107111,Federico_sammelt__i_tried_the_new_season [C-SDrECvTa4],300,10.000000,1.0000,False,manual_box,photo_gameplay
Federico_sammelt_i_tried_the_new_season_[C-SDrECvTa4]_000300_96d71ae3_aug_affine_mild_5327d4a4_aug_photo_gameplay.png,0,enemy,1,0.469610,0.196212,0.026197,0.091531,Federico_sammelt__i_tried_the_new_season [C-SDrECvTa4],300,10.000000,1.0000,False,manual_box,photo_gameplay
Federico_sammelt_i_tried_the_new_season_[C-SDrECvTa4]_000300_96d71ae3_aug_affine_mild_5327d4a4_aug_photo_gameplay.png,0,enemy,1,0.433566,0.196543,0.033864,0.100728,Federico_sammelt__i_tried_the_new_season [C-SDrECvTa4],300,10.000000,1.0000,False,manual_box,photo_gameplay
Federico_sammelt_i_tried_the_new_season_[C-SDrECvTa4]_000300_96d71ae3_aug_affine_mild_5327d4a4_aug_photo_gameplay.png,0,enemy,1,0.385912,0.202385,0.039319,0.129769,Federico_sammelt__i_tried_the_new_season [C-SDrECvTa4],300,10.000000,1.0000,False,manual_box,photo_gameplay
Federico_sammelt_i_tried_the_new_season_[C-SDrECvTa4]_000300_96d71ae3_aug_affine_mild_5327d4a4_aug_photo_gameplay.png,0,enemy,1,0.355582,0.185571,0.033178,0.119064,Federico_sammelt__i_tried_the_new_season [C-SDrECvTa4],300,10.000000,1.0000,False,manual_box,photo_gameplay
Federico_sammelt_i_tried_the_new_season_[C-SDrECvTa4]_000300_96d71ae3_aug_affine_mild_5327d4a4_aug_affine_mild.png,1,player,1,0.262815,0.609694,0.419104,0.780613,Federico_sammelt__i_tried_the_new_season [C-SDrECvTa4],300,10.000000,1.0000,False,manual_box,affine_mild
Federico_sammelt_i_tried_the_new_season_[C-SDrECvTa4]_000300_96d71ae3_aug_affine_mild_5327d4a4_aug_affine_mild.png,0,enemy,1,0.521914,0.636948,0.139668,0.450445,Federico_sammelt__i_tried_the_new_season [C-SDrECvTa4],300,10.000000,1.0000,False,manual_box,affine_mild
Federico_sammelt_i_tried_the_new_season_[C-SDrECvTa4]_000300_96d71ae3_aug_affine_mild_5327d4a4_aug_affine_mild.png,0,enemy,1,0.562772,0.233099,0.030507,0.112527,Federico_sammelt__i_tried_the_new_season [C-SDrECvTa4],300,10.000000,1.0000,False,manual_box,affine_mild
Federico_sammelt_i_tried_the_new_season_[C-SDrECvTa4]_000300_96d71ae3_aug_affine_mild_5327d4a4_aug_affine_mild.png,0,enemy,1,0.472786,0.225166,0.025803,0.096133,Federico_sammelt__i_tried_the_new_season [C-SDrECvTa4],300,10.000000,1.0000,False,manual_box,affine_mild
Federico_sammelt_i_tried_the_new_season_[C-SDrECvTa4]_000300_96d71ae3_aug_affine_mild_5327d4a4_aug_affine_mild.png,0,enemy,1,0.438116,0.222103,0.033239,0.106267,Federico_sammelt__i_tried_the_new_season [C-SDrECvTa4],300,10.000000,1.0000,False,manual_box,affine_mild
Federico_sammelt_i_tried_the_new_season_[C-SDrECvTa4]_000300_96d71ae3_aug_affine_mild_5327d4a4_aug_affine_mild.png,0,enemy,1,0.392244,0.223582,0.038678,0.136499,Federico_sammelt__i_tried_the_new_season [C-SDrECvTa4],300,10.000000,1.0000,False,manual_box,affine_mild
Federico_sammelt_i_tried_the_new_season_[C-SDrECvTa4]_000300_96d71ae3_aug_affine_mild_5327d4a4_aug_affine_mild.png,0,enemy,1,0.363184,0.203514,0.032700,0.124965,Federico_sammelt__i_tried_the_new_season [C-SDrECvTa4],300,10.000000,1.0000,False,manual_box,affine_mild
Federico_sammelt_i_tried_the_new_season_[C-SDrECvTa4]_000315_f66cac83_aug_original_acbc2172_aug_original.png,0,enemy,1,0.494053,0.631245,0.112999,0.348929,Federico_sammelt__i_tried_the_new_season [C-SDrECvTa4],315,10.500000,1.0000,False,manual_box,original
Federico_sammelt_i_tried_the_new_season_[C-SDrECvTa4]_000315_f66cac83_aug_original_acbc2172_aug_original.png,0,enemy,1,0.511470,0.246630,0.030586,0.096749,Federico_sammelt__i_tried_the_new_season [C-SDrECvTa4],315,10.500000,1.0000,False,manual_box,original
Federico_sammelt_i_tried_the_new_season_[C-SDrECvTa4]_000315_f66cac83_aug_original_acbc2172_aug_original.png,0,enemy,1,0.471113,0.066614,0.046729,0.123711,Federico_sammelt__i_tried_the_new_season [C-SDrECvTa4],315,10.500000,1.0000,False,manual_box,original
Federico_sammelt_i_tried_the_new_season_[C-SDrECvTa4]_000315_f66cac83_aug_original_acbc2172_aug_original.png,0,enemy,1,0.414613,0.252181,0.025489,0.072958,Federico_sammelt__i_tried_the_new_season [C-SDrECvTa4],315,10.500000,1.0000,False,manual_box,original
Federico_sammelt_i_tried_the_new_season_[C-SDrECvTa4]_000315_f66cac83_aug_original_acbc2172_aug_original.png,0,enemy,1,0.378080,0.254560,0.025489,0.087232,Federico_sammelt__i_tried_the_new_season [C-SDrECvTa4],315,10.500000,1.0000,False,manual_box,original
Federico_sammelt_i_tried_the_new_season_[C-SDrECvTa4]_000315_f66cac83_aug_original_acbc2172_aug_original.png,0,enemy,1,0.328377,0.270420,0.026338,0.112609,Federico_sammelt__i_tried_the_new_season [C-SDrECvTa4],315,10.500000,1.0000,False,manual_box,original
Federico_sammelt_i_tried_the_new_season_[C-SDrECvTa4]_000315_f66cac83_aug_original_acbc2172_aug_original.png,0,enemy,1,0.299915,0.268834,0.033985,0.099921,Federico_sammelt__i_tried_the_new_season [C-SDrECvTa4],315,10.500000,1.0000,False,manual_box,original
Federico_sammelt_i_tried_the_new_season_[C-SDrECvTa4]_000315_f66cac83_aug_original_acbc2172_aug_original.png,1,player,1,0.265081,0.659794,0.513169,0.602696,Federico_sammelt__i_tried_the_new_season [C-SDrECvTa4],315,10.500000,1.0000,False,manual_box,original
Federico_sammelt_i_tried_the_new_season_[C-SDrECvTa4]_000315_f66cac83_aug_original_acbc2172_aug_photo_exposure.png,0,enemy,1,0.494053,0.631245,0.112999,0.348929,Federico_sammelt__i_tried_the_new_season [C-SDrECvTa4],315,10.500000,1.0000,False,manual_box,photo_exposure
Federico_sammelt_i_tried_the_new_season_[C-SDrECvTa4]_000315_f66cac83_aug_original_acbc2172_aug_photo_exposure.png,0,enemy,1,0.511470,0.246630,0.030586,0.096749,Federico_sammelt__i_tried_the_new_season [C-SDrECvTa4],315,10.500000,1.0000,False,manual_box,photo_exposure
Federico_sammelt_i_tried_the_new_season_[C-SDrECvTa4]_000315_f66cac83_aug_original_acbc2172_aug_photo_exposure.png,0,enemy,1,0.471113,0.066614,0.046729,0.123711,Federico_sammelt__i_tried_the_new_season [C-SDrECvTa4],315,10.500000,1.0000,False,manual_box,photo_exposure
Federico_sammelt_i_tried_the_new_season_[C-SDrECvTa4]_000315_f66cac83_aug_original_acbc2172_aug_photo_exposure.png,0,enemy,1,0.414613,0.252181,0.025489,0.072958,Federico_sammelt__i_tried_the_new_season [C-SDrECvTa4],315,10.500000,1.0000,False,manual_box,photo_exposure
Federico_sammelt_i_tried_the_new_season_[C-SDrECvTa4]_000315_f66cac83_aug_original_acbc2172_aug_photo_exposure.png,0,enemy,1,0.378080,0.254560,0.025489,0.087232,Federico_sammelt__i_tried_the_new_season [C-SDrECvTa4],315,10.500000,1.0000,False,manual_box,photo_exposure
Federico_sammelt_i_tried_the_new_season_[C-SDrECvTa4]_000315_f66cac83_aug_original_acbc2172_aug_photo_exposure.png,0,enemy,1,0.328377,0.270420,0.026338,0.112609,Federico_sammelt__i_tried_the_new_season [C-SDrECvTa4],315,10.500000,1.0000,False,manual_box,photo_exposure
Federico_sammelt_i_tried_the_new_season_[C-SDrECvTa4]_000315_f66cac83_aug_original_acbc2172_aug_photo_exposure.png,0,enemy,1,0.299915,0.268834,0.033985,0.099921,Federico_sammelt__i_tried_the_new_season [C-SDrECvTa4],315,10.500000,1.0000,False,manual_box,photo_exposure
Federico_sammelt_i_tried_the_new_season_[C-SDrECvTa4]_000315_f66cac83_aug_original_acbc2172_aug_photo_exposure.png,1,player,1,0.265081,0.659794,0.513169,0.602696,Federico_sammelt__i_tried_the_new_season [C-SDrECvTa4],315,10.500000,1.0000,False,manual_box,photo_exposure
Federico_sammelt_i_tried_the_new_season_[C-SDrECvTa4]_000315_f66cac83_aug_original_acbc2172_aug_photo_gameplay.png,0,enemy,1,0.494053,0.631245,0.112999,0.348929,Federico_sammelt__i_tried_the_new_season [C-SDrECvTa4],315,10.500000,1.0000,False,manual_box,photo_gameplay
Federico_sammelt_i_tried_the_new_season_[C-SDrECvTa4]_000315_f66cac83_aug_original_acbc2172_aug_photo_gameplay.png,0,enemy,1,0.511470,0.246630,0.030586,0.096749,Federico_sammelt__i_tried_the_new_season [C-SDrECvTa4],315,10.500000,1.0000,False,manual_box,photo_gameplay
Federico_sammelt_i_tried_the_new_season_[C-SDrECvTa4]_000315_f66cac83_aug_original_acbc2172_aug_photo_gameplay.png,0,enemy,1,0.471113,0.066614,0.046729,0.123711,Federico_sammelt__i_tried_the_new_season [C-SDrECvTa4],315,10.500000,1.0000,False,manual_box,photo_gameplay
Federico_sammelt_i_tried_the_new_season_[C-SDrECvTa4]_000315_f66cac83_aug_original_acbc2172_aug_photo_gameplay.png,0,enemy,1,0.414613,0.252181,0.025489,0.072958,Federico_sammelt__i_tried_the_new_season [C-SDrECvTa4],315,10.500000,1.0000,False,manual_box,photo_gameplay
Federico_sammelt_i_tried_the_new_season_[C-SDrECvTa4]_000315_f66cac83_aug_original_acbc2172_aug_photo_gameplay.png,0,enemy,1,0.378080,0.254560,0.025489,0.087232,Federico_sammelt__i_tried_the_new_season [C-SDrECvTa4],315,10.500000,1.0000,False,manual_box,photo_gameplay
Federico_sammelt_i_tried_the_new_season_[C-SDrECvTa4]_000315_f66cac83_aug_original_acbc2172_aug_photo_gameplay.png,0,enemy,1,0.328377,0.270420,0.026338,0.112609,Federico_sammelt__i_tried_the_new_season [C-SDrECvTa4],315,10.500000,1.0000,False,manual_box,photo_gameplay
Federico_sammelt_i_tried_the_new_season_[C-SDrECvTa4]_000315_f66cac83_aug_original_acbc2172_aug_photo_gameplay.png,0,enemy,1,0.299915,0.268834,0.033985,0.099921,Federico_sammelt__i_tried_the_new_season [C-SDrECvTa4],315,10.500000,1.0000,False,manual_box,photo_gameplay
Federico_sammelt_i_tried_the_new_season_[C-SDrECvTa4]_000315_f66cac83_aug_original_acbc2172_aug_photo_gameplay.png,1,player,1,0.265081,0.659794,0.513169,0.602696,Federico_sammelt__i_tried_the_new_season [C-SDrECvTa4],315,10.500000,1.0000,False,manual_box,photo_gameplay
Federico_sammelt_i_tried_the_new_season_[C-SDrECvTa4]_000315_f66cac83_aug_original_acbc2172_aug_affine_mild.png,0,enemy,1,0.510347,0.654152,0.123440,0.381786,Federico_sammelt__i_tried_the_new_season [C-SDrECvTa4],315,10.500000,1.0000,False,manual_box,affine_mild
Federico_sammelt_i_tried_the_new_season_[C-SDrECvTa4]_000315_f66cac83_aug_original_acbc2172_aug_affine_mild.png,0,enemy,1,0.484614,0.251248,0.033459,0.105765,Federico_sammelt__i_tried_the_new_season [C-SDrECvTa4],315,10.500000,1.0000,False,manual_box,affine_mild
Federico_sammelt_i_tried_the_new_season_[C-SDrECvTa4]_000315_f66cac83_aug_original_acbc2172_aug_affine_mild.png,0,enemy,1,0.522525,0.062323,0.050630,0.124647,Federico_sammelt__i_tried_the_new_season [C-SDrECvTa4],315,10.500000,1.0000,False,manual_box,affine_mild
Federico_sammelt_i_tried_the_new_season_[C-SDrECvTa4]_000315_f66cac83_aug_original_acbc2172_aug_affine_mild.png,0,enemy,1,0.584471,0.244864,0.027728,0.080063,Federico_sammelt__i_tried_the_new_season [C-SDrECvTa4],315,10.500000,1.0000,False,manual_box,affine_mild
Federico_sammelt_i_tried_the_new_season_[C-SDrECvTa4]_000315_f66cac83_aug_original_acbc2172_aug_affine_mild.png,0,enemy,1,0.622141,0.242756,0.028017,0.095098,Federico_sammelt__i_tried_the_new_season [C-SDrECvTa4],315,10.500000,1.0000,False,manual_box,affine_mild
Federico_sammelt_i_tried_the_new_season_[C-SDrECvTa4]_000315_f66cac83_aug_original_acbc2172_aug_affine_mild.png,0,enemy,1,0.673647,0.253185,0.029406,0.121934,Federico_sammelt__i_tried_the_new_season [C-SDrECvTa4],315,10.500000,1.0000,False,manual_box,affine_mild
Federico_sammelt_i_tried_the_new_season_[C-SDrECvTa4]_000315_f66cac83_aug_original_acbc2172_aug_affine_mild.png,0,enemy,1,0.702925,0.247920,0.037024,0.109536,Federico_sammelt__i_tried_the_new_season [C-SDrECvTa4],315,10.500000,1.0000,False,manual_box,affine_mild
Federico_sammelt_i_tried_the_new_season_[C-SDrECvTa4]_000315_f66cac83_aug_original_acbc2172_aug_affine_mild.png,1,player,1,0.738191,0.652753,0.523618,0.694494,Federico_sammelt__i_tried_the_new_season [C-SDrECvTa4],315,10.500000,1.0000,False,manual_box,affine_mild
Federico_sammelt_i_tried_the_new_season_[C-SDrECvTa4]_000315_f66cac83_aug_photo_exposure_bbb1475c_aug_original.png,0,enemy,1,0.494053,0.631245,0.112999,0.348929,Federico_sammelt__i_tried_the_new_season [C-SDrECvTa4],315,10.500000,1.0000,False,manual_box,original
Federico_sammelt_i_tried_the_new_season_[C-SDrECvTa4]_000315_f66cac83_aug_photo_exposure_bbb1475c_aug_original.png,0,enemy,1,0.511470,0.246630,0.030586,0.096749,Federico_sammelt__i_tried_the_new_season [C-SDrECvTa4],315,10.500000,1.0000,False,manual_box,original
Federico_sammelt_i_tried_the_new_season_[C-SDrECvTa4]_000315_f66cac83_aug_photo_exposure_bbb1475c_aug_original.png,0,enemy,1,0.471113,0.066614,0.046729,0.123711,Federico_sammelt__i_tried_the_new_season [C-SDrECvTa4],315,10.500000,1.0000,False,manual_box,original
Federico_sammelt_i_tried_the_new_season_[C-SDrECvTa4]_000315_f66cac83_aug_photo_exposure_bbb1475c_aug_original.png,0,enemy,1,0.414613,0.252181,0.025489,0.072958,Federico_sammelt__i_tried_the_new_season [C-SDrECvTa4],315,10.500000,1.0000,False,manual_box,original
Federico_sammelt_i_tried_the_new_season_[C-SDrECvTa4]_000315_f66cac83_aug_photo_exposure_bbb1475c_aug_original.png,0,enemy,1,0.378080,0.254560,0.025489,0.087232,Federico_sammelt__i_tried_the_new_season [C-SDrECvTa4],315,10.500000,1.0000,False,manual_box,original
Federico_sammelt_i_tried_the_new_season_[C-SDrECvTa4]_000315_f66cac83_aug_photo_exposure_bbb1475c_aug_original.png,0,enemy,1,0.328377,0.270420,0.026338,0.112609,Federico_sammelt__i_tried_the_new_season [C-SDrECvTa4],315,10.500000,1.0000,False,manual_box,original
Federico_sammelt_i_tried_the_new_season_[C-SDrECvTa4]_000315_f66cac83_aug_photo_exposure_bbb1475c_aug_original.png,0,enemy,1,0.299915,0.268834,0.033985,0.099921,Federico_sammelt__i_tried_the_new_season [C-SDrECvTa4],315,10.500000,1.0000,False,manual_box,original
Federico_sammelt_i_tried_the_new_season_[C-SDrECvTa4]_000315_f66cac83_aug_photo_exposure_bbb1475c_aug_original.png,1,player,1,0.265081,0.659794,0.513169,0.602696,Federico_sammelt__i_tried_the_new_season [C-SDrECvTa4],315,10.500000,1.0000,False,manual_box,original
Federico_sammelt_i_tried_the_new_season_[C-SDrECvTa4]_000315_f66cac83_aug_photo_exposure_bbb1475c_aug_photo_exposure.png,0,enemy,1,0.494053,0.631245,0.112999,0.348929,Federico_sammelt__i_tried_the_new_season [C-SDrECvTa4],315,10.500000,1.0000,False,manual_box,photo_exposure
Federico_sammelt_i_tried_the_new_season_[C-SDrECvTa4]_000315_f66cac83_aug_photo_exposure_bbb1475c_aug_photo_exposure.png,0,enemy,1,0.511470,0.246630,0.030586,0.096749,Federico_sammelt__i_tried_the_new_season [C-SDrECvTa4],315,10.500000,1.0000,False,manual_box,photo_exposure
Federico_sammelt_i_tried_the_new_season_[C-SDrECvTa4]_000315_f66cac83_aug_photo_exposure_bbb1475c_aug_photo_exposure.png,0,enemy,1,0.471113,0.066614,0.046729,0.123711,Federico_sammelt__i_tried_the_new_season [C-SDrECvTa4],315,10.500000,1.0000,False,manual_box,photo_exposure
Federico_sammelt_i_tried_the_new_season_[C-SDrECvTa4]_000315_f66cac83_aug_photo_exposure_bbb1475c_aug_photo_exposure.png,0,enemy,1,0.414613,0.252181,0.025489,0.072958,Federico_sammelt__i_tried_the_new_season [C-SDrECvTa4],315,10.500000,1.0000,False,manual_box,photo_exposure
Federico_sammelt_i_tried_the_new_season_[C-SDrECvTa4]_000315_f66cac83_aug_photo_exposure_bbb1475c_aug_photo_exposure.png,0,enemy,1,0.378080,0.254560,0.025489,0.087232,Federico_sammelt__i_tried_the_new_season [C-SDrECvTa4],315,10.500000,1.0000,False,manual_box,photo_exposure
Federico_sammelt_i_tried_the_new_season_[C-SDrECvTa4]_000315_f66cac83_aug_photo_exposure_bbb1475c_aug_photo_exposure.png,0,enemy,1,0.328377,0.270420,0.026338,0.112609,Federico_sammelt__i_tried_the_new_season [C-SDrECvTa4],315,10.500000,1.0000,False,manual_box,photo_exposure
Federico_sammelt_i_tried_the_new_season_[C-SDrECvTa4]_000315_f66cac83_aug_photo_exposure_bbb1475c_aug_photo_exposure.png,0,enemy,1,0.299915,0.268834,0.033985,0.099921,Federico_sammelt__i_tried_the_new_season [C-SDrECvTa4],315,10.500000,1.0000,False,manual_box,photo_exposure
Federico_sammelt_i_tried_the_new_season_[C-SDrECvTa4]_000315_f66cac83_aug_photo_exposure_bbb1475c_aug_photo_exposure.png,1,player,1,0.265081,0.659794,0.513169,0.602696,Federico_sammelt__i_tried_the_new_season [C-SDrECvTa4],315,10.500000,1.0000,False,manual_box,photo_exposure
Federico_sammelt_i_tried_the_new_season_[C-SDrECvTa4]_000315_f66cac83_aug_photo_exposure_bbb1475c_aug_photo_gameplay.png,0,enemy,1,0.494053,0.631245,0.112999,0.348929,Federico_sammelt__i_tried_the_new_season [C-SDrECvTa4],315,10.500000,1.0000,False,manual_box,photo_gameplay
Federico_sammelt_i_tried_the_new_season_[C-SDrECvTa4]_000315_f66cac83_aug_photo_exposure_bbb1475c_aug_photo_gameplay.png,0,enemy,1,0.511470,0.246630,0.030586,0.096749,Federico_sammelt__i_tried_the_new_season [C-SDrECvTa4],315,10.500000,1.0000,False,manual_box,photo_gameplay
Federico_sammelt_i_tried_the_new_season_[C-SDrECvTa4]_000315_f66cac83_aug_photo_exposure_bbb1475c_aug_photo_gameplay.png,0,enemy,1,0.471113,0.066614,0.046729,0.123711,Federico_sammelt__i_tried_the_new_season [C-SDrECvTa4],315,10.500000,1.0000,False,manual_box,photo_gameplay
Federico_sammelt_i_tried_the_new_season_[C-SDrECvTa4]_000315_f66cac83_aug_photo_exposure_bbb1475c_aug_photo_gameplay.png,0,enemy,1,0.414613,0.252181,0.025489,0.072958,Federico_sammelt__i_tried_the_new_season [C-SDrECvTa4],315,10.500000,1.0000,False,manual_box,photo_gameplay
Federico_sammelt_i_tried_the_new_season_[C-SDrECvTa4]_000315_f66cac83_aug_photo_exposure_bbb1475c_aug_photo_gameplay.png,0,enemy,1,0.378080,0.254560,0.025489,0.087232,Federico_sammelt__i_tried_the_new_season [C-SDrECvTa4],315,10.500000,1.0000,False,manual_box,photo_gameplay
Federico_sammelt_i_tried_the_new_season_[C-SDrECvTa4]_000315_f66cac83_aug_photo_exposure_bbb1475c_aug_photo_gameplay.png,0,enemy,1,0.328377,0.270420,0.026338,0.112609,Federico_sammelt__i_tried_the_new_season [C-SDrECvTa4],315,10.500000,1.0000,False,manual_box,photo_gameplay
Federico_sammelt_i_tried_the_new_season_[C-SDrECvTa4]_000315_f66cac83_aug_photo_exposure_bbb1475c_aug_photo_gameplay.png,0,enemy,1,0.299915,0.268834,0.033985,0.099921,Federico_sammelt__i_tried_the_new_season [C-SDrECvTa4],315,10.500000,1.0000,False,manual_box,photo_gameplay
Federico_sammelt_i_tried_the_new_season_[C-SDrECvTa4]_000315_f66cac83_aug_photo_exposure_bbb1475c_aug_photo_gameplay.png,1,player,1,0.265081,0.659794,0.513169,0.602696,Federico_sammelt__i_tried_the_new_season [C-SDrECvTa4],315,10.500000,1.0000,False,manual_box,photo_gameplay
Federico_sammelt_i_tried_the_new_season_[C-SDrECvTa4]_000315_f66cac83_aug_photo_exposure_bbb1475c_aug_affine_mild.png,0,enemy,1,0.552764,0.645014,0.110500,0.365911,Federico_sammelt__i_tried_the_new_season [C-SDrECvTa4],315,10.500000,1.0000,False,manual_box,affine_mild
Federico_sammelt_i_tried_the_new_season_[C-SDrECvTa4]_000315_f66cac83_aug_photo_exposure_bbb1475c_aug_affine_mild.png,0,enemy,1,0.544673,0.244470,0.029956,0.101438,Federico_sammelt__i_tried_the_new_season [C-SDrECvTa4],315,10.500000,1.0000,False,manual_box,affine_mild
Federico_sammelt_i_tried_the_new_season_[C-SDrECvTa4]_000315_f66cac83_aug_photo_exposure_bbb1475c_aug_affine_mild.png,0,enemy,1,0.585267,0.061608,0.045276,0.123215,Federico_sammelt__i_tried_the_new_season [C-SDrECvTa4],315,10.500000,1.0000,False,manual_box,affine_mild
Federico_sammelt_i_tried_the_new_season_[C-SDrECvTa4]_000315_f66cac83_aug_photo_exposure_bbb1475c_aug_affine_mild.png,0,enemy,1,0.633175,0.252767,0.024808,0.076557,Federico_sammelt__i_tried_the_new_season [C-SDrECvTa4],315,10.500000,1.0000,False,manual_box,affine_mild
Federico_sammelt_i_tried_the_new_season_[C-SDrECvTa4]_000315_f66cac83_aug_photo_exposure_bbb1475c_aug_affine_mild.png,0,enemy,1,0.666551,0.256193,0.025099,0.091406,Federico_sammelt__i_tried_the_new_season [C-SDrECvTa4],315,10.500000,1.0000,False,manual_box,affine_mild
Federico_sammelt_i_tried_the_new_season_[C-SDrECvTa4]_000315_f66cac83_aug_photo_exposure_bbb1475c_aug_affine_mild.png,0,enemy,1,0.711701,0.273986,0.026393,0.117826,Federico_sammelt__i_tried_the_new_season [C-SDrECvTa4],315,10.500000,1.0000,False,manual_box,affine_mild
Federico_sammelt_i_tried_the_new_season_[C-SDrECvTa4]_000315_f66cac83_aug_photo_exposure_bbb1475c_aug_affine_mild.png,0,enemy,1,0.737774,0.273077,0.033131,0.104826,Federico_sammelt__i_tried_the_new_season [C-SDrECvTa4],315,10.500000,1.0000,False,manual_box,affine_mild
Federico_sammelt_i_tried_the_new_season_[C-SDrECvTa4]_000315_f66cac83_aug_photo_exposure_bbb1475c_aug_affine_mild.png,1,player,1,0.760387,0.680260,0.479226,0.639480,Federico_sammelt__i_tried_the_new_season [C-SDrECvTa4],315,10.500000,1.0000,False,manual_box,affine_mild
Federico_sammelt_i_tried_the_new_season_[C-SDrECvTa4]_000315_f66cac83_aug_photo_gameplay_882c5c67_aug_original.png,0,enemy,1,0.494053,0.631245,0.112999,0.348929,Federico_sammelt__i_tried_the_new_season [C-SDrECvTa4],315,10.500000,1.0000,False,manual_box,original
Federico_sammelt_i_tried_the_new_season_[C-SDrECvTa4]_000315_f66cac83_aug_photo_gameplay_882c5c67_aug_original.png,0,enemy,1,0.511470,0.246630,0.030586,0.096749,Federico_sammelt__i_tried_the_new_season [C-SDrECvTa4],315,10.500000,1.0000,False,manual_box,original
Federico_sammelt_i_tried_the_new_season_[C-SDrECvTa4]_000315_f66cac83_aug_photo_gameplay_882c5c67_aug_original.png,0,enemy,1,0.471113,0.066614,0.046729,0.123711,Federico_sammelt__i_tried_the_new_season [C-SDrECvTa4],315,10.500000,1.0000,False,manual_box,original
Federico_sammelt_i_tried_the_new_season_[C-SDrECvTa4]_000315_f66cac83_aug_photo_gameplay_882c5c67_aug_original.png,0,enemy,1,0.414613,0.252181,0.025489,0.072958,Federico_sammelt__i_tried_the_new_season [C-SDrECvTa4],315,10.500000,1.0000,False,manual_box,original
Federico_sammelt_i_tried_the_new_season_[C-SDrECvTa4]_000315_f66cac83_aug_photo_gameplay_882c5c67_aug_original.png,0,enemy,1,0.378080,0.254560,0.025489,0.087232,Federico_sammelt__i_tried_the_new_season [C-SDrECvTa4],315,10.500000,1.0000,False,manual_box,original
Federico_sammelt_i_tried_the_new_season_[C-SDrECvTa4]_000315_f66cac83_aug_photo_gameplay_882c5c67_aug_original.png,0,enemy,1,0.328377,0.270420,0.026338,0.112609,Federico_sammelt__i_tried_the_new_season [C-SDrECvTa4],315,10.500000,1.0000,False,manual_box,original
Federico_sammelt_i_tried_the_new_season_[C-SDrECvTa4]_000315_f66cac83_aug_photo_gameplay_882c5c67_aug_original.png,0,enemy,1,0.299915,0.268834,0.033985,0.099921,Federico_sammelt__i_tried_the_new_season [C-SDrECvTa4],315,10.500000,1.0000,False,manual_box,original
Federico_sammelt_i_tried_the_new_season_[C-SDrECvTa4]_000315_f66cac83_aug_photo_gameplay_882c5c67_aug_original.png,1,player,1,0.265081,0.659794,0.513169,0.602696,Federico_sammelt__i_tried_the_new_season [C-SDrECvTa4],315,10.500000,1.0000,False,manual_box,original
Federico_sammelt_i_tried_the_new_season_[C-SDrECvTa4]_000315_f66cac83_aug_photo_gameplay_882c5c67_aug_photo_exposure.png,0,enemy,1,0.494053,0.631245,0.112999,0.348929,Federico_sammelt__i_tried_the_new_season [C-SDrECvTa4],315,10.500000,1.0000,False,manual_box,photo_exposure
Federico_sammelt_i_tried_the_new_season_[C-SDrECvTa4]_000315_f66cac83_aug_photo_gameplay_882c5c67_aug_photo_exposure.png,0,enemy,1,0.511470,0.246630,0.030586,0.096749,Federico_sammelt__i_tried_the_new_season [C-SDrECvTa4],315,10.500000,1.0000,False,manual_box,photo_exposure
Federico_sammelt_i_tried_the_new_season_[C-SDrECvTa4]_000315_f66cac83_aug_photo_gameplay_882c5c67_aug_photo_exposure.png,0,enemy,1,0.471113,0.066614,0.046729,0.123711,Federico_sammelt__i_tried_the_new_season [C-SDrECvTa4],315,10.500000,1.0000,False,manual_box,photo_exposure
Federico_sammelt_i_tried_the_new_season_[C-SDrECvTa4]_000315_f66cac83_aug_photo_gameplay_882c5c67_aug_photo_exposure.png,0,enemy,1,0.414613,0.252181,0.025489,0.072958,Federico_sammelt__i_tried_the_new_season [C-SDrECvTa4],315,10.500000,1.0000,False,manual_box,photo_exposure
Federico_sammelt_i_tried_the_new_season_[C-SDrECvTa4]_000315_f66cac83_aug_photo_gameplay_882c5c67_aug_photo_exposure.png,0,enemy,1,0.378080,0.254560,0.025489,0.087232,Federico_sammelt__i_tried_the_new_season [C-SDrECvTa4],315,10.500000,1.0000,False,manual_box,photo_exposure
Federico_sammelt_i_tried_the_new_season_[C-SDrECvTa4]_000315_f66cac83_aug_photo_gameplay_882c5c67_aug_photo_exposure.png,0,enemy,1,0.328377,0.270420,0.026338,0.112609,Federico_sammelt__i_tried_the_new_season [C-SDrECvTa4],315,10.500000,1.0000,False,manual_box,photo_exposure
Federico_sammelt_i_tried_the_new_season_[C-SDrECvTa4]_000315_f66cac83_aug_photo_gameplay_882c5c67_aug_photo_exposure.png,0,enemy,1,0.299915,0.268834,0.033985,0.099921,Federico_sammelt__i_tried_the_new_season [C-SDrECvTa4],315,10.500000,1.0000,False,manual_box,photo_exposure
Federico_sammelt_i_tried_the_new_season_[C-SDrECvTa4]_000315_f66cac83_aug_photo_gameplay_882c5c67_aug_photo_exposure.png,1,player,1,0.265081,0.659794,0.513169,0.602696,Federico_sammelt__i_tried_the_new_season [C-SDrECvTa4],315,10.500000,1.0000,False,manual_box,photo_exposure
Federico_sammelt_i_tried_the_new_season_[C-SDrECvTa4]_000315_f66cac83_aug_photo_gameplay_882c5c67_aug_photo_gameplay.png,0,enemy,1,0.494053,0.631245,0.112999,0.348929,Federico_sammelt__i_tried_the_new_season [C-SDrECvTa4],315,10.500000,1.0000,False,manual_box,photo_gameplay
Federico_sammelt_i_tried_the_new_season_[C-SDrECvTa4]_000315_f66cac83_aug_photo_gameplay_882c5c67_aug_photo_gameplay.png,0,enemy,1,0.511470,0.246630,0.030586,0.096749,Federico_sammelt__i_tried_the_new_season [C-SDrECvTa4],315,10.500000,1.0000,False,manual_box,photo_gameplay
Federico_sammelt_i_tried_the_new_season_[C-SDrECvTa4]_000315_f66cac83_aug_photo_gameplay_882c5c67_aug_photo_gameplay.png,0,enemy,1,0.471113,0.066614,0.046729,0.123711,Federico_sammelt__i_tried_the_new_season [C-SDrECvTa4],315,10.500000,1.0000,False,manual_box,photo_gameplay
Federico_sammelt_i_tried_the_new_season_[C-SDrECvTa4]_000315_f66cac83_aug_photo_gameplay_882c5c67_aug_photo_gameplay.png,0,enemy,1,0.414613,0.252181,0.025489,0.072958,Federico_sammelt__i_tried_the_new_season [C-SDrECvTa4],315,10.500000,1.0000,False,manual_box,photo_gameplay
Federico_sammelt_i_tried_the_new_season_[C-SDrECvTa4]_000315_f66cac83_aug_photo_gameplay_882c5c67_aug_photo_gameplay.png,0,enemy,1,0.378080,0.254560,0.025489,0.087232,Federico_sammelt__i_tried_the_new_season [C-SDrECvTa4],315,10.500000,1.0000,False,manual_box,photo_gameplay
Federico_sammelt_i_tried_the_new_season_[C-SDrECvTa4]_000315_f66cac83_aug_photo_gameplay_882c5c67_aug_photo_gameplay.png,0,enemy,1,0.328377,0.270420,0.026338,0.112609,Federico_sammelt__i_tried_the_new_season [C-SDrECvTa4],315,10.500000,1.0000,False,manual_box,photo_gameplay
Federico_sammelt_i_tried_the_new_season_[C-SDrECvTa4]_000315_f66cac83_aug_photo_gameplay_882c5c67_aug_photo_gameplay.png,0,enemy,1,0.299915,0.268834,0.033985,0.099921,Federico_sammelt__i_tried_the_new_season [C-SDrECvTa4],315,10.500000,1.0000,False,manual_box,photo_gameplay
Federico_sammelt_i_tried_the_new_season_[C-SDrECvTa4]_000315_f66cac83_aug_photo_gameplay_882c5c67_aug_photo_gameplay.png,1,player,1,0.265081,0.659794,0.513169,0.602696,Federico_sammelt__i_tried_the_new_season [C-SDrECvTa4],315,10.500000,1.0000,False,manual_box,photo_gameplay
Federico_sammelt_i_tried_the_new_season_[C-SDrECvTa4]_000315_f66cac83_aug_photo_gameplay_882c5c67_aug_affine_mild.png,0,enemy,1,0.446802,0.684699,0.127272,0.381579,Federico_sammelt__i_tried_the_new_season [C-SDrECvTa4],315,10.500000,1.0000,False,manual_box,affine_mild
Federico_sammelt_i_tried_the_new_season_[C-SDrECvTa4]_000315_f66cac83_aug_photo_gameplay_882c5c67_aug_affine_mild.png,0,enemy,1,0.460740,0.273682,0.034479,0.105735,Federico_sammelt__i_tried_the_new_season [C-SDrECvTa4],315,10.500000,1.0000,False,manual_box,affine_mild
Federico_sammelt_i_tried_the_new_season_[C-SDrECvTa4]_000315_f66cac83_aug_photo_gameplay_882c5c67_aug_affine_mild.png,0,enemy,1,0.414568,0.085650,0.052365,0.135883,Federico_sammelt__i_tried_the_new_season [C-SDrECvTa4],315,10.500000,1.0000,False,manual_box,affine_mild
Federico_sammelt_i_tried_the_new_season_[C-SDrECvTa4]_000315_f66cac83_aug_photo_gameplay_882c5c67_aug_affine_mild.png,0,enemy,1,0.355595,0.288260,0.028634,0.079951,Federico_sammelt__i_tried_the_new_season [C-SDrECvTa4],315,10.500000,1.0000,False,manual_box,affine_mild
Federico_sammelt_i_tried_the_new_season_[C-SDrECvTa4]_000315_f66cac83_aug_photo_gameplay_882c5c67_aug_affine_mild.png,0,enemy,1,0.315940,0.294061,0.028819,0.095147,Federico_sammelt__i_tried_the_new_season [C-SDrECvTa4],315,10.500000,1.0000,False,manual_box,affine_mild
Federico_sammelt_i_tried_the_new_season_[C-SDrECvTa4]_000315_f66cac83_aug_photo_gameplay_882c5c67_aug_affine_mild.png,0,enemy,1,0.262153,0.315394,0.030070,0.122240,Federico_sammelt__i_tried_the_new_season [C-SDrECvTa4],315,10.500000,1.0000,False,manual_box,affine_mild
Federico_sammelt_i_tried_the_new_season_[C-SDrECvTa4]_000315_f66cac83_aug_photo_gameplay_882c5c67_aug_affine_mild.png,0,enemy,1,0.231213,0.316252,0.038213,0.109416,Federico_sammelt__i_tried_the_new_season [C-SDrECvTa4],315,10.500000,1.0000,False,manual_box,affine_mild
Federico_sammelt_i_tried_the_new_season_[C-SDrECvTa4]_000315_f66cac83_aug_photo_gameplay_882c5c67_aug_affine_mild.png,1,player,1,0.240536,0.695904,0.481071,0.608192,Federico_sammelt__i_tried_the_new_season [C-SDrECvTa4],315,10.500000,1.0000,False,manual_box,affine_mild
Federico_sammelt_i_tried_the_new_season_[C-SDrECvTa4]_000315_f66cac83_aug_affine_mild_29604a5d_aug_original.png,0,enemy,1,0.480460,0.661194,0.130536,0.356047,Federico_sammelt__i_tried_the_new_season [C-SDrECvTa4],315,10.500000,1.0000,False,manual_box,original
Federico_sammelt_i_tried_the_new_season_[C-SDrECvTa4]_000315_f66cac83_aug_affine_mild_29604a5d_aug_original.png,0,enemy,1,0.510238,0.278356,0.035400,0.098672,Federico_sammelt__i_tried_the_new_season [C-SDrECvTa4],315,10.500000,1.0000,False,manual_box,original
Federico_sammelt_i_tried_the_new_season_[C-SDrECvTa4]_000315_f66cac83_aug_affine_mild_29604a5d_aug_original.png,0,enemy,1,0.472511,0.095884,0.053380,0.126687,Federico_sammelt__i_tried_the_new_season [C-SDrECvTa4],315,10.500000,1.0000,False,manual_box,original
Federico_sammelt_i_tried_the_new_season_[C-SDrECvTa4]_000315_f66cac83_aug_affine_mild_29604a5d_aug_original.png,0,enemy,1,0.406919,0.277333,0.029277,0.074573,Federico_sammelt__i_tried_the_new_season [C-SDrECvTa4],315,10.500000,1.0000,False,manual_box,original
Federico_sammelt_i_tried_the_new_season_[C-SDrECvTa4]_000315_f66cac83_aug_affine_mild_29604a5d_aug_original.png,0,enemy,1,0.367940,0.277232,0.029694,0.088824,Federico_sammelt__i_tried_the_new_season [C-SDrECvTa4],315,10.500000,1.0000,False,manual_box,original
Federico_sammelt_i_tried_the_new_season_[C-SDrECvTa4]_000315_f66cac83_aug_affine_mild_29604a5d_aug_original.png,0,enemy,1,0.314541,0.289698,0.031339,0.114220,Federico_sammelt__i_tried_the_new_season [C-SDrECvTa4],315,10.500000,1.0000,False,manual_box,original
Federico_sammelt_i_tried_the_new_season_[C-SDrECvTa4]_000315_f66cac83_aug_affine_mild_29604a5d_aug_original.png,0,enemy,1,0.284274,0.286185,0.039113,0.102070,Federico_sammelt__i_tried_the_new_season [C-SDrECvTa4],315,10.500000,1.0000,False,manual_box,original
Federico_sammelt_i_tried_the_new_season_[C-SDrECvTa4]_000315_f66cac83_aug_affine_mild_29604a5d_aug_original.png,1,player,1,0.258916,0.674177,0.517832,0.636547,Federico_sammelt__i_tried_the_new_season [C-SDrECvTa4],315,10.500000,1.0000,False,manual_box,original
Federico_sammelt_i_tried_the_new_season_[C-SDrECvTa4]_000315_f66cac83_aug_affine_mild_29604a5d_aug_photo_exposure.png,0,enemy,1,0.480460,0.661194,0.130536,0.356047,Federico_sammelt__i_tried_the_new_season [C-SDrECvTa4],315,10.500000,1.0000,False,manual_box,photo_exposure
Federico_sammelt_i_tried_the_new_season_[C-SDrECvTa4]_000315_f66cac83_aug_affine_mild_29604a5d_aug_photo_exposure.png,0,enemy,1,0.510238,0.278356,0.035400,0.098672,Federico_sammelt__i_tried_the_new_season [C-SDrECvTa4],315,10.500000,1.0000,False,manual_box,photo_exposure
Federico_sammelt_i_tried_the_new_season_[C-SDrECvTa4]_000315_f66cac83_aug_affine_mild_29604a5d_aug_photo_exposure.png,0,enemy,1,0.472511,0.095884,0.053380,0.126687,Federico_sammelt__i_tried_the_new_season [C-SDrECvTa4],315,10.500000,1.0000,False,manual_box,photo_exposure
Federico_sammelt_i_tried_the_new_season_[C-SDrECvTa4]_000315_f66cac83_aug_affine_mild_29604a5d_aug_photo_exposure.png,0,enemy,1,0.406919,0.277333,0.029277,0.074573,Federico_sammelt__i_tried_the_new_season [C-SDrECvTa4],315,10.500000,1.0000,False,manual_box,photo_exposure
Federico_sammelt_i_tried_the_new_season_[C-SDrECvTa4]_000315_f66cac83_aug_affine_mild_29604a5d_aug_photo_exposure.png,0,enemy,1,0.367940,0.277232,0.029694,0.088824,Federico_sammelt__i_tried_the_new_season [C-SDrECvTa4],315,10.500000,1.0000,False,manual_box,photo_exposure
Federico_sammelt_i_tried_the_new_season_[C-SDrECvTa4]_000315_f66cac83_aug_affine_mild_29604a5d_aug_photo_exposure.png,0,enemy,1,0.314541,0.289698,0.031339,0.114220,Federico_sammelt__i_tried_the_new_season [C-SDrECvTa4],315,10.500000,1.0000,False,manual_box,photo_exposure
Federico_sammelt_i_tried_the_new_season_[C-SDrECvTa4]_000315_f66cac83_aug_affine_mild_29604a5d_aug_photo_exposure.png,0,enemy,1,0.284274,0.286185,0.039113,0.102070,Federico_sammelt__i_tried_the_new_season [C-SDrECvTa4],315,10.500000,1.0000,False,manual_box,photo_exposure
Federico_sammelt_i_tried_the_new_season_[C-SDrECvTa4]_000315_f66cac83_aug_affine_mild_29604a5d_aug_photo_exposure.png,1,player,1,0.258916,0.674177,0.517832,0.636547,Federico_sammelt__i_tried_the_new_season [C-SDrECvTa4],315,10.500000,1.0000,False,manual_box,photo_exposure
Federico_sammelt_i_tried_the_new_season_[C-SDrECvTa4]_000315_f66cac83_aug_affine_mild_29604a5d_aug_photo_gameplay.png,0,enemy,1,0.480460,0.661194,0.130536,0.356047,Federico_sammelt__i_tried_the_new_season [C-SDrECvTa4],315,10.500000,1.0000,False,manual_box,photo_gameplay
Federico_sammelt_i_tried_the_new_season_[C-SDrECvTa4]_000315_f66cac83_aug_affine_mild_29604a5d_aug_photo_gameplay.png,0,enemy,1,0.510238,0.278356,0.035400,0.098672,Federico_sammelt__i_tried_the_new_season [C-SDrECvTa4],315,10.500000,1.0000,False,manual_box,photo_gameplay
Federico_sammelt_i_tried_the_new_season_[C-SDrECvTa4]_000315_f66cac83_aug_affine_mild_29604a5d_aug_photo_gameplay.png,0,enemy,1,0.472511,0.095884,0.053380,0.126687,Federico_sammelt__i_tried_the_new_season [C-SDrECvTa4],315,10.500000,1.0000,False,manual_box,photo_gameplay
Federico_sammelt_i_tried_the_new_season_[C-SDrECvTa4]_000315_f66cac83_aug_affine_mild_29604a5d_aug_photo_gameplay.png,0,enemy,1,0.406919,0.277333,0.029277,0.074573,Federico_sammelt__i_tried_the_new_season [C-SDrECvTa4],315,10.500000,1.0000,False,manual_box,photo_gameplay
Federico_sammelt_i_tried_the_new_season_[C-SDrECvTa4]_000315_f66cac83_aug_affine_mild_29604a5d_aug_photo_gameplay.png,0,enemy,1,0.367940,0.277232,0.029694,0.088824,Federico_sammelt__i_tried_the_new_season [C-SDrECvTa4],315,10.500000,1.0000,False,manual_box,photo_gameplay
Federico_sammelt_i_tried_the_new_season_[C-SDrECvTa4]_000315_f66cac83_aug_affine_mild_29604a5d_aug_photo_gameplay.png,0,enemy,1,0.314541,0.289698,0.031339,0.114220,Federico_sammelt__i_tried_the_new_season [C-SDrECvTa4],315,10.500000,1.0000,False,manual_box,photo_gameplay
Federico_sammelt_i_tried_the_new_season_[C-SDrECvTa4]_000315_f66cac83_aug_affine_mild_29604a5d_aug_photo_gameplay.png,0,enemy,1,0.284274,0.286185,0.039113,0.102070,Federico_sammelt__i_tried_the_new_season [C-SDrECvTa4],315,10.500000,1.0000,False,manual_box,photo_gameplay
Federico_sammelt_i_tried_the_new_season_[C-SDrECvTa4]_000315_f66cac83_aug_affine_mild_29604a5d_aug_photo_gameplay.png,1,player,1,0.258916,0.674177,0.517832,0.636547,Federico_sammelt__i_tried_the_new_season [C-SDrECvTa4],315,10.500000,1.0000,False,manual_box,photo_gameplay
Federico_sammelt_i_tried_the_new_season_[C-SDrECvTa4]_000315_f66cac83_aug_affine_mild_29604a5d_aug_affine_mild.png,0,enemy,1,0.443301,0.645944,0.141278,0.322989,Federico_sammelt__i_tried_the_new_season [C-SDrECvTa4],315,10.500000,1.0000,False,manual_box,affine_mild
Federico_sammelt_i_tried_the_new_season_[C-SDrECvTa4]_000315_f66cac83_aug_affine_mild_29604a5d_aug_affine_mild.png,0,enemy,1,0.461172,0.299444,0.038379,0.089505,Federico_sammelt__i_tried_the_new_season [C-SDrECvTa4],315,10.500000,1.0000,False,manual_box,affine_mild
Federico_sammelt_i_tried_the_new_season_[C-SDrECvTa4]_000315_f66cac83_aug_affine_mild_29604a5d_aug_affine_mild.png,0,enemy,1,0.417878,0.134663,0.057188,0.114974,Federico_sammelt__i_tried_the_new_season [C-SDrECvTa4],315,10.500000,1.0000,False,manual_box,affine_mild
Federico_sammelt_i_tried_the_new_season_[C-SDrECvTa4]_000315_f66cac83_aug_affine_mild_29604a5d_aug_affine_mild.png,0,enemy,1,0.358037,0.299258,0.031523,0.067663,Federico_sammelt__i_tried_the_new_season [C-SDrECvTa4],315,10.500000,1.0000,False,manual_box,affine_mild
Federico_sammelt_i_tried_the_new_season_[C-SDrECvTa4]_000315_f66cac83_aug_affine_mild_29604a5d_aug_affine_mild.png,0,enemy,1,0.319137,0.299446,0.032380,0.080556,Federico_sammelt__i_tried_the_new_season [C-SDrECvTa4],315,10.500000,1.0000,False,manual_box,affine_mild
Federico_sammelt_i_tried_the_new_season_[C-SDrECvTa4]_000315_f66cac83_aug_affine_mild_29604a5d_aug_affine_mild.png,0,enemy,1,0.266235,0.311104,0.034807,0.103540,Federico_sammelt__i_tried_the_new_season [C-SDrECvTa4],315,10.500000,1.0000,False,manual_box,affine_mild
Federico_sammelt_i_tried_the_new_season_[C-SDrECvTa4]_000315_f66cac83_aug_affine_mild_29604a5d_aug_affine_mild.png,0,enemy,1,0.235923,0.308143,0.042189,0.092605,Federico_sammelt__i_tried_the_new_season [C-SDrECvTa4],315,10.500000,1.0000,False,manual_box,affine_mild
Federico_sammelt_i_tried_the_new_season_[C-SDrECvTa4]_000315_f66cac83_aug_affine_mild_29604a5d_aug_affine_mild.png,1,player,1,0.245422,0.659274,0.490843,0.579482,Federico_sammelt__i_tried_the_new_season [C-SDrECvTa4],315,10.500000,1.0000,False,manual_box,affine_mild
Federico_sammelt_i_tried_the_new_season_[C-SDrECvTa4]_000315_f66cac83_aug_affine_mild_29604a5d_aug_retarget_edge.png,0,enemy,1,0.500000,0.870988,0.130536,0.258024,Federico_sammelt__i_tried_the_new_season [C-SDrECvTa4],315,10.500000,1.0000,False,manual_box,retarget_edge
Federico_sammelt_i_tried_the_new_season_[C-SDrECvTa4]_000315_f66cac83_aug_affine_mild_29604a5d_aug_retarget_edge.png,0,enemy,1,0.529778,0.537162,0.035400,0.098672,Federico_sammelt__i_tried_the_new_season [C-SDrECvTa4],315,10.500000,1.0000,False,manual_box,retarget_edge
Federico_sammelt_i_tried_the_new_season_[C-SDrECvTa4]_000315_f66cac83_aug_affine_mild_29604a5d_aug_retarget_edge.png,0,enemy,1,0.492051,0.354690,0.053380,0.126687,Federico_sammelt__i_tried_the_new_season [C-SDrECvTa4],315,10.500000,1.0000,False,manual_box,retarget_edge
Federico_sammelt_i_tried_the_new_season_[C-SDrECvTa4]_000315_f66cac83_aug_affine_mild_29604a5d_aug_retarget_edge.png,0,enemy,1,0.426459,0.536139,0.029277,0.074573,Federico_sammelt__i_tried_the_new_season [C-SDrECvTa4],315,10.500000,1.0000,False,manual_box,retarget_edge
Federico_sammelt_i_tried_the_new_season_[C-SDrECvTa4]_000315_f66cac83_aug_affine_mild_29604a5d_aug_retarget_edge.png,0,enemy,1,0.387480,0.536038,0.029694,0.088824,Federico_sammelt__i_tried_the_new_season [C-SDrECvTa4],315,10.500000,1.0000,False,manual_box,retarget_edge
Federico_sammelt_i_tried_the_new_season_[C-SDrECvTa4]_000315_f66cac83_aug_affine_mild_29604a5d_aug_retarget_edge.png,0,enemy,1,0.334081,0.548504,0.031339,0.114220,Federico_sammelt__i_tried_the_new_season [C-SDrECvTa4],315,10.500000,1.0000,False,manual_box,retarget_edge
Federico_sammelt_i_tried_the_new_season_[C-SDrECvTa4]_000315_f66cac83_aug_affine_mild_29604a5d_aug_retarget_edge.png,0,enemy,1,0.303814,0.544991,0.039113,0.102070,Federico_sammelt__i_tried_the_new_season [C-SDrECvTa4],315,10.500000,1.0000,False,manual_box,retarget_edge
Federico_sammelt_i_tried_the_new_season_[C-SDrECvTa4]_000315_f66cac83_aug_affine_mild_29604a5d_aug_retarget_edge.png,1,player,1,0.278456,0.807355,0.517832,0.385290,Federico_sammelt__i_tried_the_new_season [C-SDrECvTa4],315,10.500000,1.0000,False,manual_box,retarget_edge
Federico_sammelt_i_tried_the_new_season_[C-SDrECvTa4]_000315_f66cac83_aug_affine_mild_29604a5d_aug_retarget_corner.png,0,enemy,1,0.920000,0.870988,0.130536,0.258024,Federico_sammelt__i_tried_the_new_season [C-SDrECvTa4],315,10.500000,1.0000,False,manual_box,retarget_corner
Federico_sammelt_i_tried_the_new_season_[C-SDrECvTa4]_000315_f66cac83_aug_affine_mild_29604a5d_aug_retarget_corner.png,0,enemy,1,0.949778,0.537162,0.035400,0.098672,Federico_sammelt__i_tried_the_new_season [C-SDrECvTa4],315,10.500000,1.0000,False,manual_box,retarget_corner
Federico_sammelt_i_tried_the_new_season_[C-SDrECvTa4]_000315_f66cac83_aug_affine_mild_29604a5d_aug_retarget_corner.png,0,enemy,1,0.912051,0.354690,0.053380,0.126687,Federico_sammelt__i_tried_the_new_season [C-SDrECvTa4],315,10.500000,1.0000,False,manual_box,retarget_corner
Federico_sammelt_i_tried_the_new_season_[C-SDrECvTa4]_000315_f66cac83_aug_affine_mild_29604a5d_aug_retarget_corner.png,0,enemy,1,0.846459,0.536139,0.029277,0.074573,Federico_sammelt__i_tried_the_new_season [C-SDrECvTa4],315,10.500000,1.0000,False,manual_box,retarget_corner
Federico_sammelt_i_tried_the_new_season_[C-SDrECvTa4]_000315_f66cac83_aug_affine_mild_29604a5d_aug_retarget_corner.png,0,enemy,1,0.807480,0.536038,0.029694,0.088824,Federico_sammelt__i_tried_the_new_season [C-SDrECvTa4],315,10.500000,1.0000,False,manual_box,retarget_corner
Federico_sammelt_i_tried_the_new_season_[C-SDrECvTa4]_000315_f66cac83_aug_affine_mild_29604a5d_aug_retarget_corner.png,0,enemy,1,0.754081,0.548504,0.031339,0.114220,Federico_sammelt__i_tried_the_new_season [C-SDrECvTa4],315,10.500000,1.0000,False,manual_box,retarget_corner
Federico_sammelt_i_tried_the_new_season_[C-SDrECvTa4]_000315_f66cac83_aug_affine_mild_29604a5d_aug_retarget_corner.png,0,enemy,1,0.723814,0.544991,0.039113,0.102070,Federico_sammelt__i_tried_the_new_season [C-SDrECvTa4],315,10.500000,1.0000,False,manual_box,retarget_corner
Federico_sammelt_i_tried_the_new_season_[C-SDrECvTa4]_000315_f66cac83_aug_affine_mild_29604a5d_aug_retarget_corner.png,1,player,1,0.698456,0.807355,0.517832,0.385290,Federico_sammelt__i_tried_the_new_season [C-SDrECvTa4],315,10.500000,1.0000,False,manual_box,retarget_corner
Federico_sammelt_i_tried_the_new_season_[C-SDrECvTa4]_000330_f16f39fb_aug_original_d17d40ac_aug_original.png,1,player,1,0.386151,0.672482,0.179269,0.574148,Federico_sammelt__i_tried_the_new_season [C-SDrECvTa4],330,11.000000,1.0000,False,manual_box,original
Federico_sammelt_i_tried_the_new_season_[C-SDrECvTa4]_000330_f16f39fb_aug_original_d17d40ac_aug_original.png,0,enemy,1,0.243840,0.743854,0.202209,0.434576,Federico_sammelt__i_tried_the_new_season [C-SDrECvTa4],330,11.000000,1.0000,False,manual_box,original
Federico_sammelt_i_tried_the_new_season_[C-SDrECvTa4]_000330_f16f39fb_aug_original_d17d40ac_aug_original.png,0,enemy,1,0.535259,0.593973,0.108751,0.277557,Federico_sammelt__i_tried_the_new_season [C-SDrECvTa4],330,11.000000,1.0000,False,manual_box,original
Federico_sammelt_i_tried_the_new_season_[C-SDrECvTa4]_000330_f16f39fb_aug_original_d17d40ac_aug_original.png,0,enemy,1,0.587935,0.274385,0.037383,0.114195,Federico_sammelt__i_tried_the_new_season [C-SDrECvTa4],330,11.000000,1.0000,False,manual_box,original
Federico_sammelt_i_tried_the_new_season_[C-SDrECvTa4]_000330_f16f39fb_aug_original_d17d40ac_aug_original.png,0,enemy,1,0.544180,0.095163,0.036534,0.101507,Federico_sammelt__i_tried_the_new_season [C-SDrECvTa4],330,11.000000,1.0000,False,manual_box,original
Federico_sammelt_i_tried_the_new_season_[C-SDrECvTa4]_000330_f16f39fb_aug_original_d17d40ac_aug_original.png,0,enemy,1,0.505523,0.283902,0.032285,0.107851,Federico_sammelt__i_tried_the_new_season [C-SDrECvTa4],330,11.000000,1.0000,False,manual_box,original
Federico_sammelt_i_tried_the_new_season_[C-SDrECvTa4]_000330_f16f39fb_aug_original_d17d40ac_aug_original.png,0,enemy,1,0.459218,0.269627,0.034834,0.085646,Federico_sammelt__i_tried_the_new_season [C-SDrECvTa4],330,11.000000,1.0000,False,manual_box,original
Federico_sammelt_i_tried_the_new_season_[C-SDrECvTa4]_000330_f16f39fb_aug_original_d17d40ac_aug_original.png,0,enemy,1,0.413339,0.284695,0.033135,0.099921,Federico_sammelt__i_tried_the_new_season [C-SDrECvTa4],330,11.000000,1.0000,False,manual_box,original
Federico_sammelt_i_tried_the_new_season_[C-SDrECvTa4]_000330_f16f39fb_aug_original_d17d40ac_aug_original.png,0,enemy,1,0.387001,0.288660,0.036534,0.101507,Federico_sammelt__i_tried_the_new_season [C-SDrECvTa4],330,11.000000,1.0000,False,manual_box,original
Federico_sammelt_i_tried_the_new_season_[C-SDrECvTa4]_000330_f16f39fb_aug_original_d17d40ac_aug_photo_exposure.png,1,player,1,0.386151,0.672482,0.179269,0.574148,Federico_sammelt__i_tried_the_new_season [C-SDrECvTa4],330,11.000000,1.0000,False,manual_box,photo_exposure
Federico_sammelt_i_tried_the_new_season_[C-SDrECvTa4]_000330_f16f39fb_aug_original_d17d40ac_aug_photo_exposure.png,0,enemy,1,0.243840,0.743854,0.202209,0.434576,Federico_sammelt__i_tried_the_new_season [C-SDrECvTa4],330,11.000000,1.0000,False,manual_box,photo_exposure
Federico_sammelt_i_tried_the_new_season_[C-SDrECvTa4]_000330_f16f39fb_aug_original_d17d40ac_aug_photo_exposure.png,0,enemy,1,0.535259,0.593973,0.108751,0.277557,Federico_sammelt__i_tried_the_new_season [C-SDrECvTa4],330,11.000000,1.0000,False,manual_box,photo_exposure
Federico_sammelt_i_tried_the_new_season_[C-SDrECvTa4]_000330_f16f39fb_aug_original_d17d40ac_aug_photo_exposure.png,0,enemy,1,0.587935,0.274385,0.037383,0.114195,Federico_sammelt__i_tried_the_new_season [C-SDrECvTa4],330,11.000000,1.0000,False,manual_box,photo_exposure
Federico_sammelt_i_tried_the_new_season_[C-SDrECvTa4]_000330_f16f39fb_aug_original_d17d40ac_aug_photo_exposure.png,0,enemy,1,0.544180,0.095163,0.036534,0.101507,Federico_sammelt__i_tried_the_new_season [C-SDrECvTa4],330,11.000000,1.0000,False,manual_box,photo_exposure
Federico_sammelt_i_tried_the_new_season_[C-SDrECvTa4]_000330_f16f39fb_aug_original_d17d40ac_aug_photo_exposure.png,0,enemy,1,0.505523,0.283902,0.032285,0.107851,Federico_sammelt__i_tried_the_new_season [C-SDrECvTa4],330,11.000000,1.0000,False,manual_box,photo_exposure
Federico_sammelt_i_tried_the_new_season_[C-SDrECvTa4]_000330_f16f39fb_aug_original_d17d40ac_aug_photo_exposure.png,0,enemy,1,0.459218,0.269627,0.034834,0.085646,Federico_sammelt__i_tried_the_new_season [C-SDrECvTa4],330,11.000000,1.0000,False,manual_box,photo_exposure
Federico_sammelt_i_tried_the_new_season_[C-SDrECvTa4]_000330_f16f39fb_aug_original_d17d40ac_aug_photo_exposure.png,0,enemy,1,0.413339,0.284695,0.033135,0.099921,Federico_sammelt__i_tried_the_new_season [C-SDrECvTa4],330,11.000000,1.0000,False,manual_box,photo_exposure
Federico_sammelt_i_tried_the_new_season_[C-SDrECvTa4]_000330_f16f39fb_aug_original_d17d40ac_aug_photo_exposure.png,0,enemy,1,0.387001,0.288660,0.036534,0.101507,Federico_sammelt__i_tried_the_new_season [C-SDrECvTa4],330,11.000000,1.0000,False,manual_box,photo_exposure
Federico_sammelt_i_tried_the_new_season_[C-SDrECvTa4]_000330_f16f39fb_aug_original_d17d40ac_aug_photo_gameplay.png,1,player,1,0.386151,0.672482,0.179269,0.574148,Federico_sammelt__i_tried_the_new_season [C-SDrECvTa4],330,11.000000,1.0000,False,manual_box,photo_gameplay
Federico_sammelt_i_tried_the_new_season_[C-SDrECvTa4]_000330_f16f39fb_aug_original_d17d40ac_aug_photo_gameplay.png,0,enemy,1,0.243840,0.743854,0.202209,0.434576,Federico_sammelt__i_tried_the_new_season [C-SDrECvTa4],330,11.000000,1.0000,False,manual_box,photo_gameplay
Federico_sammelt_i_tried_the_new_season_[C-SDrECvTa4]_000330_f16f39fb_aug_original_d17d40ac_aug_photo_gameplay.png,0,enemy,1,0.535259,0.593973,0.108751,0.277557,Federico_sammelt__i_tried_the_new_season [C-SDrECvTa4],330,11.000000,1.0000,False,manual_box,photo_gameplay
Federico_sammelt_i_tried_the_new_season_[C-SDrECvTa4]_000330_f16f39fb_aug_original_d17d40ac_aug_photo_gameplay.png,0,enemy,1,0.587935,0.274385,0.037383,0.114195,Federico_sammelt__i_tried_the_new_season [C-SDrECvTa4],330,11.000000,1.0000,False,manual_box,photo_gameplay
Federico_sammelt_i_tried_the_new_season_[C-SDrECvTa4]_000330_f16f39fb_aug_original_d17d40ac_aug_photo_gameplay.png,0,enemy,1,0.544180,0.095163,0.036534,0.101507,Federico_sammelt__i_tried_the_new_season [C-SDrECvTa4],330,11.000000,1.0000,False,manual_box,photo_gameplay
Federico_sammelt_i_tried_the_new_season_[C-SDrECvTa4]_000330_f16f39fb_aug_original_d17d40ac_aug_photo_gameplay.png,0,enemy,1,0.505523,0.283902,0.032285,0.107851,Federico_sammelt__i_tried_the_new_season [C-SDrECvTa4],330,11.000000,1.0000,False,manual_box,photo_gameplay
Federico_sammelt_i_tried_the_new_season_[C-SDrECvTa4]_000330_f16f39fb_aug_original_d17d40ac_aug_photo_gameplay.png,0,enemy,1,0.459218,0.269627,0.034834,0.085646,Federico_sammelt__i_tried_the_new_season [C-SDrECvTa4],330,11.000000,1.0000,False,manual_box,photo_gameplay
Federico_sammelt_i_tried_the_new_season_[C-SDrECvTa4]_000330_f16f39fb_aug_original_d17d40ac_aug_photo_gameplay.png,0,enemy,1,0.413339,0.284695,0.033135,0.099921,Federico_sammelt__i_tried_the_new_season [C-SDrECvTa4],330,11.000000,1.0000,False,manual_box,photo_gameplay
Federico_sammelt_i_tried_the_new_season_[C-SDrECvTa4]_000330_f16f39fb_aug_original_d17d40ac_aug_photo_gameplay.png,0,enemy,1,0.387001,0.288660,0.036534,0.101507,Federico_sammelt__i_tried_the_new_season [C-SDrECvTa4],330,11.000000,1.0000,False,manual_box,photo_gameplay
Federico_sammelt_i_tried_the_new_season_[C-SDrECvTa4]_000330_f16f39fb_aug_original_d17d40ac_aug_affine_mild.png,1,player,1,0.348470,0.698203,0.173329,0.603594,Federico_sammelt__i_tried_the_new_season [C-SDrECvTa4],330,11.000000,1.0000,False,manual_box,affine_mild
Federico_sammelt_i_tried_the_new_season_[C-SDrECvTa4]_000330_f16f39fb_aug_original_d17d40ac_aug_affine_mild.png,0,enemy,1,0.215470,0.773513,0.192962,0.452975,Federico_sammelt__i_tried_the_new_season [C-SDrECvTa4],330,11.000000,1.0000,False,manual_box,affine_mild
Federico_sammelt_i_tried_the_new_season_[C-SDrECvTa4]_000330_f16f39fb_aug_original_d17d40ac_aug_affine_mild.png,0,enemy,1,0.487868,0.623979,0.104302,0.300598,Federico_sammelt__i_tried_the_new_season [C-SDrECvTa4],330,11.000000,1.0000,False,manual_box,affine_mild
Federico_sammelt_i_tried_the_new_season_[C-SDrECvTa4]_000330_f16f39fb_aug_original_d17d40ac_aug_affine_mild.png,0,enemy,1,0.540602,0.279781,0.036078,0.123595,Federico_sammelt__i_tried_the_new_season [C-SDrECvTa4],330,11.000000,1.0000,False,manual_box,affine_mild
Federico_sammelt_i_tried_the_new_season_[C-SDrECvTa4]_000330_f16f39fb_aug_original_d17d40ac_aug_affine_mild.png,0,enemy,1,0.502114,0.085967,0.035138,0.109899,Federico_sammelt__i_tried_the_new_season [C-SDrECvTa4],330,11.000000,1.0000,False,manual_box,affine_mild
Federico_sammelt_i_tried_the_new_season_[C-SDrECvTa4]_000330_f16f39fb_aug_original_d17d40ac_aug_affine_mild.png,0,enemy,1,0.463962,0.289158,0.031268,0.116697,Federico_sammelt__i_tried_the_new_season [C-SDrECvTa4],330,11.000000,1.0000,False,manual_box,affine_mild
Federico_sammelt_i_tried_the_new_season_[C-SDrECvTa4]_000330_f16f39fb_aug_original_d17d40ac_aug_affine_mild.png,0,enemy,1,0.421134,0.273259,0.033370,0.092770,Federico_sammelt__i_tried_the_new_season [C-SDrECvTa4],330,11.000000,1.0000,False,manual_box,affine_mild
Federico_sammelt_i_tried_the_new_season_[C-SDrECvTa4]_000330_f16f39fb_aug_original_d17d40ac_aug_affine_mild.png,0,enemy,1,0.378352,0.289019,0.031963,0.108151,Federico_sammelt__i_tried_the_new_season [C-SDrECvTa4],330,11.000000,1.0000,False,manual_box,affine_mild
Federico_sammelt_i_tried_the_new_season_[C-SDrECvTa4]_000330_f16f39fb_aug_original_d17d40ac_aug_affine_mild.png,0,enemy,1,0.353847,0.293012,0.035138,0.109899,Federico_sammelt__i_tried_the_new_season [C-SDrECvTa4],330,11.000000,1.0000,False,manual_box,affine_mild
Federico_sammelt_i_tried_the_new_season_[C-SDrECvTa4]_000330_f16f39fb_aug_original_d17d40ac_aug_retarget_edge.png,1,player,1,0.642311,0.780777,0.179269,0.438446,Federico_sammelt__i_tried_the_new_season [C-SDrECvTa4],330,11.000000,1.0000,False,manual_box,retarget_edge
Federico_sammelt_i_tried_the_new_season_[C-SDrECvTa4]_000330_f16f39fb_aug_original_d17d40ac_aug_retarget_edge.png,0,enemy,1,0.500000,0.851356,0.202209,0.297288,Federico_sammelt__i_tried_the_new_season [C-SDrECvTa4],330,11.000000,1.0000,False,manual_box,retarget_edge
Federico_sammelt_i_tried_the_new_season_[C-SDrECvTa4]_000330_f16f39fb_aug_original_d17d40ac_aug_retarget_edge.png,0,enemy,1,0.791419,0.770119,0.108751,0.277557,Federico_sammelt__i_tried_the_new_season [C-SDrECvTa4],330,11.000000,1.0000,False,manual_box,retarget_edge
Federico_sammelt_i_tried_the_new_season_[C-SDrECvTa4]_000330_f16f39fb_aug_original_d17d40ac_aug_retarget_edge.png,0,enemy,1,0.844095,0.450531,0.037383,0.114195,Federico_sammelt__i_tried_the_new_season [C-SDrECvTa4],330,11.000000,1.0000,False,manual_box,retarget_edge
Federico_sammelt_i_tried_the_new_season_[C-SDrECvTa4]_000330_f16f39fb_aug_original_d17d40ac_aug_retarget_edge.png,0,enemy,1,0.800340,0.271309,0.036534,0.101507,Federico_sammelt__i_tried_the_new_season [C-SDrECvTa4],330,11.000000,1.0000,False,manual_box,retarget_edge
Federico_sammelt_i_tried_the_new_season_[C-SDrECvTa4]_000330_f16f39fb_aug_original_d17d40ac_aug_retarget_edge.png,0,enemy,1,0.761683,0.460048,0.032285,0.107851,Federico_sammelt__i_tried_the_new_season [C-SDrECvTa4],330,11.000000,1.0000,False,manual_box,retarget_edge
Federico_sammelt_i_tried_the_new_season_[C-SDrECvTa4]_000330_f16f39fb_aug_original_d17d40ac_aug_retarget_edge.png,0,enemy,1,0.715378,0.445773,0.034834,0.085646,Federico_sammelt__i_tried_the_new_season [C-SDrECvTa4],330,11.000000,1.0000,False,manual_box,retarget_edge
Federico_sammelt_i_tried_the_new_season_[C-SDrECvTa4]_000330_f16f39fb_aug_original_d17d40ac_aug_retarget_edge.png,0,enemy,1,0.669499,0.460841,0.033135,0.099921,Federico_sammelt__i_tried_the_new_season [C-SDrECvTa4],330,11.000000,1.0000,False,manual_box,retarget_edge
Federico_sammelt_i_tried_the_new_season_[C-SDrECvTa4]_000330_f16f39fb_aug_original_d17d40ac_aug_retarget_edge.png,0,enemy,1,0.643161,0.464806,0.036534,0.101507,Federico_sammelt__i_tried_the_new_season [C-SDrECvTa4],330,11.000000,1.0000,False,manual_box,retarget_edge
Federico_sammelt_i_tried_the_new_season_[C-SDrECvTa4]_000330_f16f39fb_aug_original_d17d40ac_aug_retarget_corner.png,1,player,1,0.222311,0.780777,0.179269,0.438446,Federico_sammelt__i_tried_the_new_season [C-SDrECvTa4],330,11.000000,1.0000,False,manual_box,retarget_corner
Federico_sammelt_i_tried_the_new_season_[C-SDrECvTa4]_000330_f16f39fb_aug_original_d17d40ac_aug_retarget_corner.png,0,enemy,1,0.090552,0.851356,0.181104,0.297288,Federico_sammelt__i_tried_the_new_season [C-SDrECvTa4],330,11.000000,1.0000,False,manual_box,retarget_corner
Federico_sammelt_i_tried_the_new_season_[C-SDrECvTa4]_000330_f16f39fb_aug_original_d17d40ac_aug_retarget_corner.png,0,enemy,1,0.371419,0.770119,0.108751,0.277557,Federico_sammelt__i_tried_the_new_season [C-SDrECvTa4],330,11.000000,1.0000,False,manual_box,retarget_corner
Federico_sammelt_i_tried_the_new_season_[C-SDrECvTa4]_000330_f16f39fb_aug_original_d17d40ac_aug_retarget_corner.png,0,enemy,1,0.424095,0.450531,0.037383,0.114195,Federico_sammelt__i_tried_the_new_season [C-SDrECvTa4],330,11.000000,1.0000,False,manual_box,retarget_corner
Federico_sammelt_i_tried_the_new_season_[C-SDrECvTa4]_000330_f16f39fb_aug_original_d17d40ac_aug_retarget_corner.png,0,enemy,1,0.380340,0.271309,0.036534,0.101507,Federico_sammelt__i_tried_the_new_season [C-SDrECvTa4],330,11.000000,1.0000,False,manual_box,retarget_corner
Federico_sammelt_i_tried_the_new_season_[C-SDrECvTa4]_000330_f16f39fb_aug_original_d17d40ac_aug_retarget_corner.png,0,enemy,1,0.341683,0.460048,0.032285,0.107851,Federico_sammelt__i_tried_the_new_season [C-SDrECvTa4],330,11.000000,1.0000,False,manual_box,retarget_corner
Federico_sammelt_i_tried_the_new_season_[C-SDrECvTa4]_000330_f16f39fb_aug_original_d17d40ac_aug_retarget_corner.png,0,enemy,1,0.295378,0.445773,0.034834,0.085646,Federico_sammelt__i_tried_the_new_season [C-SDrECvTa4],330,11.000000,1.0000,False,manual_box,retarget_corner
Federico_sammelt_i_tried_the_new_season_[C-SDrECvTa4]_000330_f16f39fb_aug_original_d17d40ac_aug_retarget_corner.png,0,enemy,1,0.249499,0.460841,0.033135,0.099921,Federico_sammelt__i_tried_the_new_season [C-SDrECvTa4],330,11.000000,1.0000,False,manual_box,retarget_corner
Federico_sammelt_i_tried_the_new_season_[C-SDrECvTa4]_000330_f16f39fb_aug_original_d17d40ac_aug_retarget_corner.png,0,enemy,1,0.223161,0.464806,0.036534,0.101507,Federico_sammelt__i_tried_the_new_season [C-SDrECvTa4],330,11.000000,1.0000,False,manual_box,retarget_corner
Federico_sammelt_i_tried_the_new_season_[C-SDrECvTa4]_000330_f16f39fb_aug_photo_exposure_4b587688_aug_original.png,1,player,1,0.386151,0.672482,0.179269,0.574148,Federico_sammelt__i_tried_the_new_season [C-SDrECvTa4],330,11.000000,1.0000,False,manual_box,original
Federico_sammelt_i_tried_the_new_season_[C-SDrECvTa4]_000330_f16f39fb_aug_photo_exposure_4b587688_aug_original.png,0,enemy,1,0.243840,0.743854,0.202209,0.434576,Federico_sammelt__i_tried_the_new_season [C-SDrECvTa4],330,11.000000,1.0000,False,manual_box,original
Federico_sammelt_i_tried_the_new_season_[C-SDrECvTa4]_000330_f16f39fb_aug_photo_exposure_4b587688_aug_original.png,0,enemy,1,0.535259,0.593973,0.108751,0.277557,Federico_sammelt__i_tried_the_new_season [C-SDrECvTa4],330,11.000000,1.0000,False,manual_box,original
Federico_sammelt_i_tried_the_new_season_[C-SDrECvTa4]_000330_f16f39fb_aug_photo_exposure_4b587688_aug_original.png,0,enemy,1,0.587935,0.274385,0.037383,0.114195,Federico_sammelt__i_tried_the_new_season [C-SDrECvTa4],330,11.000000,1.0000,False,manual_box,original
Federico_sammelt_i_tried_the_new_season_[C-SDrECvTa4]_000330_f16f39fb_aug_photo_exposure_4b587688_aug_original.png,0,enemy,1,0.544180,0.095163,0.036534,0.101507,Federico_sammelt__i_tried_the_new_season [C-SDrECvTa4],330,11.000000,1.0000,False,manual_box,original
Federico_sammelt_i_tried_the_new_season_[C-SDrECvTa4]_000330_f16f39fb_aug_photo_exposure_4b587688_aug_original.png,0,enemy,1,0.505523,0.283902,0.032285,0.107851,Federico_sammelt__i_tried_the_new_season [C-SDrECvTa4],330,11.000000,1.0000,False,manual_box,original
Federico_sammelt_i_tried_the_new_season_[C-SDrECvTa4]_000330_f16f39fb_aug_photo_exposure_4b587688_aug_original.png,0,enemy,1,0.459218,0.269627,0.034834,0.085646,Federico_sammelt__i_tried_the_new_season [C-SDrECvTa4],330,11.000000,1.0000,False,manual_box,original
Federico_sammelt_i_tried_the_new_season_[C-SDrECvTa4]_000330_f16f39fb_aug_photo_exposure_4b587688_aug_original.png,0,enemy,1,0.413339,0.284695,0.033135,0.099921,Federico_sammelt__i_tried_the_new_season [C-SDrECvTa4],330,11.000000,1.0000,False,manual_box,original
Federico_sammelt_i_tried_the_new_season_[C-SDrECvTa4]_000330_f16f39fb_aug_photo_exposure_4b587688_aug_original.png,0,enemy,1,0.387001,0.288660,0.036534,0.101507,Federico_sammelt__i_tried_the_new_season [C-SDrECvTa4],330,11.000000,1.0000,False,manual_box,original
Federico_sammelt_i_tried_the_new_season_[C-SDrECvTa4]_000330_f16f39fb_aug_photo_exposure_4b587688_aug_photo_exposure.png,1,player,1,0.386151,0.672482,0.179269,0.574148,Federico_sammelt__i_tried_the_new_season [C-SDrECvTa4],330,11.000000,1.0000,False,manual_box,photo_exposure
Federico_sammelt_i_tried_the_new_season_[C-SDrECvTa4]_000330_f16f39fb_aug_photo_exposure_4b587688_aug_photo_exposure.png,0,enemy,1,0.243840,0.743854,0.202209,0.434576,Federico_sammelt__i_tried_the_new_season [C-SDrECvTa4],330,11.000000,1.0000,False,manual_box,photo_exposure
Federico_sammelt_i_tried_the_new_season_[C-SDrECvTa4]_000330_f16f39fb_aug_photo_exposure_4b587688_aug_photo_exposure.png,0,enemy,1,0.535259,0.593973,0.108751,0.277557,Federico_sammelt__i_tried_the_new_season [C-SDrECvTa4],330,11.000000,1.0000,False,manual_box,photo_exposure
Federico_sammelt_i_tried_the_new_season_[C-SDrECvTa4]_000330_f16f39fb_aug_photo_exposure_4b587688_aug_photo_exposure.png,0,enemy,1,0.587935,0.274385,0.037383,0.114195,Federico_sammelt__i_tried_the_new_season [C-SDrECvTa4],330,11.000000,1.0000,False,manual_box,photo_exposure
Federico_sammelt_i_tried_the_new_season_[C-SDrECvTa4]_000330_f16f39fb_aug_photo_exposure_4b587688_aug_photo_exposure.png,0,enemy,1,0.544180,0.095163,0.036534,0.101507,Federico_sammelt__i_tried_the_new_season [C-SDrECvTa4],330,11.000000,1.0000,False,manual_box,photo_exposure
Federico_sammelt_i_tried_the_new_season_[C-SDrECvTa4]_000330_f16f39fb_aug_photo_exposure_4b587688_aug_photo_exposure.png,0,enemy,1,0.505523,0.283902,0.032285,0.107851,Federico_sammelt__i_tried_the_new_season [C-SDrECvTa4],330,11.000000,1.0000,False,manual_box,photo_exposure
Federico_sammelt_i_tried_the_new_season_[C-SDrECvTa4]_000330_f16f39fb_aug_photo_exposure_4b587688_aug_photo_exposure.png,0,enemy,1,0.459218,0.269627,0.034834,0.085646,Federico_sammelt__i_tried_the_new_season [C-SDrECvTa4],330,11.000000,1.0000,False,manual_box,photo_exposure
Federico_sammelt_i_tried_the_new_season_[C-SDrECvTa4]_000330_f16f39fb_aug_photo_exposure_4b587688_aug_photo_exposure.png,0,enemy,1,0.413339,0.284695,0.033135,0.099921,Federico_sammelt__i_tried_the_new_season [C-SDrECvTa4],330,11.000000,1.0000,False,manual_box,photo_exposure
Federico_sammelt_i_tried_the_new_season_[C-SDrECvTa4]_000330_f16f39fb_aug_photo_exposure_4b587688_aug_photo_exposure.png,0,enemy,1,0.387001,0.288660,0.036534,0.101507,Federico_sammelt__i_tried_the_new_season [C-SDrECvTa4],330,11.000000,1.0000,False,manual_box,photo_exposure
Federico_sammelt_i_tried_the_new_season_[C-SDrECvTa4]_000330_f16f39fb_aug_photo_exposure_4b587688_aug_photo_gameplay.png,1,player,1,0.386151,0.672482,0.179269,0.574148,Federico_sammelt__i_tried_the_new_season [C-SDrECvTa4],330,11.000000,1.0000,False,manual_box,photo_gameplay
Federico_sammelt_i_tried_the_new_season_[C-SDrECvTa4]_000330_f16f39fb_aug_photo_exposure_4b587688_aug_photo_gameplay.png,0,enemy,1,0.243840,0.743854,0.202209,0.434576,Federico_sammelt__i_tried_the_new_season [C-SDrECvTa4],330,11.000000,1.0000,False,manual_box,photo_gameplay
Federico_sammelt_i_tried_the_new_season_[C-SDrECvTa4]_000330_f16f39fb_aug_photo_exposure_4b587688_aug_photo_gameplay.png,0,enemy,1,0.535259,0.593973,0.108751,0.277557,Federico_sammelt__i_tried_the_new_season [C-SDrECvTa4],330,11.000000,1.0000,False,manual_box,photo_gameplay
Federico_sammelt_i_tried_the_new_season_[C-SDrECvTa4]_000330_f16f39fb_aug_photo_exposure_4b587688_aug_photo_gameplay.png,0,enemy,1,0.587935,0.274385,0.037383,0.114195,Federico_sammelt__i_tried_the_new_season [C-SDrECvTa4],330,11.000000,1.0000,False,manual_box,photo_gameplay
Federico_sammelt_i_tried_the_new_season_[C-SDrECvTa4]_000330_f16f39fb_aug_photo_exposure_4b587688_aug_photo_gameplay.png,0,enemy,1,0.544180,0.095163,0.036534,0.101507,Federico_sammelt__i_tried_the_new_season [C-SDrECvTa4],330,11.000000,1.0000,False,manual_box,photo_gameplay
Federico_sammelt_i_tried_the_new_season_[C-SDrECvTa4]_000330_f16f39fb_aug_photo_exposure_4b587688_aug_photo_gameplay.png,0,enemy,1,0.505523,0.283902,0.032285,0.107851,Federico_sammelt__i_tried_the_new_season [C-SDrECvTa4],330,11.000000,1.0000,False,manual_box,photo_gameplay
Federico_sammelt_i_tried_the_new_season_[C-SDrECvTa4]_000330_f16f39fb_aug_photo_exposure_4b587688_aug_photo_gameplay.png,0,enemy,1,0.459218,0.269627,0.034834,0.085646,Federico_sammelt__i_tried_the_new_season [C-SDrECvTa4],330,11.000000,1.0000,False,manual_box,photo_gameplay
Federico_sammelt_i_tried_the_new_season_[C-SDrECvTa4]_000330_f16f39fb_aug_photo_exposure_4b587688_aug_photo_gameplay.png,0,enemy,1,0.413339,0.284695,0.033135,0.099921,Federico_sammelt__i_tried_the_new_season [C-SDrECvTa4],330,11.000000,1.0000,False,manual_box,photo_gameplay
Federico_sammelt_i_tried_the_new_season_[C-SDrECvTa4]_000330_f16f39fb_aug_photo_exposure_4b587688_aug_photo_gameplay.png,0,enemy,1,0.387001,0.288660,0.036534,0.101507,Federico_sammelt__i_tried_the_new_season [C-SDrECvTa4],330,11.000000,1.0000,False,manual_box,photo_gameplay
Federico_sammelt_i_tried_the_new_season_[C-SDrECvTa4]_000330_f16f39fb_aug_photo_exposure_4b587688_aug_affine_mild.png,1,player,1,0.405344,0.696924,0.169449,0.587792,Federico_sammelt__i_tried_the_new_season [C-SDrECvTa4],330,11.000000,1.0000,False,manual_box,affine_mild
Federico_sammelt_i_tried_the_new_season_[C-SDrECvTa4]_000330_f16f39fb_aug_photo_exposure_4b587688_aug_affine_mild.png,0,enemy,1,0.271741,0.776429,0.190626,0.447142,Federico_sammelt__i_tried_the_new_season [C-SDrECvTa4],330,11.000000,1.0000,False,manual_box,affine_mild
Federico_sammelt_i_tried_the_new_season_[C-SDrECvTa4]_000330_f16f39fb_aug_photo_exposure_4b587688_aug_affine_mild.png,0,enemy,1,0.545337,0.608914,0.102626,0.285506,Federico_sammelt__i_tried_the_new_season [C-SDrECvTa4],330,11.000000,1.0000,False,manual_box,affine_mild
Federico_sammelt_i_tried_the_new_season_[C-SDrECvTa4]_000330_f16f39fb_aug_photo_exposure_4b587688_aug_affine_mild.png,0,enemy,1,0.595485,0.284618,0.035322,0.117015,Federico_sammelt__i_tried_the_new_season [C-SDrECvTa4],330,11.000000,1.0000,False,manual_box,affine_mild
Federico_sammelt_i_tried_the_new_season_[C-SDrECvTa4]_000330_f16f39fb_aug_photo_exposure_4b587688_aug_affine_mild.png,0,enemy,1,0.554885,0.107248,0.034496,0.104216,Federico_sammelt__i_tried_the_new_season [C-SDrECvTa4],330,11.000000,1.0000,False,manual_box,affine_mild
Federico_sammelt_i_tried_the_new_season_[C-SDrECvTa4]_000330_f16f39fb_aug_photo_exposure_4b587688_aug_affine_mild.png,0,enemy,1,0.518191,0.299230,0.030527,0.110329,Federico_sammelt__i_tried_the_new_season [C-SDrECvTa4],330,11.000000,1.0000,False,manual_box,affine_mild
Federico_sammelt_i_tried_the_new_season_[C-SDrECvTa4]_000330_f16f39fb_aug_photo_exposure_4b587688_aug_affine_mild.png,0,enemy,1,0.474809,0.287727,0.032864,0.088177,Federico_sammelt__i_tried_the_new_season [C-SDrECvTa4],330,11.000000,1.0000,False,manual_box,affine_mild
Federico_sammelt_i_tried_the_new_season_[C-SDrECvTa4]_000330_f16f39fb_aug_photo_exposure_4b587688_aug_affine_mild.png,0,enemy,1,0.431756,0.305676,0.031305,0.102414,Federico_sammelt__i_tried_the_new_season [C-SDrECvTa4],330,11.000000,1.0000,False,manual_box,affine_mild
Federico_sammelt_i_tried_the_new_season_[C-SDrECvTa4]_000330_f16f39fb_aug_photo_exposure_4b587688_aug_affine_mild.png,0,enemy,1,0.407051,0.311274,0.034496,0.104216,Federico_sammelt__i_tried_the_new_season [C-SDrECvTa4],330,11.000000,1.0000,False,manual_box,affine_mild
Federico_sammelt_i_tried_the_new_season_[C-SDrECvTa4]_000330_f16f39fb_aug_photo_exposure_4b587688_aug_retarget_edge.png,1,player,1,0.642311,0.780777,0.179269,0.438446,Federico_sammelt__i_tried_the_new_season [C-SDrECvTa4],330,11.000000,1.0000,False,manual_box,retarget_edge
Federico_sammelt_i_tried_the_new_season_[C-SDrECvTa4]_000330_f16f39fb_aug_photo_exposure_4b587688_aug_retarget_edge.png,0,enemy,1,0.500000,0.851356,0.202209,0.297288,Federico_sammelt__i_tried_the_new_season [C-SDrECvTa4],330,11.000000,1.0000,False,manual_box,retarget_edge
Federico_sammelt_i_tried_the_new_season_[C-SDrECvTa4]_000330_f16f39fb_aug_photo_exposure_4b587688_aug_retarget_edge.png,0,enemy,1,0.791419,0.770119,0.108751,0.277557,Federico_sammelt__i_tried_the_new_season [C-SDrECvTa4],330,11.000000,1.0000,False,manual_box,retarget_edge
Federico_sammelt_i_tried_the_new_season_[C-SDrECvTa4]_000330_f16f39fb_aug_photo_exposure_4b587688_aug_retarget_edge.png,0,enemy,1,0.844095,0.450531,0.037383,0.114195,Federico_sammelt__i_tried_the_new_season [C-SDrECvTa4],330,11.000000,1.0000,False,manual_box,retarget_edge
Federico_sammelt_i_tried_the_new_season_[C-SDrECvTa4]_000330_f16f39fb_aug_photo_exposure_4b587688_aug_retarget_edge.png,0,enemy,1,0.800340,0.271309,0.036534,0.101507,Federico_sammelt__i_tried_the_new_season [C-SDrECvTa4],330,11.000000,1.0000,False,manual_box,retarget_edge
Federico_sammelt_i_tried_the_new_season_[C-SDrECvTa4]_000330_f16f39fb_aug_photo_exposure_4b587688_aug_retarget_edge.png,0,enemy,1,0.761683,0.460048,0.032285,0.107851,Federico_sammelt__i_tried_the_new_season [C-SDrECvTa4],330,11.000000,1.0000,False,manual_box,retarget_edge
Federico_sammelt_i_tried_the_new_season_[C-SDrECvTa4]_000330_f16f39fb_aug_photo_exposure_4b587688_aug_retarget_edge.png,0,enemy,1,0.715378,0.445773,0.034834,0.085646,Federico_sammelt__i_tried_the_new_season [C-SDrECvTa4],330,11.000000,1.0000,False,manual_box,retarget_edge
Federico_sammelt_i_tried_the_new_season_[C-SDrECvTa4]_000330_f16f39fb_aug_photo_exposure_4b587688_aug_retarget_edge.png,0,enemy,1,0.669499,0.460841,0.033135,0.099921,Federico_sammelt__i_tried_the_new_season [C-SDrECvTa4],330,11.000000,1.0000,False,manual_box,retarget_edge
Federico_sammelt_i_tried_the_new_season_[C-SDrECvTa4]_000330_f16f39fb_aug_photo_exposure_4b587688_aug_retarget_edge.png,0,enemy,1,0.643161,0.464806,0.036534,0.101507,Federico_sammelt__i_tried_the_new_season [C-SDrECvTa4],330,11.000000,1.0000,False,manual_box,retarget_edge
Federico_sammelt_i_tried_the_new_season_[C-SDrECvTa4]_000330_f16f39fb_aug_photo_exposure_4b587688_aug_retarget_corner.png,1,player,1,0.222311,0.780777,0.179269,0.438446,Federico_sammelt__i_tried_the_new_season [C-SDrECvTa4],330,11.000000,1.0000,False,manual_box,retarget_corner
Federico_sammelt_i_tried_the_new_season_[C-SDrECvTa4]_000330_f16f39fb_aug_photo_exposure_4b587688_aug_retarget_corner.png,0,enemy,1,0.090552,0.851356,0.181104,0.297288,Federico_sammelt__i_tried_the_new_season [C-SDrECvTa4],330,11.000000,1.0000,False,manual_box,retarget_corner
Federico_sammelt_i_tried_the_new_season_[C-SDrECvTa4]_000330_f16f39fb_aug_photo_exposure_4b587688_aug_retarget_corner.png,0,enemy,1,0.371419,0.770119,0.108751,0.277557,Federico_sammelt__i_tried_the_new_season [C-SDrECvTa4],330,11.000000,1.0000,False,manual_box,retarget_corner
Federico_sammelt_i_tried_the_new_season_[C-SDrECvTa4]_000330_f16f39fb_aug_photo_exposure_4b587688_aug_retarget_corner.png,0,enemy,1,0.424095,0.450531,0.037383,0.114195,Federico_sammelt__i_tried_the_new_season [C-SDrECvTa4],330,11.000000,1.0000,False,manual_box,retarget_corner
Federico_sammelt_i_tried_the_new_season_[C-SDrECvTa4]_000330_f16f39fb_aug_photo_exposure_4b587688_aug_retarget_corner.png,0,enemy,1,0.380340,0.271309,0.036534,0.101507,Federico_sammelt__i_tried_the_new_season [C-SDrECvTa4],330,11.000000,1.0000,False,manual_box,retarget_corner
Federico_sammelt_i_tried_the_new_season_[C-SDrECvTa4]_000330_f16f39fb_aug_photo_exposure_4b587688_aug_retarget_corner.png,0,enemy,1,0.341683,0.460048,0.032285,0.107851,Federico_sammelt__i_tried_the_new_season [C-SDrECvTa4],330,11.000000,1.0000,False,manual_box,retarget_corner
Federico_sammelt_i_tried_the_new_season_[C-SDrECvTa4]_000330_f16f39fb_aug_photo_exposure_4b587688_aug_retarget_corner.png,0,enemy,1,0.295378,0.445773,0.034834,0.085646,Federico_sammelt__i_tried_the_new_season [C-SDrECvTa4],330,11.000000,1.0000,False,manual_box,retarget_corner
Federico_sammelt_i_tried_the_new_season_[C-SDrECvTa4]_000330_f16f39fb_aug_photo_exposure_4b587688_aug_retarget_corner.png,0,enemy,1,0.249499,0.460841,0.033135,0.099921,Federico_sammelt__i_tried_the_new_season [C-SDrECvTa4],330,11.000000,1.0000,False,manual_box,retarget_corner
Federico_sammelt_i_tried_the_new_season_[C-SDrECvTa4]_000330_f16f39fb_aug_photo_exposure_4b587688_aug_retarget_corner.png,0,enemy,1,0.223161,0.464806,0.036534,0.101507,Federico_sammelt__i_tried_the_new_season [C-SDrECvTa4],330,11.000000,1.0000,False,manual_box,retarget_corner
Federico_sammelt_i_tried_the_new_season_[C-SDrECvTa4]_000330_f16f39fb_aug_photo_gameplay_11ef5df0_aug_original.png,1,player,1,0.386151,0.672482,0.179269,0.574148,Federico_sammelt__i_tried_the_new_season [C-SDrECvTa4],330,11.000000,1.0000,False,manual_box,original
Federico_sammelt_i_tried_the_new_season_[C-SDrECvTa4]_000330_f16f39fb_aug_photo_gameplay_11ef5df0_aug_original.png,0,enemy,1,0.243840,0.743854,0.202209,0.434576,Federico_sammelt__i_tried_the_new_season [C-SDrECvTa4],330,11.000000,1.0000,False,manual_box,original
Federico_sammelt_i_tried_the_new_season_[C-SDrECvTa4]_000330_f16f39fb_aug_photo_gameplay_11ef5df0_aug_original.png,0,enemy,1,0.535259,0.593973,0.108751,0.277557,Federico_sammelt__i_tried_the_new_season [C-SDrECvTa4],330,11.000000,1.0000,False,manual_box,original
Federico_sammelt_i_tried_the_new_season_[C-SDrECvTa4]_000330_f16f39fb_aug_photo_gameplay_11ef5df0_aug_original.png,0,enemy,1,0.587935,0.274385,0.037383,0.114195,Federico_sammelt__i_tried_the_new_season [C-SDrECvTa4],330,11.000000,1.0000,False,manual_box,original
Federico_sammelt_i_tried_the_new_season_[C-SDrECvTa4]_000330_f16f39fb_aug_photo_gameplay_11ef5df0_aug_original.png,0,enemy,1,0.544180,0.095163,0.036534,0.101507,Federico_sammelt__i_tried_the_new_season [C-SDrECvTa4],330,11.000000,1.0000,False,manual_box,original
Federico_sammelt_i_tried_the_new_season_[C-SDrECvTa4]_000330_f16f39fb_aug_photo_gameplay_11ef5df0_aug_original.png,0,enemy,1,0.505523,0.283902,0.032285,0.107851,Federico_sammelt__i_tried_the_new_season [C-SDrECvTa4],330,11.000000,1.0000,False,manual_box,original
Federico_sammelt_i_tried_the_new_season_[C-SDrECvTa4]_000330_f16f39fb_aug_photo_gameplay_11ef5df0_aug_original.png,0,enemy,1,0.459218,0.269627,0.034834,0.085646,Federico_sammelt__i_tried_the_new_season [C-SDrECvTa4],330,11.000000,1.0000,False,manual_box,original
Federico_sammelt_i_tried_the_new_season_[C-SDrECvTa4]_000330_f16f39fb_aug_photo_gameplay_11ef5df0_aug_original.png,0,enemy,1,0.413339,0.284695,0.033135,0.099921,Federico_sammelt__i_tried_the_new_season [C-SDrECvTa4],330,11.000000,1.0000,False,manual_box,original
Federico_sammelt_i_tried_the_new_season_[C-SDrECvTa4]_000330_f16f39fb_aug_photo_gameplay_11ef5df0_aug_original.png,0,enemy,1,0.387001,0.288660,0.036534,0.101507,Federico_sammelt__i_tried_the_new_season [C-SDrECvTa4],330,11.000000,1.0000,False,manual_box,original
Federico_sammelt_i_tried_the_new_season_[C-SDrECvTa4]_000330_f16f39fb_aug_photo_gameplay_11ef5df0_aug_photo_exposure.png,1,player,1,0.386151,0.672482,0.179269,0.574148,Federico_sammelt__i_tried_the_new_season [C-SDrECvTa4],330,11.000000,1.0000,False,manual_box,photo_exposure
Federico_sammelt_i_tried_the_new_season_[C-SDrECvTa4]_000330_f16f39fb_aug_photo_gameplay_11ef5df0_aug_photo_exposure.png,0,enemy,1,0.243840,0.743854,0.202209,0.434576,Federico_sammelt__i_tried_the_new_season [C-SDrECvTa4],330,11.000000,1.0000,False,manual_box,photo_exposure
Federico_sammelt_i_tried_the_new_season_[C-SDrECvTa4]_000330_f16f39fb_aug_photo_gameplay_11ef5df0_aug_photo_exposure.png,0,enemy,1,0.535259,0.593973,0.108751,0.277557,Federico_sammelt__i_tried_the_new_season [C-SDrECvTa4],330,11.000000,1.0000,False,manual_box,photo_exposure
Federico_sammelt_i_tried_the_new_season_[C-SDrECvTa4]_000330_f16f39fb_aug_photo_gameplay_11ef5df0_aug_photo_exposure.png,0,enemy,1,0.587935,0.274385,0.037383,0.114195,Federico_sammelt__i_tried_the_new_season [C-SDrECvTa4],330,11.000000,1.0000,False,manual_box,photo_exposure
Federico_sammelt_i_tried_the_new_season_[C-SDrECvTa4]_000330_f16f39fb_aug_photo_gameplay_11ef5df0_aug_photo_exposure.png,0,enemy,1,0.544180,0.095163,0.036534,0.101507,Federico_sammelt__i_tried_the_new_season [C-SDrECvTa4],330,11.000000,1.0000,False,manual_box,photo_exposure
Federico_sammelt_i_tried_the_new_season_[C-SDrECvTa4]_000330_f16f39fb_aug_photo_gameplay_11ef5df0_aug_photo_exposure.png,0,enemy,1,0.505523,0.283902,0.032285,0.107851,Federico_sammelt__i_tried_the_new_season [C-SDrECvTa4],330,11.000000,1.0000,False,manual_box,photo_exposure
Federico_sammelt_i_tried_the_new_season_[C-SDrECvTa4]_000330_f16f39fb_aug_photo_gameplay_11ef5df0_aug_photo_exposure.png,0,enemy,1,0.459218,0.269627,0.034834,0.085646,Federico_sammelt__i_tried_the_new_season [C-SDrECvTa4],330,11.000000,1.0000,False,manual_box,photo_exposure
Federico_sammelt_i_tried_the_new_season_[C-SDrECvTa4]_000330_f16f39fb_aug_photo_gameplay_11ef5df0_aug_photo_exposure.png,0,enemy,1,0.413339,0.284695,0.033135,0.099921,Federico_sammelt__i_tried_the_new_season [C-SDrECvTa4],330,11.000000,1.0000,False,manual_box,photo_exposure
Federico_sammelt_i_tried_the_new_season_[C-SDrECvTa4]_000330_f16f39fb_aug_photo_gameplay_11ef5df0_aug_photo_exposure.png,0,enemy,1,0.387001,0.288660,0.036534,0.101507,Federico_sammelt__i_tried_the_new_season [C-SDrECvTa4],330,11.000000,1.0000,False,manual_box,photo_exposure
Federico_sammelt_i_tried_the_new_season_[C-SDrECvTa4]_000330_f16f39fb_aug_photo_gameplay_11ef5df0_aug_photo_gameplay.png,1,player,1,0.386151,0.672482,0.179269,0.574148,Federico_sammelt__i_tried_the_new_season [C-SDrECvTa4],330,11.000000,1.0000,False,manual_box,photo_gameplay
Federico_sammelt_i_tried_the_new_season_[C-SDrECvTa4]_000330_f16f39fb_aug_photo_gameplay_11ef5df0_aug_photo_gameplay.png,0,enemy,1,0.243840,0.743854,0.202209,0.434576,Federico_sammelt__i_tried_the_new_season [C-SDrECvTa4],330,11.000000,1.0000,False,manual_box,photo_gameplay
Federico_sammelt_i_tried_the_new_season_[C-SDrECvTa4]_000330_f16f39fb_aug_photo_gameplay_11ef5df0_aug_photo_gameplay.png,0,enemy,1,0.535259,0.593973,0.108751,0.277557,Federico_sammelt__i_tried_the_new_season [C-SDrECvTa4],330,11.000000,1.0000,False,manual_box,photo_gameplay
Federico_sammelt_i_tried_the_new_season_[C-SDrECvTa4]_000330_f16f39fb_aug_photo_gameplay_11ef5df0_aug_photo_gameplay.png,0,enemy,1,0.587935,0.274385,0.037383,0.114195,Federico_sammelt__i_tried_the_new_season [C-SDrECvTa4],330,11.000000,1.0000,False,manual_box,photo_gameplay
Federico_sammelt_i_tried_the_new_season_[C-SDrECvTa4]_000330_f16f39fb_aug_photo_gameplay_11ef5df0_aug_photo_gameplay.png,0,enemy,1,0.544180,0.095163,0.036534,0.101507,Federico_sammelt__i_tried_the_new_season [C-SDrECvTa4],330,11.000000,1.0000,False,manual_box,photo_gameplay
Federico_sammelt_i_tried_the_new_season_[C-SDrECvTa4]_000330_f16f39fb_aug_photo_gameplay_11ef5df0_aug_photo_gameplay.png,0,enemy,1,0.505523,0.283902,0.032285,0.107851,Federico_sammelt__i_tried_the_new_season [C-SDrECvTa4],330,11.000000,1.0000,False,manual_box,photo_gameplay
Federico_sammelt_i_tried_the_new_season_[C-SDrECvTa4]_000330_f16f39fb_aug_photo_gameplay_11ef5df0_aug_photo_gameplay.png,0,enemy,1,0.459218,0.269627,0.034834,0.085646,Federico_sammelt__i_tried_the_new_season [C-SDrECvTa4],330,11.000000,1.0000,False,manual_box,photo_gameplay
Federico_sammelt_i_tried_the_new_season_[C-SDrECvTa4]_000330_f16f39fb_aug_photo_gameplay_11ef5df0_aug_photo_gameplay.png,0,enemy,1,0.413339,0.284695,0.033135,0.099921,Federico_sammelt__i_tried_the_new_season [C-SDrECvTa4],330,11.000000,1.0000,False,manual_box,photo_gameplay
Federico_sammelt_i_tried_the_new_season_[C-SDrECvTa4]_000330_f16f39fb_aug_photo_gameplay_11ef5df0_aug_photo_gameplay.png,0,enemy,1,0.387001,0.288660,0.036534,0.101507,Federico_sammelt__i_tried_the_new_season [C-SDrECvTa4],330,11.000000,1.0000,False,manual_box,photo_gameplay
Federico_sammelt_i_tried_the_new_season_[C-SDrECvTa4]_000330_f16f39fb_aug_photo_gameplay_11ef5df0_aug_affine_mild.png,1,player,1,0.598700,0.664495,0.184562,0.620446,Federico_sammelt__i_tried_the_new_season [C-SDrECvTa4],330,11.000000,1.0000,False,manual_box,affine_mild
Federico_sammelt_i_tried_the_new_season_[C-SDrECvTa4]_000330_f16f39fb_aug_photo_gameplay_11ef5df0_aug_affine_mild.png,0,enemy,1,0.727045,0.753392,0.200837,0.476142,Federico_sammelt__i_tried_the_new_season [C-SDrECvTa4],330,11.000000,1.0000,False,manual_box,affine_mild
Federico_sammelt_i_tried_the_new_season_[C-SDrECvTa4]_000330_f16f39fb_aug_photo_gameplay_11ef5df0_aug_affine_mild.png,0,enemy,1,0.464353,0.567438,0.109524,0.302104,Federico_sammelt__i_tried_the_new_season [C-SDrECvTa4],330,11.000000,1.0000,False,manual_box,affine_mild
Federico_sammelt_i_tried_the_new_season_[C-SDrECvTa4]_000330_f16f39fb_aug_photo_gameplay_11ef5df0_aug_affine_mild.png,0,enemy,1,0.426950,0.226699,0.038296,0.123573,Federico_sammelt__i_tried_the_new_season [C-SDrECvTa4],330,11.000000,1.0000,False,manual_box,affine_mild
Federico_sammelt_i_tried_the_new_season_[C-SDrECvTa4]_000330_f16f39fb_aug_photo_gameplay_11ef5df0_aug_affine_mild.png,0,enemy,1,0.473344,0.048943,0.037079,0.097886,Federico_sammelt__i_tried_the_new_season [C-SDrECvTa4],330,11.000000,1.0000,False,manual_box,affine_mild
Federico_sammelt_i_tried_the_new_season_[C-SDrECvTa4]_000330_f16f39fb_aug_photo_gameplay_11ef5df0_aug_affine_mild.png,0,enemy,1,0.502371,0.244773,0.033392,0.116412,Federico_sammelt__i_tried_the_new_season [C-SDrECvTa4],330,11.000000,1.0000,False,manual_box,affine_mild
Federico_sammelt_i_tried_the_new_season_[C-SDrECvTa4]_000330_f16f39fb_aug_photo_gameplay_11ef5df0_aug_affine_mild.png,0,enemy,1,0.545424,0.234325,0.034969,0.093346,Federico_sammelt__i_tried_the_new_season [C-SDrECvTa4],330,11.000000,1.0000,False,manual_box,affine_mild
Federico_sammelt_i_tried_the_new_season_[C-SDrECvTa4]_000330_f16f39fb_aug_photo_gameplay_11ef5df0_aug_affine_mild.png,0,enemy,1,0.587075,0.254645,0.033900,0.108168,Federico_sammelt__i_tried_the_new_season [C-SDrECvTa4],330,11.000000,1.0000,False,manual_box,affine_mild
Federico_sammelt_i_tried_the_new_season_[C-SDrECvTa4]_000330_f16f39fb_aug_photo_gameplay_11ef5df0_aug_affine_mild.png,0,enemy,1,0.611147,0.261391,0.037079,0.110167,Federico_sammelt__i_tried_the_new_season [C-SDrECvTa4],330,11.000000,1.0000,False,manual_box,affine_mild
Federico_sammelt_i_tried_the_new_season_[C-SDrECvTa4]_000330_f16f39fb_aug_photo_gameplay_11ef5df0_aug_retarget_edge.png,1,player,1,0.642311,0.780777,0.179269,0.438446,Federico_sammelt__i_tried_the_new_season [C-SDrECvTa4],330,11.000000,1.0000,False,manual_box,retarget_edge
Federico_sammelt_i_tried_the_new_season_[C-SDrECvTa4]_000330_f16f39fb_aug_photo_gameplay_11ef5df0_aug_retarget_edge.png,0,enemy,1,0.500000,0.851356,0.202209,0.297288,Federico_sammelt__i_tried_the_new_season [C-SDrECvTa4],330,11.000000,1.0000,False,manual_box,retarget_edge
Federico_sammelt_i_tried_the_new_season_[C-SDrECvTa4]_000330_f16f39fb_aug_photo_gameplay_11ef5df0_aug_retarget_edge.png,0,enemy,1,0.791419,0.770119,0.108751,0.277557,Federico_sammelt__i_tried_the_new_season [C-SDrECvTa4],330,11.000000,1.0000,False,manual_box,retarget_edge
Federico_sammelt_i_tried_the_new_season_[C-SDrECvTa4]_000330_f16f39fb_aug_photo_gameplay_11ef5df0_aug_retarget_edge.png,0,enemy,1,0.844095,0.450531,0.037383,0.114195,Federico_sammelt__i_tried_the_new_season [C-SDrECvTa4],330,11.000000,1.0000,False,manual_box,retarget_edge
Federico_sammelt_i_tried_the_new_season_[C-SDrECvTa4]_000330_f16f39fb_aug_photo_gameplay_11ef5df0_aug_retarget_edge.png,0,enemy,1,0.800340,0.271309,0.036534,0.101507,Federico_sammelt__i_tried_the_new_season [C-SDrECvTa4],330,11.000000,1.0000,False,manual_box,retarget_edge
Federico_sammelt_i_tried_the_new_season_[C-SDrECvTa4]_000330_f16f39fb_aug_photo_gameplay_11ef5df0_aug_retarget_edge.png,0,enemy,1,0.761683,0.460048,0.032285,0.107851,Federico_sammelt__i_tried_the_new_season [C-SDrECvTa4],330,11.000000,1.0000,False,manual_box,retarget_edge
Federico_sammelt_i_tried_the_new_season_[C-SDrECvTa4]_000330_f16f39fb_aug_photo_gameplay_11ef5df0_aug_retarget_edge.png,0,enemy,1,0.715378,0.445773,0.034834,0.085646,Federico_sammelt__i_tried_the_new_season [C-SDrECvTa4],330,11.000000,1.0000,False,manual_box,retarget_edge
Federico_sammelt_i_tried_the_new_season_[C-SDrECvTa4]_000330_f16f39fb_aug_photo_gameplay_11ef5df0_aug_retarget_edge.png,0,enemy,1,0.669499,0.460841,0.033135,0.099921,Federico_sammelt__i_tried_the_new_season [C-SDrECvTa4],330,11.000000,1.0000,False,manual_box,retarget_edge
Federico_sammelt_i_tried_the_new_season_[C-SDrECvTa4]_000330_f16f39fb_aug_photo_gameplay_11ef5df0_aug_retarget_edge.png,0,enemy,1,0.643161,0.464806,0.036534,0.101507,Federico_sammelt__i_tried_the_new_season [C-SDrECvTa4],330,11.000000,1.0000,False,manual_box,retarget_edge
Federico_sammelt_i_tried_the_new_season_[C-SDrECvTa4]_000330_f16f39fb_aug_photo_gameplay_11ef5df0_aug_retarget_corner.png,1,player,1,0.222311,0.780777,0.179269,0.438446,Federico_sammelt__i_tried_the_new_season [C-SDrECvTa4],330,11.000000,1.0000,False,manual_box,retarget_corner
Federico_sammelt_i_tried_the_new_season_[C-SDrECvTa4]_000330_f16f39fb_aug_photo_gameplay_11ef5df0_aug_retarget_corner.png,0,enemy,1,0.090552,0.851356,0.181104,0.297288,Federico_sammelt__i_tried_the_new_season [C-SDrECvTa4],330,11.000000,1.0000,False,manual_box,retarget_corner
Federico_sammelt_i_tried_the_new_season_[C-SDrECvTa4]_000330_f16f39fb_aug_photo_gameplay_11ef5df0_aug_retarget_corner.png,0,enemy,1,0.371419,0.770119,0.108751,0.277557,Federico_sammelt__i_tried_the_new_season [C-SDrECvTa4],330,11.000000,1.0000,False,manual_box,retarget_corner
Federico_sammelt_i_tried_the_new_season_[C-SDrECvTa4]_000330_f16f39fb_aug_photo_gameplay_11ef5df0_aug_retarget_corner.png,0,enemy,1,0.424095,0.450531,0.037383,0.114195,Federico_sammelt__i_tried_the_new_season [C-SDrECvTa4],330,11.000000,1.0000,False,manual_box,retarget_corner
Federico_sammelt_i_tried_the_new_season_[C-SDrECvTa4]_000330_f16f39fb_aug_photo_gameplay_11ef5df0_aug_retarget_corner.png,0,enemy,1,0.380340,0.271309,0.036534,0.101507,Federico_sammelt__i_tried_the_new_season [C-SDrECvTa4],330,11.000000,1.0000,False,manual_box,retarget_corner
Federico_sammelt_i_tried_the_new_season_[C-SDrECvTa4]_000330_f16f39fb_aug_photo_gameplay_11ef5df0_aug_retarget_corner.png,0,enemy,1,0.341683,0.460048,0.032285,0.107851,Federico_sammelt__i_tried_the_new_season [C-SDrECvTa4],330,11.000000,1.0000,False,manual_box,retarget_corner
Federico_sammelt_i_tried_the_new_season_[C-SDrECvTa4]_000330_f16f39fb_aug_photo_gameplay_11ef5df0_aug_retarget_corner.png,0,enemy,1,0.295378,0.445773,0.034834,0.085646,Federico_sammelt__i_tried_the_new_season [C-SDrECvTa4],330,11.000000,1.0000,False,manual_box,retarget_corner
Federico_sammelt_i_tried_the_new_season_[C-SDrECvTa4]_000330_f16f39fb_aug_photo_gameplay_11ef5df0_aug_retarget_corner.png,0,enemy,1,0.249499,0.460841,0.033135,0.099921,Federico_sammelt__i_tried_the_new_season [C-SDrECvTa4],330,11.000000,1.0000,False,manual_box,retarget_corner
Federico_sammelt_i_tried_the_new_season_[C-SDrECvTa4]_000330_f16f39fb_aug_photo_gameplay_11ef5df0_aug_retarget_corner.png,0,enemy,1,0.223161,0.464806,0.036534,0.101507,Federico_sammelt__i_tried_the_new_season [C-SDrECvTa4],330,11.000000,1.0000,False,manual_box,retarget_corner
Federico_sammelt_i_tried_the_new_season_[C-SDrECvTa4]_000330_f16f39fb_aug_affine_mild_fa07ddbd_aug_original.png,1,player,1,0.579738,0.706015,0.166742,0.587970,Federico_sammelt__i_tried_the_new_season [C-SDrECvTa4],330,11.000000,1.0000,False,manual_box,original
Federico_sammelt_i_tried_the_new_season_[C-SDrECvTa4]_000330_f16f39fb_aug_affine_mild_fa07ddbd_aug_original.png,0,enemy,1,0.710971,0.786027,0.187621,0.427946,Federico_sammelt__i_tried_the_new_season [C-SDrECvTa4],330,11.000000,1.0000,False,manual_box,original
Federico_sammelt_i_tried_the_new_season_[C-SDrECvTa4]_000330_f16f39fb_aug_affine_mild_fa07ddbd_aug_original.png,0,enemy,1,0.442246,0.621026,0.101000,0.298529,Federico_sammelt__i_tried_the_new_season [C-SDrECvTa4],330,11.000000,1.0000,False,manual_box,original
Federico_sammelt_i_tried_the_new_season_[C-SDrECvTa4]_000330_f16f39fb_aug_affine_mild_fa07ddbd_aug_original.png,0,enemy,1,0.394301,0.285166,0.034759,0.122024,Federico_sammelt__i_tried_the_new_season [C-SDrECvTa4],330,11.000000,1.0000,False,manual_box,original
Federico_sammelt_i_tried_the_new_season_[C-SDrECvTa4]_000330_f16f39fb_aug_affine_mild_fa07ddbd_aug_original.png,0,enemy,1,0.435082,0.104775,0.033948,0.108825,Federico_sammelt__i_tried_the_new_season [C-SDrECvTa4],330,11.000000,1.0000,False,manual_box,original
Federico_sammelt_i_tried_the_new_season_[C-SDrECvTa4]_000330_f16f39fb_aug_affine_mild_fa07ddbd_aug_original.png,0,enemy,1,0.470366,0.303944,0.030039,0.114918,Federico_sammelt__i_tried_the_new_season [C-SDrECvTa4],330,11.000000,1.0000,False,manual_box,original
Federico_sammelt_i_tried_the_new_season_[C-SDrECvTa4]_000330_f16f39fb_aug_affine_mild_fa07ddbd_aug_original.png,0,enemy,1,0.513147,0.294224,0.032344,0.092256,Federico_sammelt__i_tried_the_new_season [C-SDrECvTa4],330,11.000000,1.0000,False,manual_box,original
Federico_sammelt_i_tried_the_new_season_[C-SDrECvTa4]_000330_f16f39fb_aug_affine_mild_fa07ddbd_aug_original.png,0,enemy,1,0.555472,0.314770,0.030806,0.106818,Federico_sammelt__i_tried_the_new_season [C-SDrECvTa4],330,11.000000,1.0000,False,manual_box,original
Federico_sammelt_i_tried_the_new_season_[C-SDrECvTa4]_000330_f16f39fb_aug_affine_mild_fa07ddbd_aug_original.png,0,enemy,1,0.579779,0.321726,0.033948,0.108825,Federico_sammelt__i_tried_the_new_season [C-SDrECvTa4],330,11.000000,1.0000,False,manual_box,original
Federico_sammelt_i_tried_the_new_season_[C-SDrECvTa4]_000330_f16f39fb_aug_affine_mild_fa07ddbd_aug_photo_exposure.png,1,player,1,0.579738,0.706015,0.166742,0.587970,Federico_sammelt__i_tried_the_new_season [C-SDrECvTa4],330,11.000000,1.0000,False,manual_box,photo_exposure
Federico_sammelt_i_tried_the_new_season_[C-SDrECvTa4]_000330_f16f39fb_aug_affine_mild_fa07ddbd_aug_photo_exposure.png,0,enemy,1,0.710971,0.786027,0.187621,0.427946,Federico_sammelt__i_tried_the_new_season [C-SDrECvTa4],330,11.000000,1.0000,False,manual_box,photo_exposure
Federico_sammelt_i_tried_the_new_season_[C-SDrECvTa4]_000330_f16f39fb_aug_affine_mild_fa07ddbd_aug_photo_exposure.png,0,enemy,1,0.442246,0.621026,0.101000,0.298529,Federico_sammelt__i_tried_the_new_season [C-SDrECvTa4],330,11.000000,1.0000,False,manual_box,photo_exposure
Federico_sammelt_i_tried_the_new_season_[C-SDrECvTa4]_000330_f16f39fb_aug_affine_mild_fa07ddbd_aug_photo_exposure.png,0,enemy,1,0.394301,0.285166,0.034759,0.122024,Federico_sammelt__i_tried_the_new_season [C-SDrECvTa4],330,11.000000,1.0000,False,manual_box,photo_exposure
Federico_sammelt_i_tried_the_new_season_[C-SDrECvTa4]_000330_f16f39fb_aug_affine_mild_fa07ddbd_aug_photo_exposure.png,0,enemy,1,0.435082,0.104775,0.033948,0.108825,Federico_sammelt__i_tried_the_new_season [C-SDrECvTa4],330,11.000000,1.0000,False,manual_box,photo_exposure
Federico_sammelt_i_tried_the_new_season_[C-SDrECvTa4]_000330_f16f39fb_aug_affine_mild_fa07ddbd_aug_photo_exposure.png,0,enemy,1,0.470366,0.303944,0.030039,0.114918,Federico_sammelt__i_tried_the_new_season [C-SDrECvTa4],330,11.000000,1.0000,False,manual_box,photo_exposure
Federico_sammelt_i_tried_the_new_season_[C-SDrECvTa4]_000330_f16f39fb_aug_affine_mild_fa07ddbd_aug_photo_exposure.png,0,enemy,1,0.513147,0.294224,0.032344,0.092256,Federico_sammelt__i_tried_the_new_season [C-SDrECvTa4],330,11.000000,1.0000,False,manual_box,photo_exposure
Federico_sammelt_i_tried_the_new_season_[C-SDrECvTa4]_000330_f16f39fb_aug_affine_mild_fa07ddbd_aug_photo_exposure.png,0,enemy,1,0.555472,0.314770,0.030806,0.106818,Federico_sammelt__i_tried_the_new_season [C-SDrECvTa4],330,11.000000,1.0000,False,manual_box,photo_exposure
Federico_sammelt_i_tried_the_new_season_[C-SDrECvTa4]_000330_f16f39fb_aug_affine_mild_fa07ddbd_aug_photo_exposure.png,0,enemy,1,0.579779,0.321726,0.033948,0.108825,Federico_sammelt__i_tried_the_new_season [C-SDrECvTa4],330,11.000000,1.0000,False,manual_box,photo_exposure
Federico_sammelt_i_tried_the_new_season_[C-SDrECvTa4]_000330_f16f39fb_aug_affine_mild_fa07ddbd_aug_photo_gameplay.png,1,player,1,0.579738,0.706015,0.166742,0.587970,Federico_sammelt__i_tried_the_new_season [C-SDrECvTa4],330,11.000000,1.0000,False,manual_box,photo_gameplay
Federico_sammelt_i_tried_the_new_season_[C-SDrECvTa4]_000330_f16f39fb_aug_affine_mild_fa07ddbd_aug_photo_gameplay.png,0,enemy,1,0.710971,0.786027,0.187621,0.427946,Federico_sammelt__i_tried_the_new_season [C-SDrECvTa4],330,11.000000,1.0000,False,manual_box,photo_gameplay
Federico_sammelt_i_tried_the_new_season_[C-SDrECvTa4]_000330_f16f39fb_aug_affine_mild_fa07ddbd_aug_photo_gameplay.png,0,enemy,1,0.442246,0.621026,0.101000,0.298529,Federico_sammelt__i_tried_the_new_season [C-SDrECvTa4],330,11.000000,1.0000,False,manual_box,photo_gameplay
Federico_sammelt_i_tried_the_new_season_[C-SDrECvTa4]_000330_f16f39fb_aug_affine_mild_fa07ddbd_aug_photo_gameplay.png,0,enemy,1,0.394301,0.285166,0.034759,0.122024,Federico_sammelt__i_tried_the_new_season [C-SDrECvTa4],330,11.000000,1.0000,False,manual_box,photo_gameplay
Federico_sammelt_i_tried_the_new_season_[C-SDrECvTa4]_000330_f16f39fb_aug_affine_mild_fa07ddbd_aug_photo_gameplay.png,0,enemy,1,0.435082,0.104775,0.033948,0.108825,Federico_sammelt__i_tried_the_new_season [C-SDrECvTa4],330,11.000000,1.0000,False,manual_box,photo_gameplay
Federico_sammelt_i_tried_the_new_season_[C-SDrECvTa4]_000330_f16f39fb_aug_affine_mild_fa07ddbd_aug_photo_gameplay.png,0,enemy,1,0.470366,0.303944,0.030039,0.114918,Federico_sammelt__i_tried_the_new_season [C-SDrECvTa4],330,11.000000,1.0000,False,manual_box,photo_gameplay
Federico_sammelt_i_tried_the_new_season_[C-SDrECvTa4]_000330_f16f39fb_aug_affine_mild_fa07ddbd_aug_photo_gameplay.png,0,enemy,1,0.513147,0.294224,0.032344,0.092256,Federico_sammelt__i_tried_the_new_season [C-SDrECvTa4],330,11.000000,1.0000,False,manual_box,photo_gameplay
Federico_sammelt_i_tried_the_new_season_[C-SDrECvTa4]_000330_f16f39fb_aug_affine_mild_fa07ddbd_aug_photo_gameplay.png,0,enemy,1,0.555472,0.314770,0.030806,0.106818,Federico_sammelt__i_tried_the_new_season [C-SDrECvTa4],330,11.000000,1.0000,False,manual_box,photo_gameplay
Federico_sammelt_i_tried_the_new_season_[C-SDrECvTa4]_000330_f16f39fb_aug_affine_mild_fa07ddbd_aug_photo_gameplay.png,0,enemy,1,0.579779,0.321726,0.033948,0.108825,Federico_sammelt__i_tried_the_new_season [C-SDrECvTa4],330,11.000000,1.0000,False,manual_box,photo_gameplay
Federico_sammelt_i_tried_the_new_season_[C-SDrECvTa4]_000330_f16f39fb_aug_affine_mild_fa07ddbd_aug_affine_mild.png,1,player,1,0.354293,0.708498,0.184798,0.583005,Federico_sammelt__i_tried_the_new_season [C-SDrECvTa4],330,11.000000,1.0000,False,manual_box,affine_mild
Federico_sammelt_i_tried_the_new_season_[C-SDrECvTa4]_000330_f16f39fb_aug_affine_mild_fa07ddbd_aug_affine_mild.png,0,enemy,1,0.219239,0.785973,0.201595,0.428053,Federico_sammelt__i_tried_the_new_season [C-SDrECvTa4],330,11.000000,1.0000,False,manual_box,affine_mild
Federico_sammelt_i_tried_the_new_season_[C-SDrECvTa4]_000330_f16f39fb_aug_affine_mild_fa07ddbd_aug_affine_mild.png,0,enemy,1,0.495820,0.634414,0.110373,0.302608,Federico_sammelt__i_tried_the_new_season [C-SDrECvTa4],330,11.000000,1.0000,False,manual_box,affine_mild
Federico_sammelt_i_tried_the_new_season_[C-SDrECvTa4]_000330_f16f39fb_aug_affine_mild_fa07ddbd_aug_affine_mild.png,0,enemy,1,0.553484,0.299955,0.038508,0.123449,Federico_sammelt__i_tried_the_new_season [C-SDrECvTa4],330,11.000000,1.0000,False,manual_box,affine_mild
Federico_sammelt_i_tried_the_new_season_[C-SDrECvTa4]_000330_f16f39fb_aug_affine_mild_fa07ddbd_aug_affine_mild.png,0,enemy,1,0.517087,0.117850,0.037329,0.110206,Federico_sammelt__i_tried_the_new_season [C-SDrECvTa4],330,11.000000,1.0000,False,manual_box,affine_mild
Federico_sammelt_i_tried_the_new_season_[C-SDrECvTa4]_000330_f16f39fb_aug_affine_mild_fa07ddbd_aug_affine_mild.png,0,enemy,1,0.475953,0.315934,0.033536,0.116161,Federico_sammelt__i_tried_the_new_season [C-SDrECvTa4],330,11.000000,1.0000,False,manual_box,affine_mild
Federico_sammelt_i_tried_the_new_season_[C-SDrECvTa4]_000330_f16f39fb_aug_affine_mild_fa07ddbd_aug_affine_mild.png,0,enemy,1,0.432899,0.304617,0.035255,0.093559,Federico_sammelt__i_tried_the_new_season [C-SDrECvTa4],330,11.000000,1.0000,False,manual_box,affine_mild
Federico_sammelt_i_tried_the_new_season_[C-SDrECvTa4]_000330_f16f39fb_aug_affine_mild_fa07ddbd_aug_affine_mild.png,0,enemy,1,0.389484,0.323617,0.034093,0.108080,Federico_sammelt__i_tried_the_new_season [C-SDrECvTa4],330,11.000000,1.0000,False,manual_box,affine_mild
Federico_sammelt_i_tried_the_new_season_[C-SDrECvTa4]_000330_f16f39fb_aug_affine_mild_fa07ddbd_aug_affine_mild.png,0,enemy,1,0.364683,0.329679,0.037329,0.110206,Federico_sammelt__i_tried_the_new_season [C-SDrECvTa4],330,11.000000,1.0000,False,manual_box,affine_mild
Federico_sammelt_i_tried_the_new_season_[C-SDrECvTa4]_000330_f16f39fb_aug_affine_mild_fa07ddbd_aug_retarget_edge.png,1,player,1,0.368767,0.773002,0.166742,0.453997,Federico_sammelt__i_tried_the_new_season [C-SDrECvTa4],330,11.000000,1.0000,False,manual_box,retarget_edge
Federico_sammelt_i_tried_the_new_season_[C-SDrECvTa4]_000330_f16f39fb_aug_affine_mild_fa07ddbd_aug_retarget_edge.png,0,enemy,1,0.500000,0.853014,0.187621,0.293973,Federico_sammelt__i_tried_the_new_season [C-SDrECvTa4],330,11.000000,1.0000,False,manual_box,retarget_edge
Federico_sammelt_i_tried_the_new_season_[C-SDrECvTa4]_000330_f16f39fb_aug_affine_mild_fa07ddbd_aug_retarget_edge.png,0,enemy,1,0.231275,0.754999,0.101000,0.298529,Federico_sammelt__i_tried_the_new_season [C-SDrECvTa4],330,11.000000,1.0000,False,manual_box,retarget_edge
Federico_sammelt_i_tried_the_new_season_[C-SDrECvTa4]_000330_f16f39fb_aug_affine_mild_fa07ddbd_aug_retarget_edge.png,0,enemy,1,0.183330,0.419139,0.034759,0.122024,Federico_sammelt__i_tried_the_new_season [C-SDrECvTa4],330,11.000000,1.0000,False,manual_box,retarget_edge
Federico_sammelt_i_tried_the_new_season_[C-SDrECvTa4]_000330_f16f39fb_aug_affine_mild_fa07ddbd_aug_retarget_edge.png,0,enemy,1,0.224111,0.238748,0.033948,0.108825,Federico_sammelt__i_tried_the_new_season [C-SDrECvTa4],330,11.000000,1.0000,False,manual_box,retarget_edge
Federico_sammelt_i_tried_the_new_season_[C-SDrECvTa4]_000330_f16f39fb_aug_affine_mild_fa07ddbd_aug_retarget_edge.png,0,enemy,1,0.259395,0.437917,0.030039,0.114918,Federico_sammelt__i_tried_the_new_season [C-SDrECvTa4],330,11.000000,1.0000,False,manual_box,retarget_edge
Federico_sammelt_i_tried_the_new_season_[C-SDrECvTa4]_000330_f16f39fb_aug_affine_mild_fa07ddbd_aug_retarget_edge.png,0,enemy,1,0.302176,0.428197,0.032344,0.092256,Federico_sammelt__i_tried_the_new_season [C-SDrECvTa4],330,11.000000,1.0000,False,manual_box,retarget_edge
Federico_sammelt_i_tried_the_new_season_[C-SDrECvTa4]_000330_f16f39fb_aug_affine_mild_fa07ddbd_aug_retarget_edge.png,0,enemy,1,0.344501,0.448743,0.030806,0.106818,Federico_sammelt__i_tried_the_new_season [C-SDrECvTa4],330,11.000000,1.0000,False,manual_box,retarget_edge
Federico_sammelt_i_tried_the_new_season_[C-SDrECvTa4]_000330_f16f39fb_aug_affine_mild_fa07ddbd_aug_retarget_edge.png,0,enemy,1,0.368808,0.455699,0.033948,0.108825,Federico_sammelt__i_tried_the_new_season [C-SDrECvTa4],330,11.000000,1.0000,False,manual_box,retarget_edge
Federico_sammelt_i_tried_the_new_season_[C-SDrECvTa4]_000330_f16f39fb_aug_affine_mild_fa07ddbd_aug_retarget_corner.png,1,player,1,0.788767,0.773002,0.166742,0.453997,Federico_sammelt__i_tried_the_new_season [C-SDrECvTa4],330,11.000000,1.0000,False,manual_box,retarget_corner
Federico_sammelt_i_tried_the_new_season_[C-SDrECvTa4]_000330_f16f39fb_aug_affine_mild_fa07ddbd_aug_retarget_corner.png,0,enemy,1,0.913095,0.853014,0.173810,0.293973,Federico_sammelt__i_tried_the_new_season [C-SDrECvTa4],330,11.000000,1.0000,False,manual_box,retarget_corner
Federico_sammelt_i_tried_the_new_season_[C-SDrECvTa4]_000330_f16f39fb_aug_affine_mild_fa07ddbd_aug_retarget_corner.png,0,enemy,1,0.651275,0.754999,0.101000,0.298529,Federico_sammelt__i_tried_the_new_season [C-SDrECvTa4],330,11.000000,1.0000,False,manual_box,retarget_corner
Federico_sammelt_i_tried_the_new_season_[C-SDrECvTa4]_000330_f16f39fb_aug_affine_mild_fa07ddbd_aug_retarget_corner.png,0,enemy,1,0.603330,0.419139,0.034759,0.122024,Federico_sammelt__i_tried_the_new_season [C-SDrECvTa4],330,11.000000,1.0000,False,manual_box,retarget_corner
Federico_sammelt_i_tried_the_new_season_[C-SDrECvTa4]_000330_f16f39fb_aug_affine_mild_fa07ddbd_aug_retarget_corner.png,0,enemy,1,0.644111,0.238748,0.033948,0.108825,Federico_sammelt__i_tried_the_new_season [C-SDrECvTa4],330,11.000000,1.0000,False,manual_box,retarget_corner
Federico_sammelt_i_tried_the_new_season_[C-SDrECvTa4]_000330_f16f39fb_aug_affine_mild_fa07ddbd_aug_retarget_corner.png,0,enemy,1,0.679395,0.437917,0.030039,0.114918,Federico_sammelt__i_tried_the_new_season [C-SDrECvTa4],330,11.000000,1.0000,False,manual_box,retarget_corner
Federico_sammelt_i_tried_the_new_season_[C-SDrECvTa4]_000330_f16f39fb_aug_affine_mild_fa07ddbd_aug_retarget_corner.png,0,enemy,1,0.722176,0.428197,0.032344,0.092256,Federico_sammelt__i_tried_the_new_season [C-SDrECvTa4],330,11.000000,1.0000,False,manual_box,retarget_corner
Federico_sammelt_i_tried_the_new_season_[C-SDrECvTa4]_000330_f16f39fb_aug_affine_mild_fa07ddbd_aug_retarget_corner.png,0,enemy,1,0.764501,0.448743,0.030806,0.106818,Federico_sammelt__i_tried_the_new_season [C-SDrECvTa4],330,11.000000,1.0000,False,manual_box,retarget_corner
Federico_sammelt_i_tried_the_new_season_[C-SDrECvTa4]_000330_f16f39fb_aug_affine_mild_fa07ddbd_aug_retarget_corner.png,0,enemy,1,0.788808,0.455699,0.033948,0.108825,Federico_sammelt__i_tried_the_new_season [C-SDrECvTa4],330,11.000000,1.0000,False,manual_box,retarget_corner
Federico_sammelt_i_tried_the_new_season_[C-SDrECvTa4]_000330_f16f39fb_aug_retarget_edge_497b068e_aug_original.png,1,player,1,0.642311,0.780777,0.179269,0.438446,Federico_sammelt__i_tried_the_new_season [C-SDrECvTa4],330,11.000000,1.0000,False,manual_box,original
Federico_sammelt_i_tried_the_new_season_[C-SDrECvTa4]_000330_f16f39fb_aug_retarget_edge_497b068e_aug_original.png,0,enemy,1,0.500000,0.851356,0.202209,0.297288,Federico_sammelt__i_tried_the_new_season [C-SDrECvTa4],330,11.000000,1.0000,False,manual_box,original
Federico_sammelt_i_tried_the_new_season_[C-SDrECvTa4]_000330_f16f39fb_aug_retarget_edge_497b068e_aug_original.png,0,enemy,1,0.791419,0.770119,0.108751,0.277557,Federico_sammelt__i_tried_the_new_season [C-SDrECvTa4],330,11.000000,1.0000,False,manual_box,original
Federico_sammelt_i_tried_the_new_season_[C-SDrECvTa4]_000330_f16f39fb_aug_retarget_edge_497b068e_aug_original.png,0,enemy,1,0.844095,0.450531,0.037383,0.114195,Federico_sammelt__i_tried_the_new_season [C-SDrECvTa4],330,11.000000,1.0000,False,manual_box,original
Federico_sammelt_i_tried_the_new_season_[C-SDrECvTa4]_000330_f16f39fb_aug_retarget_edge_497b068e_aug_original.png,0,enemy,1,0.800340,0.271309,0.036534,0.101507,Federico_sammelt__i_tried_the_new_season [C-SDrECvTa4],330,11.000000,1.0000,False,manual_box,original
Federico_sammelt_i_tried_the_new_season_[C-SDrECvTa4]_000330_f16f39fb_aug_retarget_edge_497b068e_aug_original.png,0,enemy,1,0.761683,0.460048,0.032285,0.107851,Federico_sammelt__i_tried_the_new_season [C-SDrECvTa4],330,11.000000,1.0000,False,manual_box,original
Federico_sammelt_i_tried_the_new_season_[C-SDrECvTa4]_000330_f16f39fb_aug_retarget_edge_497b068e_aug_original.png,0,enemy,1,0.715378,0.445773,0.034834,0.085646,Federico_sammelt__i_tried_the_new_season [C-SDrECvTa4],330,11.000000,1.0000,False,manual_box,original
Federico_sammelt_i_tried_the_new_season_[C-SDrECvTa4]_000330_f16f39fb_aug_retarget_edge_497b068e_aug_original.png,0,enemy,1,0.669499,0.460841,0.033135,0.099921,Federico_sammelt__i_tried_the_new_season [C-SDrECvTa4],330,11.000000,1.0000,False,manual_box,original
Federico_sammelt_i_tried_the_new_season_[C-SDrECvTa4]_000330_f16f39fb_aug_retarget_edge_497b068e_aug_original.png,0,enemy,1,0.643161,0.464806,0.036534,0.101507,Federico_sammelt__i_tried_the_new_season [C-SDrECvTa4],330,11.000000,1.0000,False,manual_box,original
Federico_sammelt_i_tried_the_new_season_[C-SDrECvTa4]_000330_f16f39fb_aug_retarget_edge_497b068e_aug_photo_exposure.png,1,player,1,0.642311,0.780777,0.179269,0.438446,Federico_sammelt__i_tried_the_new_season [C-SDrECvTa4],330,11.000000,1.0000,False,manual_box,photo_exposure
Federico_sammelt_i_tried_the_new_season_[C-SDrECvTa4]_000330_f16f39fb_aug_retarget_edge_497b068e_aug_photo_exposure.png,0,enemy,1,0.500000,0.851356,0.202209,0.297288,Federico_sammelt__i_tried_the_new_season [C-SDrECvTa4],330,11.000000,1.0000,False,manual_box,photo_exposure
Federico_sammelt_i_tried_the_new_season_[C-SDrECvTa4]_000330_f16f39fb_aug_retarget_edge_497b068e_aug_photo_exposure.png,0,enemy,1,0.791419,0.770119,0.108751,0.277557,Federico_sammelt__i_tried_the_new_season [C-SDrECvTa4],330,11.000000,1.0000,False,manual_box,photo_exposure
Federico_sammelt_i_tried_the_new_season_[C-SDrECvTa4]_000330_f16f39fb_aug_retarget_edge_497b068e_aug_photo_exposure.png,0,enemy,1,0.844095,0.450531,0.037383,0.114195,Federico_sammelt__i_tried_the_new_season [C-SDrECvTa4],330,11.000000,1.0000,False,manual_box,photo_exposure
Federico_sammelt_i_tried_the_new_season_[C-SDrECvTa4]_000330_f16f39fb_aug_retarget_edge_497b068e_aug_photo_exposure.png,0,enemy,1,0.800340,0.271309,0.036534,0.101507,Federico_sammelt__i_tried_the_new_season [C-SDrECvTa4],330,11.000000,1.0000,False,manual_box,photo_exposure
Federico_sammelt_i_tried_the_new_season_[C-SDrECvTa4]_000330_f16f39fb_aug_retarget_edge_497b068e_aug_photo_exposure.png,0,enemy,1,0.761683,0.460048,0.032285,0.107851,Federico_sammelt__i_tried_the_new_season [C-SDrECvTa4],330,11.000000,1.0000,False,manual_box,photo_exposure
Federico_sammelt_i_tried_the_new_season_[C-SDrECvTa4]_000330_f16f39fb_aug_retarget_edge_497b068e_aug_photo_exposure.png,0,enemy,1,0.715378,0.445773,0.034834,0.085646,Federico_sammelt__i_tried_the_new_season [C-SDrECvTa4],330,11.000000,1.0000,False,manual_box,photo_exposure
Federico_sammelt_i_tried_the_new_season_[C-SDrECvTa4]_000330_f16f39fb_aug_retarget_edge_497b068e_aug_photo_exposure.png,0,enemy,1,0.669499,0.460841,0.033135,0.099921,Federico_sammelt__i_tried_the_new_season [C-SDrECvTa4],330,11.000000,1.0000,False,manual_box,photo_exposure
Federico_sammelt_i_tried_the_new_season_[C-SDrECvTa4]_000330_f16f39fb_aug_retarget_edge_497b068e_aug_photo_exposure.png,0,enemy,1,0.643161,0.464806,0.036534,0.101507,Federico_sammelt__i_tried_the_new_season [C-SDrECvTa4],330,11.000000,1.0000,False,manual_box,photo_exposure
Federico_sammelt_i_tried_the_new_season_[C-SDrECvTa4]_000330_f16f39fb_aug_retarget_edge_497b068e_aug_photo_gameplay.png,1,player,1,0.642311,0.780777,0.179269,0.438446,Federico_sammelt__i_tried_the_new_season [C-SDrECvTa4],330,11.000000,1.0000,False,manual_box,photo_gameplay
Federico_sammelt_i_tried_the_new_season_[C-SDrECvTa4]_000330_f16f39fb_aug_retarget_edge_497b068e_aug_photo_gameplay.png,0,enemy,1,0.500000,0.851356,0.202209,0.297288,Federico_sammelt__i_tried_the_new_season [C-SDrECvTa4],330,11.000000,1.0000,False,manual_box,photo_gameplay
Federico_sammelt_i_tried_the_new_season_[C-SDrECvTa4]_000330_f16f39fb_aug_retarget_edge_497b068e_aug_photo_gameplay.png,0,enemy,1,0.791419,0.770119,0.108751,0.277557,Federico_sammelt__i_tried_the_new_season [C-SDrECvTa4],330,11.000000,1.0000,False,manual_box,photo_gameplay
Federico_sammelt_i_tried_the_new_season_[C-SDrECvTa4]_000330_f16f39fb_aug_retarget_edge_497b068e_aug_photo_gameplay.png,0,enemy,1,0.844095,0.450531,0.037383,0.114195,Federico_sammelt__i_tried_the_new_season [C-SDrECvTa4],330,11.000000,1.0000,False,manual_box,photo_gameplay
Federico_sammelt_i_tried_the_new_season_[C-SDrECvTa4]_000330_f16f39fb_aug_retarget_edge_497b068e_aug_photo_gameplay.png,0,enemy,1,0.800340,0.271309,0.036534,0.101507,Federico_sammelt__i_tried_the_new_season [C-SDrECvTa4],330,11.000000,1.0000,False,manual_box,photo_gameplay
Federico_sammelt_i_tried_the_new_season_[C-SDrECvTa4]_000330_f16f39fb_aug_retarget_edge_497b068e_aug_photo_gameplay.png,0,enemy,1,0.761683,0.460048,0.032285,0.107851,Federico_sammelt__i_tried_the_new_season [C-SDrECvTa4],330,11.000000,1.0000,False,manual_box,photo_gameplay
Federico_sammelt_i_tried_the_new_season_[C-SDrECvTa4]_000330_f16f39fb_aug_retarget_edge_497b068e_aug_photo_gameplay.png,0,enemy,1,0.715378,0.445773,0.034834,0.085646,Federico_sammelt__i_tried_the_new_season [C-SDrECvTa4],330,11.000000,1.0000,False,manual_box,photo_gameplay
Federico_sammelt_i_tried_the_new_season_[C-SDrECvTa4]_000330_f16f39fb_aug_retarget_edge_497b068e_aug_photo_gameplay.png,0,enemy,1,0.669499,0.460841,0.033135,0.099921,Federico_sammelt__i_tried_the_new_season [C-SDrECvTa4],330,11.000000,1.0000,False,manual_box,photo_gameplay
Federico_sammelt_i_tried_the_new_season_[C-SDrECvTa4]_000330_f16f39fb_aug_retarget_edge_497b068e_aug_photo_gameplay.png,0,enemy,1,0.643161,0.464806,0.036534,0.101507,Federico_sammelt__i_tried_the_new_season [C-SDrECvTa4],330,11.000000,1.0000,False,manual_box,photo_gameplay
Federico_sammelt_i_tried_the_new_season_[C-SDrECvTa4]_000330_f16f39fb_aug_retarget_edge_497b068e_aug_affine_mild.png,1,player,1,0.387909,0.800645,0.170671,0.398710,Federico_sammelt__i_tried_the_new_season [C-SDrECvTa4],330,11.000000,1.0000,False,manual_box,affine_mild
Federico_sammelt_i_tried_the_new_season_[C-SDrECvTa4]_000330_f16f39fb_aug_retarget_edge_497b068e_aug_affine_mild.png,0,enemy,1,0.519276,0.868482,0.189583,0.263036,Federico_sammelt__i_tried_the_new_season [C-SDrECvTa4],330,11.000000,1.0000,False,manual_box,affine_mild
Federico_sammelt_i_tried_the_new_season_[C-SDrECvTa4]_000330_f16f39fb_aug_retarget_edge_497b068e_aug_affine_mild.png,0,enemy,1,0.251206,0.825166,0.103707,0.287432,Federico_sammelt__i_tried_the_new_season [C-SDrECvTa4],330,11.000000,1.0000,False,manual_box,affine_mild
Federico_sammelt_i_tried_the_new_season_[C-SDrECvTa4]_000330_f16f39fb_aug_retarget_edge_497b068e_aug_affine_mild.png,0,enemy,1,0.198226,0.503146,0.035928,0.117888,Federico_sammelt__i_tried_the_new_season [C-SDrECvTa4],330,11.000000,1.0000,False,manual_box,affine_mild
Federico_sammelt_i_tried_the_new_season_[C-SDrECvTa4]_000330_f16f39fb_aug_retarget_edge_497b068e_aug_affine_mild.png,0,enemy,1,0.235635,0.318877,0.034962,0.104956,Federico_sammelt__i_tried_the_new_season [C-SDrECvTa4],330,11.000000,1.0000,False,manual_box,affine_mild
Federico_sammelt_i_tried_the_new_season_[C-SDrECvTa4]_000330_f16f39fb_aug_retarget_edge_497b068e_aug_affine_mild.png,0,enemy,1,0.273835,0.508673,0.031165,0.111187,Federico_sammelt__i_tried_the_new_season [C-SDrECvTa4],330,11.000000,1.0000,False,manual_box,affine_mild
Federico_sammelt_i_tried_the_new_season_[C-SDrECvTa4]_000330_f16f39fb_aug_retarget_edge_497b068e_aug_affine_mild.png,0,enemy,1,0.316027,0.491844,0.033170,0.088757,Federico_sammelt__i_tried_the_new_season [C-SDrECvTa4],330,11.000000,1.0000,False,manual_box,affine_mild
Federico_sammelt_i_tried_the_new_season_[C-SDrECvTa4]_000330_f16f39fb_aug_retarget_edge_497b068e_aug_affine_mild.png,0,enemy,1,0.358264,0.504847,0.031826,0.103174,Federico_sammelt__i_tried_the_new_season [C-SDrECvTa4],330,11.000000,1.0000,False,manual_box,affine_mild
Federico_sammelt_i_tried_the_new_season_[C-SDrECvTa4]_000330_f16f39fb_aug_retarget_edge_497b068e_aug_affine_mild.png,0,enemy,1,0.382441,0.507551,0.034962,0.104956,Federico_sammelt__i_tried_the_new_season [C-SDrECvTa4],330,11.000000,1.0000,False,manual_box,affine_mild
Federico_sammelt_i_tried_the_new_season_[C-SDrECvTa4]_000330_f16f39fb_aug_retarget_edge_497b068e_aug_retarget_edge.png,1,player,1,0.642311,0.815099,0.179269,0.369802,Federico_sammelt__i_tried_the_new_season [C-SDrECvTa4],330,11.000000,1.0000,False,manual_box,retarget_edge
Federico_sammelt_i_tried_the_new_season_[C-SDrECvTa4]_000330_f16f39fb_aug_retarget_edge_497b068e_aug_retarget_edge.png,0,enemy,1,0.500000,0.885678,0.202209,0.228644,Federico_sammelt__i_tried_the_new_season [C-SDrECvTa4],330,11.000000,1.0000,False,manual_box,retarget_edge
Federico_sammelt_i_tried_the_new_season_[C-SDrECvTa4]_000330_f16f39fb_aug_retarget_edge_497b068e_aug_retarget_edge.png,0,enemy,1,0.791419,0.838763,0.108751,0.277557,Federico_sammelt__i_tried_the_new_season [C-SDrECvTa4],330,11.000000,1.0000,False,manual_box,retarget_edge
Federico_sammelt_i_tried_the_new_season_[C-SDrECvTa4]_000330_f16f39fb_aug_retarget_edge_497b068e_aug_retarget_edge.png,0,enemy,1,0.844095,0.519175,0.037383,0.114195,Federico_sammelt__i_tried_the_new_season [C-SDrECvTa4],330,11.000000,1.0000,False,manual_box,retarget_edge
Federico_sammelt_i_tried_the_new_season_[C-SDrECvTa4]_000330_f16f39fb_aug_retarget_edge_497b068e_aug_retarget_edge.png,0,enemy,1,0.800340,0.339953,0.036534,0.101507,Federico_sammelt__i_tried_the_new_season [C-SDrECvTa4],330,11.000000,1.0000,False,manual_box,retarget_edge
Federico_sammelt_i_tried_the_new_season_[C-SDrECvTa4]_000330_f16f39fb_aug_retarget_edge_497b068e_aug_retarget_edge.png,0,enemy,1,0.761683,0.528692,0.032285,0.107851,Federico_sammelt__i_tried_the_new_season [C-SDrECvTa4],330,11.000000,1.0000,False,manual_box,retarget_edge
Federico_sammelt_i_tried_the_new_season_[C-SDrECvTa4]_000330_f16f39fb_aug_retarget_edge_497b068e_aug_retarget_edge.png,0,enemy,1,0.715378,0.514417,0.034834,0.085646,Federico_sammelt__i_tried_the_new_season [C-SDrECvTa4],330,11.000000,1.0000,False,manual_box,retarget_edge
Federico_sammelt_i_tried_the_new_season_[C-SDrECvTa4]_000330_f16f39fb_aug_retarget_edge_497b068e_aug_retarget_edge.png,0,enemy,1,0.669499,0.529485,0.033135,0.099921,Federico_sammelt__i_tried_the_new_season [C-SDrECvTa4],330,11.000000,1.0000,False,manual_box,retarget_edge
Federico_sammelt_i_tried_the_new_season_[C-SDrECvTa4]_000330_f16f39fb_aug_retarget_edge_497b068e_aug_retarget_edge.png,0,enemy,1,0.643161,0.533450,0.036534,0.101507,Federico_sammelt__i_tried_the_new_season [C-SDrECvTa4],330,11.000000,1.0000,False,manual_box,retarget_edge
Federico_sammelt_i_tried_the_new_season_[C-SDrECvTa4]_000330_f16f39fb_aug_retarget_edge_497b068e_aug_retarget_corner.png,1,player,1,0.222311,0.815099,0.179269,0.369802,Federico_sammelt__i_tried_the_new_season [C-SDrECvTa4],330,11.000000,1.0000,False,manual_box,retarget_corner
Federico_sammelt_i_tried_the_new_season_[C-SDrECvTa4]_000330_f16f39fb_aug_retarget_edge_497b068e_aug_retarget_corner.png,0,enemy,1,0.090552,0.885678,0.181105,0.228644,Federico_sammelt__i_tried_the_new_season [C-SDrECvTa4],330,11.000000,1.0000,False,manual_box,retarget_corner
Federico_sammelt_i_tried_the_new_season_[C-SDrECvTa4]_000330_f16f39fb_aug_retarget_edge_497b068e_aug_retarget_corner.png,0,enemy,1,0.371419,0.838763,0.108751,0.277557,Federico_sammelt__i_tried_the_new_season [C-SDrECvTa4],330,11.000000,1.0000,False,manual_box,retarget_corner
Federico_sammelt_i_tried_the_new_season_[C-SDrECvTa4]_000330_f16f39fb_aug_retarget_edge_497b068e_aug_retarget_corner.png,0,enemy,1,0.424095,0.519175,0.037383,0.114195,Federico_sammelt__i_tried_the_new_season [C-SDrECvTa4],330,11.000000,1.0000,False,manual_box,retarget_corner
Federico_sammelt_i_tried_the_new_season_[C-SDrECvTa4]_000330_f16f39fb_aug_retarget_edge_497b068e_aug_retarget_corner.png,0,enemy,1,0.380340,0.339953,0.036534,0.101507,Federico_sammelt__i_tried_the_new_season [C-SDrECvTa4],330,11.000000,1.0000,False,manual_box,retarget_corner
Federico_sammelt_i_tried_the_new_season_[C-SDrECvTa4]_000330_f16f39fb_aug_retarget_edge_497b068e_aug_retarget_corner.png,0,enemy,1,0.341683,0.528692,0.032285,0.107851,Federico_sammelt__i_tried_the_new_season [C-SDrECvTa4],330,11.000000,1.0000,False,manual_box,retarget_corner
Federico_sammelt_i_tried_the_new_season_[C-SDrECvTa4]_000330_f16f39fb_aug_retarget_edge_497b068e_aug_retarget_corner.png,0,enemy,1,0.295378,0.514417,0.034834,0.085646,Federico_sammelt__i_tried_the_new_season [C-SDrECvTa4],330,11.000000,1.0000,False,manual_box,retarget_corner
Federico_sammelt_i_tried_the_new_season_[C-SDrECvTa4]_000330_f16f39fb_aug_retarget_edge_497b068e_aug_retarget_corner.png,0,enemy,1,0.249499,0.529485,0.033135,0.099921,Federico_sammelt__i_tried_the_new_season [C-SDrECvTa4],330,11.000000,1.0000,False,manual_box,retarget_corner
Federico_sammelt_i_tried_the_new_season_[C-SDrECvTa4]_000330_f16f39fb_aug_retarget_edge_497b068e_aug_retarget_corner.png,0,enemy,1,0.223161,0.533450,0.036534,0.101507,Federico_sammelt__i_tried_the_new_season [C-SDrECvTa4],330,11.000000,1.0000,False,manual_box,retarget_corner
Federico_sammelt_i_tried_the_new_season_[C-SDrECvTa4]_000330_f16f39fb_aug_retarget_corner_855ea8b5_aug_original.png,1,player,1,0.222311,0.780777,0.179269,0.438446,Federico_sammelt__i_tried_the_new_season [C-SDrECvTa4],330,11.000000,1.0000,False,manual_box,original
Federico_sammelt_i_tried_the_new_season_[C-SDrECvTa4]_000330_f16f39fb_aug_retarget_corner_855ea8b5_aug_original.png,0,enemy,1,0.090552,0.851356,0.181104,0.297288,Federico_sammelt__i_tried_the_new_season [C-SDrECvTa4],330,11.000000,1.0000,False,manual_box,original
Federico_sammelt_i_tried_the_new_season_[C-SDrECvTa4]_000330_f16f39fb_aug_retarget_corner_855ea8b5_aug_original.png,0,enemy,1,0.371419,0.770119,0.108751,0.277557,Federico_sammelt__i_tried_the_new_season [C-SDrECvTa4],330,11.000000,1.0000,False,manual_box,original
Federico_sammelt_i_tried_the_new_season_[C-SDrECvTa4]_000330_f16f39fb_aug_retarget_corner_855ea8b5_aug_original.png,0,enemy,1,0.424095,0.450531,0.037383,0.114195,Federico_sammelt__i_tried_the_new_season [C-SDrECvTa4],330,11.000000,1.0000,False,manual_box,original
Federico_sammelt_i_tried_the_new_season_[C-SDrECvTa4]_000330_f16f39fb_aug_retarget_corner_855ea8b5_aug_original.png,0,enemy,1,0.380340,0.271309,0.036534,0.101507,Federico_sammelt__i_tried_the_new_season [C-SDrECvTa4],330,11.000000,1.0000,False,manual_box,original
Federico_sammelt_i_tried_the_new_season_[C-SDrECvTa4]_000330_f16f39fb_aug_retarget_corner_855ea8b5_aug_original.png,0,enemy,1,0.341683,0.460048,0.032285,0.107851,Federico_sammelt__i_tried_the_new_season [C-SDrECvTa4],330,11.000000,1.0000,False,manual_box,original
Federico_sammelt_i_tried_the_new_season_[C-SDrECvTa4]_000330_f16f39fb_aug_retarget_corner_855ea8b5_aug_original.png,0,enemy,1,0.295378,0.445773,0.034834,0.085646,Federico_sammelt__i_tried_the_new_season [C-SDrECvTa4],330,11.000000,1.0000,False,manual_box,original
Federico_sammelt_i_tried_the_new_season_[C-SDrECvTa4]_000330_f16f39fb_aug_retarget_corner_855ea8b5_aug_original.png,0,enemy,1,0.249499,0.460841,0.033135,0.099921,Federico_sammelt__i_tried_the_new_season [C-SDrECvTa4],330,11.000000,1.0000,False,manual_box,original
Federico_sammelt_i_tried_the_new_season_[C-SDrECvTa4]_000330_f16f39fb_aug_retarget_corner_855ea8b5_aug_original.png,0,enemy,1,0.223161,0.464806,0.036534,0.101507,Federico_sammelt__i_tried_the_new_season [C-SDrECvTa4],330,11.000000,1.0000,False,manual_box,original
Federico_sammelt_i_tried_the_new_season_[C-SDrECvTa4]_000330_f16f39fb_aug_retarget_corner_855ea8b5_aug_photo_exposure.png,1,player,1,0.222311,0.780777,0.179269,0.438446,Federico_sammelt__i_tried_the_new_season [C-SDrECvTa4],330,11.000000,1.0000,False,manual_box,photo_exposure
Federico_sammelt_i_tried_the_new_season_[C-SDrECvTa4]_000330_f16f39fb_aug_retarget_corner_855ea8b5_aug_photo_exposure.png,0,enemy,1,0.090552,0.851356,0.181104,0.297288,Federico_sammelt__i_tried_the_new_season [C-SDrECvTa4],330,11.000000,1.0000,False,manual_box,photo_exposure
Federico_sammelt_i_tried_the_new_season_[C-SDrECvTa4]_000330_f16f39fb_aug_retarget_corner_855ea8b5_aug_photo_exposure.png,0,enemy,1,0.371419,0.770119,0.108751,0.277557,Federico_sammelt__i_tried_the_new_season [C-SDrECvTa4],330,11.000000,1.0000,False,manual_box,photo_exposure
Federico_sammelt_i_tried_the_new_season_[C-SDrECvTa4]_000330_f16f39fb_aug_retarget_corner_855ea8b5_aug_photo_exposure.png,0,enemy,1,0.424095,0.450531,0.037383,0.114195,Federico_sammelt__i_tried_the_new_season [C-SDrECvTa4],330,11.000000,1.0000,False,manual_box,photo_exposure
Federico_sammelt_i_tried_the_new_season_[C-SDrECvTa4]_000330_f16f39fb_aug_retarget_corner_855ea8b5_aug_photo_exposure.png,0,enemy,1,0.380340,0.271309,0.036534,0.101507,Federico_sammelt__i_tried_the_new_season [C-SDrECvTa4],330,11.000000,1.0000,False,manual_box,photo_exposure
Federico_sammelt_i_tried_the_new_season_[C-SDrECvTa4]_000330_f16f39fb_aug_retarget_corner_855ea8b5_aug_photo_exposure.png,0,enemy,1,0.341683,0.460048,0.032285,0.107851,Federico_sammelt__i_tried_the_new_season [C-SDrECvTa4],330,11.000000,1.0000,False,manual_box,photo_exposure
Federico_sammelt_i_tried_the_new_season_[C-SDrECvTa4]_000330_f16f39fb_aug_retarget_corner_855ea8b5_aug_photo_exposure.png,0,enemy,1,0.295378,0.445773,0.034834,0.085646,Federico_sammelt__i_tried_the_new_season [C-SDrECvTa4],330,11.000000,1.0000,False,manual_box,photo_exposure
Federico_sammelt_i_tried_the_new_season_[C-SDrECvTa4]_000330_f16f39fb_aug_retarget_corner_855ea8b5_aug_photo_exposure.png,0,enemy,1,0.249499,0.460841,0.033135,0.099921,Federico_sammelt__i_tried_the_new_season [C-SDrECvTa4],330,11.000000,1.0000,False,manual_box,photo_exposure
Federico_sammelt_i_tried_the_new_season_[C-SDrECvTa4]_000330_f16f39fb_aug_retarget_corner_855ea8b5_aug_photo_exposure.png,0,enemy,1,0.223161,0.464806,0.036534,0.101507,Federico_sammelt__i_tried_the_new_season [C-SDrECvTa4],330,11.000000,1.0000,False,manual_box,photo_exposure
Federico_sammelt_i_tried_the_new_season_[C-SDrECvTa4]_000330_f16f39fb_aug_retarget_corner_855ea8b5_aug_photo_gameplay.png,1,player,1,0.222311,0.780777,0.179269,0.438446,Federico_sammelt__i_tried_the_new_season [C-SDrECvTa4],330,11.000000,1.0000,False,manual_box,photo_gameplay
Federico_sammelt_i_tried_the_new_season_[C-SDrECvTa4]_000330_f16f39fb_aug_retarget_corner_855ea8b5_aug_photo_gameplay.png,0,enemy,1,0.090552,0.851356,0.181104,0.297288,Federico_sammelt__i_tried_the_new_season [C-SDrECvTa4],330,11.000000,1.0000,False,manual_box,photo_gameplay
Federico_sammelt_i_tried_the_new_season_[C-SDrECvTa4]_000330_f16f39fb_aug_retarget_corner_855ea8b5_aug_photo_gameplay.png,0,enemy,1,0.371419,0.770119,0.108751,0.277557,Federico_sammelt__i_tried_the_new_season [C-SDrECvTa4],330,11.000000,1.0000,False,manual_box,photo_gameplay
Federico_sammelt_i_tried_the_new_season_[C-SDrECvTa4]_000330_f16f39fb_aug_retarget_corner_855ea8b5_aug_photo_gameplay.png,0,enemy,1,0.424095,0.450531,0.037383,0.114195,Federico_sammelt__i_tried_the_new_season [C-SDrECvTa4],330,11.000000,1.0000,False,manual_box,photo_gameplay
Federico_sammelt_i_tried_the_new_season_[C-SDrECvTa4]_000330_f16f39fb_aug_retarget_corner_855ea8b5_aug_photo_gameplay.png,0,enemy,1,0.380340,0.271309,0.036534,0.101507,Federico_sammelt__i_tried_the_new_season [C-SDrECvTa4],330,11.000000,1.0000,False,manual_box,photo_gameplay
Federico_sammelt_i_tried_the_new_season_[C-SDrECvTa4]_000330_f16f39fb_aug_retarget_corner_855ea8b5_aug_photo_gameplay.png,0,enemy,1,0.341683,0.460048,0.032285,0.107851,Federico_sammelt__i_tried_the_new_season [C-SDrECvTa4],330,11.000000,1.0000,False,manual_box,photo_gameplay
Federico_sammelt_i_tried_the_new_season_[C-SDrECvTa4]_000330_f16f39fb_aug_retarget_corner_855ea8b5_aug_photo_gameplay.png,0,enemy,1,0.295378,0.445773,0.034834,0.085646,Federico_sammelt__i_tried_the_new_season [C-SDrECvTa4],330,11.000000,1.0000,False,manual_box,photo_gameplay
Federico_sammelt_i_tried_the_new_season_[C-SDrECvTa4]_000330_f16f39fb_aug_retarget_corner_855ea8b5_aug_photo_gameplay.png,0,enemy,1,0.249499,0.460841,0.033135,0.099921,Federico_sammelt__i_tried_the_new_season [C-SDrECvTa4],330,11.000000,1.0000,False,manual_box,photo_gameplay
Federico_sammelt_i_tried_the_new_season_[C-SDrECvTa4]_000330_f16f39fb_aug_retarget_corner_855ea8b5_aug_photo_gameplay.png,0,enemy,1,0.223161,0.464806,0.036534,0.101507,Federico_sammelt__i_tried_the_new_season [C-SDrECvTa4],330,11.000000,1.0000,False,manual_box,photo_gameplay
Federico_sammelt_i_tried_the_new_season_[C-SDrECvTa4]_000330_f16f39fb_aug_retarget_corner_855ea8b5_aug_affine_mild.png,1,player,1,0.724475,0.733308,0.177498,0.463379,Federico_sammelt__i_tried_the_new_season [C-SDrECvTa4],330,11.000000,1.0000,False,manual_box,affine_mild
Federico_sammelt_i_tried_the_new_season_[C-SDrECvTa4]_000330_f16f39fb_aug_retarget_corner_855ea8b5_aug_affine_mild.png,0,enemy,1,0.848712,0.781941,0.175715,0.323818,Federico_sammelt__i_tried_the_new_season [C-SDrECvTa4],330,11.000000,1.0000,False,manual_box,affine_mild
Federico_sammelt_i_tried_the_new_season_[C-SDrECvTa4]_000330_f16f39fb_aug_retarget_corner_855ea8b5_aug_affine_mild.png,0,enemy,1,0.585590,0.746847,0.107963,0.292575,Federico_sammelt__i_tried_the_new_season [C-SDrECvTa4],330,11.000000,1.0000,False,manual_box,affine_mild
Federico_sammelt_i_tried_the_new_season_[C-SDrECvTa4]_000330_f16f39fb_aug_retarget_corner_855ea8b5_aug_affine_mild.png,0,enemy,1,0.528719,0.438719,0.037576,0.119184,Federico_sammelt__i_tried_the_new_season [C-SDrECvTa4],330,11.000000,1.0000,False,manual_box,affine_mild
Federico_sammelt_i_tried_the_new_season_[C-SDrECvTa4]_000330_f16f39fb_aug_retarget_corner_855ea8b5_aug_affine_mild.png,0,enemy,1,0.564967,0.254077,0.036474,0.106476,Federico_sammelt__i_tried_the_new_season [C-SDrECvTa4],330,11.000000,1.0000,False,manual_box,affine_mild
Federico_sammelt_i_tried_the_new_season_[C-SDrECvTa4]_000330_f16f39fb_aug_retarget_corner_855ea8b5_aug_affine_mild.png,0,enemy,1,0.605570,0.434829,0.032680,0.112075,Federico_sammelt__i_tried_the_new_season [C-SDrECvTa4],330,11.000000,1.0000,False,manual_box,affine_mild
Federico_sammelt_i_tried_the_new_season_[C-SDrECvTa4]_000330_f16f39fb_aug_retarget_corner_855ea8b5_aug_affine_mild.png,0,enemy,1,0.648266,0.413201,0.034501,0.090487,Federico_sammelt__i_tried_the_new_season [C-SDrECvTa4],330,11.000000,1.0000,False,manual_box,affine_mild
Federico_sammelt_i_tried_the_new_season_[C-SDrECvTa4]_000330_f16f39fb_aug_retarget_corner_855ea8b5_aug_affine_mild.png,0,enemy,1,0.691291,0.420715,0.033274,0.104355,Federico_sammelt__i_tried_the_new_season [C-SDrECvTa4],330,11.000000,1.0000,False,manual_box,affine_mild
Federico_sammelt_i_tried_the_new_season_[C-SDrECvTa4]_000330_f16f39fb_aug_retarget_corner_855ea8b5_aug_affine_mild.png,0,enemy,1,0.715875,0.420387,0.036474,0.106476,Federico_sammelt__i_tried_the_new_season [C-SDrECvTa4],330,11.000000,1.0000,False,manual_box,affine_mild
Federico_sammelt_i_tried_the_new_season_[C-SDrECvTa4]_000330_f16f39fb_aug_retarget_corner_855ea8b5_aug_photo_blur_noise.png,1,player,1,0.222311,0.780777,0.179269,0.438446,Federico_sammelt__i_tried_the_new_season [C-SDrECvTa4],330,11.000000,1.0000,False,manual_box,photo_blur_noise
Federico_sammelt_i_tried_the_new_season_[C-SDrECvTa4]_000330_f16f39fb_aug_retarget_corner_855ea8b5_aug_photo_blur_noise.png,0,enemy,1,0.090552,0.851356,0.181104,0.297288,Federico_sammelt__i_tried_the_new_season [C-SDrECvTa4],330,11.000000,1.0000,False,manual_box,photo_blur_noise
Federico_sammelt_i_tried_the_new_season_[C-SDrECvTa4]_000330_f16f39fb_aug_retarget_corner_855ea8b5_aug_photo_blur_noise.png,0,enemy,1,0.371419,0.770119,0.108751,0.277557,Federico_sammelt__i_tried_the_new_season [C-SDrECvTa4],330,11.000000,1.0000,False,manual_box,photo_blur_noise
Federico_sammelt_i_tried_the_new_season_[C-SDrECvTa4]_000330_f16f39fb_aug_retarget_corner_855ea8b5_aug_photo_blur_noise.png,0,enemy,1,0.424095,0.450531,0.037383,0.114195,Federico_sammelt__i_tried_the_new_season [C-SDrECvTa4],330,11.000000,1.0000,False,manual_box,photo_blur_noise
Federico_sammelt_i_tried_the_new_season_[C-SDrECvTa4]_000330_f16f39fb_aug_retarget_corner_855ea8b5_aug_photo_blur_noise.png,0,enemy,1,0.380340,0.271309,0.036534,0.101507,Federico_sammelt__i_tried_the_new_season [C-SDrECvTa4],330,11.000000,1.0000,False,manual_box,photo_blur_noise
Federico_sammelt_i_tried_the_new_season_[C-SDrECvTa4]_000330_f16f39fb_aug_retarget_corner_855ea8b5_aug_photo_blur_noise.png,0,enemy,1,0.341683,0.460048,0.032285,0.107851,Federico_sammelt__i_tried_the_new_season [C-SDrECvTa4],330,11.000000,1.0000,False,manual_box,photo_blur_noise
Federico_sammelt_i_tried_the_new_season_[C-SDrECvTa4]_000330_f16f39fb_aug_retarget_corner_855ea8b5_aug_photo_blur_noise.png,0,enemy,1,0.295378,0.445773,0.034834,0.085646,Federico_sammelt__i_tried_the_new_season [C-SDrECvTa4],330,11.000000,1.0000,False,manual_box,photo_blur_noise
Federico_sammelt_i_tried_the_new_season_[C-SDrECvTa4]_000330_f16f39fb_aug_retarget_corner_855ea8b5_aug_photo_blur_noise.png,0,enemy,1,0.249499,0.460841,0.033135,0.099921,Federico_sammelt__i_tried_the_new_season [C-SDrECvTa4],330,11.000000,1.0000,False,manual_box,photo_blur_noise
Federico_sammelt_i_tried_the_new_season_[C-SDrECvTa4]_000330_f16f39fb_aug_retarget_corner_855ea8b5_aug_photo_blur_noise.png,0,enemy,1,0.223161,0.464806,0.036534,0.101507,Federico_sammelt__i_tried_the_new_season [C-SDrECvTa4],330,11.000000,1.0000,False,manual_box,photo_blur_noise
Federico_sammelt_i_tried_the_new_season_[C-SDrECvTa4]_000345_b85e0999_aug_original_67ba8fea_aug_original.png,0,enemy,1,0.623195,0.495638,0.119796,0.375892,Federico_sammelt__i_tried_the_new_season [C-SDrECvTa4],345,11.500000,1.0000,False,manual_box,original
Federico_sammelt_i_tried_the_new_season_[C-SDrECvTa4]_000345_b85e0999_aug_original_67ba8fea_aug_original.png,0,enemy,1,0.583687,0.048374,0.025489,0.096749,Federico_sammelt__i_tried_the_new_season [C-SDrECvTa4],345,11.500000,1.0000,False,manual_box,original
Federico_sammelt_i_tried_the_new_season_[C-SDrECvTa4]_000345_b85e0999_aug_original_67ba8fea_aug_photo_exposure.png,0,enemy,1,0.623195,0.495638,0.119796,0.375892,Federico_sammelt__i_tried_the_new_season [C-SDrECvTa4],345,11.500000,1.0000,False,manual_box,photo_exposure
Federico_sammelt_i_tried_the_new_season_[C-SDrECvTa4]_000345_b85e0999_aug_original_67ba8fea_aug_photo_exposure.png,0,enemy,1,0.583687,0.048374,0.025489,0.096749,Federico_sammelt__i_tried_the_new_season [C-SDrECvTa4],345,11.500000,1.0000,False,manual_box,photo_exposure
Federico_sammelt_i_tried_the_new_season_[C-SDrECvTa4]_000345_b85e0999_aug_original_67ba8fea_aug_photo_gameplay.png,0,enemy,1,0.623195,0.495638,0.119796,0.375892,Federico_sammelt__i_tried_the_new_season [C-SDrECvTa4],345,11.500000,1.0000,False,manual_box,photo_gameplay
Federico_sammelt_i_tried_the_new_season_[C-SDrECvTa4]_000345_b85e0999_aug_original_67ba8fea_aug_photo_gameplay.png,0,enemy,1,0.583687,0.048374,0.025489,0.096749,Federico_sammelt__i_tried_the_new_season [C-SDrECvTa4],345,11.500000,1.0000,False,manual_box,photo_gameplay
Federico_sammelt_i_tried_the_new_season_[C-SDrECvTa4]_000345_b85e0999_aug_original_67ba8fea_aug_affine_mild.png,0,enemy,1,0.607931,0.481663,0.120548,0.347785,Federico_sammelt__i_tried_the_new_season [C-SDrECvTa4],345,11.500000,1.0000,False,manual_box,affine_mild
Federico_sammelt_i_tried_the_new_season_[C-SDrECvTa4]_000345_b85e0999_aug_original_67ba8fea_aug_affine_mild.png,0,enemy,1,0.563956,0.068459,0.025868,0.089496,Federico_sammelt__i_tried_the_new_season [C-SDrECvTa4],345,11.500000,1.0000,False,manual_box,affine_mild
Federico_sammelt_i_tried_the_new_season_[C-SDrECvTa4]_000345_b85e0999_aug_photo_exposure_bb51f5ac_aug_original.png,0,enemy,1,0.623195,0.495638,0.119796,0.375892,Federico_sammelt__i_tried_the_new_season [C-SDrECvTa4],345,11.500000,1.0000,False,manual_box,original
Federico_sammelt_i_tried_the_new_season_[C-SDrECvTa4]_000345_b85e0999_aug_photo_exposure_bb51f5ac_aug_original.png,0,enemy,1,0.583687,0.048374,0.025489,0.096749,Federico_sammelt__i_tried_the_new_season [C-SDrECvTa4],345,11.500000,1.0000,False,manual_box,original
Federico_sammelt_i_tried_the_new_season_[C-SDrECvTa4]_000345_b85e0999_aug_photo_exposure_bb51f5ac_aug_photo_exposure.png,0,enemy,1,0.623195,0.495638,0.119796,0.375892,Federico_sammelt__i_tried_the_new_season [C-SDrECvTa4],345,11.500000,1.0000,False,manual_box,photo_exposure
Federico_sammelt_i_tried_the_new_season_[C-SDrECvTa4]_000345_b85e0999_aug_photo_exposure_bb51f5ac_aug_photo_exposure.png,0,enemy,1,0.583687,0.048374,0.025489,0.096749,Federico_sammelt__i_tried_the_new_season [C-SDrECvTa4],345,11.500000,1.0000,False,manual_box,photo_exposure
Federico_sammelt_i_tried_the_new_season_[C-SDrECvTa4]_000345_b85e0999_aug_photo_exposure_bb51f5ac_aug_photo_gameplay.png,0,enemy,1,0.623195,0.495638,0.119796,0.375892,Federico_sammelt__i_tried_the_new_season [C-SDrECvTa4],345,11.500000,1.0000,False,manual_box,photo_gameplay
Federico_sammelt_i_tried_the_new_season_[C-SDrECvTa4]_000345_b85e0999_aug_photo_exposure_bb51f5ac_aug_photo_gameplay.png,0,enemy,1,0.583687,0.048374,0.025489,0.096749,Federico_sammelt__i_tried_the_new_season [C-SDrECvTa4],345,11.500000,1.0000,False,manual_box,photo_gameplay
Federico_sammelt_i_tried_the_new_season_[C-SDrECvTa4]_000345_b85e0999_aug_photo_exposure_bb51f5ac_aug_affine_mild.png,0,enemy,1,0.404077,0.549852,0.132385,0.371048,Federico_sammelt__i_tried_the_new_season [C-SDrECvTa4],345,11.500000,1.0000,False,manual_box,affine_mild
Federico_sammelt_i_tried_the_new_season_[C-SDrECvTa4]_000345_b85e0999_aug_photo_exposure_bb51f5ac_aug_affine_mild.png,0,enemy,1,0.453861,0.111790,0.028485,0.095323,Federico_sammelt__i_tried_the_new_season [C-SDrECvTa4],345,11.500000,1.0000,False,manual_box,affine_mild
Federico_sammelt_i_tried_the_new_season_[C-SDrECvTa4]_000345_b85e0999_aug_photo_gameplay_2c425acd_aug_original.png,0,enemy,1,0.623195,0.495638,0.119796,0.375892,Federico_sammelt__i_tried_the_new_season [C-SDrECvTa4],345,11.500000,1.0000,False,manual_box,original
Federico_sammelt_i_tried_the_new_season_[C-SDrECvTa4]_000345_b85e0999_aug_photo_gameplay_2c425acd_aug_original.png,0,enemy,1,0.583687,0.048374,0.025489,0.096749,Federico_sammelt__i_tried_the_new_season [C-SDrECvTa4],345,11.500000,1.0000,False,manual_box,original
Federico_sammelt_i_tried_the_new_season_[C-SDrECvTa4]_000345_b85e0999_aug_photo_gameplay_2c425acd_aug_photo_exposure.png,0,enemy,1,0.623195,0.495638,0.119796,0.375892,Federico_sammelt__i_tried_the_new_season [C-SDrECvTa4],345,11.500000,1.0000,False,manual_box,photo_exposure
Federico_sammelt_i_tried_the_new_season_[C-SDrECvTa4]_000345_b85e0999_aug_photo_gameplay_2c425acd_aug_photo_exposure.png,0,enemy,1,0.583687,0.048374,0.025489,0.096749,Federico_sammelt__i_tried_the_new_season [C-SDrECvTa4],345,11.500000,1.0000,False,manual_box,photo_exposure
Federico_sammelt_i_tried_the_new_season_[C-SDrECvTa4]_000345_b85e0999_aug_photo_gameplay_2c425acd_aug_photo_gameplay.png,0,enemy,1,0.623195,0.495638,0.119796,0.375892,Federico_sammelt__i_tried_the_new_season [C-SDrECvTa4],345,11.500000,1.0000,False,manual_box,photo_gameplay
Federico_sammelt_i_tried_the_new_season_[C-SDrECvTa4]_000345_b85e0999_aug_photo_gameplay_2c425acd_aug_photo_gameplay.png,0,enemy,1,0.583687,0.048374,0.025489,0.096749,Federico_sammelt__i_tried_the_new_season [C-SDrECvTa4],345,11.500000,1.0000,False,manual_box,photo_gameplay
Federico_sammelt_i_tried_the_new_season_[C-SDrECvTa4]_000345_b85e0999_aug_photo_gameplay_2c425acd_aug_affine_mild.png,0,enemy,1,0.345596,0.533910,0.133322,0.361606,Federico_sammelt__i_tried_the_new_season [C-SDrECvTa4],345,11.500000,1.0000,False,manual_box,affine_mild
Federico_sammelt_i_tried_the_new_season_[C-SDrECvTa4]_000345_b85e0999_aug_photo_gameplay_2c425acd_aug_affine_mild.png,0,enemy,1,0.371050,0.112186,0.028910,0.092629,Federico_sammelt__i_tried_the_new_season [C-SDrECvTa4],345,11.500000,1.0000,False,manual_box,affine_mild
Federico_sammelt_i_tried_the_new_season_[C-SDrECvTa4]_000345_b85e0999_aug_affine_mild_744d7bee_aug_original.png,0,enemy,1,0.628728,0.438913,0.111769,0.398346,Federico_sammelt__i_tried_the_new_season [C-SDrECvTa4],345,11.500000,1.0000,False,manual_box,original
Federico_sammelt_i_tried_the_new_season_[C-SDrECvTa4]_000345_b85e0999_aug_affine_mild_744d7bee_aug_photo_exposure.png,0,enemy,1,0.628728,0.438913,0.111769,0.398346,Federico_sammelt__i_tried_the_new_season [C-SDrECvTa4],345,11.500000,1.0000,False,manual_box,photo_exposure
Federico_sammelt_i_tried_the_new_season_[C-SDrECvTa4]_000345_b85e0999_aug_affine_mild_744d7bee_aug_photo_gameplay.png,0,enemy,1,0.628728,0.438913,0.111769,0.398346,Federico_sammelt__i_tried_the_new_season [C-SDrECvTa4],345,11.500000,1.0000,False,manual_box,photo_gameplay
Federico_sammelt_i_tried_the_new_season_[C-SDrECvTa4]_000345_b85e0999_aug_affine_mild_744d7bee_aug_affine_mild.png,0,enemy,1,0.366430,0.469159,0.115822,0.431355,Federico_sammelt__i_tried_the_new_season [C-SDrECvTa4],345,11.500000,1.0000,False,manual_box,affine_mild
