filename,class_id,class_name,has_enemy,x_center,y_center,width,height,video_id,frame_idx,timestamp,confidence,auto_labeled,bbox_source,aug_type
final_merged_Federico_sammelt_i_tried_the_new_season_[C-SDrECvTa4]_000000.png,0,enemy,1,0.564996,0.493259,0.091759,0.275971,final_merged__Federico_sammelt__i_tried_the_new_season [C-SDrECvTa4],0,0.000000,1.0000,False,manual_box,
final_merged_Federico_sammelt_i_tried_the_new_season_[C-SDrECvTa4]_000000.png,1,player,1,0.388700,0.710151,0.162277,0.579699,final_merged__Federico_sammelt__i_tried_the_new_season [C-SDrECvTa4],0,0.000000,1.0000,False,manual_box,
final_merged_Federico_sammelt_i_tried_the_new_season_[C-SDrECvTa4]_000015.png,1,player,1,0.387850,0.707772,0.160578,0.584456,final_merged__Federico_sammelt__i_tried_the_new_season [C-SDrECvTa4],15,0.500000,1.0000,False,manual_box,
final_merged_Federico_sammelt_i_tried_the_new_season_[C-SDrECvTa4]_000015.png,0,enemy,1,0.833050,0.695480,0.330501,0.594766,final_merged__Federico_sammelt__i_tried_the_new_season [C-SDrECvTa4],15,0.500000,1.0000,False,manual_box,
final_merged_Federico_sammelt_i_tried_the_new_season_[C-SDrECvTa4]_000030.png,1,player,1,0.370433,0.710944,0.175021,0.578113,final_merged__Federico_sammelt__i_tried_the_new_season [C-SDrECvTa4],30,1.000000,1.0000,False,manual_box,
final_merged_Federico_sammelt_i_tried_the_new_season_[C-SDrECvTa4]_000045.png,1,player,1,0.380204,0.727597,0.237043,0.544806,final_merged__Federico_sammelt__i_tried_the_new_season [C-SDrECvTa4],45,1.500000,1.0000,False,manual_box,
final_merged_Federico_sammelt_i_tried_the_new_season_[C-SDrECvTa4]_000060.png,1,player,1,0.373832,0.753767,0.198811,0.492466,final_merged__Federico_sammelt__i_tried_the_new_season [C-SDrECvTa4],60,2.000000,1.0000,False,manual_box,
final_merged_Federico_sammelt_i_tried_the_new_season_[C-SDrECvTa4]_000075.png,1,player,1,0.390824,0.662966,0.214104,0.371134,final_merged__Federico_sammelt__i_tried_the_new_season [C-SDrECvTa4],75,2.500000,1.0000,False,manual_box,
final_merged_Federico_sammelt_i_tried_the_new_season_[C-SDrECvTa4]_000090.png,1,player,1,0.395072,0.706582,0.242991,0.477399,final_merged__Federico_sammelt__i_tried_the_new_season [C-SDrECvTa4],90,3.000000,1.0000,False,manual_box,
final_merged_Federico_sammelt_i_tried_the_new_season_[C-SDrECvTa4]_000105.png,1,player,1,0.330501,0.735527,0.231096,0.528945,final_merged__Federico_sammelt__i_tried_the_new_season [C-SDrECvTa4],105,3.500000,1.0000,False,manual_box,
final_merged_Federico_sammelt_i_tried_the_new_season_[C-SDrECvTa4]_000105.png,0,enemy,1,0.429907,0.475813,0.039082,0.139572,final_merged__Federico_sammelt__i_tried_the_new_season [C-SDrECvTa4],105,3.500000,1.0000,False,manual_box,
final_merged_Federico_sammelt_i_tried_the_new_season_[C-SDrECvTa4]_000105.png,0,enemy,1,0.748938,0.472641,0.087511,0.133228,final_merged__Federico_sammelt__i_tried_the_new_season [C-SDrECvTa4],105,3.500000,1.0000,False,manual_box,
final_merged_Federico_sammelt_i_tried_the_new_season_[C-SDrECvTa4]_000120.png,0,enemy,1,0.262107,0.517843,0.092608,0.169707,final_merged__Federico_sammelt__i_tried_the_new_season [C-SDrECvTa4],120,4.000000,1.0000,False,manual_box,
final_merged_Federico_sammelt_i_tried_the_new_season_[C-SDrECvTa4]_000120.png,0,enemy,1,0.615973,0.321967,0.066270,0.161776,final_merged__Federico_sammelt__i_tried_the_new_season [C-SDrECvTa4],120,4.000000,1.0000,False,manual_box,
final_merged_Federico_sammelt_i_tried_the_new_season_[C-SDrECvTa4]_000120.png,0,enemy,1,0.793968,0.521015,0.055225,0.128469,final_merged__Federico_sammelt__i_tried_the_new_season [C-SDrECvTa4],120,4.000000,1.0000,False,manual_box,
final_merged_Federico_sammelt_i_tried_the_new_season_[C-SDrECvTa4]_000120.png,0,enemy,1,0.844945,0.269627,0.055225,0.171293,final_merged__Federico_sammelt__i_tried_the_new_season [C-SDrECvTa4],120,4.000000,1.0000,False,manual_box,
final_merged_Federico_sammelt_i_tried_the_new_season_[C-SDrECvTa4]_000120.png,1,player,1,0.405692,0.722046,0.204758,0.555908,final_merged__Federico_sammelt__i_tried_the_new_season [C-SDrECvTa4],120,4.000000,1.0000,False,manual_box,
final_merged_Federico_sammelt_i_tried_the_new_season_[C-SDrECvTa4]_000135.png,1,player,1,0.386151,0.551943,0.158879,0.406027,final_merged__Federico_sammelt__i_tried_the_new_season [C-SDrECvTa4],135,4.500000,1.0000,False,manual_box,
final_merged_Federico_sammelt_i_tried_the_new_season_[C-SDrECvTa4]_000150.png,1,player,1,0.398046,0.674068,0.191164,0.577320,final_merged__Federico_sammelt__i_tried_the_new_season [C-SDrECvTa4],150,5.000000,1.0000,False,manual_box,
final_merged_Federico_sammelt_i_tried_the_new_season_[C-SDrECvTa4]_000165.png,1,player,1,0.395497,0.717684,0.179269,0.556701,final_merged__Federico_sammelt__i_tried_the_new_season [C-SDrECvTa4],165,5.500000,1.0000,False,manual_box,
final_merged_Federico_sammelt_i_tried_the_new_season_[C-SDrECvTa4]_000180.png,1,player,1,0.398046,0.695480,0.196262,0.547185,final_merged__Federico_sammelt__i_tried_the_new_season [C-SDrECvTa4],180,6.000000,1.0000,False,manual_box,
final_merged_Federico_sammelt_i_tried_the_new_season_[C-SDrECvTa4]_000195.png,1,player,1,0.406542,0.659001,0.180969,0.597938,final_merged__Federico_sammelt__i_tried_the_new_season [C-SDrECvTa4],195,6.500000,1.0000,False,manual_box,
final_merged_Federico_sammelt_i_tried_the_new_season_[C-SDrECvTa4]_000210.png,1,player,1,0.385726,0.708565,0.225998,0.582870,final_merged__Federico_sammelt__i_tried_the_new_season [C-SDrECvTa4],210,7.000000,1.0000,False,manual_box,
final_merged_Federico_sammelt_i_tried_the_new_season_[C-SDrECvTa4]_000210.png,0,enemy,1,0.115123,0.354481,0.031436,0.084060,final_merged__Federico_sammelt__i_tried_the_new_season [C-SDrECvTa4],210,7.000000,1.0000,False,manual_box,
final_merged_Federico_sammelt_i_tried_the_new_season_[C-SDrECvTa4]_000210.png,0,enemy,1,0.147833,0.251388,0.032285,0.077716,final_merged__Federico_sammelt__i_tried_the_new_season [C-SDrECvTa4],210,7.000000,1.0000,False,manual_box,
final_merged_Federico_sammelt_i_tried_the_new_season_[C-SDrECvTa4]_000210.png,0,enemy,1,0.199660,0.343378,0.028887,0.077716,final_merged__Federico_sammelt__i_tried_the_new_season [C-SDrECvTa4],210,7.000000,1.0000,False,manual_box,
final_merged_Federico_sammelt_i_tried_the_new_season_[C-SDrECvTa4]_000210.png,0,enemy,1,0.073917,0.346550,0.030586,0.106265,final_merged__Federico_sammelt__i_tried_the_new_season [C-SDrECvTa4],210,7.000000,1.0000,False,manual_box,
final_merged_Federico_sammelt_i_tried_the_new_season_[C-SDrECvTa4]_000225.png,0,enemy,1,0.490654,0.346550,0.029737,0.074544,final_merged__Federico_sammelt__i_tried_the_new_season [C-SDrECvTa4],225,7.500000,1.0000,False,manual_box,
final_merged_Federico_sammelt_i_tried_the_new_season_[C-SDrECvTa4]_000225.png,0,enemy,1,0.519116,0.352895,0.015293,0.077716,final_merged__Federico_sammelt__i_tried_the_new_season [C-SDrECvTa4],225,7.500000,1.0000,False,manual_box,
final_merged_Federico_sammelt_i_tried_the_new_season_[C-SDrECvTa4]_000225.png,0,enemy,1,0.512744,0.424266,0.043331,0.128469,final_merged__Federico_sammelt__i_tried_the_new_season [C-SDrECvTa4],225,7.500000,1.0000,False,manual_box,
final_merged_Federico_sammelt_i_tried_the_new_season_[C-SDrECvTa4]_000225.png,1,player,1,0.375106,0.727597,0.167375,0.544806,final_merged__Federico_sammelt__i_tried_the_new_season [C-SDrECvTa4],225,7.500000,1.0000,False,manual_box,
final_merged_Federico_sammelt_i_tried_the_new_season_[C-SDrECvTa4]_000240.png,1,player,1,0.405692,0.703807,0.138488,0.592386,final_merged__Federico_sammelt__i_tried_the_new_season [C-SDrECvTa4],240,8.000000,1.0000,False,manual_box,
final_merged_Federico_sammelt_i_tried_the_new_season_[C-SDrECvTa4]_000240.png,0,enemy,1,0.528037,0.521808,0.065421,0.130056,final_merged__Federico_sammelt__i_tried_the_new_season [C-SDrECvTa4],240,8.000000,1.0000,False,manual_box,
final_merged_Federico_sammelt_i_tried_the_new_season_[C-SDrECvTa4]_000240.png,0,enemy,1,0.601105,0.367169,0.021240,0.065028,final_merged__Federico_sammelt__i_tried_the_new_season [C-SDrECvTa4],240,8.000000,1.0000,False,manual_box,
final_merged_Federico_sammelt_i_tried_the_new_season_[C-SDrECvTa4]_000240.png,0,enemy,1,0.554376,0.270420,0.033135,0.074544,final_merged__Federico_sammelt__i_tried_the_new_season [C-SDrECvTa4],240,8.000000,1.0000,False,manual_box,
final_merged_Federico_sammelt_i_tried_the_new_season_[C-SDrECvTa4]_000240.png,0,enemy,1,0.526338,0.362411,0.026338,0.084060,final_merged__Federico_sammelt__i_tried_the_new_season [C-SDrECvTa4],240,8.000000,1.0000,False,manual_box,
final_merged_Federico_sammelt_i_tried_the_new_season_[C-SDrECvTa4]_000240.png,0,enemy,1,0.498726,0.355274,0.025489,0.082474,final_merged__Federico_sammelt__i_tried_the_new_season [C-SDrECvTa4],240,8.000000,1.0000,False,manual_box,
final_merged_Federico_sammelt_i_tried_the_new_season_[C-SDrECvTa4]_000255.png,0,enemy,1,0.553951,0.311657,0.027188,0.077716,final_merged__Federico_sammelt__i_tried_the_new_season [C-SDrECvTa4],255,8.500000,1.0000,False,manual_box,
final_merged_Federico_sammelt_i_tried_the_new_season_[C-SDrECvTa4]_000255.png,0,enemy,1,0.590909,0.405234,0.029737,0.058684,final_merged__Federico_sammelt__i_tried_the_new_season [C-SDrECvTa4],255,8.500000,1.0000,False,manual_box,
final_merged_Federico_sammelt_i_tried_the_new_season_[C-SDrECvTa4]_000255.png,0,enemy,1,0.526338,0.398890,0.028037,0.071372,final_merged__Federico_sammelt__i_tried_the_new_season [C-SDrECvTa4],255,8.500000,1.0000,False,manual_box,
final_merged_Federico_sammelt_i_tried_the_new_season_[C-SDrECvTa4]_000255.png,0,enemy,1,0.501699,0.398890,0.031436,0.065028,final_merged__Federico_sammelt__i_tried_the_new_season [C-SDrECvTa4],255,8.500000,1.0000,False,manual_box,
final_merged_Federico_sammelt_i_tried_the_new_season_[C-SDrECvTa4]_000255.png,0,enemy,1,0.471113,0.428232,0.016143,0.072958,final_merged__Federico_sammelt__i_tried_the_new_season [C-SDrECvTa4],255,8.500000,1.0000,False,manual_box,
final_merged_Federico_sammelt_i_tried_the_new_season_[C-SDrECvTa4]_000255.png,0,enemy,1,0.446899,0.421094,0.040782,0.090404,final_merged__Federico_sammelt__i_tried_the_new_season [C-SDrECvTa4],255,8.500000,1.0000,False,manual_box,
final_merged_Federico_sammelt_i_tried_the_new_season_[C-SDrECvTa4]_000255.png,0,enemy,1,0.455395,0.790642,0.062872,0.122125,final_merged__Federico_sammelt__i_tried_the_new_season [C-SDrECvTa4],255,8.500000,1.0000,False,manual_box,
final_merged_Federico_sammelt_i_tried_the_new_season_[C-SDrECvTa4]_000255.png,0,enemy,1,0.520391,0.662173,0.067120,0.157018,final_merged__Federico_sammelt__i_tried_the_new_season [C-SDrECvTa4],255,8.500000,1.0000,False,manual_box,
final_merged_Federico_sammelt_i_tried_the_new_season_[C-SDrECvTa4]_000255.png,0,enemy,1,0.589635,0.713719,0.073067,0.333069,final_merged__Federico_sammelt__i_tried_the_new_season [C-SDrECvTa4],255,8.500000,1.0000,False,manual_box,
final_merged_Federico_sammelt_i_tried_the_new_season_[C-SDrECvTa4]_000255.png,1,player,1,0.373407,0.701031,0.162277,0.586836,final_merged__Federico_sammelt__i_tried_the_new_season [C-SDrECvTa4],255,8.500000,1.0000,False,manual_box,
final_merged_Federico_sammelt_i_tried_the_new_season_[C-SDrECvTa4]_000270.png,1,player,1,0.367035,0.651071,0.173322,0.436162,final_merged__Federico_sammelt__i_tried_the_new_season [C-SDrECvTa4],270,9.000000,1.0000,False,manual_box,
final_merged_Federico_sammelt_i_tried_the_new_season_[C-SDrECvTa4]_000270.png,0,enemy,1,0.501699,0.468676,0.082413,0.277557,final_merged__Federico_sammelt__i_tried_the_new_season [C-SDrECvTa4],270,9.000000,1.0000,False,manual_box,
final_merged_Federico_sammelt_i_tried_the_new_season_[C-SDrECvTa4]_000270.png,0,enemy,1,0.528462,0.203807,0.030586,0.074544,final_merged__Federico_sammelt__i_tried_the_new_season [C-SDrECvTa4],270,9.000000,1.0000,False,manual_box,
final_merged_Federico_sammelt_i_tried_the_new_season_[C-SDrECvTa4]_000270.png,0,enemy,1,0.478760,0.047581,0.046729,0.095162,final_merged__Federico_sammelt__i_tried_the_new_season [C-SDrECvTa4],270,9.000000,1.0000,False,manual_box,
final_merged_Federico_sammelt_i_tried_the_new_season_[C-SDrECvTa4]_000285.png,0,enemy,1,0.488105,0.624901,0.152082,0.361618,final_merged__Federico_sammelt__i_tried_the_new_season [C-SDrECvTa4],285,9.500000,1.0000,False,manual_box,
final_merged_Federico_sammelt_i_tried_the_new_season_[C-SDrECvTa4]_000285.png,0,enemy,1,0.521665,0.242665,0.028887,0.095163,final_merged__Federico_sammelt__i_tried_the_new_season [C-SDrECvTa4],285,9.500000,1.0000,False,manual_box,
final_merged_Federico_sammelt_i_tried_the_new_season_[C-SDrECvTa4]_000285.png,0,enemy,1,0.478760,0.057098,0.041631,0.111023,final_merged__Federico_sammelt__i_tried_the_new_season [C-SDrECvTa4],285,9.500000,1.0000,False,manual_box,
final_merged_Federico_sammelt_i_tried_the_new_season_[C-SDrECvTa4]_000285.png,0,enemy,1,0.419711,0.256146,0.022090,0.080888,final_merged__Federico_sammelt__i_tried_the_new_season [C-SDrECvTa4],285,9.500000,1.0000,False,manual_box,
final_merged_Federico_sammelt_i_tried_the_new_season_[C-SDrECvTa4]_000285.png,0,enemy,1,0.390399,0.241872,0.034834,0.099921,final_merged__Federico_sammelt__i_tried_the_new_season [C-SDrECvTa4],285,9.500000,1.0000,False,manual_box,
final_merged_Federico_sammelt_i_tried_the_new_season_[C-SDrECvTa4]_000285.png,0,enemy,1,0.339847,0.279144,0.049278,0.111023,final_merged__Federico_sammelt__i_tried_the_new_season [C-SDrECvTa4],285,9.500000,1.0000,False,manual_box,
final_merged_Federico_sammelt_i_tried_the_new_season_[C-SDrECvTa4]_000285.png,0,enemy,1,0.310535,0.273592,0.034834,0.106265,final_merged__Federico_sammelt__i_tried_the_new_season [C-SDrECvTa4],285,9.500000,1.0000,False,manual_box,
final_merged_Federico_sammelt_i_tried_the_new_season_[C-SDrECvTa4]_000285.png,1,player,1,0.198386,0.586836,0.388275,0.748612,final_merged__Federico_sammelt__i_tried_the_new_season [C-SDrECvTa4],285,9.500000,1.0000,False,manual_box,
final_merged_Federico_sammelt_i_tried_the_new_season_[C-SDrECvTa4]_000300.png,1,player,1,0.210705,0.674465,0.418012,0.651070,final_merged__Federico_sammelt__i_tried_the_new_season [C-SDrECvTa4],300,10.000000,1.0000,False,manual_box,
final_merged_Federico_sammelt_i_tried_the_new_season_[C-SDrECvTa4]_000300.png,0,enemy,1,0.493203,0.643933,0.128292,0.390167,final_merged__Federico_sammelt__i_tried_the_new_season [C-SDrECvTa4],300,10.000000,1.0000,False,manual_box,
final_merged_Federico_sammelt_i_tried_the_new_season_[C-SDrECvTa4]_000300.png,0,enemy,1,0.514019,0.266455,0.027188,0.098335,final_merged__Federico_sammelt__i_tried_the_new_season [C-SDrECvTa4],300,10.000000,1.0000,False,manual_box,
final_merged_Federico_sammelt_i_tried_the_new_season_[C-SDrECvTa4]_000300.png,0,enemy,1,0.470263,0.068200,0.034834,0.114195,final_merged__Federico_sammelt__i_tried_the_new_season [C-SDrECvTa4],300,10.000000,1.0000,False,manual_box,
final_merged_Federico_sammelt_i_tried_the_new_season_[C-SDrECvTa4]_000300.png,0,enemy,1,0.415888,0.276764,0.022940,0.084060,final_merged__Federico_sammelt__i_tried_the_new_season [C-SDrECvTa4],300,10.000000,1.0000,False,manual_box,
final_merged_Federico_sammelt_i_tried_the_new_season_[C-SDrECvTa4]_000300.png,0,enemy,1,0.378080,0.280730,0.030586,0.091990,final_merged__Federico_sammelt__i_tried_the_new_season [C-SDrECvTa4],300,10.000000,1.0000,False,manual_box,
final_merged_Federico_sammelt_i_tried_the_new_season_[C-SDrECvTa4]_000300.png,0,enemy,1,0.328377,0.291039,0.034834,0.118953,final_merged__Federico_sammelt__i_tried_the_new_season [C-SDrECvTa4],300,10.000000,1.0000,False,manual_box,
final_merged_Federico_sammelt_i_tried_the_new_season_[C-SDrECvTa4]_000300.png,0,enemy,1,0.295667,0.278351,0.028887,0.109437,final_merged__Federico_sammelt__i_tried_the_new_season [C-SDrECvTa4],300,10.000000,1.0000,False,manual_box,
final_merged_Federico_sammelt_i_tried_the_new_season_[C-SDrECvTa4]_000315.png,0,enemy,1,0.494053,0.631245,0.112999,0.348929,final_merged__Federico_sammelt__i_tried_the_new_season [C-SDrECvTa4],315,10.500000,1.0000,False,manual_box,
final_merged_Federico_sammelt_i_tried_the_new_season_[C-SDrECvTa4]_000315.png,0,enemy,1,0.511470,0.246630,0.030586,0.096749,final_merged__Federico_sammelt__i_tried_the_new_season [C-SDrECvTa4],315,10.500000,1.0000,False,manual_box,
final_merged_Federico_sammelt_i_tried_the_new_season_[C-SDrECvTa4]_000315.png,0,enemy,1,0.471113,0.066614,0.046729,0.123711,final_merged__Federico_sammelt__i_tried_the_new_season [C-SDrECvTa4],315,10.500000,1.0000,False,manual_box,
final_merged_Federico_sammelt_i_tried_the_new_season_[C-SDrECvTa4]_000315.png,0,enemy,1,0.414613,0.252181,0.025489,0.072958,final_merged__Federico_sammelt__i_tried_the_new_season [C-SDrECvTa4],315,10.500000,1.0000,False,manual_box,
final_merged_Federico_sammelt_i_tried_the_new_season_[C-SDrECvTa4]_000315.png,0,enemy,1,0.378080,0.254560,0.025489,0.087232,final_merged__Federico_sammelt__i_tried_the_new_season [C-SDrECvTa4],315,10.500000,1.0000,False,manual_box,
final_merged_Federico_sammelt_i_tried_the_new_season_[C-SDrECvTa4]_000315.png,0,enemy,1,0.328377,0.270420,0.026338,0.112609,final_merged__Federico_sammelt__i_tried_the_new_season [C-SDrECvTa4],315,10.500000,1.0000,False,manual_box,
final_merged_Federico_sammelt_i_tried_the_new_season_[C-SDrECvTa4]_000315.png,0,enemy,1,0.299915,0.268834,0.033985,0.099921,final_merged__Federico_sammelt__i_tried_the_new_season [C-SDrECvTa4],315,10.500000,1.0000,False,manual_box,
final_merged_Federico_sammelt_i_tried_the_new_season_[C-SDrECvTa4]_000315.png,1,player,1,0.265081,0.659794,0.513169,0.602696,final_merged__Federico_sammelt__i_tried_the_new_season [C-SDrECvTa4],315,10.500000,1.0000,False,manual_box,
final_merged_Federico_sammelt_i_tried_the_new_season_[C-SDrECvTa4]_000330.png,1,player,1,0.386151,0.672482,0.179269,0.574148,final_merged__Federico_sammelt__i_tried_the_new_season [C-SDrECvTa4],330,11.000000,1.0000,False,manual_box,
final_merged_Federico_sammelt_i_tried_the_new_season_[C-SDrECvTa4]_000330.png,0,enemy,1,0.243840,0.743854,0.202209,0.434576,final_merged__Federico_sammelt__i_tried_the_new_season [C-SDrECvTa4],330,11.000000,1.0000,False,manual_box,
final_merged_Federico_sammelt_i_tried_the_new_season_[C-SDrECvTa4]_000330.png,0,enemy,1,0.535259,0.593973,0.108751,0.277557,final_merged__Federico_sammelt__i_tried_the_new_season [C-SDrECvTa4],330,11.000000,1.0000,False,manual_box,
final_merged_Federico_sammelt_i_tried_the_new_season_[C-SDrECvTa4]_000330.png,0,enemy,1,0.587935,0.274385,0.037383,0.114195,final_merged__Federico_sammelt__i_tried_the_new_season [C-SDrECvTa4],330,11.000000,1.0000,False,manual_box,
final_merged_Federico_sammelt_i_tried_the_new_season_[C-SDrECvTa4]_000330.png,0,enemy,1,0.544180,0.095163,0.036534,0.101507,final_merged__Federico_sammelt__i_tried_the_new_season [C-SDrECvTa4],330,11.000000,1.0000,False,manual_box,
final_merged_Federico_sammelt_i_tried_the_new_season_[C-SDrECvTa4]_000330.png,0,enemy,1,0.505523,0.283902,0.032285,0.107851,final_merged__Federico_sammelt__i_tried_the_new_season [C-SDrECvTa4],330,11.000000,1.0000,False,manual_box,
final_merged_Federico_sammelt_i_tried_the_new_season_[C-SDrECvTa4]_000330.png,0,enemy,1,0.459218,0.269627,0.034834,0.085646,final_merged__Federico_sammelt__i_tried_the_new_season [C-SDrECvTa4],330,11.000000,1.0000,False,manual_box,
final_merged_Federico_sammelt_i_tried_the_new_season_[C-SDrECvTa4]_000330.png,0,enemy,1,0.413339,0.284695,0.033135,0.099921,final_merged__Federico_sammelt__i_tried_the_new_season [C-SDrECvTa4],330,11.000000,1.0000,False,manual_box,
final_merged_Federico_sammelt_i_tried_the_new_season_[C-SDrECvTa4]_000330.png,0,enemy,1,0.387001,0.288660,0.036534,0.101507,final_merged__Federico_sammelt__i_tried_the_new_season [C-SDrECvTa4],330,11.000000,1.0000,False,manual_box,
final_merged_Federico_sammelt_i_tried_the_new_season_[C-SDrECvTa4]_000345.png,0,enemy,1,0.623195,0.495638,0.119796,0.375892,final_merged__Federico_sammelt__i_tried_the_new_season [C-SDrECvTa4],345,11.500000,1.0000,False,manual_box,
final_merged_Federico_sammelt_i_tried_the_new_season_[C-SDrECvTa4]_000345.png,0,enemy,1,0.583687,0.048374,0.025489,0.096749,final_merged__Federico_sammelt__i_tried_the_new_season [C-SDrECvTa4],345,11.500000,1.0000,False,manual_box,
party_girl_augmented_Party_Girl_Fortnite_Montage_[uXGC9gKcheI]_000553_057ae94e_a.png,1,player,1,0.420517,0.663685,0.140586,0.303936,party_girl_augmented__Party_Girl_Fortnite_Montage [uXGC9gKcheI],553,18.433333,1.0000,False,manual_box,original
party_girl_augmented_Party_Girl_Fortnite_Montage_[uXGC9gKcheI]_000553_057ae94e_a.png,0,enemy,1,0.639096,0.460877,0.087928,0.238728,party_girl_augmented__Party_Girl_Fortnite_Montage [uXGC9gKcheI],553,18.433333,1.0000,False,manual_box,original
party_girl_augmented_Party_Girl_Fortnite_Montage_[uXGC9gKcheI]_000554_1161f79c_a.png,1,player,1,0.434923,0.662027,0.143567,0.302830,party_girl_augmented__Party_Girl_Fortnite_Montage [uXGC9gKcheI],554,18.466666,1.0000,False,manual_box,original
party_girl_augmented_Party_Girl_Fortnite_Montage_[uXGC9gKcheI]_000554_1161f79c_a.png,0,enemy,1,0.649528,0.448719,0.074019,0.205571,party_girl_augmented__Party_Girl_Fortnite_Montage [uXGC9gKcheI],554,18.466666,1.0000,False,manual_box,original
party_girl_augmented_Party_Girl_Fortnite_Montage_[uXGC9gKcheI]_000577_35bc4403_a_2.png,1,player,1,0.447839,0.750885,0.141580,0.498230,party_girl_augmented__Party_Girl_Fortnite_Montage [uXGC9gKcheI],577,19.233333,1.0000,False,manual_box,brightness_0.7
party_girl_augmented_Party_Girl_Fortnite_Montage_[uXGC9gKcheI]_000577_35bc4403_a_3.png,1,player,1,0.447839,0.750885,0.141580,0.498230,party_girl_augmented__Party_Girl_Fortnite_Montage [uXGC9gKcheI],577,19.233333,1.0000,False,manual_box,brightness_1.3
party_girl_augmented_Party_Girl_Fortnite_Montage_[uXGC9gKcheI]_000577_35bc4403_a_4.png,1,player,1,0.447839,0.750885,0.141580,0.498230,party_girl_augmented__Party_Girl_Fortnite_Montage [uXGC9gKcheI],577,19.233333,1.0000,False,manual_box,noise
party_girl_augmented_Party_Girl_Fortnite_Montage_[uXGC9gKcheI]_000577_35bc4403_a_5.png,1,player,1,0.552161,0.750885,0.141580,0.498230,party_girl_augmented__Party_Girl_Fortnite_Montage [uXGC9gKcheI],577,19.233333,1.0000,False,manual_box,flip
party_girl_augmented_Party_Girl_Fortnite_Montage_[uXGC9gKcheI]_000577_35bc4403_a.png,1,player,1,0.447839,0.750885,0.141580,0.498230,party_girl_augmented__Party_Girl_Fortnite_Montage [uXGC9gKcheI],577,19.233333,1.0000,False,manual_box,original
party_girl_augmented_Party_Girl_Fortnite_Montage_[uXGC9gKcheI]_000578_a77bc989_a_2.png,1,player,1,0.433681,0.752543,0.137109,0.494914,party_girl_augmented__Party_Girl_Fortnite_Montage [uXGC9gKcheI],578,19.266666,1.0000,False,manual_box,brightness_0.7
party_girl_augmented_Party_Girl_Fortnite_Montage_[uXGC9gKcheI]_000578_a77bc989_a_3.png,1,player,1,0.433681,0.752543,0.137109,0.494914,party_girl_augmented__Party_Girl_Fortnite_Montage [uXGC9gKcheI],578,19.266666,1.0000,False,manual_box,brightness_1.3
party_girl_augmented_Party_Girl_Fortnite_Montage_[uXGC9gKcheI]_000578_a77bc989_a_4.png,1,player,1,0.433681,0.752543,0.137109,0.494914,party_girl_augmented__Party_Girl_Fortnite_Montage [uXGC9gKcheI],578,19.266666,1.0000,False,manual_box,noise
party_girl_augmented_Party_Girl_Fortnite_Montage_[uXGC9gKcheI]_000578_a77bc989_a_5.png,1,player,1,0.521368,0.679552,0.177631,0.640896,party_girl_augmented__Party_Girl_Fortnite_Montage [uXGC9gKcheI],578,19.266666,1.0000,False,manual_box,zoom
party_girl_augmented_Party_Girl_Fortnite_Montage_[uXGC9gKcheI]_000578_a77bc989_a.png,1,player,1,0.433681,0.752543,0.137109,0.494914,party_girl_augmented__Party_Girl_Fortnite_Montage [uXGC9gKcheI],578,19.266666,1.0000,False,manual_box,original
party_girl_augmented_Party_Girl_Fortnite_Montage_[uXGC9gKcheI]_000579_38dfe0d1_a_2.png,1,player,1,0.439146,0.738175,0.155986,0.523650,party_girl_augmented__Party_Girl_Fortnite_Montage [uXGC9gKcheI],579,19.300000,1.0000,False,manual_box,noise
party_girl_augmented_Party_Girl_Fortnite_Montage_[uXGC9gKcheI]_000579_38dfe0d1_a_3.png,1,player,1,0.560854,0.738175,0.155986,0.523650,party_girl_augmented__Party_Girl_Fortnite_Montage [uXGC9gKcheI],579,19.300000,1.0000,False,manual_box,flip
party_girl_augmented_Party_Girl_Fortnite_Montage_[uXGC9gKcheI]_000579_38dfe0d1_a_4.png,1,player,1,0.349678,0.728957,0.155986,0.523650,party_girl_augmented__Party_Girl_Fortnite_Montage [uXGC9gKcheI],579,19.300000,1.0000,False,manual_box,shift
party_girl_augmented_Party_Girl_Fortnite_Montage_[uXGC9gKcheI]_000579_38dfe0d1_a_5.png,1,player,1,0.511006,0.695945,0.181511,0.608110,party_girl_augmented__Party_Girl_Fortnite_Montage [uXGC9gKcheI],579,19.300000,1.0000,False,manual_box,zoom
party_girl_augmented_Party_Girl_Fortnite_Montage_[uXGC9gKcheI]_000579_38dfe0d1_a.png,1,player,1,0.439146,0.738175,0.155986,0.523650,party_girl_augmented__Party_Girl_Fortnite_Montage [uXGC9gKcheI],579,19.300000,1.0000,False,manual_box,original
party_girl_augmented_Party_Girl_Fortnite_Montage_[uXGC9gKcheI]_000583_cac3c73b_a_2.png,1,player,1,0.436165,0.742596,0.134128,0.514808,party_girl_augmented__Party_Girl_Fortnite_Montage [uXGC9gKcheI],583,19.433333,1.0000,False,manual_box,noise
party_girl_augmented_Party_Girl_Fortnite_Montage_[uXGC9gKcheI]_000583_cac3c73b_a_2.png,0,enemy,1,0.366120,0.608976,0.036761,0.247569,party_girl_augmented__Party_Girl_Fortnite_Montage [uXGC9gKcheI],583,19.433333,1.0000,False,manual_box,noise
party_girl_augmented_Party_Girl_Fortnite_Montage_[uXGC9gKcheI]_000583_cac3c73b_a.png,1,player,1,0.436165,0.742596,0.134128,0.514808,party_girl_augmented__Party_Girl_Fortnite_Montage [uXGC9gKcheI],583,19.433333,1.0000,False,manual_box,original
party_girl_augmented_Party_Girl_Fortnite_Montage_[uXGC9gKcheI]_000583_cac3c73b_a.png,0,enemy,1,0.366120,0.608976,0.036761,0.247569,party_girl_augmented__Party_Girl_Fortnite_Montage [uXGC9gKcheI],583,19.433333,1.0000,False,manual_box,original
party_girl_augmented_Party_Girl_Fortnite_Montage_[uXGC9gKcheI]_000600_c6a117c9_a.png,1,player,1,0.415797,0.759174,0.159960,0.481652,party_girl_augmented__Party_Girl_Fortnite_Montage [uXGC9gKcheI],600,20.000000,1.0000,False,manual_box,original
party_girl_augmented_Party_Girl_Fortnite_Montage_[uXGC9gKcheI]_000600_c6a117c9_a.png,0,enemy,1,0.469200,0.418326,0.053154,0.219939,party_girl_augmented__Party_Girl_Fortnite_Montage [uXGC9gKcheI],600,20.000000,1.0000,False,manual_box,original
party_girl_augmented_Party_Girl_Fortnite_Montage_[uXGC9gKcheI]_000601_969c2b63_a_2.png,0,enemy,1,0.490313,0.531611,0.054645,0.201150,party_girl_augmented__Party_Girl_Fortnite_Montage [uXGC9gKcheI],601,20.033333,1.0000,False,manual_box,brightness_0.7
party_girl_augmented_Party_Girl_Fortnite_Montage_[uXGC9gKcheI]_000601_969c2b63_a_2.png,1,player,1,0.430452,0.758622,0.125683,0.482757,party_girl_augmented__Party_Girl_Fortnite_Montage [uXGC9gKcheI],601,20.033333,1.0000,False,manual_box,brightness_0.7
party_girl_augmented_Party_Girl_Fortnite_Montage_[uXGC9gKcheI]_000601_969c2b63_a_3.png,0,enemy,1,0.490313,0.531611,0.054645,0.201150,party_girl_augmented__Party_Girl_Fortnite_Montage [uXGC9gKcheI],601,20.033333,1.0000,False,manual_box,brightness_1.3
party_girl_augmented_Party_Girl_Fortnite_Montage_[uXGC9gKcheI]_000601_969c2b63_a_3.png,1,player,1,0.430452,0.758622,0.125683,0.482757,party_girl_augmented__Party_Girl_Fortnite_Montage [uXGC9gKcheI],601,20.033333,1.0000,False,manual_box,brightness_1.3
party_girl_augmented_Party_Girl_Fortnite_Montage_[uXGC9gKcheI]_000601_969c2b63_a.png,0,enemy,1,0.490313,0.531611,0.054645,0.201150,party_girl_augmented__Party_Girl_Fortnite_Montage [uXGC9gKcheI],601,20.033333,1.0000,False,manual_box,original
party_girl_augmented_Party_Girl_Fortnite_Montage_[uXGC9gKcheI]_000601_969c2b63_a.png,1,player,1,0.430452,0.758622,0.125683,0.482757,party_girl_augmented__Party_Girl_Fortnite_Montage [uXGC9gKcheI],601,20.033333,1.0000,False,manual_box,original
party_girl_augmented_Party_Girl_Fortnite_Montage_[uXGC9gKcheI]_000827_a84497a8_a_2.png,1,player,1,0.445852,0.698387,0.155489,0.603226,party_girl_augmented__Party_Girl_Fortnite_Montage [uXGC9gKcheI],827,27.566666,1.0000,False,manual_box,brightness_0.7
party_girl_augmented_Party_Girl_Fortnite_Montage_[uXGC9gKcheI]_000827_a84497a8_a_3.png,1,player,1,0.445852,0.698387,0.155489,0.603226,party_girl_augmented__Party_Girl_Fortnite_Montage [uXGC9gKcheI],827,27.566666,1.0000,False,manual_box,brightness_1.3
party_girl_augmented_Party_Girl_Fortnite_Montage_[uXGC9gKcheI]_000827_a84497a8_a_4.png,1,player,1,0.445852,0.698387,0.155489,0.603226,party_girl_augmented__Party_Girl_Fortnite_Montage [uXGC9gKcheI],827,27.566666,1.0000,False,manual_box,noise
party_girl_augmented_Party_Girl_Fortnite_Montage_[uXGC9gKcheI]_000827_a84497a8_a_5.png,1,player,1,0.554148,0.698387,0.155489,0.603226,party_girl_augmented__Party_Girl_Fortnite_Montage [uXGC9gKcheI],827,27.566666,1.0000,False,manual_box,flip
party_girl_augmented_Party_Girl_Fortnite_Montage_[uXGC9gKcheI]_000827_a84497a8_a.png,1,player,1,0.445852,0.698387,0.155489,0.603226,party_girl_augmented__Party_Girl_Fortnite_Montage [uXGC9gKcheI],827,27.566666,1.0000,False,manual_box,original
party_girl_augmented_Party_Girl_Fortnite_Montage_[uXGC9gKcheI]_000828_2ded66f3_a_2.png,1,player,1,0.537258,0.706124,0.142573,0.587753,party_girl_augmented__Party_Girl_Fortnite_Montage [uXGC9gKcheI],828,27.600000,1.0000,False,manual_box,flip
party_girl_augmented_Party_Girl_Fortnite_Montage_[uXGC9gKcheI]_000828_2ded66f3_a_3.png,1,player,1,0.608016,0.641315,0.142573,0.587753,party_girl_augmented__Party_Girl_Fortnite_Montage [uXGC9gKcheI],828,27.600000,1.0000,False,manual_box,shift
party_girl_augmented_Party_Girl_Fortnite_Montage_[uXGC9gKcheI]_000828_2ded66f3_a_4.png,1,player,1,0.418870,0.647439,0.128093,0.527345,party_girl_augmented__Party_Girl_Fortnite_Montage [uXGC9gKcheI],828,27.600000,1.0000,False,manual_box,zoom
party_girl_augmented_Party_Girl_Fortnite_Montage_[uXGC9gKcheI]_000828_2ded66f3_a_5.png,1,player,1,0.462742,0.706124,0.142573,0.587753,party_girl_augmented__Party_Girl_Fortnite_Montage [uXGC9gKcheI],828,27.600000,1.0000,False,manual_box,maskedpan
party_girl_augmented_Party_Girl_Fortnite_Montage_[uXGC9gKcheI]_000828_2ded66f3_a.png,1,player,1,0.462742,0.706124,0.142573,0.587753,party_girl_augmented__Party_Girl_Fortnite_Montage [uXGC9gKcheI],828,27.600000,1.0000,False,manual_box,original
party_girl_augmented_Party_Girl_Fortnite_Montage_[uXGC9gKcheI]_000880_431d169d_a_2.png,1,player,1,0.378788,0.701703,0.203179,0.596595,party_girl_augmented__Party_Girl_Fortnite_Montage [uXGC9gKcheI],880,29.333333,1.0000,False,manual_box,noise
party_girl_augmented_Party_Girl_Fortnite_Montage_[uXGC9gKcheI]_000880_431d169d_a_2.png,0,enemy,1,0.561351,0.611740,0.075509,0.292883,party_girl_augmented__Party_Girl_Fortnite_Montage [uXGC9gKcheI],880,29.333333,1.0000,False,manual_box,noise
party_girl_augmented_Party_Girl_Fortnite_Montage_[uXGC9gKcheI]_000880_431d169d_a.png,1,player,1,0.378788,0.701703,0.203179,0.596595,party_girl_augmented__Party_Girl_Fortnite_Montage [uXGC9gKcheI],880,29.333333,1.0000,False,manual_box,original
party_girl_augmented_Party_Girl_Fortnite_Montage_[uXGC9gKcheI]_000880_431d169d_a.png,0,enemy,1,0.561351,0.611740,0.075509,0.292883,party_girl_augmented__Party_Girl_Fortnite_Montage [uXGC9gKcheI],880,29.333333,1.0000,False,manual_box,original
party_girl_augmented_Party_Girl_Fortnite_Montage_[uXGC9gKcheI]_000987_ae79f958_a_2.png,1,player,1,0.425484,0.743148,0.157476,0.513703,party_girl_augmented__Party_Girl_Fortnite_Montage [uXGC9gKcheI],987,32.900000,1.0000,False,manual_box,brightness_0.7
party_girl_augmented_Party_Girl_Fortnite_Montage_[uXGC9gKcheI]_000987_ae79f958_a_3.png,1,player,1,0.425484,0.743148,0.157476,0.513703,party_girl_augmented__Party_Girl_Fortnite_Montage [uXGC9gKcheI],987,32.900000,1.0000,False,manual_box,brightness_1.3
party_girl_augmented_Party_Girl_Fortnite_Montage_[uXGC9gKcheI]_000987_ae79f958_a_4.png,1,player,1,0.574516,0.743148,0.157476,0.513703,party_girl_augmented__Party_Girl_Fortnite_Montage [uXGC9gKcheI],987,32.900000,1.0000,False,manual_box,flip
party_girl_augmented_Party_Girl_Fortnite_Montage_[uXGC9gKcheI]_000987_ae79f958_a_5.png,1,player,1,0.411756,0.738534,0.151817,0.495153,party_girl_augmented__Party_Girl_Fortnite_Montage [uXGC9gKcheI],987,32.900000,1.0000,False,manual_box,zoom
party_girl_augmented_Party_Girl_Fortnite_Montage_[uXGC9gKcheI]_000987_ae79f958_a.png,1,player,1,0.425484,0.743148,0.157476,0.513703,party_girl_augmented__Party_Girl_Fortnite_Montage [uXGC9gKcheI],987,32.900000,1.0000,False,manual_box,original
party_girl_augmented_Party_Girl_Fortnite_Montage_[uXGC9gKcheI]_000997_135a0be6_a_2.png,1,player,1,0.382265,0.697834,0.167412,0.604331,party_girl_augmented__Party_Girl_Fortnite_Montage [uXGC9gKcheI],997,33.233333,1.0000,False,manual_box,brightness_0.7
party_girl_augmented_Party_Girl_Fortnite_Montage_[uXGC9gKcheI]_000997_135a0be6_a_2.png,0,enemy,1,0.483110,0.531058,0.095877,0.478560,party_girl_augmented__Party_Girl_Fortnite_Montage [uXGC9gKcheI],997,33.233333,1.0000,False,manual_box,brightness_0.7
party_girl_augmented_Party_Girl_Fortnite_Montage_[uXGC9gKcheI]_000997_135a0be6_a_3.png,1,player,1,0.382265,0.697834,0.167412,0.604331,party_girl_augmented__Party_Girl_Fortnite_Montage [uXGC9gKcheI],997,33.233333,1.0000,False,manual_box,brightness_1.3
party_girl_augmented_Party_Girl_Fortnite_Montage_[uXGC9gKcheI]_000997_135a0be6_a_3.png,0,enemy,1,0.483110,0.531058,0.095877,0.478560,party_girl_augmented__Party_Girl_Fortnite_Montage [uXGC9gKcheI],997,33.233333,1.0000,False,manual_box,brightness_1.3
party_girl_augmented_Party_Girl_Fortnite_Montage_[uXGC9gKcheI]_000997_135a0be6_a.png,1,player,1,0.382265,0.697834,0.167412,0.604331,party_girl_augmented__Party_Girl_Fortnite_Montage [uXGC9gKcheI],997,33.233333,1.0000,False,manual_box,original
party_girl_augmented_Party_Girl_Fortnite_Montage_[uXGC9gKcheI]_000997_135a0be6_a.png,0,enemy,1,0.483110,0.531058,0.095877,0.478560,party_girl_augmented__Party_Girl_Fortnite_Montage [uXGC9gKcheI],997,33.233333,1.0000,False,manual_box,original
party_girl_augmented_Party_Girl_Fortnite_Montage_[uXGC9gKcheI]_001151_73304c92_a_2.png,1,player,1,0.391952,0.763042,0.143070,0.473915,party_girl_augmented__Party_Girl_Fortnite_Montage [uXGC9gKcheI],1151,38.366666,1.0000,False,manual_box,noise
party_girl_augmented_Party_Girl_Fortnite_Montage_[uXGC9gKcheI]_001151_73304c92_a_3.png,1,player,1,0.608048,0.763042,0.143070,0.473915,party_girl_augmented__Party_Girl_Fortnite_Montage [uXGC9gKcheI],1151,38.366666,1.0000,False,manual_box,flip
party_girl_augmented_Party_Girl_Fortnite_Montage_[uXGC9gKcheI]_001151_73304c92_a_4.png,1,player,1,0.417856,0.755156,0.132563,0.439688,party_girl_augmented__Party_Girl_Fortnite_Montage [uXGC9gKcheI],1151,38.366666,1.0000,False,manual_box,zoom
party_girl_augmented_Party_Girl_Fortnite_Montage_[uXGC9gKcheI]_001151_73304c92_a_5.png,1,player,1,0.391952,0.763042,0.143070,0.473915,party_girl_augmented__Party_Girl_Fortnite_Montage [uXGC9gKcheI],1151,38.366666,1.0000,False,manual_box,maskedpan
party_girl_augmented_Party_Girl_Fortnite_Montage_[uXGC9gKcheI]_001151_73304c92_a.png,1,player,1,0.391952,0.763042,0.143070,0.473915,party_girl_augmented__Party_Girl_Fortnite_Montage [uXGC9gKcheI],1151,38.366666,1.0000,False,manual_box,original
party_girl_augmented_Party_Girl_Fortnite_Montage_[uXGC9gKcheI]_001160_77e22877_a_2.png,1,player,1,0.397168,0.716071,0.105812,0.567858,party_girl_augmented__Party_Girl_Fortnite_Montage [uXGC9gKcheI],1160,38.666666,1.0000,False,manual_box,brightness_0.7
party_girl_augmented_Party_Girl_Fortnite_Montage_[uXGC9gKcheI]_001160_77e22877_a_3.png,1,player,1,0.397168,0.716071,0.105812,0.567858,party_girl_augmented__Party_Girl_Fortnite_Montage [uXGC9gKcheI],1160,38.666666,1.0000,False,manual_box,brightness_1.3
party_girl_augmented_Party_Girl_Fortnite_Montage_[uXGC9gKcheI]_001160_77e22877_a_4.png,1,player,1,0.397168,0.716071,0.105812,0.567858,party_girl_augmented__Party_Girl_Fortnite_Montage [uXGC9gKcheI],1160,38.666666,1.0000,False,manual_box,noise
party_girl_augmented_Party_Girl_Fortnite_Montage_[uXGC9gKcheI]_001160_77e22877_a_5.png,1,player,1,0.602832,0.716071,0.105812,0.567858,party_girl_augmented__Party_Girl_Fortnite_Montage [uXGC9gKcheI],1160,38.666666,1.0000,False,manual_box,flip
party_girl_augmented_Party_Girl_Fortnite_Montage_[uXGC9gKcheI]_001160_77e22877_a.png,1,player,1,0.397168,0.716071,0.105812,0.567858,party_girl_augmented__Party_Girl_Fortnite_Montage [uXGC9gKcheI],1160,38.666666,1.0000,False,manual_box,original
party_girl_augmented_Party_Girl_Fortnite_Montage_[uXGC9gKcheI]_001182_b7fe58f3_a_2.png,1,player,1,0.411823,0.690210,0.134128,0.440983,party_girl_augmented__Party_Girl_Fortnite_Montage [uXGC9gKcheI],1182,39.400000,1.0000,False,manual_box,brightness_0.7
party_girl_augmented_Party_Girl_Fortnite_Montage_[uXGC9gKcheI]_001182_b7fe58f3_a_2.png,0,enemy,1,0.501490,0.260279,0.019374,0.056366,party_girl_augmented__Party_Girl_Fortnite_Montage [uXGC9gKcheI],1182,39.400000,1.0000,False,manual_box,brightness_0.7
party_girl_augmented_Party_Girl_Fortnite_Montage_[uXGC9gKcheI]_001182_b7fe58f3_a_3.png,1,player,1,0.411823,0.690210,0.134128,0.440983,party_girl_augmented__Party_Girl_Fortnite_Montage [uXGC9gKcheI],1182,39.400000,1.0000,False,manual_box,brightness_1.3
party_girl_augmented_Party_Girl_Fortnite_Montage_[uXGC9gKcheI]_001182_b7fe58f3_a_3.png,0,enemy,1,0.501490,0.260279,0.019374,0.056366,party_girl_augmented__Party_Girl_Fortnite_Montage [uXGC9gKcheI],1182,39.400000,1.0000,False,manual_box,brightness_1.3
party_girl_augmented_Party_Girl_Fortnite_Montage_[uXGC9gKcheI]_001182_b7fe58f3_a_4.png,1,player,1,0.411823,0.690210,0.134128,0.440983,party_girl_augmented__Party_Girl_Fortnite_Montage [uXGC9gKcheI],1182,39.400000,1.0000,False,manual_box,noise
party_girl_augmented_Party_Girl_Fortnite_Montage_[uXGC9gKcheI]_001182_b7fe58f3_a_4.png,0,enemy,1,0.501490,0.260279,0.019374,0.056366,party_girl_augmented__Party_Girl_Fortnite_Montage [uXGC9gKcheI],1182,39.400000,1.0000,False,manual_box,noise
party_girl_augmented_Party_Girl_Fortnite_Montage_[uXGC9gKcheI]_001182_b7fe58f3_a_5.png,1,player,1,0.588177,0.690210,0.134128,0.440983,party_girl_augmented__Party_Girl_Fortnite_Montage [uXGC9gKcheI],1182,39.400000,1.0000,False,manual_box,flip
party_girl_augmented_Party_Girl_Fortnite_Montage_[uXGC9gKcheI]_001182_b7fe58f3_a_5.png,0,enemy,1,0.498510,0.260279,0.019374,0.056366,party_girl_augmented__Party_Girl_Fortnite_Montage [uXGC9gKcheI],1182,39.400000,1.0000,False,manual_box,flip
party_girl_augmented_Party_Girl_Fortnite_Montage_[uXGC9gKcheI]_001182_b7fe58f3_a.png,1,player,1,0.411823,0.690210,0.134128,0.440983,party_girl_augmented__Party_Girl_Fortnite_Montage [uXGC9gKcheI],1182,39.400000,1.0000,False,manual_box,original
party_girl_augmented_Party_Girl_Fortnite_Montage_[uXGC9gKcheI]_001182_b7fe58f3_a.png,0,enemy,1,0.501490,0.260279,0.019374,0.056366,party_girl_augmented__Party_Girl_Fortnite_Montage [uXGC9gKcheI],1182,39.400000,1.0000,False,manual_box,original
party_girl_augmented_Party_Girl_Fortnite_Montage_[uXGC9gKcheI]_001224_8541d3b5_a_2.png,1,player,1,0.414059,0.737070,0.188276,0.525860,party_girl_augmented__Party_Girl_Fortnite_Montage [uXGC9gKcheI],1224,40.800000,1.0000,False,manual_box,brightness_0.7
party_girl_augmented_Party_Girl_Fortnite_Montage_[uXGC9gKcheI]_001224_8541d3b5_a_2.png,0,enemy,1,0.602335,0.254753,0.089916,0.500665,party_girl_augmented__Party_Girl_Fortnite_Montage [uXGC9gKcheI],1224,40.800000,1.0000,False,manual_box,brightness_0.7
party_girl_augmented_Party_Girl_Fortnite_Montage_[uXGC9gKcheI]_001224_8541d3b5_a_3.png,1,player,1,0.414059,0.737070,0.188276,0.525860,party_girl_augmented__Party_Girl_Fortnite_Montage [uXGC9gKcheI],1224,40.800000,1.0000,False,manual_box,brightness_1.3
party_girl_augmented_Party_Girl_Fortnite_Montage_[uXGC9gKcheI]_001224_8541d3b5_a_3.png,0,enemy,1,0.602335,0.254753,0.089916,0.500665,party_girl_augmented__Party_Girl_Fortnite_Montage [uXGC9gKcheI],1224,40.800000,1.0000,False,manual_box,brightness_1.3
party_girl_augmented_Party_Girl_Fortnite_Montage_[uXGC9gKcheI]_001224_8541d3b5_a_4.png,1,player,1,0.414059,0.737070,0.188276,0.525860,party_girl_augmented__Party_Girl_Fortnite_Montage [uXGC9gKcheI],1224,40.800000,1.0000,False,manual_box,noise
party_girl_augmented_Party_Girl_Fortnite_Montage_[uXGC9gKcheI]_001224_8541d3b5_a_4.png,0,enemy,1,0.602335,0.254753,0.089916,0.500665,party_girl_augmented__Party_Girl_Fortnite_Montage [uXGC9gKcheI],1224,40.800000,1.0000,False,manual_box,noise
party_girl_augmented_Party_Girl_Fortnite_Montage_[uXGC9gKcheI]_001224_8541d3b5_a_5.png,1,player,1,0.585941,0.737070,0.188276,0.525860,party_girl_augmented__Party_Girl_Fortnite_Montage [uXGC9gKcheI],1224,40.800000,1.0000,False,manual_box,flip
party_girl_augmented_Party_Girl_Fortnite_Montage_[uXGC9gKcheI]_001224_8541d3b5_a_5.png,0,enemy,1,0.397665,0.254753,0.089916,0.500665,party_girl_augmented__Party_Girl_Fortnite_Montage [uXGC9gKcheI],1224,40.800000,1.0000,False,manual_box,flip
party_girl_augmented_Party_Girl_Fortnite_Montage_[uXGC9gKcheI]_001224_8541d3b5_a.png,1,player,1,0.414059,0.737070,0.188276,0.525860,party_girl_augmented__Party_Girl_Fortnite_Montage [uXGC9gKcheI],1224,40.800000,1.0000,False,manual_box,original
party_girl_augmented_Party_Girl_Fortnite_Montage_[uXGC9gKcheI]_001224_8541d3b5_a.png,0,enemy,1,0.602335,0.254753,0.089916,0.500665,party_girl_augmented__Party_Girl_Fortnite_Montage [uXGC9gKcheI],1224,40.800000,1.0000,False,manual_box,original
party_girl_augmented_Party_Girl_Fortnite_Montage_[uXGC9gKcheI]_001287_7a9042b9_a_2.png,1,player,1,0.435668,0.696729,0.141083,0.606542,party_girl_augmented__Party_Girl_Fortnite_Montage [uXGC9gKcheI],1287,42.900000,1.0000,False,manual_box,brightness_0.7
party_girl_augmented_Party_Girl_Fortnite_Montage_[uXGC9gKcheI]_001287_7a9042b9_a_3.png,1,player,1,0.435668,0.696729,0.141083,0.606542,party_girl_augmented__Party_Girl_Fortnite_Montage [uXGC9gKcheI],1287,42.900000,1.0000,False,manual_box,brightness_1.3
party_girl_augmented_Party_Girl_Fortnite_Montage_[uXGC9gKcheI]_001287_7a9042b9_a_4.png,1,player,1,0.564332,0.696729,0.141083,0.606542,party_girl_augmented__Party_Girl_Fortnite_Montage [uXGC9gKcheI],1287,42.900000,1.0000,False,manual_box,flip
party_girl_augmented_Party_Girl_Fortnite_Montage_[uXGC9gKcheI]_001287_7a9042b9_a_5.png,1,player,1,0.567953,0.597273,0.141083,0.606542,party_girl_augmented__Party_Girl_Fortnite_Montage [uXGC9gKcheI],1287,42.900000,1.0000,False,manual_box,shift
party_girl_augmented_Party_Girl_Fortnite_Montage_[uXGC9gKcheI]_001287_7a9042b9_a.png,1,player,1,0.435668,0.696729,0.141083,0.606542,party_girl_augmented__Party_Girl_Fortnite_Montage [uXGC9gKcheI],1287,42.900000,1.0000,False,manual_box,original
party_girl_augmented_Party_Girl_Fortnite_Montage_[uXGC9gKcheI]_001292_e2795a69_a_2.png,1,player,1,0.435917,0.681368,0.139593,0.505086,party_girl_augmented__Party_Girl_Fortnite_Montage [uXGC9gKcheI],1292,43.066666,1.0000,False,manual_box,brightness_0.7
party_girl_augmented_Party_Girl_Fortnite_Montage_[uXGC9gKcheI]_001292_e2795a69_a_3.png,1,player,1,0.435917,0.681368,0.139593,0.505086,party_girl_augmented__Party_Girl_Fortnite_Montage [uXGC9gKcheI],1292,43.066666,1.0000,False,manual_box,brightness_1.3
party_girl_augmented_Party_Girl_Fortnite_Montage_[uXGC9gKcheI]_001292_e2795a69_a_4.png,1,player,1,0.349487,0.748532,0.139593,0.502935,party_girl_augmented__Party_Girl_Fortnite_Montage [uXGC9gKcheI],1292,43.066666,1.0000,False,manual_box,shift
party_girl_augmented_Party_Girl_Fortnite_Montage_[uXGC9gKcheI]_001292_e2795a69_a_5.png,1,player,1,0.316211,0.565502,0.190896,0.688754,party_girl_augmented__Party_Girl_Fortnite_Montage [uXGC9gKcheI],1292,43.066666,1.0000,False,manual_box,zoom
party_girl_augmented_Party_Girl_Fortnite_Montage_[uXGC9gKcheI]_001292_e2795a69_a.png,1,player,1,0.435917,0.681368,0.139593,0.505086,party_girl_augmented__Party_Girl_Fortnite_Montage [uXGC9gKcheI],1292,43.066666,1.0000,False,manual_box,original
party_girl_augmented_Party_Girl_Fortnite_Montage_[uXGC9gKcheI]_001297_5b70a5e1_a_2.png,1,player,1,0.427471,0.695736,0.159463,0.458666,party_girl_augmented__Party_Girl_Fortnite_Montage [uXGC9gKcheI],1297,43.233333,1.0000,False,manual_box,brightness_0.7
party_girl_augmented_Party_Girl_Fortnite_Montage_[uXGC9gKcheI]_001297_5b70a5e1_a_3.png,1,player,1,0.427471,0.695736,0.159463,0.458666,party_girl_augmented__Party_Girl_Fortnite_Montage [uXGC9gKcheI],1297,43.233333,1.0000,False,manual_box,brightness_1.3
party_girl_augmented_Party_Girl_Fortnite_Montage_[uXGC9gKcheI]_001297_5b70a5e1_a_4.png,1,player,1,0.427471,0.695736,0.159463,0.458666,party_girl_augmented__Party_Girl_Fortnite_Montage [uXGC9gKcheI],1297,43.233333,1.0000,False,manual_box,noise
party_girl_augmented_Party_Girl_Fortnite_Montage_[uXGC9gKcheI]_001297_5b70a5e1_a_5.png,1,player,1,0.444848,0.684337,0.165945,0.475849,party_girl_augmented__Party_Girl_Fortnite_Montage [uXGC9gKcheI],1297,43.233333,1.0000,False,manual_box,zoom
party_girl_augmented_Party_Girl_Fortnite_Montage_[uXGC9gKcheI]_001297_5b70a5e1_a.png,1,player,1,0.427471,0.695736,0.159463,0.458666,party_girl_augmented__Party_Girl_Fortnite_Montage [uXGC9gKcheI],1297,43.233333,1.0000,False,manual_box,original
party_girl_augmented_Party_Girl_Fortnite_Montage_[uXGC9gKcheI]_001326_e6302c7b_a.png,1,player,1,0.420020,0.728781,0.158470,0.542438,party_girl_augmented__Party_Girl_Fortnite_Montage [uXGC9gKcheI],1326,44.200000,1.0000,False,manual_box,original
party_girl_augmented_Party_Girl_Fortnite_Montage_[uXGC9gKcheI]_001326_e6302c7b_a.png,0,enemy,1,0.527074,0.565320,0.051664,0.297304,party_girl_augmented__Party_Girl_Fortnite_Montage [uXGC9gKcheI],1326,44.200000,1.0000,False,manual_box,original
party_girl_augmented_Party_Girl_Fortnite_Montage_[uXGC9gKcheI]_001614_33b16db1_a.png,1,player,1,0.435420,0.557584,0.140586,0.319409,party_girl_augmented__Party_Girl_Fortnite_Montage [uXGC9gKcheI],1614,53.800000,1.0000,False,manual_box,original
party_girl_augmented_Party_Girl_Fortnite_Montage_[uXGC9gKcheI]_001652_4eac1dfa_a_2.png,1,player,1,0.432439,0.616160,0.159463,0.398985,party_girl_augmented__Party_Girl_Fortnite_Montage [uXGC9gKcheI],1652,55.066666,1.0000,False,manual_box,noise
party_girl_augmented_Party_Girl_Fortnite_Montage_[uXGC9gKcheI]_001652_4eac1dfa_a_2.png,0,enemy,1,0.617486,0.324382,0.101341,0.363618,party_girl_augmented__Party_Girl_Fortnite_Montage [uXGC9gKcheI],1652,55.066666,1.0000,False,manual_box,noise
party_girl_augmented_Party_Girl_Fortnite_Montage_[uXGC9gKcheI]_001652_4eac1dfa_a_3.png,1,player,1,0.567561,0.616160,0.159463,0.398985,party_girl_augmented__Party_Girl_Fortnite_Montage [uXGC9gKcheI],1652,55.066666,1.0000,False,manual_box,flip
party_girl_augmented_Party_Girl_Fortnite_Montage_[uXGC9gKcheI]_001652_4eac1dfa_a_3.png,0,enemy,1,0.382514,0.324382,0.101341,0.363618,party_girl_augmented__Party_Girl_Fortnite_Montage [uXGC9gKcheI],1652,55.066666,1.0000,False,manual_box,flip
party_girl_augmented_Party_Girl_Fortnite_Montage_[uXGC9gKcheI]_001652_4eac1dfa_a_4.png,1,player,1,0.310668,0.685759,0.159463,0.398985,party_girl_augmented__Party_Girl_Fortnite_Montage [uXGC9gKcheI],1652,55.066666,1.0000,False,manual_box,shift
party_girl_augmented_Party_Girl_Fortnite_Montage_[uXGC9gKcheI]_001652_4eac1dfa_a_4.png,0,enemy,1,0.495715,0.393981,0.101341,0.363618,party_girl_augmented__Party_Girl_Fortnite_Montage [uXGC9gKcheI],1652,55.066666,1.0000,False,manual_box,shift
party_girl_augmented_Party_Girl_Fortnite_Montage_[uXGC9gKcheI]_001652_4eac1dfa_a_5.png,1,player,1,0.298766,0.757732,0.197020,0.484535,party_girl_augmented__Party_Girl_Fortnite_Montage [uXGC9gKcheI],1652,55.066666,1.0000,False,manual_box,zoom
party_girl_augmented_Party_Girl_Fortnite_Montage_[uXGC9gKcheI]_001652_4eac1dfa_a_5.png,0,enemy,1,0.527396,0.401297,0.125209,0.449837,party_girl_augmented__Party_Girl_Fortnite_Montage [uXGC9gKcheI],1652,55.066666,1.0000,False,manual_box,zoom
party_girl_augmented_Party_Girl_Fortnite_Montage_[uXGC9gKcheI]_001652_4eac1dfa_a.png,1,player,1,0.432439,0.616160,0.159463,0.398985,party_girl_augmented__Party_Girl_Fortnite_Montage [uXGC9gKcheI],1652,55.066666,1.0000,False,manual_box,original
party_girl_augmented_Party_Girl_Fortnite_Montage_[uXGC9gKcheI]_001652_4eac1dfa_a.png,0,enemy,1,0.617486,0.324382,0.101341,0.363618,party_girl_augmented__Party_Girl_Fortnite_Montage [uXGC9gKcheI],1652,55.066666,1.0000,False,manual_box,original
party_girl_augmented_Party_Girl_Fortnite_Montage_[uXGC9gKcheI]_001950_1f3bb69c_a_2.png,1,player,1,0.411078,0.721044,0.146547,0.557912,party_girl_augmented__Party_Girl_Fortnite_Montage [uXGC9gKcheI],1950,65.000000,1.0000,False,manual_box,brightness_0.7
party_girl_augmented_Party_Girl_Fortnite_Montage_[uXGC9gKcheI]_001950_1f3bb69c_a_3.png,1,player,1,0.411078,0.721044,0.146547,0.557912,party_girl_augmented__Party_Girl_Fortnite_Montage [uXGC9gKcheI],1950,65.000000,1.0000,False,manual_box,brightness_1.3
party_girl_augmented_Party_Girl_Fortnite_Montage_[uXGC9gKcheI]_001950_1f3bb69c_a_4.png,1,player,1,0.543792,0.635943,0.146547,0.557912,party_girl_augmented__Party_Girl_Fortnite_Montage [uXGC9gKcheI],1950,65.000000,1.0000,False,manual_box,shift
party_girl_augmented_Party_Girl_Fortnite_Montage_[uXGC9gKcheI]_001950_1f3bb69c_a.png,1,player,1,0.411078,0.721044,0.146547,0.557912,party_girl_augmented__Party_Girl_Fortnite_Montage [uXGC9gKcheI],1950,65.000000,1.0000,False,manual_box,original
party_girl_augmented_Party_Girl_Fortnite_Montage_[uXGC9gKcheI]_002108_3ae30b8f_a_2.png,1,player,1,0.336314,0.618811,0.311972,0.762378,party_girl_augmented__Party_Girl_Fortnite_Montage [uXGC9gKcheI],2108,70.266666,1.0000,False,manual_box,noise
party_girl_augmented_Party_Girl_Fortnite_Montage_[uXGC9gKcheI]_002108_3ae30b8f_a_2.png,0,enemy,1,0.595628,0.531611,0.095380,0.466403,party_girl_augmented__Party_Girl_Fortnite_Montage [uXGC9gKcheI],2108,70.266666,1.0000,False,manual_box,noise
party_girl_augmented_Party_Girl_Fortnite_Montage_[uXGC9gKcheI]_002108_3ae30b8f_a.png,1,player,1,0.336314,0.618811,0.311972,0.762378,party_girl_augmented__Party_Girl_Fortnite_Montage [uXGC9gKcheI],2108,70.266666,1.0000,False,manual_box,original
party_girl_augmented_Party_Girl_Fortnite_Montage_[uXGC9gKcheI]_002108_3ae30b8f_a.png,0,enemy,1,0.595628,0.531611,0.095380,0.466403,party_girl_augmented__Party_Girl_Fortnite_Montage [uXGC9gKcheI],2108,70.266666,1.0000,False,manual_box,original
party_girl_augmented_Party_Girl_Fortnite_Montage_[uXGC9gKcheI]_002110_d8ce9d90_a.png,0,enemy,1,0.561600,0.528295,0.086935,0.373565,party_girl_augmented__Party_Girl_Fortnite_Montage [uXGC9gKcheI],2110,70.333333,1.0000,False,manual_box,original
party_girl_augmented_Party_Girl_Fortnite_Montage_[uXGC9gKcheI]_002110_d8ce9d90_a.png,1,player,1,0.396423,0.647547,0.178838,0.704906,party_girl_augmented__Party_Girl_Fortnite_Montage [uXGC9gKcheI],2110,70.333333,1.0000,False,manual_box,original
party_girl_augmented_Party_Girl_Fortnite_Montage_[uXGC9gKcheI]_002113_f4b096c2_a_2.png,1,player,1,0.409836,0.680704,0.181818,0.638593,party_girl_augmented__Party_Girl_Fortnite_Montage [uXGC9gKcheI],2113,70.433333,1.0000,False,manual_box,brightness_0.7
party_girl_augmented_Party_Girl_Fortnite_Montage_[uXGC9gKcheI]_002113_f4b096c2_a_2.png,0,enemy,1,0.534277,0.809574,0.066071,0.356986,party_girl_augmented__Party_Girl_Fortnite_Montage [uXGC9gKcheI],2113,70.433333,1.0000,False,manual_box,brightness_0.7
party_girl_augmented_Party_Girl_Fortnite_Montage_[uXGC9gKcheI]_002113_f4b096c2_a_3.png,1,player,1,0.409836,0.680704,0.181818,0.638593,party_girl_augmented__Party_Girl_Fortnite_Montage [uXGC9gKcheI],2113,70.433333,1.0000,False,manual_box,brightness_1.3
party_girl_augmented_Party_Girl_Fortnite_Montage_[uXGC9gKcheI]_002113_f4b096c2_a_3.png,0,enemy,1,0.534277,0.809574,0.066071,0.356986,party_girl_augmented__Party_Girl_Fortnite_Montage [uXGC9gKcheI],2113,70.433333,1.0000,False,manual_box,brightness_1.3
party_girl_augmented_Party_Girl_Fortnite_Montage_[uXGC9gKcheI]_002113_f4b096c2_a_4.png,1,player,1,0.409836,0.680704,0.181818,0.638593,party_girl_augmented__Party_Girl_Fortnite_Montage [uXGC9gKcheI],2113,70.433333,1.0000,False,manual_box,noise
party_girl_augmented_Party_Girl_Fortnite_Montage_[uXGC9gKcheI]_002113_f4b096c2_a_4.png,0,enemy,1,0.534277,0.809574,0.066071,0.356986,party_girl_augmented__Party_Girl_Fortnite_Montage [uXGC9gKcheI],2113,70.433333,1.0000,False,manual_box,noise
party_girl_augmented_Party_Girl_Fortnite_Montage_[uXGC9gKcheI]_002113_f4b096c2_a_5.png,1,player,1,0.590164,0.680704,0.181818,0.638593,party_girl_augmented__Party_Girl_Fortnite_Montage [uXGC9gKcheI],2113,70.433333,1.0000,False,manual_box,flip
party_girl_augmented_Party_Girl_Fortnite_Montage_[uXGC9gKcheI]_002113_f4b096c2_a_5.png,0,enemy,1,0.465723,0.809574,0.066071,0.356986,party_girl_augmented__Party_Girl_Fortnite_Montage [uXGC9gKcheI],2113,70.433333,1.0000,False,manual_box,flip
party_girl_augmented_Party_Girl_Fortnite_Montage_[uXGC9gKcheI]_002113_f4b096c2_a.png,1,player,1,0.409836,0.680704,0.181818,0.638593,party_girl_augmented__Party_Girl_Fortnite_Montage [uXGC9gKcheI],2113,70.433333,1.0000,False,manual_box,original
party_girl_augmented_Party_Girl_Fortnite_Montage_[uXGC9gKcheI]_002113_f4b096c2_a.png,0,enemy,1,0.534277,0.809574,0.066071,0.356986,party_girl_augmented__Party_Girl_Fortnite_Montage [uXGC9gKcheI],2113,70.433333,1.0000,False,manual_box,original
party_girl_augmented_Party_Girl_Fortnite_Montage_[uXGC9gKcheI]_002114_f2f393b5_a_2.png,0,enemy,1,0.421013,0.814988,0.089916,0.370024,party_girl_augmented__Party_Girl_Fortnite_Montage [uXGC9gKcheI],2114,70.466666,1.0000,False,manual_box,flip
party_girl_augmented_Party_Girl_Fortnite_Montage_[uXGC9gKcheI]_002114_f2f393b5_a_2.png,1,player,1,0.569796,0.687335,0.162941,0.625330,party_girl_augmented__Party_Girl_Fortnite_Montage [uXGC9gKcheI],2114,70.466666,1.0000,False,manual_box,flip
party_girl_augmented_Party_Girl_Fortnite_Montage_[uXGC9gKcheI]_002114_f2f393b5_a_3.png,0,enemy,1,0.492273,0.767929,0.112615,0.464142,party_girl_augmented__Party_Girl_Fortnite_Montage [uXGC9gKcheI],2114,70.466666,1.0000,False,manual_box,zoom
party_girl_augmented_Party_Girl_Fortnite_Montage_[uXGC9gKcheI]_002114_f2f393b5_a_3.png,1,player,1,0.305931,0.607807,0.204075,0.784386,party_girl_augmented__Party_Girl_Fortnite_Montage [uXGC9gKcheI],2114,70.466666,1.0000,False,manual_box,zoom
party_girl_augmented_Party_Girl_Fortnite_Montage_[uXGC9gKcheI]_002114_f2f393b5_a_4.png,1,player,1,0.430204,0.687335,0.162941,0.625330,party_girl_augmented__Party_Girl_Fortnite_Montage [uXGC9gKcheI],2114,70.466666,1.0000,False,manual_box,maskedpan
party_girl_augmented_Party_Girl_Fortnite_Montage_[uXGC9gKcheI]_002114_f2f393b5_a.png,0,enemy,1,0.578987,0.814988,0.089916,0.370024,party_girl_augmented__Party_Girl_Fortnite_Montage [uXGC9gKcheI],2114,70.466666,1.0000,False,manual_box,original
party_girl_augmented_Party_Girl_Fortnite_Montage_[uXGC9gKcheI]_002114_f2f393b5_a.png,1,player,1,0.430204,0.687335,0.162941,0.625330,party_girl_augmented__Party_Girl_Fortnite_Montage [uXGC9gKcheI],2114,70.466666,1.0000,False,manual_box,original
party_girl_augmented_Party_Girl_Fortnite_Montage_[uXGC9gKcheI]_002115_59b95941_a_2.png,1,player,1,0.419523,0.693966,0.158470,0.612068,party_girl_augmented__Party_Girl_Fortnite_Montage [uXGC9gKcheI],2115,70.500000,1.0000,False,manual_box,brightness_0.7
party_girl_augmented_Party_Girl_Fortnite_Montage_[uXGC9gKcheI]_002115_59b95941_a_2.png,0,enemy,1,0.573522,0.812777,0.077000,0.374445,party_girl_augmented__Party_Girl_Fortnite_Montage [uXGC9gKcheI],2115,70.500000,1.0000,False,manual_box,brightness_0.7
party_girl_augmented_Party_Girl_Fortnite_Montage_[uXGC9gKcheI]_002115_59b95941_a_3.png,1,player,1,0.419523,0.693966,0.158470,0.612068,party_girl_augmented__Party_Girl_Fortnite_Montage [uXGC9gKcheI],2115,70.500000,1.0000,False,manual_box,brightness_1.3
party_girl_augmented_Party_Girl_Fortnite_Montage_[uXGC9gKcheI]_002115_59b95941_a_3.png,0,enemy,1,0.573522,0.812777,0.077000,0.374445,party_girl_augmented__Party_Girl_Fortnite_Montage [uXGC9gKcheI],2115,70.500000,1.0000,False,manual_box,brightness_1.3
party_girl_augmented_Party_Girl_Fortnite_Montage_[uXGC9gKcheI]_002115_59b95941_a_4.png,1,player,1,0.580477,0.693966,0.158470,0.612068,party_girl_augmented__Party_Girl_Fortnite_Montage [uXGC9gKcheI],2115,70.500000,1.0000,False,manual_box,flip
party_girl_augmented_Party_Girl_Fortnite_Montage_[uXGC9gKcheI]_002115_59b95941_a_4.png,0,enemy,1,0.426478,0.812777,0.077000,0.374445,party_girl_augmented__Party_Girl_Fortnite_Montage [uXGC9gKcheI],2115,70.500000,1.0000,False,manual_box,flip
party_girl_augmented_Party_Girl_Fortnite_Montage_[uXGC9gKcheI]_002115_59b95941_a_5.png,1,player,1,0.398665,0.720917,0.158470,0.558165,party_girl_augmented__Party_Girl_Fortnite_Montage [uXGC9gKcheI],2115,70.500000,1.0000,False,manual_box,shift
party_girl_augmented_Party_Girl_Fortnite_Montage_[uXGC9gKcheI]_002115_59b95941_a_5.png,0,enemy,1,0.552664,0.839729,0.077000,0.320543,party_girl_augmented__Party_Girl_Fortnite_Montage [uXGC9gKcheI],2115,70.500000,1.0000,False,manual_box,shift
party_girl_augmented_Party_Girl_Fortnite_Montage_[uXGC9gKcheI]_002115_59b95941_a.png,1,player,1,0.419523,0.693966,0.158470,0.612068,party_girl_augmented__Party_Girl_Fortnite_Montage [uXGC9gKcheI],2115,70.500000,1.0000,False,manual_box,original
party_girl_augmented_Party_Girl_Fortnite_Montage_[uXGC9gKcheI]_002115_59b95941_a.png,0,enemy,1,0.573522,0.812777,0.077000,0.374445,party_girl_augmented__Party_Girl_Fortnite_Montage [uXGC9gKcheI],2115,70.500000,1.0000,False,manual_box,original
party_girl_augmented_Party_Girl_Fortnite_Montage_[uXGC9gKcheI]_002211_25fd5322_a_2.png,1,player,1,0.430949,0.717841,0.152509,0.513928,party_girl_augmented__Party_Girl_Fortnite_Montage [uXGC9gKcheI],2211,73.700000,1.0000,False,manual_box,brightness_0.7
party_girl_augmented_Party_Girl_Fortnite_Montage_[uXGC9gKcheI]_002211_25fd5322_a_3.png,1,player,1,0.430949,0.717841,0.152509,0.513928,party_girl_augmented__Party_Girl_Fortnite_Montage [uXGC9gKcheI],2211,73.700000,1.0000,False,manual_box,brightness_1.3
party_girl_augmented_Party_Girl_Fortnite_Montage_[uXGC9gKcheI]_002211_25fd5322_a_4.png,1,player,1,0.430949,0.717841,0.152509,0.513928,party_girl_augmented__Party_Girl_Fortnite_Montage [uXGC9gKcheI],2211,73.700000,1.0000,False,manual_box,noise
party_girl_augmented_Party_Girl_Fortnite_Montage_[uXGC9gKcheI]_002211_25fd5322_a_5.png,1,player,1,0.485729,0.642334,0.193662,0.651458,party_girl_augmented__Party_Girl_Fortnite_Montage [uXGC9gKcheI],2211,73.700000,1.0000,False,manual_box,zoom
party_girl_augmented_Party_Girl_Fortnite_Montage_[uXGC9gKcheI]_002211_25fd5322_a.png,1,player,1,0.430949,0.717841,0.152509,0.513928,party_girl_augmented__Party_Girl_Fortnite_Montage [uXGC9gKcheI],2211,73.700000,1.0000,False,manual_box,original
party_girl_augmented_Party_Girl_Fortnite_Montage_[uXGC9gKcheI]_002217_95f5b9e0_a_2.png,1,player,1,0.438400,0.724472,0.123696,0.496244,party_girl_augmented__Party_Girl_Fortnite_Montage [uXGC9gKcheI],2217,73.900000,1.0000,False,manual_box,noise
party_girl_augmented_Party_Girl_Fortnite_Montage_[uXGC9gKcheI]_002217_95f5b9e0_a_2.png,0,enemy,1,0.496026,0.473587,0.029309,0.078471,party_girl_augmented__Party_Girl_Fortnite_Montage [uXGC9gKcheI],2217,73.900000,1.0000,False,manual_box,noise
party_girl_augmented_Party_Girl_Fortnite_Montage_[uXGC9gKcheI]_002217_95f5b9e0_a.png,1,player,1,0.438400,0.724472,0.123696,0.496244,party_girl_augmented__Party_Girl_Fortnite_Montage [uXGC9gKcheI],2217,73.900000,1.0000,False,manual_box,original
party_girl_augmented_Party_Girl_Fortnite_Montage_[uXGC9gKcheI]_002217_95f5b9e0_a.png,0,enemy,1,0.496026,0.473587,0.029309,0.078471,party_girl_augmented__Party_Girl_Fortnite_Montage [uXGC9gKcheI],2217,73.900000,1.0000,False,manual_box,original
party_girl_augmented_Party_Girl_Fortnite_Montage_[uXGC9gKcheI]_002218_da45b5b5_a.png,0,enemy,1,0.497516,0.473034,0.026329,0.075155,party_girl_augmented__Party_Girl_Fortnite_Montage [uXGC9gKcheI],2218,73.933333,1.0000,False,manual_box,original
party_girl_augmented_Party_Girl_Fortnite_Montage_[uXGC9gKcheI]_002218_da45b5b5_a.png,1,player,1,0.425981,0.721156,0.147541,0.496244,party_girl_augmented__Party_Girl_Fortnite_Montage [uXGC9gKcheI],2218,73.933333,1.0000,False,manual_box,original
party_girl_augmented_Party_Girl_Fortnite_Montage_[uXGC9gKcheI]_002227_55be685f_a_2.png,1,player,1,0.405614,0.723919,0.187283,0.550400,party_girl_augmented__Party_Girl_Fortnite_Montage [uXGC9gKcheI],2227,74.233333,1.0000,False,manual_box,noise
party_girl_augmented_Party_Girl_Fortnite_Montage_[uXGC9gKcheI]_002227_55be685f_a_2.png,0,enemy,1,0.515648,0.462535,0.022851,0.080681,party_girl_augmented__Party_Girl_Fortnite_Montage [uXGC9gKcheI],2227,74.233333,1.0000,False,manual_box,noise
party_girl_augmented_Party_Girl_Fortnite_Montage_[uXGC9gKcheI]_002227_55be685f_a.png,1,player,1,0.405614,0.723919,0.187283,0.550400,party_girl_augmented__Party_Girl_Fortnite_Montage [uXGC9gKcheI],2227,74.233333,1.0000,False,manual_box,original
party_girl_augmented_Party_Girl_Fortnite_Montage_[uXGC9gKcheI]_002227_55be685f_a.png,0,enemy,1,0.515648,0.462535,0.022851,0.080681,party_girl_augmented__Party_Girl_Fortnite_Montage [uXGC9gKcheI],2227,74.233333,1.0000,False,manual_box,original
party_girl_augmented_Party_Girl_Fortnite_Montage_[uXGC9gKcheI]_003250_9f4de690_a_2.png,1,player,1,0.417536,0.736517,0.178341,0.526966,party_girl_augmented__Party_Girl_Fortnite_Montage [uXGC9gKcheI],3250,108.333333,1.0000,False,manual_box,brightness_0.7
party_girl_augmented_Party_Girl_Fortnite_Montage_[uXGC9gKcheI]_003250_9f4de690_a_3.png,1,player,1,0.417536,0.736517,0.178341,0.526966,party_girl_augmented__Party_Girl_Fortnite_Montage [uXGC9gKcheI],3250,108.333333,1.0000,False,manual_box,brightness_1.3
party_girl_augmented_Party_Girl_Fortnite_Montage_[uXGC9gKcheI]_003250_9f4de690_a_4.png,1,player,1,0.417536,0.736517,0.178341,0.526966,party_girl_augmented__Party_Girl_Fortnite_Montage [uXGC9gKcheI],3250,108.333333,1.0000,False,manual_box,noise
party_girl_augmented_Party_Girl_Fortnite_Montage_[uXGC9gKcheI]_003250_9f4de690_a_5.png,1,player,1,0.528096,0.680745,0.178341,0.526966,party_girl_augmented__Party_Girl_Fortnite_Montage [uXGC9gKcheI],3250,108.333333,1.0000,False,manual_box,shift
party_girl_augmented_Party_Girl_Fortnite_Montage_[uXGC9gKcheI]_003250_9f4de690_a.png,1,player,1,0.417536,0.736517,0.178341,0.526966,party_girl_augmented__Party_Girl_Fortnite_Montage [uXGC9gKcheI],3250,108.333333,1.0000,False,manual_box,original
party_girl_augmented_Party_Girl_Fortnite_Montage_[uXGC9gKcheI]_003318_114975e3_a_2.png,1,player,1,0.415052,0.707781,0.133631,0.584437,party_girl_augmented__Party_Girl_Fortnite_Montage [uXGC9gKcheI],3318,110.600000,1.0000,False,manual_box,brightness_0.7
party_girl_augmented_Party_Girl_Fortnite_Montage_[uXGC9gKcheI]_003318_114975e3_a_2.png,0,enemy,1,0.729508,0.434904,0.118728,0.467508,party_girl_augmented__Party_Girl_Fortnite_Montage [uXGC9gKcheI],3318,110.600000,1.0000,False,manual_box,brightness_0.7
party_girl_augmented_Party_Girl_Fortnite_Montage_[uXGC9gKcheI]_003318_114975e3_a_3.png,1,player,1,0.415052,0.707781,0.133631,0.584437,party_girl_augmented__Party_Girl_Fortnite_Montage [uXGC9gKcheI],3318,110.600000,1.0000,False,manual_box,brightness_1.3
party_girl_augmented_Party_Girl_Fortnite_Montage_[uXGC9gKcheI]_003318_114975e3_a_3.png,0,enemy,1,0.729508,0.434904,0.118728,0.467508,party_girl_augmented__Party_Girl_Fortnite_Montage [uXGC9gKcheI],3318,110.600000,1.0000,False,manual_box,brightness_1.3
party_girl_augmented_Party_Girl_Fortnite_Montage_[uXGC9gKcheI]_003318_114975e3_a_4.png,1,player,1,0.415052,0.707781,0.133631,0.584437,party_girl_augmented__Party_Girl_Fortnite_Montage [uXGC9gKcheI],3318,110.600000,1.0000,False,manual_box,noise
party_girl_augmented_Party_Girl_Fortnite_Montage_[uXGC9gKcheI]_003318_114975e3_a_4.png,0,enemy,1,0.729508,0.434904,0.118728,0.467508,party_girl_augmented__Party_Girl_Fortnite_Montage [uXGC9gKcheI],3318,110.600000,1.0000,False,manual_box,noise
party_girl_augmented_Party_Girl_Fortnite_Montage_[uXGC9gKcheI]_003318_114975e3_a_5.png,1,player,1,0.491126,0.622718,0.133631,0.584437,party_girl_augmented__Party_Girl_Fortnite_Montage [uXGC9gKcheI],3318,110.600000,1.0000,False,manual_box,shift
party_girl_augmented_Party_Girl_Fortnite_Montage_[uXGC9gKcheI]_003318_114975e3_a_5.png,0,enemy,1,0.805582,0.349841,0.118728,0.467508,party_girl_augmented__Party_Girl_Fortnite_Montage [uXGC9gKcheI],3318,110.600000,1.0000,False,manual_box,shift
party_girl_augmented_Party_Girl_Fortnite_Montage_[uXGC9gKcheI]_003318_114975e3_a.png,1,player,1,0.415052,0.707781,0.133631,0.584437,party_girl_augmented__Party_Girl_Fortnite_Montage [uXGC9gKcheI],3318,110.600000,1.0000,False,manual_box,original
party_girl_augmented_Party_Girl_Fortnite_Montage_[uXGC9gKcheI]_003318_114975e3_a.png,0,enemy,1,0.729508,0.434904,0.118728,0.467508,party_girl_augmented__Party_Girl_Fortnite_Montage [uXGC9gKcheI],3318,110.600000,1.0000,False,manual_box,original
party_girl_augmented_Party_Girl_Fortnite_Montage_[uXGC9gKcheI]_003430_64ce4563_a.png,1,player,1,0.417536,0.732649,0.163438,0.534702,party_girl_augmented__Party_Girl_Fortnite_Montage [uXGC9gKcheI],3430,114.333333,1.0000,False,manual_box,original
party_girl_augmented_Party_Girl_Fortnite_Montage_[uXGC9gKcheI]_003430_64ce4563_a.png,0,enemy,1,0.511923,0.440430,0.052161,0.155836,party_girl_augmented__Party_Girl_Fortnite_Montage [uXGC9gKcheI],3430,114.333333,1.0000,False,manual_box,original
party_girl_augmented_Party_Girl_Fortnite_Montage_[uXGC9gKcheI]_003593_21e524c1_a_2.png,1,player,1,0.424739,0.717728,0.161947,0.564543,party_girl_augmented__Party_Girl_Fortnite_Montage [uXGC9gKcheI],3593,119.766666,1.0000,False,manual_box,brightness_0.7
party_girl_augmented_Party_Girl_Fortnite_Montage_[uXGC9gKcheI]_003593_21e524c1_a_3.png,1,player,1,0.424739,0.717728,0.161947,0.564543,party_girl_augmented__Party_Girl_Fortnite_Montage [uXGC9gKcheI],3593,119.766666,1.0000,False,manual_box,brightness_1.3
party_girl_augmented_Party_Girl_Fortnite_Montage_[uXGC9gKcheI]_003593_21e524c1_a_4.png,1,player,1,0.424739,0.717728,0.161947,0.564543,party_girl_augmented__Party_Girl_Fortnite_Montage [uXGC9gKcheI],3593,119.766666,1.0000,False,manual_box,noise
party_girl_augmented_Party_Girl_Fortnite_Montage_[uXGC9gKcheI]_003593_21e524c1_a_5.png,1,player,1,0.575261,0.717728,0.161947,0.564543,party_girl_augmented__Party_Girl_Fortnite_Montage [uXGC9gKcheI],3593,119.766666,1.0000,False,manual_box,flip
party_girl_augmented_Party_Girl_Fortnite_Montage_[uXGC9gKcheI]_003593_21e524c1_a.png,1,player,1,0.424739,0.717728,0.161947,0.564543,party_girl_augmented__Party_Girl_Fortnite_Montage [uXGC9gKcheI],3593,119.766666,1.0000,False,manual_box,original
party_girl_augmented_Party_Girl_Fortnite_Montage_[uXGC9gKcheI]_003597_8fea0455_a_2.png,1,player,1,0.436165,0.692861,0.133135,0.614278,party_girl_augmented__Party_Girl_Fortnite_Montage [uXGC9gKcheI],3597,119.900000,1.0000,False,manual_box,brightness_0.7
party_girl_augmented_Party_Girl_Fortnite_Montage_[uXGC9gKcheI]_003597_8fea0455_a_3.png,1,player,1,0.436165,0.692861,0.133135,0.614278,party_girl_augmented__Party_Girl_Fortnite_Montage [uXGC9gKcheI],3597,119.900000,1.0000,False,manual_box,brightness_1.3
party_girl_augmented_Party_Girl_Fortnite_Montage_[uXGC9gKcheI]_003597_8fea0455_a_4.png,1,player,1,0.436165,0.692861,0.133135,0.614278,party_girl_augmented__Party_Girl_Fortnite_Montage [uXGC9gKcheI],3597,119.900000,1.0000,False,manual_box,noise
party_girl_augmented_Party_Girl_Fortnite_Montage_[uXGC9gKcheI]_003597_8fea0455_a_5.png,1,player,1,0.563835,0.692861,0.133135,0.614278,party_girl_augmented__Party_Girl_Fortnite_Montage [uXGC9gKcheI],3597,119.900000,1.0000,False,manual_box,flip
party_girl_augmented_Party_Girl_Fortnite_Montage_[uXGC9gKcheI]_003597_8fea0455_a.png,1,player,1,0.436165,0.692861,0.133135,0.614278,party_girl_augmented__Party_Girl_Fortnite_Montage [uXGC9gKcheI],3597,119.900000,1.0000,False,manual_box,original
party_girl_augmented_Party_Girl_Fortnite_Montage_[uXGC9gKcheI]_003601_88e9127e_a_2.png,1,player,1,0.637357,0.689545,0.250373,0.620909,party_girl_augmented__Party_Girl_Fortnite_Montage [uXGC9gKcheI],3601,120.033333,1.0000,False,manual_box,flip
party_girl_augmented_Party_Girl_Fortnite_Montage_[uXGC9gKcheI]_003601_88e9127e_a_3.png,1,player,1,0.428868,0.679986,0.206558,0.512250,party_girl_augmented__Party_Girl_Fortnite_Montage [uXGC9gKcheI],3601,120.033333,1.0000,False,manual_box,zoom
party_girl_augmented_Party_Girl_Fortnite_Montage_[uXGC9gKcheI]_003601_88e9127e_a.png,1,player,1,0.362643,0.689545,0.250373,0.620909,party_girl_augmented__Party_Girl_Fortnite_Montage [uXGC9gKcheI],3601,120.033333,1.0000,False,manual_box,original
party_girl_augmented_Party_Girl_Fortnite_Montage_[uXGC9gKcheI]_003602_bd4d9941_a_2.png,1,player,1,0.290611,0.685124,0.362643,0.629751,party_girl_augmented__Party_Girl_Fortnite_Montage [uXGC9gKcheI],3602,120.066666,1.0000,False,manual_box,brightness_0.7
party_girl_augmented_Party_Girl_Fortnite_Montage_[uXGC9gKcheI]_003602_bd4d9941_a_3.png,1,player,1,0.290611,0.685124,0.362643,0.629751,party_girl_augmented__Party_Girl_Fortnite_Montage [uXGC9gKcheI],3602,120.066666,1.0000,False,manual_box,brightness_1.3
party_girl_augmented_Party_Girl_Fortnite_Montage_[uXGC9gKcheI]_003602_bd4d9941_a_4.png,1,player,1,0.290611,0.685124,0.362643,0.629751,party_girl_augmented__Party_Girl_Fortnite_Montage [uXGC9gKcheI],3602,120.066666,1.0000,False,manual_box,noise
party_girl_augmented_Party_Girl_Fortnite_Montage_[uXGC9gKcheI]_003602_bd4d9941_a_5.png,1,player,1,0.709389,0.685124,0.362643,0.629751,party_girl_augmented__Party_Girl_Fortnite_Montage [uXGC9gKcheI],3602,120.066666,1.0000,False,manual_box,flip
party_girl_augmented_Party_Girl_Fortnite_Montage_[uXGC9gKcheI]_003602_bd4d9941_a.png,1,player,1,0.290611,0.685124,0.362643,0.629751,party_girl_augmented__Party_Girl_Fortnite_Montage [uXGC9gKcheI],3602,120.066666,1.0000,False,manual_box,original
party_girl_augmented_Party_Girl_Fortnite_Montage_[uXGC9gKcheI]_003603_dd06a8dc_a_2.png,1,player,1,0.769250,0.690763,0.459513,0.610082,party_girl_augmented__Party_Girl_Fortnite_Montage [uXGC9gKcheI],3603,120.100000,1.0000,False,manual_box,flip
party_girl_augmented_Party_Girl_Fortnite_Montage_[uXGC9gKcheI]_003603_dd06a8dc_a_3.png,1,player,1,0.359325,0.754470,0.459513,0.491060,party_girl_augmented__Party_Girl_Fortnite_Montage [uXGC9gKcheI],3603,120.100000,1.0000,False,manual_box,shift
party_girl_augmented_Party_Girl_Fortnite_Montage_[uXGC9gKcheI]_003603_dd06a8dc_a_4.png,1,player,1,0.303108,0.683054,0.401356,0.532127,party_girl_augmented__Party_Girl_Fortnite_Montage [uXGC9gKcheI],3603,120.100000,1.0000,False,manual_box,zoom
party_girl_augmented_Party_Girl_Fortnite_Montage_[uXGC9gKcheI]_003603_dd06a8dc_a_5.png,1,player,1,0.230750,0.690763,0.459513,0.610082,party_girl_augmented__Party_Girl_Fortnite_Montage [uXGC9gKcheI],3603,120.100000,1.0000,False,manual_box,maskedpan
party_girl_augmented_Party_Girl_Fortnite_Montage_[uXGC9gKcheI]_003603_dd06a8dc_a.png,1,player,1,0.230750,0.690763,0.459513,0.610082,party_girl_augmented__Party_Girl_Fortnite_Montage [uXGC9gKcheI],3603,120.100000,1.0000,False,manual_box,original
party_girl_augmented_Party_Girl_Fortnite_Montage_[uXGC9gKcheI]_003604_2848213a_a_2.png,1,player,1,0.234228,0.684019,0.456533,0.631962,party_girl_augmented__Party_Girl_Fortnite_Montage [uXGC9gKcheI],3604,120.133333,1.0000,False,manual_box,brightness_0.7
party_girl_augmented_Party_Girl_Fortnite_Montage_[uXGC9gKcheI]_003604_2848213a_a_3.png,1,player,1,0.234228,0.684019,0.456533,0.631962,party_girl_augmented__Party_Girl_Fortnite_Montage [uXGC9gKcheI],3604,120.133333,1.0000,False,manual_box,brightness_1.3
party_girl_augmented_Party_Girl_Fortnite_Montage_[uXGC9gKcheI]_003604_2848213a_a_4.png,1,player,1,0.234228,0.684019,0.456533,0.631962,party_girl_augmented__Party_Girl_Fortnite_Montage [uXGC9gKcheI],3604,120.133333,1.0000,False,manual_box,noise
party_girl_augmented_Party_Girl_Fortnite_Montage_[uXGC9gKcheI]_003604_2848213a_a_5.png,1,player,1,0.765772,0.684019,0.456533,0.631962,party_girl_augmented__Party_Girl_Fortnite_Montage [uXGC9gKcheI],3604,120.133333,1.0000,False,manual_box,flip
party_girl_augmented_Party_Girl_Fortnite_Montage_[uXGC9gKcheI]_003604_2848213a_a.png,1,player,1,0.234228,0.684019,0.456533,0.631962,party_girl_augmented__Party_Girl_Fortnite_Montage [uXGC9gKcheI],3604,120.133333,1.0000,False,manual_box,original
party_girl_augmented_Party_Girl_Fortnite_Montage_[uXGC9gKcheI]_003606_eaf74d29_a_2.png,1,player,1,0.218331,0.706236,0.418778,0.585767,party_girl_augmented__Party_Girl_Fortnite_Montage [uXGC9gKcheI],3606,120.200000,1.0000,False,manual_box,brightness_0.7
party_girl_augmented_Party_Girl_Fortnite_Montage_[uXGC9gKcheI]_003606_eaf74d29_a_3.png,1,player,1,0.218331,0.706236,0.418778,0.585767,party_girl_augmented__Party_Girl_Fortnite_Montage [uXGC9gKcheI],3606,120.200000,1.0000,False,manual_box,brightness_1.3
party_girl_augmented_Party_Girl_Fortnite_Montage_[uXGC9gKcheI]_003606_eaf74d29_a_4.png,1,player,1,0.781669,0.706236,0.418778,0.585767,party_girl_augmented__Party_Girl_Fortnite_Montage [uXGC9gKcheI],3606,120.200000,1.0000,False,manual_box,flip
party_girl_augmented_Party_Girl_Fortnite_Montage_[uXGC9gKcheI]_003606_eaf74d29_a_5.png,1,player,1,0.181841,0.586496,0.363681,0.585767,party_girl_augmented__Party_Girl_Fortnite_Montage [uXGC9gKcheI],3606,120.200000,1.0000,False,manual_box,shift
party_girl_augmented_Party_Girl_Fortnite_Montage_[uXGC9gKcheI]_003606_eaf74d29_a.png,1,player,1,0.218331,0.706236,0.418778,0.585767,party_girl_augmented__Party_Girl_Fortnite_Montage [uXGC9gKcheI],3606,120.200000,1.0000,False,manual_box,original
party_girl_augmented_Party_Girl_Fortnite_Montage_[uXGC9gKcheI]_003618_84b4bbac_a_2.png,1,player,1,0.225534,0.730438,0.433184,0.539123,party_girl_augmented__Party_Girl_Fortnite_Montage [uXGC9gKcheI],3618,120.600000,1.0000,False,manual_box,brightness_0.7
party_girl_augmented_Party_Girl_Fortnite_Montage_[uXGC9gKcheI]_003618_84b4bbac_a_3.png,1,player,1,0.225534,0.730438,0.433184,0.539123,party_girl_augmented__Party_Girl_Fortnite_Montage [uXGC9gKcheI],3618,120.600000,1.0000,False,manual_box,brightness_1.3
party_girl_augmented_Party_Girl_Fortnite_Montage_[uXGC9gKcheI]_003618_84b4bbac_a_4.png,1,player,1,0.774466,0.730438,0.433184,0.539123,party_girl_augmented__Party_Girl_Fortnite_Montage [uXGC9gKcheI],3618,120.600000,1.0000,False,manual_box,flip
party_girl_augmented_Party_Girl_Fortnite_Montage_[uXGC9gKcheI]_003618_84b4bbac_a_5.png,1,player,1,0.208728,0.789981,0.417456,0.420038,party_girl_augmented__Party_Girl_Fortnite_Montage [uXGC9gKcheI],3618,120.600000,1.0000,False,manual_box,shift
party_girl_augmented_Party_Girl_Fortnite_Montage_[uXGC9gKcheI]_003618_84b4bbac_a.png,1,player,1,0.225534,0.730438,0.433184,0.539123,party_girl_augmented__Party_Girl_Fortnite_Montage [uXGC9gKcheI],3618,120.600000,1.0000,False,manual_box,original
party_girl_augmented_Party_Girl_Fortnite_Montage_[uXGC9gKcheI]_003641_ebb4dc10_a.png,0,enemy,1,0.502484,0.506191,0.020368,0.039788,party_girl_augmented__Party_Girl_Fortnite_Montage [uXGC9gKcheI],3641,121.366666,1.0000,False,manual_box,original
party_girl_augmented_Party_Girl_Fortnite_Montage_[uXGC9gKcheI]_003641_ebb4dc10_a.png,1,player,1,0.225037,0.703361,0.420268,0.593278,party_girl_augmented__Party_Girl_Fortnite_Montage [uXGC9gKcheI],3641,121.366666,1.0000,False,manual_box,original
party_girl_augmented_Party_Girl_Fortnite_Montage_[uXGC9gKcheI]_003702_f88d8154_a_2.png,1,player,1,0.519622,0.686342,0.108296,0.415563,party_girl_augmented__Party_Girl_Fortnite_Montage [uXGC9gKcheI],3702,123.400000,1.0000,False,manual_box,flip
party_girl_augmented_Party_Girl_Fortnite_Montage_[uXGC9gKcheI]_003702_f88d8154_a_2.png,0,enemy,1,0.385494,0.694631,0.079483,0.228781,party_girl_augmented__Party_Girl_Fortnite_Montage [uXGC9gKcheI],3702,123.400000,1.0000,False,manual_box,flip
party_girl_augmented_Party_Girl_Fortnite_Montage_[uXGC9gKcheI]_003702_f88d8154_a_3.png,1,player,1,0.336770,0.754445,0.108296,0.415563,party_girl_augmented__Party_Girl_Fortnite_Montage [uXGC9gKcheI],3702,123.400000,1.0000,False,manual_box,shift
party_girl_augmented_Party_Girl_Fortnite_Montage_[uXGC9gKcheI]_003702_f88d8154_a_3.png,0,enemy,1,0.470898,0.762734,0.079483,0.228781,party_girl_augmented__Party_Girl_Fortnite_Montage [uXGC9gKcheI],3702,123.400000,1.0000,False,manual_box,shift
party_girl_augmented_Party_Girl_Fortnite_Montage_[uXGC9gKcheI]_003702_f88d8154_a_4.png,1,player,1,0.384152,0.628563,0.128351,0.492114,party_girl_augmented__Party_Girl_Fortnite_Montage [uXGC9gKcheI],3702,123.400000,1.0000,False,manual_box,zoom
party_girl_augmented_Party_Girl_Fortnite_Montage_[uXGC9gKcheI]_003702_f88d8154_a_4.png,0,enemy,1,0.543118,0.638379,0.094202,0.270925,party_girl_augmented__Party_Girl_Fortnite_Montage [uXGC9gKcheI],3702,123.400000,1.0000,False,manual_box,zoom
party_girl_augmented_Party_Girl_Fortnite_Montage_[uXGC9gKcheI]_003702_f88d8154_a_5.png,1,player,1,0.480378,0.686342,0.108296,0.415563,party_girl_augmented__Party_Girl_Fortnite_Montage [uXGC9gKcheI],3702,123.400000,1.0000,False,manual_box,maskedpan
party_girl_augmented_Party_Girl_Fortnite_Montage_[uXGC9gKcheI]_003702_f88d8154_a_5.png,0,enemy,1,0.900443,0.736298,0.079483,0.228781,party_girl_augmented__Party_Girl_Fortnite_Montage [uXGC9gKcheI],3702,123.400000,1.0000,False,manual_box,maskedpan
party_girl_augmented_Party_Girl_Fortnite_Montage_[uXGC9gKcheI]_003702_f88d8154_a.png,1,player,1,0.480378,0.686342,0.108296,0.415563,party_girl_augmented__Party_Girl_Fortnite_Montage [uXGC9gKcheI],3702,123.400000,1.0000,False,manual_box,original
party_girl_augmented_Party_Girl_Fortnite_Montage_[uXGC9gKcheI]_003702_f88d8154_a.png,0,enemy,1,0.614506,0.694631,0.079483,0.228781,party_girl_augmented__Party_Girl_Fortnite_Montage [uXGC9gKcheI],3702,123.400000,1.0000,False,manual_box,original
party_girl_augmented_Party_Girl_Fortnite_Montage_[uXGC9gKcheI]_003703_8853df7b_a_2.png,0,enemy,1,0.606806,0.679158,0.087928,0.235412,party_girl_augmented__Party_Girl_Fortnite_Montage [uXGC9gKcheI],3703,123.433333,1.0000,False,manual_box,brightness_0.7
party_girl_augmented_Party_Girl_Fortnite_Montage_[uXGC9gKcheI]_003703_8853df7b_a_2.png,1,player,1,0.491058,0.681921,0.111773,0.433246,party_girl_augmented__Party_Girl_Fortnite_Montage [uXGC9gKcheI],3703,123.433333,1.0000,False,manual_box,brightness_0.7
party_girl_augmented_Party_Girl_Fortnite_Montage_[uXGC9gKcheI]_003703_8853df7b_a_3.png,0,enemy,1,0.606806,0.679158,0.087928,0.235412,party_girl_augmented__Party_Girl_Fortnite_Montage [uXGC9gKcheI],3703,123.433333,1.0000,False,manual_box,brightness_1.3
party_girl_augmented_Party_Girl_Fortnite_Montage_[uXGC9gKcheI]_003703_8853df7b_a_3.png,1,player,1,0.491058,0.681921,0.111773,0.433246,party_girl_augmented__Party_Girl_Fortnite_Montage [uXGC9gKcheI],3703,123.433333,1.0000,False,manual_box,brightness_1.3
party_girl_augmented_Party_Girl_Fortnite_Montage_[uXGC9gKcheI]_003703_8853df7b_a_4.png,0,enemy,1,0.606806,0.679158,0.087928,0.235412,party_girl_augmented__Party_Girl_Fortnite_Montage [uXGC9gKcheI],3703,123.433333,1.0000,False,manual_box,noise
party_girl_augmented_Party_Girl_Fortnite_Montage_[uXGC9gKcheI]_003703_8853df7b_a_4.png,1,player,1,0.491058,0.681921,0.111773,0.433246,party_girl_augmented__Party_Girl_Fortnite_Montage [uXGC9gKcheI],3703,123.433333,1.0000,False,manual_box,noise
party_girl_augmented_Party_Girl_Fortnite_Montage_[uXGC9gKcheI]_003703_8853df7b_a_5.png,0,enemy,1,0.393194,0.679158,0.087928,0.235412,party_girl_augmented__Party_Girl_Fortnite_Montage [uXGC9gKcheI],3703,123.433333,1.0000,False,manual_box,flip
party_girl_augmented_Party_Girl_Fortnite_Montage_[uXGC9gKcheI]_003703_8853df7b_a_5.png,1,player,1,0.508942,0.681921,0.111773,0.433246,party_girl_augmented__Party_Girl_Fortnite_Montage [uXGC9gKcheI],3703,123.433333,1.0000,False,manual_box,flip
party_girl_augmented_Party_Girl_Fortnite_Montage_[uXGC9gKcheI]_003703_8853df7b_a.png,0,enemy,1,0.606806,0.679158,0.087928,0.235412,party_girl_augmented__Party_Girl_Fortnite_Montage [uXGC9gKcheI],3703,123.433333,1.0000,False,manual_box,original
party_girl_augmented_Party_Girl_Fortnite_Montage_[uXGC9gKcheI]_003703_8853df7b_a.png,1,player,1,0.491058,0.681921,0.111773,0.433246,party_girl_augmented__Party_Girl_Fortnite_Montage [uXGC9gKcheI],3703,123.433333,1.0000,False,manual_box,original
party_girl_augmented_Party_Girl_Fortnite_Montage_[uXGC9gKcheI]_003704_29dde6bf_a_2.png,0,enemy,1,0.670710,0.530685,0.087928,0.267463,party_girl_augmented__Party_Girl_Fortnite_Montage [uXGC9gKcheI],3704,123.466666,1.0000,False,manual_box,shift
party_girl_augmented_Party_Girl_Fortnite_Montage_[uXGC9gKcheI]_003704_29dde6bf_a_2.png,1,player,1,0.558937,0.558868,0.123696,0.471929,party_girl_augmented__Party_Girl_Fortnite_Montage [uXGC9gKcheI],3704,123.466666,1.0000,False,manual_box,shift
party_girl_augmented_Party_Girl_Fortnite_Montage_[uXGC9gKcheI]_003704_29dde6bf_a_3.png,0,enemy,1,0.603457,0.682776,0.082845,0.251861,party_girl_augmented__Party_Girl_Fortnite_Montage [uXGC9gKcheI],3704,123.466666,1.0000,False,manual_box,zoom
party_girl_augmented_Party_Girl_Fortnite_Montage_[uXGC9gKcheI]_003704_29dde6bf_a_3.png,1,player,1,0.498146,0.709315,0.116545,0.444400,party_girl_augmented__Party_Girl_Fortnite_Montage [uXGC9gKcheI],3704,123.466666,1.0000,False,manual_box,zoom
party_girl_augmented_Party_Girl_Fortnite_Montage_[uXGC9gKcheI]_003704_29dde6bf_a_4.png,0,enemy,1,0.897367,0.608085,0.087928,0.267463,party_girl_augmented__Party_Girl_Fortnite_Montage [uXGC9gKcheI],3704,123.466666,1.0000,False,manual_box,maskedpan
party_girl_augmented_Party_Girl_Fortnite_Montage_[uXGC9gKcheI]_003704_29dde6bf_a_4.png,1,player,1,0.485594,0.700157,0.123696,0.471929,party_girl_augmented__Party_Girl_Fortnite_Montage [uXGC9gKcheI],3704,123.466666,1.0000,False,manual_box,maskedpan
party_girl_augmented_Party_Girl_Fortnite_Montage_[uXGC9gKcheI]_003704_29dde6bf_a.png,0,enemy,1,0.597367,0.671974,0.087928,0.267463,party_girl_augmented__Party_Girl_Fortnite_Montage [uXGC9gKcheI],3704,123.466666,1.0000,False,manual_box,original
party_girl_augmented_Party_Girl_Fortnite_Montage_[uXGC9gKcheI]_003704_29dde6bf_a.png,1,player,1,0.485594,0.700157,0.123696,0.471929,party_girl_augmented__Party_Girl_Fortnite_Montage [uXGC9gKcheI],3704,123.466666,1.0000,False,manual_box,original
party_girl_augmented_Party_Girl_Fortnite_Montage_[uXGC9gKcheI]_003710_8e9a5d84_a_2.png,0,enemy,1,0.395678,0.654843,0.076006,0.244254,party_girl_augmented__Party_Girl_Fortnite_Montage [uXGC9gKcheI],3710,123.666666,1.0000,False,manual_box,flip
party_girl_augmented_Party_Girl_Fortnite_Montage_[uXGC9gKcheI]_003710_8e9a5d84_a_2.png,1,player,1,0.516642,0.718393,0.107303,0.459772,party_girl_augmented__Party_Girl_Fortnite_Montage [uXGC9gKcheI],3710,123.666666,1.0000,False,manual_box,flip
party_girl_augmented_Party_Girl_Fortnite_Montage_[uXGC9gKcheI]_003710_8e9a5d84_a_3.png,0,enemy,1,0.474618,0.541489,0.100921,0.324470,party_girl_augmented__Party_Girl_Fortnite_Montage [uXGC9gKcheI],3710,123.666666,1.0000,False,manual_box,zoom
party_girl_augmented_Party_Girl_Fortnite_Montage_[uXGC9gKcheI]_003710_8e9a5d84_a_3.png,1,player,1,0.314002,0.625910,0.142477,0.610767,party_girl_augmented__Party_Girl_Fortnite_Montage [uXGC9gKcheI],3710,123.666666,1.0000,False,manual_box,zoom
party_girl_augmented_Party_Girl_Fortnite_Montage_[uXGC9gKcheI]_003710_8e9a5d84_a.png,0,enemy,1,0.604322,0.654843,0.076006,0.244254,party_girl_augmented__Party_Girl_Fortnite_Montage [uXGC9gKcheI],3710,123.666666,1.0000,False,manual_box,original
party_girl_augmented_Party_Girl_Fortnite_Montage_[uXGC9gKcheI]_003710_8e9a5d84_a.png,1,player,1,0.483358,0.718393,0.107303,0.459772,party_girl_augmented__Party_Girl_Fortnite_Montage [uXGC9gKcheI],3710,123.666666,1.0000,False,manual_box,original
party_girl_augmented_Party_Girl_Fortnite_Montage_[uXGC9gKcheI]_003724_1165f057_a_2.png,0,enemy,1,0.358172,0.734419,0.135122,0.498454,party_girl_augmented__Party_Girl_Fortnite_Montage [uXGC9gKcheI],3724,124.133333,1.0000,False,manual_box,flip
party_girl_augmented_Party_Girl_Fortnite_Montage_[uXGC9gKcheI]_003724_1165f057_a_2.png,1,player,1,0.558867,0.749780,0.129160,0.500440,party_girl_augmented__Party_Girl_Fortnite_Montage [uXGC9gKcheI],3724,124.133333,1.0000,False,manual_box,flip
party_girl_augmented_Party_Girl_Fortnite_Montage_[uXGC9gKcheI]_003724_1165f057_a_3.png,0,enemy,1,0.582459,0.690585,0.157519,0.580723,party_girl_augmented__Party_Girl_Fortnite_Montage [uXGC9gKcheI],3724,124.133333,1.0000,False,manual_box,zoom
party_girl_augmented_Party_Girl_Fortnite_Montage_[uXGC9gKcheI]_003724_1165f057_a_3.png,1,player,1,0.348497,0.708482,0.150569,0.583036,party_girl_augmented__Party_Girl_Fortnite_Montage [uXGC9gKcheI],3724,124.133333,1.0000,False,manual_box,zoom
party_girl_augmented_Party_Girl_Fortnite_Montage_[uXGC9gKcheI]_003724_1165f057_a.png,0,enemy,1,0.641828,0.734419,0.135122,0.498454,party_girl_augmented__Party_Girl_Fortnite_Montage [uXGC9gKcheI],3724,124.133333,1.0000,False,manual_box,original
party_girl_augmented_Party_Girl_Fortnite_Montage_[uXGC9gKcheI]_003724_1165f057_a.png,1,player,1,0.441133,0.749780,0.129160,0.500440,party_girl_augmented__Party_Girl_Fortnite_Montage [uXGC9gKcheI],3724,124.133333,1.0000,False,manual_box,original
party_girl_augmented_Party_Girl_Fortnite_Montage_[uXGC9gKcheI]_003731_47746a73_a_2.png,0,enemy,1,0.602306,0.802201,0.215102,0.395597,party_girl_augmented__Party_Girl_Fortnite_Montage [uXGC9gKcheI],3731,124.366666,1.0000,False,manual_box,shift
party_girl_augmented_Party_Girl_Fortnite_Montage_[uXGC9gKcheI]_003731_47746a73_a_2.png,1,player,1,0.324114,0.748046,0.133631,0.503908,party_girl_augmented__Party_Girl_Fortnite_Montage [uXGC9gKcheI],3731,124.366666,1.0000,False,manual_box,shift
party_girl_augmented_Party_Girl_Fortnite_Montage_[uXGC9gKcheI]_003731_47746a73_a_3.png,0,enemy,1,0.724771,0.772084,0.194600,0.411345,party_girl_augmented__Party_Girl_Fortnite_Montage [uXGC9gKcheI],3731,124.366666,1.0000,False,manual_box,zoom
party_girl_augmented_Party_Girl_Fortnite_Montage_[uXGC9gKcheI]_003731_47746a73_a_3.png,1,player,1,0.473094,0.724443,0.120894,0.512226,party_girl_augmented__Party_Girl_Fortnite_Montage [uXGC9gKcheI],3731,124.366666,1.0000,False,manual_box,zoom
party_girl_augmented_Party_Girl_Fortnite_Montage_[uXGC9gKcheI]_003731_47746a73_a.png,0,enemy,1,0.702683,0.769786,0.215102,0.454246,party_girl_augmented__Party_Girl_Fortnite_Montage [uXGC9gKcheI],3731,124.366666,1.0000,False,manual_box,original
party_girl_augmented_Party_Girl_Fortnite_Montage_[uXGC9gKcheI]_003731_47746a73_a.png,1,player,1,0.424491,0.717176,0.133631,0.565648,party_girl_augmented__Party_Girl_Fortnite_Montage [uXGC9gKcheI],3731,124.366666,1.0000,False,manual_box,original
party_girl_augmented_Party_Girl_Fortnite_Montage_[uXGC9gKcheI]_003757_15c20fb5_a_2.png,1,player,1,0.414555,0.706676,0.209141,0.586648,party_girl_augmented__Party_Girl_Fortnite_Montage [uXGC9gKcheI],3757,125.233333,1.0000,False,manual_box,noise
party_girl_augmented_Party_Girl_Fortnite_Montage_[uXGC9gKcheI]_003757_15c20fb5_a_2.png,0,enemy,1,0.631148,0.492376,0.119722,0.387932,party_girl_augmented__Party_Girl_Fortnite_Montage [uXGC9gKcheI],3757,125.233333,1.0000,False,manual_box,noise
party_girl_augmented_Party_Girl_Fortnite_Montage_[uXGC9gKcheI]_003757_15c20fb5_a.png,1,player,1,0.414555,0.706676,0.209141,0.586648,party_girl_augmented__Party_Girl_Fortnite_Montage [uXGC9gKcheI],3757,125.233333,1.0000,False,manual_box,original
party_girl_augmented_Party_Girl_Fortnite_Montage_[uXGC9gKcheI]_003757_15c20fb5_a.png,0,enemy,1,0.631148,0.492376,0.119722,0.387932,party_girl_augmented__Party_Girl_Fortnite_Montage [uXGC9gKcheI],3757,125.233333,1.0000,False,manual_box,original
party_girl_augmented_Party_Girl_Fortnite_Montage_[uXGC9gKcheI]_003758_cc987b50_a.png,0,enemy,1,0.640089,0.480218,0.120715,0.383511,party_girl_augmented__Party_Girl_Fortnite_Montage [uXGC9gKcheI],3758,125.266666,1.0000,False,manual_box,original
party_girl_augmented_Party_Girl_Fortnite_Montage_[uXGC9gKcheI]_003758_cc987b50_a.png,1,player,1,0.423249,0.695071,0.191754,0.609857,party_girl_augmented__Party_Girl_Fortnite_Montage [uXGC9gKcheI],3758,125.266666,1.0000,False,manual_box,original
party_girl_augmented_Party_Girl_Fortnite_Montage_[uXGC9gKcheI]_003759_2e35a03e_a.png,1,player,1,0.409091,0.712755,0.165425,0.574490,party_girl_augmented__Party_Girl_Fortnite_Montage [uXGC9gKcheI],3759,125.300000,1.0000,False,manual_box,original
party_girl_augmented_Party_Girl_Fortnite_Montage_[uXGC9gKcheI]_003759_2e35a03e_a.png,0,enemy,1,0.648535,0.469719,0.134625,0.375775,party_girl_augmented__Party_Girl_Fortnite_Montage [uXGC9gKcheI],3759,125.300000,1.0000,False,manual_box,original
party_girl_augmented_Party_Girl_Fortnite_Montage_[uXGC9gKcheI]_003760_cfcd9d50_a_2.png,0,enemy,1,0.653005,0.463640,0.114754,0.368038,party_girl_augmented__Party_Girl_Fortnite_Montage [uXGC9gKcheI],3760,125.333333,1.0000,False,manual_box,noise
party_girl_augmented_Party_Girl_Fortnite_Montage_[uXGC9gKcheI]_003760_cfcd9d50_a_2.png,1,player,1,0.435420,0.704466,0.140586,0.591068,party_girl_augmented__Party_Girl_Fortnite_Montage [uXGC9gKcheI],3760,125.333333,1.0000,False,manual_box,noise
party_girl_augmented_Party_Girl_Fortnite_Montage_[uXGC9gKcheI]_003760_cfcd9d50_a_3.png,0,enemy,1,0.346995,0.463640,0.114754,0.368038,party_girl_augmented__Party_Girl_Fortnite_Montage [uXGC9gKcheI],3760,125.333333,1.0000,False,manual_box,flip
party_girl_augmented_Party_Girl_Fortnite_Montage_[uXGC9gKcheI]_003760_cfcd9d50_a_3.png,1,player,1,0.564580,0.704466,0.140586,0.591068,party_girl_augmented__Party_Girl_Fortnite_Montage [uXGC9gKcheI],3760,125.333333,1.0000,False,manual_box,flip
party_girl_augmented_Party_Girl_Fortnite_Montage_[uXGC9gKcheI]_003760_cfcd9d50_a_4.png,0,enemy,1,0.650999,0.462478,0.109734,0.351681,party_girl_augmented__Party_Girl_Fortnite_Montage [uXGC9gKcheI],3760,125.333333,1.0000,False,manual_box,zoom
party_girl_augmented_Party_Girl_Fortnite_Montage_[uXGC9gKcheI]_003760_cfcd9d50_a_4.png,1,player,1,0.442933,0.692601,0.134435,0.564798,party_girl_augmented__Party_Girl_Fortnite_Montage [uXGC9gKcheI],3760,125.333333,1.0000,False,manual_box,zoom
party_girl_augmented_Party_Girl_Fortnite_Montage_[uXGC9gKcheI]_003760_cfcd9d50_a_5.png,0,enemy,1,0.621755,0.488640,0.114754,0.368038,party_girl_augmented__Party_Girl_Fortnite_Montage [uXGC9gKcheI],3760,125.333333,1.0000,False,manual_box,maskedpan
party_girl_augmented_Party_Girl_Fortnite_Montage_[uXGC9gKcheI]_003760_cfcd9d50_a_5.png,1,player,1,0.435420,0.704466,0.140586,0.591068,party_girl_augmented__Party_Girl_Fortnite_Montage [uXGC9gKcheI],3760,125.333333,1.0000,False,manual_box,maskedpan
party_girl_augmented_Party_Girl_Fortnite_Montage_[uXGC9gKcheI]_003760_cfcd9d50_a.png,0,enemy,1,0.653005,0.463640,0.114754,0.368038,party_girl_augmented__Party_Girl_Fortnite_Montage [uXGC9gKcheI],3760,125.333333,1.0000,False,manual_box,original
party_girl_augmented_Party_Girl_Fortnite_Montage_[uXGC9gKcheI]_003760_cfcd9d50_a.png,1,player,1,0.435420,0.704466,0.140586,0.591068,party_girl_augmented__Party_Girl_Fortnite_Montage [uXGC9gKcheI],3760,125.333333,1.0000,False,manual_box,original
party_girl_augmented_Party_Girl_Fortnite_Montage_[uXGC9gKcheI]_003761_56bcd4e4_a_2.png,0,enemy,1,0.653254,0.473034,0.109290,0.366933,party_girl_augmented__Party_Girl_Fortnite_Montage [uXGC9gKcheI],3761,125.366666,1.0000,False,manual_box,noise
party_girl_augmented_Party_Girl_Fortnite_Montage_[uXGC9gKcheI]_003761_56bcd4e4_a_2.png,1,player,1,0.433681,0.711650,0.155986,0.576700,party_girl_augmented__Party_Girl_Fortnite_Montage [uXGC9gKcheI],3761,125.366666,1.0000,False,manual_box,noise
party_girl_augmented_Party_Girl_Fortnite_Montage_[uXGC9gKcheI]_003761_56bcd4e4_a_3.png,0,enemy,1,0.705848,0.609310,0.109290,0.366933,party_girl_augmented__Party_Girl_Fortnite_Montage [uXGC9gKcheI],3761,125.366666,1.0000,False,manual_box,shift
party_girl_augmented_Party_Girl_Fortnite_Montage_[uXGC9gKcheI]_003761_56bcd4e4_a_3.png,1,player,1,0.486275,0.779788,0.155986,0.440424,party_girl_augmented__Party_Girl_Fortnite_Montage [uXGC9gKcheI],3761,125.366666,1.0000,False,manual_box,shift
party_girl_augmented_Party_Girl_Fortnite_Montage_[uXGC9gKcheI]_003761_56bcd4e4_a_4.png,0,enemy,1,0.613746,0.405156,0.091701,0.307816,party_girl_augmented__Party_Girl_Fortnite_Montage [uXGC9gKcheI],3761,125.366666,1.0000,False,manual_box,zoom
party_girl_augmented_Party_Girl_Fortnite_Montage_[uXGC9gKcheI]_003761_56bcd4e4_a_4.png,1,player,1,0.429510,0.605328,0.130882,0.483788,party_girl_augmented__Party_Girl_Fortnite_Montage [uXGC9gKcheI],3761,125.366666,1.0000,False,manual_box,zoom
party_girl_augmented_Party_Girl_Fortnite_Montage_[uXGC9gKcheI]_003761_56bcd4e4_a_5.png,0,enemy,1,0.864192,0.631367,0.109290,0.366933,party_girl_augmented__Party_Girl_Fortnite_Montage [uXGC9gKcheI],3761,125.366666,1.0000,False,manual_box,maskedpan
party_girl_augmented_Party_Girl_Fortnite_Montage_[uXGC9gKcheI]_003761_56bcd4e4_a_5.png,1,player,1,0.433681,0.711650,0.155986,0.576700,party_girl_augmented__Party_Girl_Fortnite_Montage [uXGC9gKcheI],3761,125.366666,1.0000,False,manual_box,maskedpan
party_girl_augmented_Party_Girl_Fortnite_Montage_[uXGC9gKcheI]_003761_56bcd4e4_a.png,0,enemy,1,0.653254,0.473034,0.109290,0.366933,party_girl_augmented__Party_Girl_Fortnite_Montage [uXGC9gKcheI],3761,125.366666,1.0000,False,manual_box,original
party_girl_augmented_Party_Girl_Fortnite_Montage_[uXGC9gKcheI]_003761_56bcd4e4_a.png,1,player,1,0.433681,0.711650,0.155986,0.576700,party_girl_augmented__Party_Girl_Fortnite_Montage [uXGC9gKcheI],3761,125.366666,1.0000,False,manual_box,original
party_girl_augmented_Party_Girl_Fortnite_Montage_[uXGC9gKcheI]_003762_2bfb4ede_a.png,1,player,1,0.422752,0.724360,0.153005,0.551280,party_girl_augmented__Party_Girl_Fortnite_Montage [uXGC9gKcheI],3762,125.400000,1.0000,False,manual_box,original
party_girl_augmented_Party_Girl_Fortnite_Montage_[uXGC9gKcheI]_003762_2bfb4ede_a.png,0,enemy,1,0.639841,0.487955,0.105315,0.354776,party_girl_augmented__Party_Girl_Fortnite_Montage [uXGC9gKcheI],3762,125.400000,1.0000,False,manual_box,original
party_girl_augmented_Party_Girl_Fortnite_Montage_[uXGC9gKcheI]_003768_35f9b5a7_a_2.png,1,player,1,0.423994,0.701703,0.130651,0.596595,party_girl_augmented__Party_Girl_Fortnite_Montage [uXGC9gKcheI],3768,125.600000,1.0000,False,manual_box,brightness_0.7
party_girl_augmented_Party_Girl_Fortnite_Montage_[uXGC9gKcheI]_003768_35f9b5a7_a_2.png,0,enemy,1,0.567561,0.579136,0.091903,0.322724,party_girl_augmented__Party_Girl_Fortnite_Montage [uXGC9gKcheI],3768,125.600000,1.0000,False,manual_box,brightness_0.7
party_girl_augmented_Party_Girl_Fortnite_Montage_[uXGC9gKcheI]_003768_35f9b5a7_a_3.png,1,player,1,0.423994,0.701703,0.130651,0.596595,party_girl_augmented__Party_Girl_Fortnite_Montage [uXGC9gKcheI],3768,125.600000,1.0000,False,manual_box,brightness_1.3
party_girl_augmented_Party_Girl_Fortnite_Montage_[uXGC9gKcheI]_003768_35f9b5a7_a_3.png,0,enemy,1,0.567561,0.579136,0.091903,0.322724,party_girl_augmented__Party_Girl_Fortnite_Montage [uXGC9gKcheI],3768,125.600000,1.0000,False,manual_box,brightness_1.3
party_girl_augmented_Party_Girl_Fortnite_Montage_[uXGC9gKcheI]_003768_35f9b5a7_a.png,1,player,1,0.423994,0.701703,0.130651,0.596595,party_girl_augmented__Party_Girl_Fortnite_Montage [uXGC9gKcheI],3768,125.600000,1.0000,False,manual_box,original
party_girl_augmented_Party_Girl_Fortnite_Montage_[uXGC9gKcheI]_003768_35f9b5a7_a.png,0,enemy,1,0.567561,0.579136,0.091903,0.322724,party_girl_augmented__Party_Girl_Fortnite_Montage [uXGC9gKcheI],3768,125.600000,1.0000,False,manual_box,original
party_girl_augmented_Party_Girl_Fortnite_Montage_[uXGC9gKcheI]_003792_ab3b6aa0_a_2.png,1,player,1,0.426478,0.686342,0.136612,0.519454,party_girl_augmented__Party_Girl_Fortnite_Montage [uXGC9gKcheI],3792,126.400000,1.0000,False,manual_box,noise
party_girl_augmented_Party_Girl_Fortnite_Montage_[uXGC9gKcheI]_003792_ab3b6aa0_a_2.png,0,enemy,1,0.498013,0.396222,0.083954,0.246464,party_girl_augmented__Party_Girl_Fortnite_Montage [uXGC9gKcheI],3792,126.400000,1.0000,False,manual_box,noise
party_girl_augmented_Party_Girl_Fortnite_Montage_[uXGC9gKcheI]_003792_ab3b6aa0_a.png,1,player,1,0.426478,0.686342,0.136612,0.519454,party_girl_augmented__Party_Girl_Fortnite_Montage [uXGC9gKcheI],3792,126.400000,1.0000,False,manual_box,original
party_girl_augmented_Party_Girl_Fortnite_Montage_[uXGC9gKcheI]_003792_ab3b6aa0_a.png,0,enemy,1,0.498013,0.396222,0.083954,0.246464,party_girl_augmented__Party_Girl_Fortnite_Montage [uXGC9gKcheI],3792,126.400000,1.0000,False,manual_box,original
party_girl_augmented_Party_Girl_Fortnite_Montage_[uXGC9gKcheI]_003858_667ae39c_a.png,1,player,1,0.213115,0.655396,0.426230,0.674184,party_girl_augmented__Party_Girl_Fortnite_Montage [uXGC9gKcheI],3858,128.600000,1.0000,False,manual_box,original
party_girl_augmented_Party_Girl_Fortnite_Montage_[uXGC9gKcheI]_003858_667ae39c_a.png,0,enemy,1,0.503229,0.496244,0.029806,0.097259,party_girl_augmented__Party_Girl_Fortnite_Montage [uXGC9gKcheI],3858,128.600000,1.0000,False,manual_box,original
party_girl_augmented_Party_Girl_Fortnite_Montage_[uXGC9gKcheI]_003859_fb46ea0d_a.png,0,enemy,1,0.507203,0.499560,0.026826,0.099470,party_girl_augmented__Party_Girl_Fortnite_Montage [uXGC9gKcheI],3859,128.633333,1.0000,False,manual_box,original
party_girl_augmented_Party_Girl_Fortnite_Montage_[uXGC9gKcheI]_003859_fb46ea0d_a.png,1,player,1,0.216592,0.648764,0.433184,0.700710,party_girl_augmented__Party_Girl_Fortnite_Montage [uXGC9gKcheI],3859,128.633333,1.0000,False,manual_box,original
party_girl_augmented_Party_Girl_Fortnite_Montage_[uXGC9gKcheI]_003860_3abfdbaa_a_2.png,0,enemy,1,0.502732,0.511717,0.024839,0.048630,party_girl_augmented__Party_Girl_Fortnite_Montage [uXGC9gKcheI],3860,128.666665,1.0000,False,manual_box,brightness_0.7
party_girl_augmented_Party_Girl_Fortnite_Montage_[uXGC9gKcheI]_003860_3abfdbaa_a_2.png,1,player,1,0.220070,0.647659,0.436165,0.700710,party_girl_augmented__Party_Girl_Fortnite_Montage [uXGC9gKcheI],3860,128.666665,1.0000,False,manual_box,brightness_0.7
party_girl_augmented_Party_Girl_Fortnite_Montage_[uXGC9gKcheI]_003860_3abfdbaa_a_3.png,0,enemy,1,0.502732,0.511717,0.024839,0.048630,party_girl_augmented__Party_Girl_Fortnite_Montage [uXGC9gKcheI],3860,128.666665,1.0000,False,manual_box,brightness_1.3
party_girl_augmented_Party_Girl_Fortnite_Montage_[uXGC9gKcheI]_003860_3abfdbaa_a_3.png,1,player,1,0.220070,0.647659,0.436165,0.700710,party_girl_augmented__Party_Girl_Fortnite_Montage [uXGC9gKcheI],3860,128.666665,1.0000,False,manual_box,brightness_1.3
party_girl_augmented_Party_Girl_Fortnite_Montage_[uXGC9gKcheI]_003860_3abfdbaa_a.png,0,enemy,1,0.502732,0.511717,0.024839,0.048630,party_girl_augmented__Party_Girl_Fortnite_Montage [uXGC9gKcheI],3860,128.666665,1.0000,False,manual_box,original
party_girl_augmented_Party_Girl_Fortnite_Montage_[uXGC9gKcheI]_003860_3abfdbaa_a.png,1,player,1,0.220070,0.647659,0.436165,0.700710,party_girl_augmented__Party_Girl_Fortnite_Montage [uXGC9gKcheI],3860,128.666665,1.0000,False,manual_box,original
party_girl_augmented_Party_Girl_Fortnite_Montage_[uXGC9gKcheI]_003879_23ad0409_a_2.png,1,player,1,0.215599,0.661474,0.431197,0.670869,party_girl_augmented__Party_Girl_Fortnite_Montage [uXGC9gKcheI],3879,129.300000,1.0000,False,manual_box,brightness_0.7
party_girl_augmented_Party_Girl_Fortnite_Montage_[uXGC9gKcheI]_003879_23ad0409_a_2.png,0,enemy,1,0.500248,0.499560,0.031793,0.075155,party_girl_augmented__Party_Girl_Fortnite_Montage [uXGC9gKcheI],3879,129.300000,1.0000,False,manual_box,brightness_0.7
party_girl_augmented_Party_Girl_Fortnite_Montage_[uXGC9gKcheI]_003879_23ad0409_a_2.png,0,enemy,1,0.824640,0.326593,0.030800,0.054156,party_girl_augmented__Party_Girl_Fortnite_Montage [uXGC9gKcheI],3879,129.300000,1.0000,False,manual_box,brightness_0.7
party_girl_augmented_Party_Girl_Fortnite_Montage_[uXGC9gKcheI]_003879_23ad0409_a_3.png,1,player,1,0.215599,0.661474,0.431197,0.670869,party_girl_augmented__Party_Girl_Fortnite_Montage [uXGC9gKcheI],3879,129.300000,1.0000,False,manual_box,brightness_1.3
party_girl_augmented_Party_Girl_Fortnite_Montage_[uXGC9gKcheI]_003879_23ad0409_a_3.png,0,enemy,1,0.500248,0.499560,0.031793,0.075155,party_girl_augmented__Party_Girl_Fortnite_Montage [uXGC9gKcheI],3879,129.300000,1.0000,False,manual_box,brightness_1.3
party_girl_augmented_Party_Girl_Fortnite_Montage_[uXGC9gKcheI]_003879_23ad0409_a_3.png,0,enemy,1,0.824640,0.326593,0.030800,0.054156,party_girl_augmented__Party_Girl_Fortnite_Montage [uXGC9gKcheI],3879,129.300000,1.0000,False,manual_box,brightness_1.3
party_girl_augmented_Party_Girl_Fortnite_Montage_[uXGC9gKcheI]_003879_23ad0409_a.png,1,player,1,0.215599,0.661474,0.431197,0.670869,party_girl_augmented__Party_Girl_Fortnite_Montage [uXGC9gKcheI],3879,129.300000,1.0000,False,manual_box,original
party_girl_augmented_Party_Girl_Fortnite_Montage_[uXGC9gKcheI]_003879_23ad0409_a.png,0,enemy,1,0.500248,0.499560,0.031793,0.075155,party_girl_augmented__Party_Girl_Fortnite_Montage [uXGC9gKcheI],3879,129.300000,1.0000,False,manual_box,original
party_girl_augmented_Party_Girl_Fortnite_Montage_[uXGC9gKcheI]_003879_23ad0409_a.png,0,enemy,1,0.824640,0.326593,0.030800,0.054156,party_girl_augmented__Party_Girl_Fortnite_Montage [uXGC9gKcheI],3879,129.300000,1.0000,False,manual_box,original
party_girl_augmented_Party_Girl_Fortnite_Montage_[uXGC9gKcheI]_003928_d5f4efa0_a_2.png,1,player,1,0.205415,0.658047,0.404868,0.683906,party_girl_augmented__Party_Girl_Fortnite_Montage [uXGC9gKcheI],3928,130.933333,1.0000,False,manual_box,noise
party_girl_augmented_Party_Girl_Fortnite_Montage_[uXGC9gKcheI]_003928_d5f4efa0_a_2.png,0,enemy,1,0.512419,0.538795,0.048187,0.089523,party_girl_augmented__Party_Girl_Fortnite_Montage [uXGC9gKcheI],3928,130.933333,1.0000,False,manual_box,noise
party_girl_augmented_Party_Girl_Fortnite_Montage_[uXGC9gKcheI]_003928_d5f4efa0_a.png,1,player,1,0.205415,0.658047,0.404868,0.683906,party_girl_augmented__Party_Girl_Fortnite_Montage [uXGC9gKcheI],3928,130.933333,1.0000,False,manual_box,original
party_girl_augmented_Party_Girl_Fortnite_Montage_[uXGC9gKcheI]_003928_d5f4efa0_a.png,0,enemy,1,0.512419,0.538795,0.048187,0.089523,party_girl_augmented__Party_Girl_Fortnite_Montage [uXGC9gKcheI],3928,130.933333,1.0000,False,manual_box,original
