filename,class_id,class_name,has_enemy,x_center,y_center,width,height,video_id,frame_idx,timestamp,confidence,auto_labeled,bbox_source,aug_type
final_merged_Federico_sammelt_i_tried_the_new_season_[C-SDrECvTa4]_000000_34d4fe47_aug_original.png,0,enemy,1,0.564996,0.493259,0.091759,0.275971,final_merged__Federico_sammelt__i_tried_the_new_season [C-SDrECvTa4],0,0.000000,1.0000,False,manual_box,original
final_merged_Federico_sammelt_i_tried_the_new_season_[C-SDrECvTa4]_000000_34d4fe47_aug_original.png,1,player,1,0.388700,0.710151,0.162277,0.579699,final_merged__Federico_sammelt__i_tried_the_new_season [C-SDrECvTa4],0,0.000000,1.0000,False,manual_box,original
final_merged_Federico_sammelt_i_tried_the_new_season_[C-SDrECvTa4]_000015_9d4f4be2_aug_original.png,1,player,1,0.387850,0.707772,0.160578,0.584456,final_merged__Federico_sammelt__i_tried_the_new_season [C-SDrECvTa4],15,0.500000,1.0000,False,manual_box,original
final_merged_Federico_sammelt_i_tried_the_new_season_[C-SDrECvTa4]_000015_9d4f4be2_aug_original.png,0,enemy,1,0.833050,0.695480,0.330501,0.594766,final_merged__Federico_sammelt__i_tried_the_new_season [C-SDrECvTa4],15,0.500000,1.0000,False,manual_box,original
final_merged_Federico_sammelt_i_tried_the_new_season_[C-SDrECvTa4]_000015_9d4f4be2_aug_brightness_0.7.png,1,player,1,0.387850,0.707772,0.160578,0.584456,final_merged__Federico_sammelt__i_tried_the_new_season [C-SDrECvTa4],15,0.500000,1.0000,False,manual_box,brightness_0.7
final_merged_Federico_sammelt_i_tried_the_new_season_[C-SDrECvTa4]_000015_9d4f4be2_aug_brightness_0.7.png,0,enemy,1,0.833050,0.695480,0.330501,0.594766,final_merged__Federico_sammelt__i_tried_the_new_season [C-SDrECvTa4],15,0.500000,1.0000,False,manual_box,brightness_0.7
final_merged_Federico_sammelt_i_tried_the_new_season_[C-SDrECvTa4]_000015_9d4f4be2_aug_brightness_1.3.png,1,player,1,0.387850,0.707772,0.160578,0.584456,final_merged__Federico_sammelt__i_tried_the_new_season [C-SDrECvTa4],15,0.500000,1.0000,False,manual_box,brightness_1.3
final_merged_Federico_sammelt_i_tried_the_new_season_[C-SDrECvTa4]_000015_9d4f4be2_aug_brightness_1.3.png,0,enemy,1,0.833050,0.695480,0.330501,0.594766,final_merged__Federico_sammelt__i_tried_the_new_season [C-SDrECvTa4],15,0.500000,1.0000,False,manual_box,brightness_1.3
final_merged_Federico_sammelt_i_tried_the_new_season_[C-SDrECvTa4]_000015_9d4f4be2_aug_noise.png,1,player,1,0.387850,0.707772,0.160578,0.584456,final_merged__Federico_sammelt__i_tried_the_new_season [C-SDrECvTa4],15,0.500000,1.0000,False,manual_box,noise
final_merged_Federico_sammelt_i_tried_the_new_season_[C-SDrECvTa4]_000015_9d4f4be2_aug_noise.png,0,enemy,1,0.833050,0.695480,0.330501,0.594766,final_merged__Federico_sammelt__i_tried_the_new_season [C-SDrECvTa4],15,0.500000,1.0000,False,manual_box,noise
final_merged_Federico_sammelt_i_tried_the_new_season_[C-SDrECvTa4]_000015_9d4f4be2_aug_flip.png,1,player,1,0.612150,0.707772,0.160578,0.584456,final_merged__Federico_sammelt__i_tried_the_new_season [C-SDrECvTa4],15,0.500000,1.0000,False,manual_box,flip
final_merged_Federico_sammelt_i_tried_the_new_season_[C-SDrECvTa4]_000015_9d4f4be2_aug_flip.png,0,enemy,1,0.166950,0.695480,0.330501,0.594766,final_merged__Federico_sammelt__i_tried_the_new_season [C-SDrECvTa4],15,0.500000,1.0000,False,manual_box,flip
final_merged_Federico_sammelt_i_tried_the_new_season_[C-SDrECvTa4]_000030_50150dba_aug_original.png,1,player,1,0.370433,0.710944,0.175021,0.578113,final_merged__Federico_sammelt__i_tried_the_new_season [C-SDrECvTa4],30,1.000000,1.0000,False,manual_box,original
final_merged_Federico_sammelt_i_tried_the_new_season_[C-SDrECvTa4]_000030_50150dba_aug_noise.png,1,player,1,0.370433,0.710944,0.175021,0.578113,final_merged__Federico_sammelt__i_tried_the_new_season [C-SDrECvTa4],30,1.000000,1.0000,False,manual_box,noise
final_merged_Federico_sammelt_i_tried_the_new_season_[C-SDrECvTa4]_000030_50150dba_aug_shift.png,1,player,1,0.316654,0.720137,0.175021,0.559725,final_merged__Federico_sammelt__i_tried_the_new_season [C-SDrECvTa4],30,1.000000,1.0000,False,manual_box,shift
final_merged_Federico_sammelt_i_tried_the_new_season_[C-SDrECvTa4]_000030_50150dba_aug_maskedpan.png,1,player,1,0.370433,0.710944,0.175021,0.578113,final_merged__Federico_sammelt__i_tried_the_new_season [C-SDrECvTa4],30,1.000000,1.0000,False,manual_box,maskedpan
final_merged_Federico_sammelt_i_tried_the_new_season_[C-SDrECvTa4]_000045_451cf2f9_aug_original.png,1,player,1,0.380204,0.727597,0.237043,0.544806,final_merged__Federico_sammelt__i_tried_the_new_season [C-SDrECvTa4],45,1.500000,1.0000,False,manual_box,original
final_merged_Federico_sammelt_i_tried_the_new_season_[C-SDrECvTa4]_000045_451cf2f9_aug_brightness_0.7.png,1,player,1,0.380204,0.727597,0.237043,0.544806,final_merged__Federico_sammelt__i_tried_the_new_season [C-SDrECvTa4],45,1.500000,1.0000,False,manual_box,brightness_0.7
final_merged_Federico_sammelt_i_tried_the_new_season_[C-SDrECvTa4]_000045_451cf2f9_aug_brightness_1.3.png,1,player,1,0.380204,0.727597,0.237043,0.544806,final_merged__Federico_sammelt__i_tried_the_new_season [C-SDrECvTa4],45,1.500000,1.0000,False,manual_box,brightness_1.3
final_merged_Federico_sammelt_i_tried_the_new_season_[C-SDrECvTa4]_000045_451cf2f9_aug_flip.png,1,player,1,0.619796,0.727597,0.237043,0.544806,final_merged__Federico_sammelt__i_tried_the_new_season [C-SDrECvTa4],45,1.500000,1.0000,False,manual_box,flip
final_merged_Federico_sammelt_i_tried_the_new_season_[C-SDrECvTa4]_000045_451cf2f9_aug_zoom.png,1,player,1,0.391837,0.719814,0.244296,0.560372,final_merged__Federico_sammelt__i_tried_the_new_season [C-SDrECvTa4],45,1.500000,1.0000,False,manual_box,zoom
final_merged_Federico_sammelt_i_tried_the_new_season_[C-SDrECvTa4]_000060_7206f7b6_aug_original.png,1,player,1,0.373832,0.753767,0.198811,0.492466,final_merged__Federico_sammelt__i_tried_the_new_season [C-SDrECvTa4],60,2.000000,1.0000,False,manual_box,original
final_merged_Federico_sammelt_i_tried_the_new_season_[C-SDrECvTa4]_000060_7206f7b6_aug_brightness_0.7.png,1,player,1,0.373832,0.753767,0.198811,0.492466,final_merged__Federico_sammelt__i_tried_the_new_season [C-SDrECvTa4],60,2.000000,1.0000,False,manual_box,brightness_0.7
final_merged_Federico_sammelt_i_tried_the_new_season_[C-SDrECvTa4]_000060_7206f7b6_aug_brightness_1.3.png,1,player,1,0.373832,0.753767,0.198811,0.492466,final_merged__Federico_sammelt__i_tried_the_new_season [C-SDrECvTa4],60,2.000000,1.0000,False,manual_box,brightness_1.3
final_merged_Federico_sammelt_i_tried_the_new_season_[C-SDrECvTa4]_000060_7206f7b6_aug_noise.png,1,player,1,0.373832,0.753767,0.198811,0.492466,final_merged__Federico_sammelt__i_tried_the_new_season [C-SDrECvTa4],60,2.000000,1.0000,False,manual_box,noise
final_merged_Federico_sammelt_i_tried_the_new_season_[C-SDrECvTa4]_000060_7206f7b6_aug_flip.png,1,player,1,0.626168,0.753767,0.198811,0.492466,final_merged__Federico_sammelt__i_tried_the_new_season [C-SDrECvTa4],60,2.000000,1.0000,False,manual_box,flip
final_merged_Federico_sammelt_i_tried_the_new_season_[C-SDrECvTa4]_000075_10de7068_aug_original.png,1,player,1,0.390824,0.662966,0.214104,0.371134,final_merged__Federico_sammelt__i_tried_the_new_season [C-SDrECvTa4],75,2.500000,1.0000,False,manual_box,original
final_merged_Federico_sammelt_i_tried_the_new_season_[C-SDrECvTa4]_000075_10de7068_aug_brightness_0.7.png,1,player,1,0.390824,0.662966,0.214104,0.371134,final_merged__Federico_sammelt__i_tried_the_new_season [C-SDrECvTa4],75,2.500000,1.0000,False,manual_box,brightness_0.7
final_merged_Federico_sammelt_i_tried_the_new_season_[C-SDrECvTa4]_000075_10de7068_aug_brightness_1.3.png,1,player,1,0.390824,0.662966,0.214104,0.371134,final_merged__Federico_sammelt__i_tried_the_new_season [C-SDrECvTa4],75,2.500000,1.0000,False,manual_box,brightness_1.3
final_merged_Federico_sammelt_i_tried_the_new_season_[C-SDrECvTa4]_000075_10de7068_aug_flip.png,1,player,1,0.609176,0.662966,0.214104,0.371134,final_merged__Federico_sammelt__i_tried_the_new_season [C-SDrECvTa4],75,2.500000,1.0000,False,manual_box,flip
final_merged_Federico_sammelt_i_tried_the_new_season_[C-SDrECvTa4]_000075_10de7068_aug_shift.png,1,player,1,0.427837,0.692807,0.214104,0.371134,final_merged__Federico_sammelt__i_tried_the_new_season [C-SDrECvTa4],75,2.500000,1.0000,False,manual_box,shift
final_merged_Federico_sammelt_i_tried_the_new_season_[C-SDrECvTa4]_000090_7905e275_aug_original.png,1,player,1,0.395072,0.706582,0.242991,0.477399,final_merged__Federico_sammelt__i_tried_the_new_season [C-SDrECvTa4],90,3.000000,1.0000,False,manual_box,original
final_merged_Federico_sammelt_i_tried_the_new_season_[C-SDrECvTa4]_000090_7905e275_aug_brightness_0.7.png,1,player,1,0.395072,0.706582,0.242991,0.477399,final_merged__Federico_sammelt__i_tried_the_new_season [C-SDrECvTa4],90,3.000000,1.0000,False,manual_box,brightness_0.7
final_merged_Federico_sammelt_i_tried_the_new_season_[C-SDrECvTa4]_000090_7905e275_aug_brightness_1.3.png,1,player,1,0.395072,0.706582,0.242991,0.477399,final_merged__Federico_sammelt__i_tried_the_new_season [C-SDrECvTa4],90,3.000000,1.0000,False,manual_box,brightness_1.3
final_merged_Federico_sammelt_i_tried_the_new_season_[C-SDrECvTa4]_000090_7905e275_aug_flip.png,1,player,1,0.604928,0.706582,0.242991,0.477399,final_merged__Federico_sammelt__i_tried_the_new_season [C-SDrECvTa4],90,3.000000,1.0000,False,manual_box,flip
final_merged_Federico_sammelt_i_tried_the_new_season_[C-SDrECvTa4]_000090_7905e275_aug_shift.png,1,player,1,0.440380,0.669054,0.242991,0.477399,final_merged__Federico_sammelt__i_tried_the_new_season [C-SDrECvTa4],90,3.000000,1.0000,False,manual_box,shift
final_merged_Federico_sammelt_i_tried_the_new_season_[C-SDrECvTa4]_000105_4d324a94_aug_original.png,1,player,1,0.330501,0.735527,0.231096,0.528945,final_merged__Federico_sammelt__i_tried_the_new_season [C-SDrECvTa4],105,3.500000,1.0000,False,manual_box,original
final_merged_Federico_sammelt_i_tried_the_new_season_[C-SDrECvTa4]_000105_4d324a94_aug_original.png,0,enemy,1,0.429907,0.475813,0.039082,0.139572,final_merged__Federico_sammelt__i_tried_the_new_season [C-SDrECvTa4],105,3.500000,1.0000,False,manual_box,original
final_merged_Federico_sammelt_i_tried_the_new_season_[C-SDrECvTa4]_000105_4d324a94_aug_original.png,0,enemy,1,0.748938,0.472641,0.087511,0.133228,final_merged__Federico_sammelt__i_tried_the_new_season [C-SDrECvTa4],105,3.500000,1.0000,False,manual_box,original
final_merged_Federico_sammelt_i_tried_the_new_season_[C-SDrECvTa4]_000105_4d324a94_aug_noise.png,1,player,1,0.330501,0.735527,0.231096,0.528945,final_merged__Federico_sammelt__i_tried_the_new_season [C-SDrECvTa4],105,3.500000,1.0000,False,manual_box,noise
final_merged_Federico_sammelt_i_tried_the_new_season_[C-SDrECvTa4]_000105_4d324a94_aug_noise.png,0,enemy,1,0.429907,0.475813,0.039082,0.139572,final_merged__Federico_sammelt__i_tried_the_new_season [C-SDrECvTa4],105,3.500000,1.0000,False,manual_box,noise
final_merged_Federico_sammelt_i_tried_the_new_season_[C-SDrECvTa4]_000105_4d324a94_aug_noise.png,0,enemy,1,0.748938,0.472641,0.087511,0.133228,final_merged__Federico_sammelt__i_tried_the_new_season [C-SDrECvTa4],105,3.500000,1.0000,False,manual_box,noise
final_merged_Federico_sammelt_i_tried_the_new_season_[C-SDrECvTa4]_000105_4d324a94_aug_flip.png,1,player,1,0.669499,0.735527,0.231096,0.528945,final_merged__Federico_sammelt__i_tried_the_new_season [C-SDrECvTa4],105,3.500000,1.0000,False,manual_box,flip
final_merged_Federico_sammelt_i_tried_the_new_season_[C-SDrECvTa4]_000105_4d324a94_aug_flip.png,0,enemy,1,0.570093,0.475813,0.039082,0.139572,final_merged__Federico_sammelt__i_tried_the_new_season [C-SDrECvTa4],105,3.500000,1.0000,False,manual_box,flip
final_merged_Federico_sammelt_i_tried_the_new_season_[C-SDrECvTa4]_000105_4d324a94_aug_flip.png,0,enemy,1,0.251062,0.472641,0.087511,0.133228,final_merged__Federico_sammelt__i_tried_the_new_season [C-SDrECvTa4],105,3.500000,1.0000,False,manual_box,flip
final_merged_Federico_sammelt_i_tried_the_new_season_[C-SDrECvTa4]_000105_4d324a94_aug_shift.png,1,player,1,0.262849,0.796549,0.231096,0.406901,final_merged__Federico_sammelt__i_tried_the_new_season [C-SDrECvTa4],105,3.500000,1.0000,False,manual_box,shift
final_merged_Federico_sammelt_i_tried_the_new_season_[C-SDrECvTa4]_000105_4d324a94_aug_shift.png,0,enemy,1,0.362255,0.597857,0.039082,0.139572,final_merged__Federico_sammelt__i_tried_the_new_season [C-SDrECvTa4],105,3.500000,1.0000,False,manual_box,shift
final_merged_Federico_sammelt_i_tried_the_new_season_[C-SDrECvTa4]_000105_4d324a94_aug_shift.png,0,enemy,1,0.681286,0.594685,0.087511,0.133228,final_merged__Federico_sammelt__i_tried_the_new_season [C-SDrECvTa4],105,3.500000,1.0000,False,manual_box,shift
final_merged_Federico_sammelt_i_tried_the_new_season_[C-SDrECvTa4]_000105_4d324a94_aug_maskedpan.png,1,player,1,0.330501,0.735527,0.231096,0.528945,final_merged__Federico_sammelt__i_tried_the_new_season [C-SDrECvTa4],105,3.500000,1.0000,False,manual_box,maskedpan
final_merged_Federico_sammelt_i_tried_the_new_season_[C-SDrECvTa4]_000105_4d324a94_aug_maskedpan.png,0,enemy,1,0.442407,0.634146,0.039082,0.139572,final_merged__Federico_sammelt__i_tried_the_new_season [C-SDrECvTa4],105,3.500000,1.0000,False,manual_box,maskedpan
final_merged_Federico_sammelt_i_tried_the_new_season_[C-SDrECvTa4]_000105_4d324a94_aug_maskedpan.png,0,enemy,1,0.761438,0.630974,0.087511,0.133228,final_merged__Federico_sammelt__i_tried_the_new_season [C-SDrECvTa4],105,3.500000,1.0000,False,manual_box,maskedpan
final_merged_Federico_sammelt_i_tried_the_new_season_[C-SDrECvTa4]_000120_7cbed0f8_aug_original.png,0,enemy,1,0.262107,0.517843,0.092608,0.169707,final_merged__Federico_sammelt__i_tried_the_new_season [C-SDrECvTa4],120,4.000000,1.0000,False,manual_box,original
final_merged_Federico_sammelt_i_tried_the_new_season_[C-SDrECvTa4]_000120_7cbed0f8_aug_original.png,0,enemy,1,0.615973,0.321967,0.066270,0.161776,final_merged__Federico_sammelt__i_tried_the_new_season [C-SDrECvTa4],120,4.000000,1.0000,False,manual_box,original
final_merged_Federico_sammelt_i_tried_the_new_season_[C-SDrECvTa4]_000120_7cbed0f8_aug_original.png,0,enemy,1,0.793968,0.521015,0.055225,0.128469,final_merged__Federico_sammelt__i_tried_the_new_season [C-SDrECvTa4],120,4.000000,1.0000,False,manual_box,original
final_merged_Federico_sammelt_i_tried_the_new_season_[C-SDrECvTa4]_000120_7cbed0f8_aug_original.png,0,enemy,1,0.844945,0.269627,0.055225,0.171293,final_merged__Federico_sammelt__i_tried_the_new_season [C-SDrECvTa4],120,4.000000,1.0000,False,manual_box,original
final_merged_Federico_sammelt_i_tried_the_new_season_[C-SDrECvTa4]_000120_7cbed0f8_aug_original.png,1,player,1,0.405692,0.722046,0.204758,0.555908,final_merged__Federico_sammelt__i_tried_the_new_season [C-SDrECvTa4],120,4.000000,1.0000,False,manual_box,original
final_merged_Federico_sammelt_i_tried_the_new_season_[C-SDrECvTa4]_000120_7cbed0f8_aug_brightness_0.7.png,0,enemy,1,0.262107,0.517843,0.092608,0.169707,final_merged__Federico_sammelt__i_tried_the_new_season [C-SDrECvTa4],120,4.000000,1.0000,False,manual_box,brightness_0.7
final_merged_Federico_sammelt_i_tried_the_new_season_[C-SDrECvTa4]_000120_7cbed0f8_aug_brightness_0.7.png,0,enemy,1,0.615973,0.321967,0.066270,0.161776,final_merged__Federico_sammelt__i_tried_the_new_season [C-SDrECvTa4],120,4.000000,1.0000,False,manual_box,brightness_0.7
final_merged_Federico_sammelt_i_tried_the_new_season_[C-SDrECvTa4]_000120_7cbed0f8_aug_brightness_0.7.png,0,enemy,1,0.793968,0.521015,0.055225,0.128469,final_merged__Federico_sammelt__i_tried_the_new_season [C-SDrECvTa4],120,4.000000,1.0000,False,manual_box,brightness_0.7
final_merged_Federico_sammelt_i_tried_the_new_season_[C-SDrECvTa4]_000120_7cbed0f8_aug_brightness_0.7.png,0,enemy,1,0.844945,0.269627,0.055225,0.171293,final_merged__Federico_sammelt__i_tried_the_new_season [C-SDrECvTa4],120,4.000000,1.0000,False,manual_box,brightness_0.7
final_merged_Federico_sammelt_i_tried_the_new_season_[C-SDrECvTa4]_000120_7cbed0f8_aug_brightness_0.7.png,1,player,1,0.405692,0.722046,0.204758,0.555908,final_merged__Federico_sammelt__i_tried_the_new_season [C-SDrECvTa4],120,4.000000,1.0000,False,manual_box,brightness_0.7
final_merged_Federico_sammelt_i_tried_the_new_season_[C-SDrECvTa4]_000120_7cbed0f8_aug_brightness_1.3.png,0,enemy,1,0.262107,0.517843,0.092608,0.169707,final_merged__Federico_sammelt__i_tried_the_new_season [C-SDrECvTa4],120,4.000000,1.0000,False,manual_box,brightness_1.3
final_merged_Federico_sammelt_i_tried_the_new_season_[C-SDrECvTa4]_000120_7cbed0f8_aug_brightness_1.3.png,0,enemy,1,0.615973,0.321967,0.066270,0.161776,final_merged__Federico_sammelt__i_tried_the_new_season [C-SDrECvTa4],120,4.000000,1.0000,False,manual_box,brightness_1.3
final_merged_Federico_sammelt_i_tried_the_new_season_[C-SDrECvTa4]_000120_7cbed0f8_aug_brightness_1.3.png,0,enemy,1,0.793968,0.521015,0.055225,0.128469,final_merged__Federico_sammelt__i_tried_the_new_season [C-SDrECvTa4],120,4.000000,1.0000,False,manual_box,brightness_1.3
final_merged_Federico_sammelt_i_tried_the_new_season_[C-SDrECvTa4]_000120_7cbed0f8_aug_brightness_1.3.png,0,enemy,1,0.844945,0.269627,0.055225,0.171293,final_merged__Federico_sammelt__i_tried_the_new_season [C-SDrECvTa4],120,4.000000,1.0000,False,manual_box,brightness_1.3
final_merged_Federico_sammelt_i_tried_the_new_season_[C-SDrECvTa4]_000120_7cbed0f8_aug_brightness_1.3.png,1,player,1,0.405692,0.722046,0.204758,0.555908,final_merged__Federico_sammelt__i_tried_the_new_season [C-SDrECvTa4],120,4.000000,1.0000,False,manual_box,brightness_1.3
final_merged_Federico_sammelt_i_tried_the_new_season_[C-SDrECvTa4]_000120_7cbed0f8_aug_flip.png,0,enemy,1,0.737893,0.517843,0.092608,0.169707,final_merged__Federico_sammelt__i_tried_the_new_season [C-SDrECvTa4],120,4.000000,1.0000,False,manual_box,flip
final_merged_Federico_sammelt_i_tried_the_new_season_[C-SDrECvTa4]_000120_7cbed0f8_aug_flip.png,0,enemy,1,0.384027,0.321967,0.066270,0.161776,final_merged__Federico_sammelt__i_tried_the_new_season [C-SDrECvTa4],120,4.000000,1.0000,False,manual_box,flip
final_merged_Federico_sammelt_i_tried_the_new_season_[C-SDrECvTa4]_000120_7cbed0f8_aug_flip.png,0,enemy,1,0.206032,0.521015,0.055225,0.128469,final_merged__Federico_sammelt__i_tried_the_new_season [C-SDrECvTa4],120,4.000000,1.0000,False,manual_box,flip
final_merged_Federico_sammelt_i_tried_the_new_season_[C-SDrECvTa4]_000120_7cbed0f8_aug_flip.png,0,enemy,1,0.155055,0.269627,0.055225,0.171293,final_merged__Federico_sammelt__i_tried_the_new_season [C-SDrECvTa4],120,4.000000,1.0000,False,manual_box,flip
final_merged_Federico_sammelt_i_tried_the_new_season_[C-SDrECvTa4]_000120_7cbed0f8_aug_flip.png,1,player,1,0.594308,0.722046,0.204758,0.555908,final_merged__Federico_sammelt__i_tried_the_new_season [C-SDrECvTa4],120,4.000000,1.0000,False,manual_box,flip
final_merged_Federico_sammelt_i_tried_the_new_season_[C-SDrECvTa4]_000120_7cbed0f8_aug_shift.png,0,enemy,1,0.245989,0.416434,0.092608,0.169707,final_merged__Federico_sammelt__i_tried_the_new_season [C-SDrECvTa4],120,4.000000,1.0000,False,manual_box,shift
final_merged_Federico_sammelt_i_tried_the_new_season_[C-SDrECvTa4]_000120_7cbed0f8_aug_shift.png,0,enemy,1,0.599855,0.220558,0.066270,0.161776,final_merged__Federico_sammelt__i_tried_the_new_season [C-SDrECvTa4],120,4.000000,1.0000,False,manual_box,shift
final_merged_Federico_sammelt_i_tried_the_new_season_[C-SDrECvTa4]_000120_7cbed0f8_aug_shift.png,0,enemy,1,0.777850,0.419606,0.055225,0.128469,final_merged__Federico_sammelt__i_tried_the_new_season [C-SDrECvTa4],120,4.000000,1.0000,False,manual_box,shift
final_merged_Federico_sammelt_i_tried_the_new_season_[C-SDrECvTa4]_000120_7cbed0f8_aug_shift.png,0,enemy,1,0.828827,0.168218,0.055225,0.171293,final_merged__Federico_sammelt__i_tried_the_new_season [C-SDrECvTa4],120,4.000000,1.0000,False,manual_box,shift
final_merged_Federico_sammelt_i_tried_the_new_season_[C-SDrECvTa4]_000120_7cbed0f8_aug_shift.png,1,player,1,0.389574,0.620637,0.204758,0.555908,final_merged__Federico_sammelt__i_tried_the_new_season [C-SDrECvTa4],120,4.000000,1.0000,False,manual_box,shift
final_merged_Federico_sammelt_i_tried_the_new_season_[C-SDrECvTa4]_000135_79cd3497_aug_original.png,1,player,1,0.386151,0.551943,0.158879,0.406027,final_merged__Federico_sammelt__i_tried_the_new_season [C-SDrECvTa4],135,4.500000,1.0000,False,manual_box,original
final_merged_Federico_sammelt_i_tried_the_new_season_[C-SDrECvTa4]_000150_69393aa3_aug_original.png,1,player,1,0.398046,0.674068,0.191164,0.577320,final_merged__Federico_sammelt__i_tried_the_new_season [C-SDrECvTa4],150,5.000000,1.0000,False,manual_box,original
final_merged_Federico_sammelt_i_tried_the_new_season_[C-SDrECvTa4]_000150_69393aa3_aug_brightness_0.7.png,1,player,1,0.398046,0.674068,0.191164,0.577320,final_merged__Federico_sammelt__i_tried_the_new_season [C-SDrECvTa4],150,5.000000,1.0000,False,manual_box,brightness_0.7
final_merged_Federico_sammelt_i_tried_the_new_season_[C-SDrECvTa4]_000150_69393aa3_aug_brightness_1.3.png,1,player,1,0.398046,0.674068,0.191164,0.577320,final_merged__Federico_sammelt__i_tried_the_new_season [C-SDrECvTa4],150,5.000000,1.0000,False,manual_box,brightness_1.3
final_merged_Federico_sammelt_i_tried_the_new_season_[C-SDrECvTa4]_000150_69393aa3_aug_noise.png,1,player,1,0.398046,0.674068,0.191164,0.577320,final_merged__Federico_sammelt__i_tried_the_new_season [C-SDrECvTa4],150,5.000000,1.0000,False,manual_box,noise
final_merged_Federico_sammelt_i_tried_the_new_season_[C-SDrECvTa4]_000150_69393aa3_aug_flip.png,1,player,1,0.601954,0.674068,0.191164,0.577320,final_merged__Federico_sammelt__i_tried_the_new_season [C-SDrECvTa4],150,5.000000,1.0000,False,manual_box,flip
final_merged_Federico_sammelt_i_tried_the_new_season_[C-SDrECvTa4]_000165_5f6df802_aug_original.png,1,player,1,0.395497,0.717684,0.179269,0.556701,final_merged__Federico_sammelt__i_tried_the_new_season [C-SDrECvTa4],165,5.500000,1.0000,False,manual_box,original
final_merged_Federico_sammelt_i_tried_the_new_season_[C-SDrECvTa4]_000165_5f6df802_aug_brightness_0.7.png,1,player,1,0.395497,0.717684,0.179269,0.556701,final_merged__Federico_sammelt__i_tried_the_new_season [C-SDrECvTa4],165,5.500000,1.0000,False,manual_box,brightness_0.7
final_merged_Federico_sammelt_i_tried_the_new_season_[C-SDrECvTa4]_000165_5f6df802_aug_brightness_1.3.png,1,player,1,0.395497,0.717684,0.179269,0.556701,final_merged__Federico_sammelt__i_tried_the_new_season [C-SDrECvTa4],165,5.500000,1.0000,False,manual_box,brightness_1.3
final_merged_Federico_sammelt_i_tried_the_new_season_[C-SDrECvTa4]_000165_5f6df802_aug_flip.png,1,player,1,0.604503,0.717684,0.179269,0.556701,final_merged__Federico_sammelt__i_tried_the_new_season [C-SDrECvTa4],165,5.500000,1.0000,False,manual_box,flip
final_merged_Federico_sammelt_i_tried_the_new_season_[C-SDrECvTa4]_000165_5f6df802_aug_shift.png,1,player,1,0.441183,0.592703,0.179269,0.556701,final_merged__Federico_sammelt__i_tried_the_new_season [C-SDrECvTa4],165,5.500000,1.0000,False,manual_box,shift
final_merged_Federico_sammelt_i_tried_the_new_season_[C-SDrECvTa4]_000180_f4fc22a6_aug_original.png,1,player,1,0.398046,0.695480,0.196262,0.547185,final_merged__Federico_sammelt__i_tried_the_new_season [C-SDrECvTa4],180,6.000000,1.0000,False,manual_box,original
final_merged_Federico_sammelt_i_tried_the_new_season_[C-SDrECvTa4]_000180_f4fc22a6_aug_brightness_0.7.png,1,player,1,0.398046,0.695480,0.196262,0.547185,final_merged__Federico_sammelt__i_tried_the_new_season [C-SDrECvTa4],180,6.000000,1.0000,False,manual_box,brightness_0.7
final_merged_Federico_sammelt_i_tried_the_new_season_[C-SDrECvTa4]_000180_f4fc22a6_aug_brightness_1.3.png,1,player,1,0.398046,0.695480,0.196262,0.547185,final_merged__Federico_sammelt__i_tried_the_new_season [C-SDrECvTa4],180,6.000000,1.0000,False,manual_box,brightness_1.3
final_merged_Federico_sammelt_i_tried_the_new_season_[C-SDrECvTa4]_000180_f4fc22a6_aug_noise.png,1,player,1,0.398046,0.695480,0.196262,0.547185,final_merged__Federico_sammelt__i_tried_the_new_season [C-SDrECvTa4],180,6.000000,1.0000,False,manual_box,noise
final_merged_Federico_sammelt_i_tried_the_new_season_[C-SDrECvTa4]_000180_f4fc22a6_aug_flip.png,1,player,1,0.601954,0.695480,0.196262,0.547185,final_merged__Federico_sammelt__i_tried_the_new_season [C-SDrECvTa4],180,6.000000,1.0000,False,manual_box,flip
final_merged_Federico_sammelt_i_tried_the_new_season_[C-SDrECvTa4]_000195_86139335_aug_original.png,1,player,1,0.406542,0.659001,0.180969,0.597938,final_merged__Federico_sammelt__i_tried_the_new_season [C-SDrECvTa4],195,6.500000,1.0000,False,manual_box,original
final_merged_Federico_sammelt_i_tried_the_new_season_[C-SDrECvTa4]_000195_86139335_aug_brightness_0.7.png,1,player,1,0.406542,0.659001,0.180969,0.597938,final_merged__Federico_sammelt__i_tried_the_new_season [C-SDrECvTa4],195,6.500000,1.0000,False,manual_box,brightness_0.7
final_merged_Federico_sammelt_i_tried_the_new_season_[C-SDrECvTa4]_000195_86139335_aug_brightness_1.3.png,1,player,1,0.406542,0.659001,0.180969,0.597938,final_merged__Federico_sammelt__i_tried_the_new_season [C-SDrECvTa4],195,6.500000,1.0000,False,manual_box,brightness_1.3
final_merged_Federico_sammelt_i_tried_the_new_season_[C-SDrECvTa4]_000195_86139335_aug_noise.png,1,player,1,0.406542,0.659001,0.180969,0.597938,final_merged__Federico_sammelt__i_tried_the_new_season [C-SDrECvTa4],195,6.500000,1.0000,False,manual_box,noise
final_merged_Federico_sammelt_i_tried_the_new_season_[C-SDrECvTa4]_000195_86139335_aug_flip.png,1,player,1,0.593458,0.659001,0.180969,0.597938,final_merged__Federico_sammelt__i_tried_the_new_season [C-SDrECvTa4],195,6.500000,1.0000,False,manual_box,flip
final_merged_Federico_sammelt_i_tried_the_new_season_[C-SDrECvTa4]_000210_cc4a0d77_aug_original.png,1,player,1,0.385726,0.708565,0.225998,0.582870,final_merged__Federico_sammelt__i_tried_the_new_season [C-SDrECvTa4],210,7.000000,1.0000,False,manual_box,original
final_merged_Federico_sammelt_i_tried_the_new_season_[C-SDrECvTa4]_000210_cc4a0d77_aug_original.png,0,enemy,1,0.115123,0.354481,0.031436,0.084060,final_merged__Federico_sammelt__i_tried_the_new_season [C-SDrECvTa4],210,7.000000,1.0000,False,manual_box,original
final_merged_Federico_sammelt_i_tried_the_new_season_[C-SDrECvTa4]_000210_cc4a0d77_aug_original.png,0,enemy,1,0.147833,0.251388,0.032285,0.077716,final_merged__Federico_sammelt__i_tried_the_new_season [C-SDrECvTa4],210,7.000000,1.0000,False,manual_box,original
final_merged_Federico_sammelt_i_tried_the_new_season_[C-SDrECvTa4]_000210_cc4a0d77_aug_original.png,0,enemy,1,0.199660,0.343378,0.028887,0.077716,final_merged__Federico_sammelt__i_tried_the_new_season [C-SDrECvTa4],210,7.000000,1.0000,False,manual_box,original
final_merged_Federico_sammelt_i_tried_the_new_season_[C-SDrECvTa4]_000210_cc4a0d77_aug_original.png,0,enemy,1,0.073917,0.346550,0.030586,0.106265,final_merged__Federico_sammelt__i_tried_the_new_season [C-SDrECvTa4],210,7.000000,1.0000,False,manual_box,original
final_merged_Federico_sammelt_i_tried_the_new_season_[C-SDrECvTa4]_000210_cc4a0d77_aug_zoom.png,1,player,1,0.343537,0.738169,0.201279,0.518107,final_merged__Federico_sammelt__i_tried_the_new_season [C-SDrECvTa4],210,7.000000,1.0000,False,manual_box,zoom
final_merged_Federico_sammelt_i_tried_the_new_season_[C-SDrECvTa4]_000210_cc4a0d77_aug_zoom.png,0,enemy,1,0.102531,0.423428,0.027998,0.074720,final_merged__Federico_sammelt__i_tried_the_new_season [C-SDrECvTa4],210,7.000000,1.0000,False,manual_box,zoom
final_merged_Federico_sammelt_i_tried_the_new_season_[C-SDrECvTa4]_000210_cc4a0d77_aug_zoom.png,0,enemy,1,0.131664,0.331789,0.028754,0.069081,final_merged__Federico_sammelt__i_tried_the_new_season [C-SDrECvTa4],210,7.000000,1.0000,False,manual_box,zoom
final_merged_Federico_sammelt_i_tried_the_new_season_[C-SDrECvTa4]_000210_cc4a0d77_aug_zoom.png,0,enemy,1,0.177822,0.413558,0.025727,0.069081,final_merged__Federico_sammelt__i_tried_the_new_season [C-SDrECvTa4],210,7.000000,1.0000,False,manual_box,zoom
final_merged_Federico_sammelt_i_tried_the_new_season_[C-SDrECvTa4]_000210_cc4a0d77_aug_zoom.png,0,enemy,1,0.065832,0.416378,0.027241,0.094458,final_merged__Federico_sammelt__i_tried_the_new_season [C-SDrECvTa4],210,7.000000,1.0000,False,manual_box,zoom
final_merged_Federico_sammelt_i_tried_the_new_season_[C-SDrECvTa4]_000210_cc4a0d77_aug_maskedpan.png,1,player,1,0.385726,0.708565,0.225998,0.582870,final_merged__Federico_sammelt__i_tried_the_new_season [C-SDrECvTa4],210,7.000000,1.0000,False,manual_box,maskedpan
final_merged_Federico_sammelt_i_tried_the_new_season_[C-SDrECvTa4]_000210_cc4a0d77_aug_maskedpan.png,0,enemy,1,0.388560,0.465592,0.031436,0.084060,final_merged__Federico_sammelt__i_tried_the_new_season [C-SDrECvTa4],210,7.000000,1.0000,False,manual_box,maskedpan
final_merged_Federico_sammelt_i_tried_the_new_season_[C-SDrECvTa4]_000210_cc4a0d77_aug_maskedpan.png,0,enemy,1,0.421270,0.362499,0.032285,0.077716,final_merged__Federico_sammelt__i_tried_the_new_season [C-SDrECvTa4],210,7.000000,1.0000,False,manual_box,maskedpan
final_merged_Federico_sammelt_i_tried_the_new_season_[C-SDrECvTa4]_000210_cc4a0d77_aug_maskedpan.png,0,enemy,1,0.473098,0.454489,0.028887,0.077716,final_merged__Federico_sammelt__i_tried_the_new_season [C-SDrECvTa4],210,7.000000,1.0000,False,manual_box,maskedpan
final_merged_Federico_sammelt_i_tried_the_new_season_[C-SDrECvTa4]_000210_cc4a0d77_aug_maskedpan.png,0,enemy,1,0.347355,0.457661,0.030586,0.106265,final_merged__Federico_sammelt__i_tried_the_new_season [C-SDrECvTa4],210,7.000000,1.0000,False,manual_box,maskedpan
final_merged_Federico_sammelt_i_tried_the_new_season_[C-SDrECvTa4]_000225_e9f3bf9c_aug_original.png,0,enemy,1,0.490654,0.346550,0.029737,0.074544,final_merged__Federico_sammelt__i_tried_the_new_season [C-SDrECvTa4],225,7.500000,1.0000,False,manual_box,original
final_merged_Federico_sammelt_i_tried_the_new_season_[C-SDrECvTa4]_000225_e9f3bf9c_aug_original.png,0,enemy,1,0.519116,0.352895,0.015293,0.077716,final_merged__Federico_sammelt__i_tried_the_new_season [C-SDrECvTa4],225,7.500000,1.0000,False,manual_box,original
final_merged_Federico_sammelt_i_tried_the_new_season_[C-SDrECvTa4]_000225_e9f3bf9c_aug_original.png,0,enemy,1,0.512744,0.424266,0.043331,0.128469,final_merged__Federico_sammelt__i_tried_the_new_season [C-SDrECvTa4],225,7.500000,1.0000,False,manual_box,original
final_merged_Federico_sammelt_i_tried_the_new_season_[C-SDrECvTa4]_000225_e9f3bf9c_aug_original.png,1,player,1,0.375106,0.727597,0.167375,0.544806,final_merged__Federico_sammelt__i_tried_the_new_season [C-SDrECvTa4],225,7.500000,1.0000,False,manual_box,original
final_merged_Federico_sammelt_i_tried_the_new_season_[C-SDrECvTa4]_000225_e9f3bf9c_aug_brightness_0.7.png,0,enemy,1,0.490654,0.346550,0.029737,0.074544,final_merged__Federico_sammelt__i_tried_the_new_season [C-SDrECvTa4],225,7.500000,1.0000,False,manual_box,brightness_0.7
final_merged_Federico_sammelt_i_tried_the_new_season_[C-SDrECvTa4]_000225_e9f3bf9c_aug_brightness_0.7.png,0,enemy,1,0.519116,0.352895,0.015293,0.077716,final_merged__Federico_sammelt__i_tried_the_new_season [C-SDrECvTa4],225,7.500000,1.0000,False,manual_box,brightness_0.7
final_merged_Federico_sammelt_i_tried_the_new_season_[C-SDrECvTa4]_000225_e9f3bf9c_aug_brightness_0.7.png,0,enemy,1,0.512744,0.424266,0.043331,0.128469,final_merged__Federico_sammelt__i_tried_the_new_season [C-SDrECvTa4],225,7.500000,1.0000,False,manual_box,brightness_0.7
final_merged_Federico_sammelt_i_tried_the_new_season_[C-SDrECvTa4]_000225_e9f3bf9c_aug_brightness_0.7.png,1,player,1,0.375106,0.727597,0.167375,0.544806,final_merged__Federico_sammelt__i_tried_the_new_season [C-SDrECvTa4],225,7.500000,1.0000,False,manual_box,brightness_0.7
final_merged_Federico_sammelt_i_tried_the_new_season_[C-SDrECvTa4]_000225_e9f3bf9c_aug_brightness_1.3.png,0,enemy,1,0.490654,0.346550,0.029737,0.074544,final_merged__Federico_sammelt__i_tried_the_new_season [C-SDrECvTa4],225,7.500000,1.0000,False,manual_box,brightness_1.3
final_merged_Federico_sammelt_i_tried_the_new_season_[C-SDrECvTa4]_000225_e9f3bf9c_aug_brightness_1.3.png,0,enemy,1,0.519116,0.352895,0.015293,0.077716,final_merged__Federico_sammelt__i_tried_the_new_season [C-SDrECvTa4],225,7.500000,1.0000,False,manual_box,brightness_1.3
final_merged_Federico_sammelt_i_tried_the_new_season_[C-SDrECvTa4]_000225_e9f3bf9c_aug_brightness_1.3.png,0,enemy,1,0.512744,0.424266,0.043331,0.128469,final_merged__Federico_sammelt__i_tried_the_new_season [C-SDrECvTa4],225,7.500000,1.0000,False,manual_box,brightness_1.3
final_merged_Federico_sammelt_i_tried_the_new_season_[C-SDrECvTa4]_000225_e9f3bf9c_aug_brightness_1.3.png,1,player,1,0.375106,0.727597,0.167375,0.544806,final_merged__Federico_sammelt__i_tried_the_new_season [C-SDrECvTa4],225,7.500000,1.0000,False,manual_box,brightness_1.3
final_merged_Federico_sammelt_i_tried_the_new_season_[C-SDrECvTa4]_000240_e23a46b4_aug_original.png,1,player,1,0.405692,0.703807,0.138488,0.592386,final_merged__Federico_sammelt__i_tried_the_new_season [C-SDrECvTa4],240,8.000000,1.0000,False,manual_box,original
final_merged_Federico_sammelt_i_tried_the_new_season_[C-SDrECvTa4]_000240_e23a46b4_aug_original.png,0,enemy,1,0.528037,0.521808,0.065421,0.130056,final_merged__Federico_sammelt__i_tried_the_new_season [C-SDrECvTa4],240,8.000000,1.0000,False,manual_box,original
final_merged_Federico_sammelt_i_tried_the_new_season_[C-SDrECvTa4]_000240_e23a46b4_aug_original.png,0,enemy,1,0.601105,0.367169,0.021240,0.065028,final_merged__Federico_sammelt__i_tried_the_new_season [C-SDrECvTa4],240,8.000000,1.0000,False,manual_box,original
final_merged_Federico_sammelt_i_tried_the_new_season_[C-SDrECvTa4]_000240_e23a46b4_aug_original.png,0,enemy,1,0.554376,0.270420,0.033135,0.074544,final_merged__Federico_sammelt__i_tried_the_new_season [C-SDrECvTa4],240,8.000000,1.0000,False,manual_box,original
final_merged_Federico_sammelt_i_tried_the_new_season_[C-SDrECvTa4]_000240_e23a46b4_aug_original.png,0,enemy,1,0.526338,0.362411,0.026338,0.084060,final_merged__Federico_sammelt__i_tried_the_new_season [C-SDrECvTa4],240,8.000000,1.0000,False,manual_box,original
final_merged_Federico_sammelt_i_tried_the_new_season_[C-SDrECvTa4]_000240_e23a46b4_aug_original.png,0,enemy,1,0.498726,0.355274,0.025489,0.082474,final_merged__Federico_sammelt__i_tried_the_new_season [C-SDrECvTa4],240,8.000000,1.0000,False,manual_box,original
final_merged_Federico_sammelt_i_tried_the_new_season_[C-SDrECvTa4]_000255_327e9fde_aug_original.png,0,enemy,1,0.553951,0.311657,0.027188,0.077716,final_merged__Federico_sammelt__i_tried_the_new_season [C-SDrECvTa4],255,8.500000,1.0000,False,manual_box,original
final_merged_Federico_sammelt_i_tried_the_new_season_[C-SDrECvTa4]_000255_327e9fde_aug_original.png,0,enemy,1,0.590909,0.405234,0.029737,0.058684,final_merged__Federico_sammelt__i_tried_the_new_season [C-SDrECvTa4],255,8.500000,1.0000,False,manual_box,original
final_merged_Federico_sammelt_i_tried_the_new_season_[C-SDrECvTa4]_000255_327e9fde_aug_original.png,0,enemy,1,0.526338,0.398890,0.028037,0.071372,final_merged__Federico_sammelt__i_tried_the_new_season [C-SDrECvTa4],255,8.500000,1.0000,False,manual_box,original
final_merged_Federico_sammelt_i_tried_the_new_season_[C-SDrECvTa4]_000255_327e9fde_aug_original.png,0,enemy,1,0.501699,0.398890,0.031436,0.065028,final_merged__Federico_sammelt__i_tried_the_new_season [C-SDrECvTa4],255,8.500000,1.0000,False,manual_box,original
final_merged_Federico_sammelt_i_tried_the_new_season_[C-SDrECvTa4]_000255_327e9fde_aug_original.png,0,enemy,1,0.471113,0.428232,0.016143,0.072958,final_merged__Federico_sammelt__i_tried_the_new_season [C-SDrECvTa4],255,8.500000,1.0000,False,manual_box,original
final_merged_Federico_sammelt_i_tried_the_new_season_[C-SDrECvTa4]_000255_327e9fde_aug_original.png,0,enemy,1,0.446899,0.421094,0.040782,0.090404,final_merged__Federico_sammelt__i_tried_the_new_season [C-SDrECvTa4],255,8.500000,1.0000,False,manual_box,original
final_merged_Federico_sammelt_i_tried_the_new_season_[C-SDrECvTa4]_000255_327e9fde_aug_original.png,0,enemy,1,0.455395,0.790642,0.062872,0.122125,final_merged__Federico_sammelt__i_tried_the_new_season [C-SDrECvTa4],255,8.500000,1.0000,False,manual_box,original
final_merged_Federico_sammelt_i_tried_the_new_season_[C-SDrECvTa4]_000255_327e9fde_aug_original.png,0,enemy,1,0.520391,0.662173,0.067120,0.157018,final_merged__Federico_sammelt__i_tried_the_new_season [C-SDrECvTa4],255,8.500000,1.0000,False,manual_box,original
final_merged_Federico_sammelt_i_tried_the_new_season_[C-SDrECvTa4]_000255_327e9fde_aug_original.png,0,enemy,1,0.589635,0.713719,0.073067,0.333069,final_merged__Federico_sammelt__i_tried_the_new_season [C-SDrECvTa4],255,8.500000,1.0000,False,manual_box,original
final_merged_Federico_sammelt_i_tried_the_new_season_[C-SDrECvTa4]_000255_327e9fde_aug_original.png,1,player,1,0.373407,0.701031,0.162277,0.586836,final_merged__Federico_sammelt__i_tried_the_new_season [C-SDrECvTa4],255,8.500000,1.0000,False,manual_box,original
final_merged_Federico_sammelt_i_tried_the_new_season_[C-SDrECvTa4]_000255_327e9fde_aug_brightness_0.7.png,0,enemy,1,0.553951,0.311657,0.027188,0.077716,final_merged__Federico_sammelt__i_tried_the_new_season [C-SDrECvTa4],255,8.500000,1.0000,False,manual_box,brightness_0.7
final_merged_Federico_sammelt_i_tried_the_new_season_[C-SDrECvTa4]_000255_327e9fde_aug_brightness_0.7.png,0,enemy,1,0.590909,0.405234,0.029737,0.058684,final_merged__Federico_sammelt__i_tried_the_new_season [C-SDrECvTa4],255,8.500000,1.0000,False,manual_box,brightness_0.7
final_merged_Federico_sammelt_i_tried_the_new_season_[C-SDrECvTa4]_000255_327e9fde_aug_brightness_0.7.png,0,enemy,1,0.526338,0.398890,0.028037,0.071372,final_merged__Federico_sammelt__i_tried_the_new_season [C-SDrECvTa4],255,8.500000,1.0000,False,manual_box,brightness_0.7
final_merged_Federico_sammelt_i_tried_the_new_season_[C-SDrECvTa4]_000255_327e9fde_aug_brightness_0.7.png,0,enemy,1,0.501699,0.398890,0.031436,0.065028,final_merged__Federico_sammelt__i_tried_the_new_season [C-SDrECvTa4],255,8.500000,1.0000,False,manual_box,brightness_0.7
final_merged_Federico_sammelt_i_tried_the_new_season_[C-SDrECvTa4]_000255_327e9fde_aug_brightness_0.7.png,0,enemy,1,0.471113,0.428232,0.016143,0.072958,final_merged__Federico_sammelt__i_tried_the_new_season [C-SDrECvTa4],255,8.500000,1.0000,False,manual_box,brightness_0.7
final_merged_Federico_sammelt_i_tried_the_new_season_[C-SDrECvTa4]_000255_327e9fde_aug_brightness_0.7.png,0,enemy,1,0.446899,0.421094,0.040782,0.090404,final_merged__Federico_sammelt__i_tried_the_new_season [C-SDrECvTa4],255,8.500000,1.0000,False,manual_box,brightness_0.7
final_merged_Federico_sammelt_i_tried_the_new_season_[C-SDrECvTa4]_000255_327e9fde_aug_brightness_0.7.png,0,enemy,1,0.455395,0.790642,0.062872,0.122125,final_merged__Federico_sammelt__i_tried_the_new_season [C-SDrECvTa4],255,8.500000,1.0000,False,manual_box,brightness_0.7
final_merged_Federico_sammelt_i_tried_the_new_season_[C-SDrECvTa4]_000255_327e9fde_aug_brightness_0.7.png,0,enemy,1,0.520391,0.662173,0.067120,0.157018,final_merged__Federico_sammelt__i_tried_the_new_season [C-SDrECvTa4],255,8.500000,1.0000,False,manual_box,brightness_0.7
final_merged_Federico_sammelt_i_tried_the_new_season_[C-SDrECvTa4]_000255_327e9fde_aug_brightness_0.7.png,0,enemy,1,0.589635,0.713719,0.073067,0.333069,final_merged__Federico_sammelt__i_tried_the_new_season [C-SDrECvTa4],255,8.500000,1.0000,False,manual_box,brightness_0.7
final_merged_Federico_sammelt_i_tried_the_new_season_[C-SDrECvTa4]_000255_327e9fde_aug_brightness_0.7.png,1,player,1,0.373407,0.701031,0.162277,0.586836,final_merged__Federico_sammelt__i_tried_the_new_season [C-SDrECvTa4],255,8.500000,1.0000,False,manual_box,brightness_0.7
final_merged_Federico_sammelt_i_tried_the_new_season_[C-SDrECvTa4]_000255_327e9fde_aug_brightness_1.3.png,0,enemy,1,0.553951,0.311657,0.027188,0.077716,final_merged__Federico_sammelt__i_tried_the_new_season [C-SDrECvTa4],255,8.500000,1.0000,False,manual_box,brightness_1.3
final_merged_Federico_sammelt_i_tried_the_new_season_[C-SDrECvTa4]_000255_327e9fde_aug_brightness_1.3.png,0,enemy,1,0.590909,0.405234,0.029737,0.058684,final_merged__Federico_sammelt__i_tried_the_new_season [C-SDrECvTa4],255,8.500000,1.0000,False,manual_box,brightness_1.3
final_merged_Federico_sammelt_i_tried_the_new_season_[C-SDrECvTa4]_000255_327e9fde_aug_brightness_1.3.png,0,enemy,1,0.526338,0.398890,0.028037,0.071372,final_merged__Federico_sammelt__i_tried_the_new_season [C-SDrECvTa4],255,8.500000,1.0000,False,manual_box,brightness_1.3
final_merged_Federico_sammelt_i_tried_the_new_season_[C-SDrECvTa4]_000255_327e9fde_aug_brightness_1.3.png,0,enemy,1,0.501699,0.398890,0.031436,0.065028,final_merged__Federico_sammelt__i_tried_the_new_season [C-SDrECvTa4],255,8.500000,1.0000,False,manual_box,brightness_1.3
final_merged_Federico_sammelt_i_tried_the_new_season_[C-SDrECvTa4]_000255_327e9fde_aug_brightness_1.3.png,0,enemy,1,0.471113,0.428232,0.016143,0.072958,final_merged__Federico_sammelt__i_tried_the_new_season [C-SDrECvTa4],255,8.500000,1.0000,False,manual_box,brightness_1.3
final_merged_Federico_sammelt_i_tried_the_new_season_[C-SDrECvTa4]_000255_327e9fde_aug_brightness_1.3.png,0,enemy,1,0.446899,0.421094,0.040782,0.090404,final_merged__Federico_sammelt__i_tried_the_new_season [C-SDrECvTa4],255,8.500000,1.0000,False,manual_box,brightness_1.3
final_merged_Federico_sammelt_i_tried_the_new_season_[C-SDrECvTa4]_000255_327e9fde_aug_brightness_1.3.png,0,enemy,1,0.455395,0.790642,0.062872,0.122125,final_merged__Federico_sammelt__i_tried_the_new_season [C-SDrECvTa4],255,8.500000,1.0000,False,manual_box,brightness_1.3
final_merged_Federico_sammelt_i_tried_the_new_season_[C-SDrECvTa4]_000255_327e9fde_aug_brightness_1.3.png,0,enemy,1,0.520391,0.662173,0.067120,0.157018,final_merged__Federico_sammelt__i_tried_the_new_season [C-SDrECvTa4],255,8.500000,1.0000,False,manual_box,brightness_1.3
final_merged_Federico_sammelt_i_tried_the_new_season_[C-SDrECvTa4]_000255_327e9fde_aug_brightness_1.3.png,0,enemy,1,0.589635,0.713719,0.073067,0.333069,final_merged__Federico_sammelt__i_tried_the_new_season [C-SDrECvTa4],255,8.500000,1.0000,False,manual_box,brightness_1.3
final_merged_Federico_sammelt_i_tried_the_new_season_[C-SDrECvTa4]_000255_327e9fde_aug_brightness_1.3.png,1,player,1,0.373407,0.701031,0.162277,0.586836,final_merged__Federico_sammelt__i_tried_the_new_season [C-SDrECvTa4],255,8.500000,1.0000,False,manual_box,brightness_1.3
final_merged_Federico_sammelt_i_tried_the_new_season_[C-SDrECvTa4]_000255_327e9fde_aug_flip.png,0,enemy,1,0.446049,0.311657,0.027188,0.077716,final_merged__Federico_sammelt__i_tried_the_new_season [C-SDrECvTa4],255,8.500000,1.0000,False,manual_box,flip
final_merged_Federico_sammelt_i_tried_the_new_season_[C-SDrECvTa4]_000255_327e9fde_aug_flip.png,0,enemy,1,0.409091,0.405234,0.029737,0.058684,final_merged__Federico_sammelt__i_tried_the_new_season [C-SDrECvTa4],255,8.500000,1.0000,False,manual_box,flip
final_merged_Federico_sammelt_i_tried_the_new_season_[C-SDrECvTa4]_000255_327e9fde_aug_flip.png,0,enemy,1,0.473662,0.398890,0.028037,0.071372,final_merged__Federico_sammelt__i_tried_the_new_season [C-SDrECvTa4],255,8.500000,1.0000,False,manual_box,flip
final_merged_Federico_sammelt_i_tried_the_new_season_[C-SDrECvTa4]_000255_327e9fde_aug_flip.png,0,enemy,1,0.498301,0.398890,0.031436,0.065028,final_merged__Federico_sammelt__i_tried_the_new_season [C-SDrECvTa4],255,8.500000,1.0000,False,manual_box,flip
final_merged_Federico_sammelt_i_tried_the_new_season_[C-SDrECvTa4]_000255_327e9fde_aug_flip.png,0,enemy,1,0.528887,0.428232,0.016143,0.072958,final_merged__Federico_sammelt__i_tried_the_new_season [C-SDrECvTa4],255,8.500000,1.0000,False,manual_box,flip
final_merged_Federico_sammelt_i_tried_the_new_season_[C-SDrECvTa4]_000255_327e9fde_aug_flip.png,0,enemy,1,0.553101,0.421094,0.040782,0.090404,final_merged__Federico_sammelt__i_tried_the_new_season [C-SDrECvTa4],255,8.500000,1.0000,False,manual_box,flip
final_merged_Federico_sammelt_i_tried_the_new_season_[C-SDrECvTa4]_000255_327e9fde_aug_flip.png,0,enemy,1,0.544605,0.790642,0.062872,0.122125,final_merged__Federico_sammelt__i_tried_the_new_season [C-SDrECvTa4],255,8.500000,1.0000,False,manual_box,flip
final_merged_Federico_sammelt_i_tried_the_new_season_[C-SDrECvTa4]_000255_327e9fde_aug_flip.png,0,enemy,1,0.479609,0.662173,0.067120,0.157018,final_merged__Federico_sammelt__i_tried_the_new_season [C-SDrECvTa4],255,8.500000,1.0000,False,manual_box,flip
final_merged_Federico_sammelt_i_tried_the_new_season_[C-SDrECvTa4]_000255_327e9fde_aug_flip.png,0,enemy,1,0.410365,0.713719,0.073067,0.333069,final_merged__Federico_sammelt__i_tried_the_new_season [C-SDrECvTa4],255,8.500000,1.0000,False,manual_box,flip
final_merged_Federico_sammelt_i_tried_the_new_season_[C-SDrECvTa4]_000255_327e9fde_aug_flip.png,1,player,1,0.626593,0.701031,0.162277,0.586836,final_merged__Federico_sammelt__i_tried_the_new_season [C-SDrECvTa4],255,8.500000,1.0000,False,manual_box,flip
final_merged_Federico_sammelt_i_tried_the_new_season_[C-SDrECvTa4]_000255_327e9fde_aug_shift.png,0,enemy,1,0.457622,0.319596,0.027188,0.077716,final_merged__Federico_sammelt__i_tried_the_new_season [C-SDrECvTa4],255,8.500000,1.0000,False,manual_box,shift
final_merged_Federico_sammelt_i_tried_the_new_season_[C-SDrECvTa4]_000255_327e9fde_aug_shift.png,0,enemy,1,0.494580,0.413173,0.029737,0.058684,final_merged__Federico_sammelt__i_tried_the_new_season [C-SDrECvTa4],255,8.500000,1.0000,False,manual_box,shift
final_merged_Federico_sammelt_i_tried_the_new_season_[C-SDrECvTa4]_000255_327e9fde_aug_shift.png,0,enemy,1,0.430009,0.406829,0.028037,0.071372,final_merged__Federico_sammelt__i_tried_the_new_season [C-SDrECvTa4],255,8.500000,1.0000,False,manual_box,shift
final_merged_Federico_sammelt_i_tried_the_new_season_[C-SDrECvTa4]_000255_327e9fde_aug_shift.png,0,enemy,1,0.405370,0.406829,0.031436,0.065028,final_merged__Federico_sammelt__i_tried_the_new_season [C-SDrECvTa4],255,8.500000,1.0000,False,manual_box,shift
final_merged_Federico_sammelt_i_tried_the_new_season_[C-SDrECvTa4]_000255_327e9fde_aug_shift.png,0,enemy,1,0.374784,0.436171,0.016143,0.072958,final_merged__Federico_sammelt__i_tried_the_new_season [C-SDrECvTa4],255,8.500000,1.0000,False,manual_box,shift
final_merged_Federico_sammelt_i_tried_the_new_season_[C-SDrECvTa4]_000255_327e9fde_aug_shift.png,0,enemy,1,0.350570,0.429033,0.040782,0.090404,final_merged__Federico_sammelt__i_tried_the_new_season [C-SDrECvTa4],255,8.500000,1.0000,False,manual_box,shift
final_merged_Federico_sammelt_i_tried_the_new_season_[C-SDrECvTa4]_000255_327e9fde_aug_shift.png,0,enemy,1,0.359066,0.798581,0.062872,0.122125,final_merged__Federico_sammelt__i_tried_the_new_season [C-SDrECvTa4],255,8.500000,1.0000,False,manual_box,shift
final_merged_Federico_sammelt_i_tried_the_new_season_[C-SDrECvTa4]_000255_327e9fde_aug_shift.png,0,enemy,1,0.424062,0.670112,0.067120,0.157018,final_merged__Federico_sammelt__i_tried_the_new_season [C-SDrECvTa4],255,8.500000,1.0000,False,manual_box,shift
final_merged_Federico_sammelt_i_tried_the_new_season_[C-SDrECvTa4]_000255_327e9fde_aug_shift.png,0,enemy,1,0.493306,0.721658,0.073067,0.333069,final_merged__Federico_sammelt__i_tried_the_new_season [C-SDrECvTa4],255,8.500000,1.0000,False,manual_box,shift
final_merged_Federico_sammelt_i_tried_the_new_season_[C-SDrECvTa4]_000255_327e9fde_aug_shift.png,1,player,1,0.277078,0.707776,0.162277,0.584448,final_merged__Federico_sammelt__i_tried_the_new_season [C-SDrECvTa4],255,8.500000,1.0000,False,manual_box,shift
final_merged_Federico_sammelt_i_tried_the_new_season_[C-SDrECvTa4]_000270_6130099a_aug_original.png,1,player,1,0.367035,0.651071,0.173322,0.436162,final_merged__Federico_sammelt__i_tried_the_new_season [C-SDrECvTa4],270,9.000000,1.0000,False,manual_box,original
final_merged_Federico_sammelt_i_tried_the_new_season_[C-SDrECvTa4]_000270_6130099a_aug_original.png,0,enemy,1,0.501699,0.468676,0.082413,0.277557,final_merged__Federico_sammelt__i_tried_the_new_season [C-SDrECvTa4],270,9.000000,1.0000,False,manual_box,original
final_merged_Federico_sammelt_i_tried_the_new_season_[C-SDrECvTa4]_000270_6130099a_aug_original.png,0,enemy,1,0.528462,0.203807,0.030586,0.074544,final_merged__Federico_sammelt__i_tried_the_new_season [C-SDrECvTa4],270,9.000000,1.0000,False,manual_box,original
final_merged_Federico_sammelt_i_tried_the_new_season_[C-SDrECvTa4]_000270_6130099a_aug_original.png,0,enemy,1,0.478760,0.047581,0.046729,0.095162,final_merged__Federico_sammelt__i_tried_the_new_season [C-SDrECvTa4],270,9.000000,1.0000,False,manual_box,original
final_merged_Federico_sammelt_i_tried_the_new_season_[C-SDrECvTa4]_000270_6130099a_aug_brightness_0.7.png,1,player,1,0.367035,0.651071,0.173322,0.436162,final_merged__Federico_sammelt__i_tried_the_new_season [C-SDrECvTa4],270,9.000000,1.0000,False,manual_box,brightness_0.7
final_merged_Federico_sammelt_i_tried_the_new_season_[C-SDrECvTa4]_000270_6130099a_aug_brightness_0.7.png,0,enemy,1,0.501699,0.468676,0.082413,0.277557,final_merged__Federico_sammelt__i_tried_the_new_season [C-SDrECvTa4],270,9.000000,1.0000,False,manual_box,brightness_0.7
final_merged_Federico_sammelt_i_tried_the_new_season_[C-SDrECvTa4]_000270_6130099a_aug_brightness_0.7.png,0,enemy,1,0.528462,0.203807,0.030586,0.074544,final_merged__Federico_sammelt__i_tried_the_new_season [C-SDrECvTa4],270,9.000000,1.0000,False,manual_box,brightness_0.7
final_merged_Federico_sammelt_i_tried_the_new_season_[C-SDrECvTa4]_000270_6130099a_aug_brightness_0.7.png,0,enemy,1,0.478760,0.047581,0.046729,0.095162,final_merged__Federico_sammelt__i_tried_the_new_season [C-SDrECvTa4],270,9.000000,1.0000,False,manual_box,brightness_0.7
final_merged_Federico_sammelt_i_tried_the_new_season_[C-SDrECvTa4]_000270_6130099a_aug_brightness_1.3.png,1,player,1,0.367035,0.651071,0.173322,0.436162,final_merged__Federico_sammelt__i_tried_the_new_season [C-SDrECvTa4],270,9.000000,1.0000,False,manual_box,brightness_1.3
final_merged_Federico_sammelt_i_tried_the_new_season_[C-SDrECvTa4]_000270_6130099a_aug_brightness_1.3.png,0,enemy,1,0.501699,0.468676,0.082413,0.277557,final_merged__Federico_sammelt__i_tried_the_new_season [C-SDrECvTa4],270,9.000000,1.0000,False,manual_box,brightness_1.3
final_merged_Federico_sammelt_i_tried_the_new_season_[C-SDrECvTa4]_000270_6130099a_aug_brightness_1.3.png,0,enemy,1,0.528462,0.203807,0.030586,0.074544,final_merged__Federico_sammelt__i_tried_the_new_season [C-SDrECvTa4],270,9.000000,1.0000,False,manual_box,brightness_1.3
final_merged_Federico_sammelt_i_tried_the_new_season_[C-SDrECvTa4]_000270_6130099a_aug_brightness_1.3.png,0,enemy,1,0.478760,0.047581,0.046729,0.095162,final_merged__Federico_sammelt__i_tried_the_new_season [C-SDrECvTa4],270,9.000000,1.0000,False,manual_box,brightness_1.3
final_merged_Federico_sammelt_i_tried_the_new_season_[C-SDrECvTa4]_000285_cc43b40b_aug_original.png,0,enemy,1,0.488105,0.624901,0.152082,0.361618,final_merged__Federico_sammelt__i_tried_the_new_season [C-SDrECvTa4],285,9.500000,1.0000,False,manual_box,original
final_merged_Federico_sammelt_i_tried_the_new_season_[C-SDrECvTa4]_000285_cc43b40b_aug_original.png,0,enemy,1,0.521665,0.242665,0.028887,0.095163,final_merged__Federico_sammelt__i_tried_the_new_season [C-SDrECvTa4],285,9.500000,1.0000,False,manual_box,original
final_merged_Federico_sammelt_i_tried_the_new_season_[C-SDrECvTa4]_000285_cc43b40b_aug_original.png,0,enemy,1,0.478760,0.057098,0.041631,0.111023,final_merged__Federico_sammelt__i_tried_the_new_season [C-SDrECvTa4],285,9.500000,1.0000,False,manual_box,original
final_merged_Federico_sammelt_i_tried_the_new_season_[C-SDrECvTa4]_000285_cc43b40b_aug_original.png,0,enemy,1,0.419711,0.256146,0.022090,0.080888,final_merged__Federico_sammelt__i_tried_the_new_season [C-SDrECvTa4],285,9.500000,1.0000,False,manual_box,original
final_merged_Federico_sammelt_i_tried_the_new_season_[C-SDrECvTa4]_000285_cc43b40b_aug_original.png,0,enemy,1,0.390399,0.241872,0.034834,0.099921,final_merged__Federico_sammelt__i_tried_the_new_season [C-SDrECvTa4],285,9.500000,1.0000,False,manual_box,original
final_merged_Federico_sammelt_i_tried_the_new_season_[C-SDrECvTa4]_000285_cc43b40b_aug_original.png,0,enemy,1,0.339847,0.279144,0.049278,0.111023,final_merged__Federico_sammelt__i_tried_the_new_season [C-SDrECvTa4],285,9.500000,1.0000,False,manual_box,original
final_merged_Federico_sammelt_i_tried_the_new_season_[C-SDrECvTa4]_000285_cc43b40b_aug_original.png,0,enemy,1,0.310535,0.273592,0.034834,0.106265,final_merged__Federico_sammelt__i_tried_the_new_season [C-SDrECvTa4],285,9.500000,1.0000,False,manual_box,original
final_merged_Federico_sammelt_i_tried_the_new_season_[C-SDrECvTa4]_000285_cc43b40b_aug_original.png,1,player,1,0.198386,0.586836,0.388275,0.748612,final_merged__Federico_sammelt__i_tried_the_new_season [C-SDrECvTa4],285,9.500000,1.0000,False,manual_box,original
final_merged_Federico_sammelt_i_tried_the_new_season_[C-SDrECvTa4]_000285_cc43b40b_aug_brightness_0.7.png,0,enemy,1,0.488105,0.624901,0.152082,0.361618,final_merged__Federico_sammelt__i_tried_the_new_season [C-SDrECvTa4],285,9.500000,1.0000,False,manual_box,brightness_0.7
final_merged_Federico_sammelt_i_tried_the_new_season_[C-SDrECvTa4]_000285_cc43b40b_aug_brightness_0.7.png,0,enemy,1,0.521665,0.242665,0.028887,0.095163,final_merged__Federico_sammelt__i_tried_the_new_season [C-SDrECvTa4],285,9.500000,1.0000,False,manual_box,brightness_0.7
final_merged_Federico_sammelt_i_tried_the_new_season_[C-SDrECvTa4]_000285_cc43b40b_aug_brightness_0.7.png,0,enemy,1,0.478760,0.057098,0.041631,0.111023,final_merged__Federico_sammelt__i_tried_the_new_season [C-SDrECvTa4],285,9.500000,1.0000,False,manual_box,brightness_0.7
final_merged_Federico_sammelt_i_tried_the_new_season_[C-SDrECvTa4]_000285_cc43b40b_aug_brightness_0.7.png,0,enemy,1,0.419711,0.256146,0.022090,0.080888,final_merged__Federico_sammelt__i_tried_the_new_season [C-SDrECvTa4],285,9.500000,1.0000,False,manual_box,brightness_0.7
final_merged_Federico_sammelt_i_tried_the_new_season_[C-SDrECvTa4]_000285_cc43b40b_aug_brightness_0.7.png,0,enemy,1,0.390399,0.241872,0.034834,0.099921,final_merged__Federico_sammelt__i_tried_the_new_season [C-SDrECvTa4],285,9.500000,1.0000,False,manual_box,brightness_0.7
final_merged_Federico_sammelt_i_tried_the_new_season_[C-SDrECvTa4]_000285_cc43b40b_aug_brightness_0.7.png,0,enemy,1,0.339847,0.279144,0.049278,0.111023,final_merged__Federico_sammelt__i_tried_the_new_season [C-SDrECvTa4],285,9.500000,1.0000,False,manual_box,brightness_0.7
final_merged_Federico_sammelt_i_tried_the_new_season_[C-SDrECvTa4]_000285_cc43b40b_aug_brightness_0.7.png,0,enemy,1,0.310535,0.273592,0.034834,0.106265,final_merged__Federico_sammelt__i_tried_the_new_season [C-SDrECvTa4],285,9.500000,1.0000,False,manual_box,brightness_0.7
final_merged_Federico_sammelt_i_tried_the_new_season_[C-SDrECvTa4]_000285_cc43b40b_aug_brightness_0.7.png,1,player,1,0.198386,0.586836,0.388275,0.748612,final_merged__Federico_sammelt__i_tried_the_new_season [C-SDrECvTa4],285,9.500000,1.0000,False,manual_box,brightness_0.7
final_merged_Federico_sammelt_i_tried_the_new_season_[C-SDrECvTa4]_000285_cc43b40b_aug_brightness_1.3.png,0,enemy,1,0.488105,0.624901,0.152082,0.361618,final_merged__Federico_sammelt__i_tried_the_new_season [C-SDrECvTa4],285,9.500000,1.0000,False,manual_box,brightness_1.3
final_merged_Federico_sammelt_i_tried_the_new_season_[C-SDrECvTa4]_000285_cc43b40b_aug_brightness_1.3.png,0,enemy,1,0.521665,0.242665,0.028887,0.095163,final_merged__Federico_sammelt__i_tried_the_new_season [C-SDrECvTa4],285,9.500000,1.0000,False,manual_box,brightness_1.3
final_merged_Federico_sammelt_i_tried_the_new_season_[C-SDrECvTa4]_000285_cc43b40b_aug_brightness_1.3.png,0,enemy,1,0.478760,0.057098,0.041631,0.111023,final_merged__Federico_sammelt__i_tried_the_new_season [C-SDrECvTa4],285,9.500000,1.0000,False,manual_box,brightness_1.3
final_merged_Federico_sammelt_i_tried_the_new_season_[C-SDrECvTa4]_000285_cc43b40b_aug_brightness_1.3.png,0,enemy,1,0.419711,0.256146,0.022090,0.080888,final_merged__Federico_sammelt__i_tried_the_new_season [C-SDrECvTa4],285,9.500000,1.0000,False,manual_box,brightness_1.3
final_merged_Federico_sammelt_i_tried_the_new_season_[C-SDrECvTa4]_000285_cc43b40b_aug_brightness_1.3.png,0,enemy,1,0.390399,0.241872,0.034834,0.099921,final_merged__Federico_sammelt__i_tried_the_new_season [C-SDrECvTa4],285,9.500000,1.0000,False,manual_box,brightness_1.3
final_merged_Federico_sammelt_i_tried_the_new_season_[C-SDrECvTa4]_000285_cc43b40b_aug_brightness_1.3.png,0,enemy,1,0.339847,0.279144,0.049278,0.111023,final_merged__Federico_sammelt__i_tried_the_new_season [C-SDrECvTa4],285,9.500000,1.0000,False,manual_box,brightness_1.3
final_merged_Federico_sammelt_i_tried_the_new_season_[C-SDrECvTa4]_000285_cc43b40b_aug_brightness_1.3.png,0,enemy,1,0.310535,0.273592,0.034834,0.106265,final_merged__Federico_sammelt__i_tried_the_new_season [C-SDrECvTa4],285,9.500000,1.0000,False,manual_box,brightness_1.3
final_merged_Federico_sammelt_i_tried_the_new_season_[C-SDrECvTa4]_000285_cc43b40b_aug_brightness_1.3.png,1,player,1,0.198386,0.586836,0.388275,0.748612,final_merged__Federico_sammelt__i_tried_the_new_season [C-SDrECvTa4],285,9.500000,1.0000,False,manual_box,brightness_1.3
final_merged_Federico_sammelt_i_tried_the_new_season_[C-SDrECvTa4]_000300_96ec1023_aug_original.png,1,player,1,0.210705,0.674465,0.418012,0.651070,final_merged__Federico_sammelt__i_tried_the_new_season [C-SDrECvTa4],300,10.000000,1.0000,False,manual_box,original
final_merged_Federico_sammelt_i_tried_the_new_season_[C-SDrECvTa4]_000300_96ec1023_aug_original.png,0,enemy,1,0.493203,0.643933,0.128292,0.390167,final_merged__Federico_sammelt__i_tried_the_new_season [C-SDrECvTa4],300,10.000000,1.0000,False,manual_box,original
final_merged_Federico_sammelt_i_tried_the_new_season_[C-SDrECvTa4]_000300_96ec1023_aug_original.png,0,enemy,1,0.514019,0.266455,0.027188,0.098335,final_merged__Federico_sammelt__i_tried_the_new_season [C-SDrECvTa4],300,10.000000,1.0000,False,manual_box,original
final_merged_Federico_sammelt_i_tried_the_new_season_[C-SDrECvTa4]_000300_96ec1023_aug_original.png,0,enemy,1,0.470263,0.068200,0.034834,0.114195,final_merged__Federico_sammelt__i_tried_the_new_season [C-SDrECvTa4],300,10.000000,1.0000,False,manual_box,original
final_merged_Federico_sammelt_i_tried_the_new_season_[C-SDrECvTa4]_000300_96ec1023_aug_original.png,0,enemy,1,0.415888,0.276764,0.022940,0.084060,final_merged__Federico_sammelt__i_tried_the_new_season [C-SDrECvTa4],300,10.000000,1.0000,False,manual_box,original
final_merged_Federico_sammelt_i_tried_the_new_season_[C-SDrECvTa4]_000300_96ec1023_aug_original.png,0,enemy,1,0.378080,0.280730,0.030586,0.091990,final_merged__Federico_sammelt__i_tried_the_new_season [C-SDrECvTa4],300,10.000000,1.0000,False,manual_box,original
final_merged_Federico_sammelt_i_tried_the_new_season_[C-SDrECvTa4]_000300_96ec1023_aug_original.png,0,enemy,1,0.328377,0.291039,0.034834,0.118953,final_merged__Federico_sammelt__i_tried_the_new_season [C-SDrECvTa4],300,10.000000,1.0000,False,manual_box,original
final_merged_Federico_sammelt_i_tried_the_new_season_[C-SDrECvTa4]_000300_96ec1023_aug_original.png,0,enemy,1,0.295667,0.278351,0.028887,0.109437,final_merged__Federico_sammelt__i_tried_the_new_season [C-SDrECvTa4],300,10.000000,1.0000,False,manual_box,original
final_merged_Federico_sammelt_i_tried_the_new_season_[C-SDrECvTa4]_000315_da1b8325_aug_original.png,0,enemy,1,0.494053,0.631245,0.112999,0.348929,final_merged__Federico_sammelt__i_tried_the_new_season [C-SDrECvTa4],315,10.500000,1.0000,False,manual_box,original
final_merged_Federico_sammelt_i_tried_the_new_season_[C-SDrECvTa4]_000315_da1b8325_aug_original.png,0,enemy,1,0.511470,0.246630,0.030586,0.096749,final_merged__Federico_sammelt__i_tried_the_new_season [C-SDrECvTa4],315,10.500000,1.0000,False,manual_box,original
final_merged_Federico_sammelt_i_tried_the_new_season_[C-SDrECvTa4]_000315_da1b8325_aug_original.png,0,enemy,1,0.471113,0.066614,0.046729,0.123711,final_merged__Federico_sammelt__i_tried_the_new_season [C-SDrECvTa4],315,10.500000,1.0000,False,manual_box,original
final_merged_Federico_sammelt_i_tried_the_new_season_[C-SDrECvTa4]_000315_da1b8325_aug_original.png,0,enemy,1,0.414613,0.252181,0.025489,0.072958,final_merged__Federico_sammelt__i_tried_the_new_season [C-SDrECvTa4],315,10.500000,1.0000,False,manual_box,original
final_merged_Federico_sammelt_i_tried_the_new_season_[C-SDrECvTa4]_000315_da1b8325_aug_original.png,0,enemy,1,0.378080,0.254560,0.025489,0.087232,final_merged__Federico_sammelt__i_tried_the_new_season [C-SDrECvTa4],315,10.500000,1.0000,False,manual_box,original
final_merged_Federico_sammelt_i_tried_the_new_season_[C-SDrECvTa4]_000315_da1b8325_aug_original.png,0,enemy,1,0.328377,0.270420,0.026338,0.112609,final_merged__Federico_sammelt__i_tried_the_new_season [C-SDrECvTa4],315,10.500000,1.0000,False,manual_box,original
final_merged_Federico_sammelt_i_tried_the_new_season_[C-SDrECvTa4]_000315_da1b8325_aug_original.png,0,enemy,1,0.299915,0.268834,0.033985,0.099921,final_merged__Federico_sammelt__i_tried_the_new_season [C-SDrECvTa4],315,10.500000,1.0000,False,manual_box,original
final_merged_Federico_sammelt_i_tried_the_new_season_[C-SDrECvTa4]_000315_da1b8325_aug_original.png,1,player,1,0.265081,0.659794,0.513169,0.602696,final_merged__Federico_sammelt__i_tried_the_new_season [C-SDrECvTa4],315,10.500000,1.0000,False,manual_box,original
final_merged_Federico_sammelt_i_tried_the_new_season_[C-SDrECvTa4]_000330_7ce3f0b8_aug_original.png,1,player,1,0.386151,0.672482,0.179269,0.574148,final_merged__Federico_sammelt__i_tried_the_new_season [C-SDrECvTa4],330,11.000000,1.0000,False,manual_box,original
final_merged_Federico_sammelt_i_tried_the_new_season_[C-SDrECvTa4]_000330_7ce3f0b8_aug_original.png,0,enemy,1,0.243840,0.743854,0.202209,0.434576,final_merged__Federico_sammelt__i_tried_the_new_season [C-SDrECvTa4],330,11.000000,1.0000,False,manual_box,original
final_merged_Federico_sammelt_i_tried_the_new_season_[C-SDrECvTa4]_000330_7ce3f0b8_aug_original.png,0,enemy,1,0.535259,0.593973,0.108751,0.277557,final_merged__Federico_sammelt__i_tried_the_new_season [C-SDrECvTa4],330,11.000000,1.0000,False,manual_box,original
final_merged_Federico_sammelt_i_tried_the_new_season_[C-SDrECvTa4]_000330_7ce3f0b8_aug_original.png,0,enemy,1,0.587935,0.274385,0.037383,0.114195,final_merged__Federico_sammelt__i_tried_the_new_season [C-SDrECvTa4],330,11.000000,1.0000,False,manual_box,original
final_merged_Federico_sammelt_i_tried_the_new_season_[C-SDrECvTa4]_000330_7ce3f0b8_aug_original.png,0,enemy,1,0.544180,0.095163,0.036534,0.101507,final_merged__Federico_sammelt__i_tried_the_new_season [C-SDrECvTa4],330,11.000000,1.0000,False,manual_box,original
final_merged_Federico_sammelt_i_tried_the_new_season_[C-SDrECvTa4]_000330_7ce3f0b8_aug_original.png,0,enemy,1,0.505523,0.283902,0.032285,0.107851,final_merged__Federico_sammelt__i_tried_the_new_season [C-SDrECvTa4],330,11.000000,1.0000,False,manual_box,original
final_merged_Federico_sammelt_i_tried_the_new_season_[C-SDrECvTa4]_000330_7ce3f0b8_aug_original.png,0,enemy,1,0.459218,0.269627,0.034834,0.085646,final_merged__Federico_sammelt__i_tried_the_new_season [C-SDrECvTa4],330,11.000000,1.0000,False,manual_box,original
final_merged_Federico_sammelt_i_tried_the_new_season_[C-SDrECvTa4]_000330_7ce3f0b8_aug_original.png,0,enemy,1,0.413339,0.284695,0.033135,0.099921,final_merged__Federico_sammelt__i_tried_the_new_season [C-SDrECvTa4],330,11.000000,1.0000,False,manual_box,original
final_merged_Federico_sammelt_i_tried_the_new_season_[C-SDrECvTa4]_000330_7ce3f0b8_aug_original.png,0,enemy,1,0.387001,0.288660,0.036534,0.101507,final_merged__Federico_sammelt__i_tried_the_new_season [C-SDrECvTa4],330,11.000000,1.0000,False,manual_box,original
final_merged_Federico_sammelt_i_tried_the_new_season_[C-SDrECvTa4]_000330_7ce3f0b8_aug_brightness_0.7.png,1,player,1,0.386151,0.672482,0.179269,0.574148,final_merged__Federico_sammelt__i_tried_the_new_season [C-SDrECvTa4],330,11.000000,1.0000,False,manual_box,brightness_0.7
final_merged_Federico_sammelt_i_tried_the_new_season_[C-SDrECvTa4]_000330_7ce3f0b8_aug_brightness_0.7.png,0,enemy,1,0.243840,0.743854,0.202209,0.434576,final_merged__Federico_sammelt__i_tried_the_new_season [C-SDrECvTa4],330,11.000000,1.0000,False,manual_box,brightness_0.7
final_merged_Federico_sammelt_i_tried_the_new_season_[C-SDrECvTa4]_000330_7ce3f0b8_aug_brightness_0.7.png,0,enemy,1,0.535259,0.593973,0.108751,0.277557,final_merged__Federico_sammelt__i_tried_the_new_season [C-SDrECvTa4],330,11.000000,1.0000,False,manual_box,brightness_0.7
final_merged_Federico_sammelt_i_tried_the_new_season_[C-SDrECvTa4]_000330_7ce3f0b8_aug_brightness_0.7.png,0,enemy,1,0.587935,0.274385,0.037383,0.114195,final_merged__Federico_sammelt__i_tried_the_new_season [C-SDrECvTa4],330,11.000000,1.0000,False,manual_box,brightness_0.7
final_merged_Federico_sammelt_i_tried_the_new_season_[C-SDrECvTa4]_000330_7ce3f0b8_aug_brightness_0.7.png,0,enemy,1,0.544180,0.095163,0.036534,0.101507,final_merged__Federico_sammelt__i_tried_the_new_season [C-SDrECvTa4],330,11.000000,1.0000,False,manual_box,brightness_0.7
final_merged_Federico_sammelt_i_tried_the_new_season_[C-SDrECvTa4]_000330_7ce3f0b8_aug_brightness_0.7.png,0,enemy,1,0.505523,0.283902,0.032285,0.107851,final_merged__Federico_sammelt__i_tried_the_new_season [C-SDrECvTa4],330,11.000000,1.0000,False,manual_box,brightness_0.7
final_merged_Federico_sammelt_i_tried_the_new_season_[C-SDrECvTa4]_000330_7ce3f0b8_aug_brightness_0.7.png,0,enemy,1,0.459218,0.269627,0.034834,0.085646,final_merged__Federico_sammelt__i_tried_the_new_season [C-SDrECvTa4],330,11.000000,1.0000,False,manual_box,brightness_0.7
final_merged_Federico_sammelt_i_tried_the_new_season_[C-SDrECvTa4]_000330_7ce3f0b8_aug_brightness_0.7.png,0,enemy,1,0.413339,0.284695,0.033135,0.099921,final_merged__Federico_sammelt__i_tried_the_new_season [C-SDrECvTa4],330,11.000000,1.0000,False,manual_box,brightness_0.7
final_merged_Federico_sammelt_i_tried_the_new_season_[C-SDrECvTa4]_000330_7ce3f0b8_aug_brightness_0.7.png,0,enemy,1,0.387001,0.288660,0.036534,0.101507,final_merged__Federico_sammelt__i_tried_the_new_season [C-SDrECvTa4],330,11.000000,1.0000,False,manual_box,brightness_0.7
final_merged_Federico_sammelt_i_tried_the_new_season_[C-SDrECvTa4]_000330_7ce3f0b8_aug_brightness_1.3.png,1,player,1,0.386151,0.672482,0.179269,0.574148,final_merged__Federico_sammelt__i_tried_the_new_season [C-SDrECvTa4],330,11.000000,1.0000,False,manual_box,brightness_1.3
final_merged_Federico_sammelt_i_tried_the_new_season_[C-SDrECvTa4]_000330_7ce3f0b8_aug_brightness_1.3.png,0,enemy,1,0.243840,0.743854,0.202209,0.434576,final_merged__Federico_sammelt__i_tried_the_new_season [C-SDrECvTa4],330,11.000000,1.0000,False,manual_box,brightness_1.3
final_merged_Federico_sammelt_i_tried_the_new_season_[C-SDrECvTa4]_000330_7ce3f0b8_aug_brightness_1.3.png,0,enemy,1,0.535259,0.593973,0.108751,0.277557,final_merged__Federico_sammelt__i_tried_the_new_season [C-SDrECvTa4],330,11.000000,1.0000,False,manual_box,brightness_1.3
final_merged_Federico_sammelt_i_tried_the_new_season_[C-SDrECvTa4]_000330_7ce3f0b8_aug_brightness_1.3.png,0,enemy,1,0.587935,0.274385,0.037383,0.114195,final_merged__Federico_sammelt__i_tried_the_new_season [C-SDrECvTa4],330,11.000000,1.0000,False,manual_box,brightness_1.3
final_merged_Federico_sammelt_i_tried_the_new_season_[C-SDrECvTa4]_000330_7ce3f0b8_aug_brightness_1.3.png,0,enemy,1,0.544180,0.095163,0.036534,0.101507,final_merged__Federico_sammelt__i_tried_the_new_season [C-SDrECvTa4],330,11.000000,1.0000,False,manual_box,brightness_1.3
final_merged_Federico_sammelt_i_tried_the_new_season_[C-SDrECvTa4]_000330_7ce3f0b8_aug_brightness_1.3.png,0,enemy,1,0.505523,0.283902,0.032285,0.107851,final_merged__Federico_sammelt__i_tried_the_new_season [C-SDrECvTa4],330,11.000000,1.0000,False,manual_box,brightness_1.3
final_merged_Federico_sammelt_i_tried_the_new_season_[C-SDrECvTa4]_000330_7ce3f0b8_aug_brightness_1.3.png,0,enemy,1,0.459218,0.269627,0.034834,0.085646,final_merged__Federico_sammelt__i_tried_the_new_season [C-SDrECvTa4],330,11.000000,1.0000,False,manual_box,brightness_1.3
final_merged_Federico_sammelt_i_tried_the_new_season_[C-SDrECvTa4]_000330_7ce3f0b8_aug_brightness_1.3.png,0,enemy,1,0.413339,0.284695,0.033135,0.099921,final_merged__Federico_sammelt__i_tried_the_new_season [C-SDrECvTa4],330,11.000000,1.0000,False,manual_box,brightness_1.3
final_merged_Federico_sammelt_i_tried_the_new_season_[C-SDrECvTa4]_000330_7ce3f0b8_aug_brightness_1.3.png,0,enemy,1,0.387001,0.288660,0.036534,0.101507,final_merged__Federico_sammelt__i_tried_the_new_season [C-SDrECvTa4],330,11.000000,1.0000,False,manual_box,brightness_1.3
final_merged_Federico_sammelt_i_tried_the_new_season_[C-SDrECvTa4]_000330_7ce3f0b8_aug_noise.png,1,player,1,0.386151,0.672482,0.179269,0.574148,final_merged__Federico_sammelt__i_tried_the_new_season [C-SDrECvTa4],330,11.000000,1.0000,False,manual_box,noise
final_merged_Federico_sammelt_i_tried_the_new_season_[C-SDrECvTa4]_000330_7ce3f0b8_aug_noise.png,0,enemy,1,0.243840,0.743854,0.202209,0.434576,final_merged__Federico_sammelt__i_tried_the_new_season [C-SDrECvTa4],330,11.000000,1.0000,False,manual_box,noise
final_merged_Federico_sammelt_i_tried_the_new_season_[C-SDrECvTa4]_000330_7ce3f0b8_aug_noise.png,0,enemy,1,0.535259,0.593973,0.108751,0.277557,final_merged__Federico_sammelt__i_tried_the_new_season [C-SDrECvTa4],330,11.000000,1.0000,False,manual_box,noise
final_merged_Federico_sammelt_i_tried_the_new_season_[C-SDrECvTa4]_000330_7ce3f0b8_aug_noise.png,0,enemy,1,0.587935,0.274385,0.037383,0.114195,final_merged__Federico_sammelt__i_tried_the_new_season [C-SDrECvTa4],330,11.000000,1.0000,False,manual_box,noise
final_merged_Federico_sammelt_i_tried_the_new_season_[C-SDrECvTa4]_000330_7ce3f0b8_aug_noise.png,0,enemy,1,0.544180,0.095163,0.036534,0.101507,final_merged__Federico_sammelt__i_tried_the_new_season [C-SDrECvTa4],330,11.000000,1.0000,False,manual_box,noise
final_merged_Federico_sammelt_i_tried_the_new_season_[C-SDrECvTa4]_000330_7ce3f0b8_aug_noise.png,0,enemy,1,0.505523,0.283902,0.032285,0.107851,final_merged__Federico_sammelt__i_tried_the_new_season [C-SDrECvTa4],330,11.000000,1.0000,False,manual_box,noise
final_merged_Federico_sammelt_i_tried_the_new_season_[C-SDrECvTa4]_000330_7ce3f0b8_aug_noise.png,0,enemy,1,0.459218,0.269627,0.034834,0.085646,final_merged__Federico_sammelt__i_tried_the_new_season [C-SDrECvTa4],330,11.000000,1.0000,False,manual_box,noise
final_merged_Federico_sammelt_i_tried_the_new_season_[C-SDrECvTa4]_000330_7ce3f0b8_aug_noise.png,0,enemy,1,0.413339,0.284695,0.033135,0.099921,final_merged__Federico_sammelt__i_tried_the_new_season [C-SDrECvTa4],330,11.000000,1.0000,False,manual_box,noise
final_merged_Federico_sammelt_i_tried_the_new_season_[C-SDrECvTa4]_000330_7ce3f0b8_aug_noise.png,0,enemy,1,0.387001,0.288660,0.036534,0.101507,final_merged__Federico_sammelt__i_tried_the_new_season [C-SDrECvTa4],330,11.000000,1.0000,False,manual_box,noise
final_merged_Federico_sammelt_i_tried_the_new_season_[C-SDrECvTa4]_000330_7ce3f0b8_aug_shift.png,1,player,1,0.476990,0.718465,0.179269,0.563070,final_merged__Federico_sammelt__i_tried_the_new_season [C-SDrECvTa4],330,11.000000,1.0000,False,manual_box,shift
final_merged_Federico_sammelt_i_tried_the_new_season_[C-SDrECvTa4]_000330_7ce3f0b8_aug_shift.png,0,enemy,1,0.334679,0.789044,0.202209,0.421912,final_merged__Federico_sammelt__i_tried_the_new_season [C-SDrECvTa4],330,11.000000,1.0000,False,manual_box,shift
final_merged_Federico_sammelt_i_tried_the_new_season_[C-SDrECvTa4]_000330_7ce3f0b8_aug_shift.png,0,enemy,1,0.626098,0.645495,0.108751,0.277557,final_merged__Federico_sammelt__i_tried_the_new_season [C-SDrECvTa4],330,11.000000,1.0000,False,manual_box,shift
final_merged_Federico_sammelt_i_tried_the_new_season_[C-SDrECvTa4]_000330_7ce3f0b8_aug_shift.png,0,enemy,1,0.678774,0.325907,0.037383,0.114195,final_merged__Federico_sammelt__i_tried_the_new_season [C-SDrECvTa4],330,11.000000,1.0000,False,manual_box,shift
final_merged_Federico_sammelt_i_tried_the_new_season_[C-SDrECvTa4]_000330_7ce3f0b8_aug_shift.png,0,enemy,1,0.635019,0.146685,0.036534,0.101507,final_merged__Federico_sammelt__i_tried_the_new_season [C-SDrECvTa4],330,11.000000,1.0000,False,manual_box,shift
final_merged_Federico_sammelt_i_tried_the_new_season_[C-SDrECvTa4]_000330_7ce3f0b8_aug_shift.png,0,enemy,1,0.596362,0.335424,0.032285,0.107851,final_merged__Federico_sammelt__i_tried_the_new_season [C-SDrECvTa4],330,11.000000,1.0000,False,manual_box,shift
final_merged_Federico_sammelt_i_tried_the_new_season_[C-SDrECvTa4]_000330_7ce3f0b8_aug_shift.png,0,enemy,1,0.550057,0.321149,0.034834,0.085646,final_merged__Federico_sammelt__i_tried_the_new_season [C-SDrECvTa4],330,11.000000,1.0000,False,manual_box,shift
final_merged_Federico_sammelt_i_tried_the_new_season_[C-SDrECvTa4]_000330_7ce3f0b8_aug_shift.png,0,enemy,1,0.504178,0.336217,0.033135,0.099921,final_merged__Federico_sammelt__i_tried_the_new_season [C-SDrECvTa4],330,11.000000,1.0000,False,manual_box,shift
final_merged_Federico_sammelt_i_tried_the_new_season_[C-SDrECvTa4]_000330_7ce3f0b8_aug_shift.png,0,enemy,1,0.477840,0.340182,0.036534,0.101507,final_merged__Federico_sammelt__i_tried_the_new_season [C-SDrECvTa4],330,11.000000,1.0000,False,manual_box,shift
final_merged_Federico_sammelt_i_tried_the_new_season_[C-SDrECvTa4]_000345_9f53001c_aug_original.png,0,enemy,1,0.623195,0.495638,0.119796,0.375892,final_merged__Federico_sammelt__i_tried_the_new_season [C-SDrECvTa4],345,11.500000,1.0000,False,manual_box,original
final_merged_Federico_sammelt_i_tried_the_new_season_[C-SDrECvTa4]_000345_9f53001c_aug_original.png,0,enemy,1,0.583687,0.048374,0.025489,0.096749,final_merged__Federico_sammelt__i_tried_the_new_season [C-SDrECvTa4],345,11.500000,1.0000,False,manual_box,original
final_merged_Federico_sammelt_i_tried_the_new_season_[C-SDrECvTa4]_000345_9f53001c_aug_brightness_0.7.png,0,enemy,1,0.623195,0.495638,0.119796,0.375892,final_merged__Federico_sammelt__i_tried_the_new_season [C-SDrECvTa4],345,11.500000,1.0000,False,manual_box,brightness_0.7
final_merged_Federico_sammelt_i_tried_the_new_season_[C-SDrECvTa4]_000345_9f53001c_aug_brightness_0.7.png,0,enemy,1,0.583687,0.048374,0.025489,0.096749,final_merged__Federico_sammelt__i_tried_the_new_season [C-SDrECvTa4],345,11.500000,1.0000,False,manual_box,brightness_0.7
final_merged_Federico_sammelt_i_tried_the_new_season_[C-SDrECvTa4]_000345_9f53001c_aug_brightness_1.3.png,0,enemy,1,0.623195,0.495638,0.119796,0.375892,final_merged__Federico_sammelt__i_tried_the_new_season [C-SDrECvTa4],345,11.500000,1.0000,False,manual_box,brightness_1.3
final_merged_Federico_sammelt_i_tried_the_new_season_[C-SDrECvTa4]_000345_9f53001c_aug_brightness_1.3.png,0,enemy,1,0.583687,0.048374,0.025489,0.096749,final_merged__Federico_sammelt__i_tried_the_new_season [C-SDrECvTa4],345,11.500000,1.0000,False,manual_box,brightness_1.3
final_merged_Ich_sammel_i_tried_the_new_season_[C-SDrECvTa4]_000000_24223a4e_aug_original.png,1,player,1,0.392099,0.700634,0.175871,0.598731,final_merged__Ich_sammel__i_tried_the_new_season [C-SDrECvTa4],0,0.000000,1.0000,False,manual_box,original
final_merged_Ich_sammel_i_tried_the_new_season_[C-SDrECvTa4]_000000_24223a4e_aug_original.png,0,enemy,1,0.559473,0.491673,0.106202,0.269627,final_merged__Ich_sammel__i_tried_the_new_season [C-SDrECvTa4],0,0.000000,1.0000,False,manual_box,original
final_merged_Ich_sammel_i_tried_the_new_season_[C-SDrECvTa4]_000000_24223a4e_aug_brightness_0.7.png,1,player,1,0.392099,0.700634,0.175871,0.598731,final_merged__Ich_sammel__i_tried_the_new_season [C-SDrECvTa4],0,0.000000,1.0000,False,manual_box,brightness_0.7
final_merged_Ich_sammel_i_tried_the_new_season_[C-SDrECvTa4]_000000_24223a4e_aug_brightness_0.7.png,0,enemy,1,0.559473,0.491673,0.106202,0.269627,final_merged__Ich_sammel__i_tried_the_new_season [C-SDrECvTa4],0,0.000000,1.0000,False,manual_box,brightness_0.7
final_merged_Ich_sammel_i_tried_the_new_season_[C-SDrECvTa4]_000000_24223a4e_aug_brightness_1.3.png,1,player,1,0.392099,0.700634,0.175871,0.598731,final_merged__Ich_sammel__i_tried_the_new_season [C-SDrECvTa4],0,0.000000,1.0000,False,manual_box,brightness_1.3
final_merged_Ich_sammel_i_tried_the_new_season_[C-SDrECvTa4]_000000_24223a4e_aug_brightness_1.3.png,0,enemy,1,0.559473,0.491673,0.106202,0.269627,final_merged__Ich_sammel__i_tried_the_new_season [C-SDrECvTa4],0,0.000000,1.0000,False,manual_box,brightness_1.3
final_merged_Ich_sammel_i_tried_the_new_season_[C-SDrECvTa4]_000015_9e1196f2_aug_original.png,1,player,1,0.390399,0.706979,0.180969,0.586043,final_merged__Ich_sammel__i_tried_the_new_season [C-SDrECvTa4],15,0.500000,1.0000,False,manual_box,original
final_merged_Ich_sammel_i_tried_the_new_season_[C-SDrECvTa4]_000015_9e1196f2_aug_original.png,0,enemy,1,0.838997,0.679223,0.313509,0.641554,final_merged__Ich_sammel__i_tried_the_new_season [C-SDrECvTa4],15,0.500000,1.0000,False,manual_box,original
final_merged_Ich_sammel_i_tried_the_new_season_[C-SDrECvTa4]_000015_9e1196f2_aug_brightness_0.7.png,1,player,1,0.390399,0.706979,0.180969,0.586043,final_merged__Ich_sammel__i_tried_the_new_season [C-SDrECvTa4],15,0.500000,1.0000,False,manual_box,brightness_0.7
final_merged_Ich_sammel_i_tried_the_new_season_[C-SDrECvTa4]_000015_9e1196f2_aug_brightness_0.7.png,0,enemy,1,0.838997,0.679223,0.313509,0.641554,final_merged__Ich_sammel__i_tried_the_new_season [C-SDrECvTa4],15,0.500000,1.0000,False,manual_box,brightness_0.7
final_merged_Ich_sammel_i_tried_the_new_season_[C-SDrECvTa4]_000015_9e1196f2_aug_brightness_1.3.png,1,player,1,0.390399,0.706979,0.180969,0.586043,final_merged__Ich_sammel__i_tried_the_new_season [C-SDrECvTa4],15,0.500000,1.0000,False,manual_box,brightness_1.3
final_merged_Ich_sammel_i_tried_the_new_season_[C-SDrECvTa4]_000015_9e1196f2_aug_brightness_1.3.png,0,enemy,1,0.838997,0.679223,0.313509,0.641554,final_merged__Ich_sammel__i_tried_the_new_season [C-SDrECvTa4],15,0.500000,1.0000,False,manual_box,brightness_1.3
final_merged_Ich_sammel_i_tried_the_new_season_[C-SDrECvTa4]_000015_9e1196f2_aug_noise.png,1,player,1,0.390399,0.706979,0.180969,0.586043,final_merged__Ich_sammel__i_tried_the_new_season [C-SDrECvTa4],15,0.500000,1.0000,False,manual_box,noise
final_merged_Ich_sammel_i_tried_the_new_season_[C-SDrECvTa4]_000015_9e1196f2_aug_noise.png,0,enemy,1,0.838997,0.679223,0.313509,0.641554,final_merged__Ich_sammel__i_tried_the_new_season [C-SDrECvTa4],15,0.500000,1.0000,False,manual_box,noise
final_merged_Ich_sammel_i_tried_the_new_season_[C-SDrECvTa4]_000015_9e1196f2_aug_flip.png,1,player,1,0.609601,0.706979,0.180969,0.586043,final_merged__Ich_sammel__i_tried_the_new_season [C-SDrECvTa4],15,0.500000,1.0000,False,manual_box,flip
final_merged_Ich_sammel_i_tried_the_new_season_[C-SDrECvTa4]_000015_9e1196f2_aug_flip.png,0,enemy,1,0.161003,0.679223,0.313509,0.641554,final_merged__Ich_sammel__i_tried_the_new_season [C-SDrECvTa4],15,0.500000,1.0000,False,manual_box,flip
final_merged_Ich_sammel_i_tried_the_new_season_[C-SDrECvTa4]_000030_0fcf77b3_aug_original.png,1,player,1,0.376381,0.716495,0.186916,0.567010,final_merged__Ich_sammel__i_tried_the_new_season [C-SDrECvTa4],30,1.000000,1.0000,False,manual_box,original
final_merged_Ich_sammel_i_tried_the_new_season_[C-SDrECvTa4]_000030_0fcf77b3_aug_noise.png,1,player,1,0.376381,0.716495,0.186916,0.567010,final_merged__Ich_sammel__i_tried_the_new_season [C-SDrECvTa4],30,1.000000,1.0000,False,manual_box,noise
final_merged_Ich_sammel_i_tried_the_new_season_[C-SDrECvTa4]_000030_0fcf77b3_aug_flip.png,1,player,1,0.623619,0.716495,0.186916,0.567010,final_merged__Ich_sammel__i_tried_the_new_season [C-SDrECvTa4],30,1.000000,1.0000,False,manual_box,flip
final_merged_Ich_sammel_i_tried_the_new_season_[C-SDrECvTa4]_000030_0fcf77b3_aug_zoom.png,1,player,1,0.497694,0.626147,0.247162,0.747705,final_merged__Ich_sammel__i_tried_the_new_season [C-SDrECvTa4],30,1.000000,1.0000,False,manual_box,zoom
final_merged_Ich_sammel_i_tried_the_new_season_[C-SDrECvTa4]_000030_0fcf77b3_aug_maskedpan.png,1,player,1,0.376381,0.716495,0.186916,0.567010,final_merged__Ich_sammel__i_tried_the_new_season [C-SDrECvTa4],30,1.000000,1.0000,False,manual_box,maskedpan
final_merged_Ich_sammel_i_tried_the_new_season_[C-SDrECvTa4]_000045_a7c10b06_aug_original.png,1,player,1,0.393798,0.710547,0.211555,0.520222,final_merged__Ich_sammel__i_tried_the_new_season [C-SDrECvTa4],45,1.500000,1.0000,False,manual_box,original
final_merged_Ich_sammel_i_tried_the_new_season_[C-SDrECvTa4]_000045_a7c10b06_aug_brightness_0.7.png,1,player,1,0.393798,0.710547,0.211555,0.520222,final_merged__Ich_sammel__i_tried_the_new_season [C-SDrECvTa4],45,1.500000,1.0000,False,manual_box,brightness_0.7
final_merged_Ich_sammel_i_tried_the_new_season_[C-SDrECvTa4]_000045_a7c10b06_aug_brightness_1.3.png,1,player,1,0.393798,0.710547,0.211555,0.520222,final_merged__Ich_sammel__i_tried_the_new_season [C-SDrECvTa4],45,1.500000,1.0000,False,manual_box,brightness_1.3
final_merged_Ich_sammel_i_tried_the_new_season_[C-SDrECvTa4]_000045_a7c10b06_aug_flip.png,1,player,1,0.606202,0.710547,0.211555,0.520222,final_merged__Ich_sammel__i_tried_the_new_season [C-SDrECvTa4],45,1.500000,1.0000,False,manual_box,flip
final_merged_Ich_sammel_i_tried_the_new_season_[C-SDrECvTa4]_000045_a7c10b06_aug_maskedpan.png,1,player,1,0.393798,0.710547,0.211555,0.520222,final_merged__Ich_sammel__i_tried_the_new_season [C-SDrECvTa4],45,1.500000,1.0000,False,manual_box,maskedpan
final_merged_Ich_sammel_i_tried_the_new_season_[C-SDrECvTa4]_000060_0ea4cee7_aug_original.png,1,player,1,0.375956,0.756146,0.216653,0.487708,final_merged__Ich_sammel__i_tried_the_new_season [C-SDrECvTa4],60,2.000000,1.0000,False,manual_box,original
final_merged_Ich_sammel_i_tried_the_new_season_[C-SDrECvTa4]_000060_0ea4cee7_aug_brightness_0.7.png,1,player,1,0.375956,0.756146,0.216653,0.487708,final_merged__Ich_sammel__i_tried_the_new_season [C-SDrECvTa4],60,2.000000,1.0000,False,manual_box,brightness_0.7
final_merged_Ich_sammel_i_tried_the_new_season_[C-SDrECvTa4]_000060_0ea4cee7_aug_brightness_1.3.png,1,player,1,0.375956,0.756146,0.216653,0.487708,final_merged__Ich_sammel__i_tried_the_new_season [C-SDrECvTa4],60,2.000000,1.0000,False,manual_box,brightness_1.3
final_merged_Ich_sammel_i_tried_the_new_season_[C-SDrECvTa4]_000060_0ea4cee7_aug_flip.png,1,player,1,0.624044,0.756146,0.216653,0.487708,final_merged__Ich_sammel__i_tried_the_new_season [C-SDrECvTa4],60,2.000000,1.0000,False,manual_box,flip
final_merged_Ich_sammel_i_tried_the_new_season_[C-SDrECvTa4]_000060_0ea4cee7_aug_shift.png,1,player,1,0.243677,0.786683,0.216653,0.426635,final_merged__Ich_sammel__i_tried_the_new_season [C-SDrECvTa4],60,2.000000,1.0000,False,manual_box,shift
final_merged_Ich_sammel_i_tried_the_new_season_[C-SDrECvTa4]_000075_c49c3150_aug_original.png,1,player,1,0.397621,0.701031,0.222600,0.450436,final_merged__Ich_sammel__i_tried_the_new_season [C-SDrECvTa4],75,2.500000,1.0000,False,manual_box,original
final_merged_Ich_sammel_i_tried_the_new_season_[C-SDrECvTa4]_000075_c49c3150_aug_brightness_0.7.png,1,player,1,0.397621,0.701031,0.222600,0.450436,final_merged__Ich_sammel__i_tried_the_new_season [C-SDrECvTa4],75,2.500000,1.0000,False,manual_box,brightness_0.7
final_merged_Ich_sammel_i_tried_the_new_season_[C-SDrECvTa4]_000075_c49c3150_aug_brightness_1.3.png,1,player,1,0.397621,0.701031,0.222600,0.450436,final_merged__Ich_sammel__i_tried_the_new_season [C-SDrECvTa4],75,2.500000,1.0000,False,manual_box,brightness_1.3
final_merged_Ich_sammel_i_tried_the_new_season_[C-SDrECvTa4]_000075_c49c3150_aug_noise.png,1,player,1,0.397621,0.701031,0.222600,0.450436,final_merged__Ich_sammel__i_tried_the_new_season [C-SDrECvTa4],75,2.500000,1.0000,False,manual_box,noise
final_merged_Ich_sammel_i_tried_the_new_season_[C-SDrECvTa4]_000075_c49c3150_aug_flip.png,1,player,1,0.602379,0.701031,0.222600,0.450436,final_merged__Ich_sammel__i_tried_the_new_season [C-SDrECvTa4],75,2.500000,1.0000,False,manual_box,flip
final_merged_Ich_sammel_i_tried_the_new_season_[C-SDrECvTa4]_000090_18013b8f_aug_original.png,1,player,1,0.405692,0.702617,0.255735,0.513878,final_merged__Ich_sammel__i_tried_the_new_season [C-SDrECvTa4],90,3.000000,1.0000,False,manual_box,original
final_merged_Ich_sammel_i_tried_the_new_season_[C-SDrECvTa4]_000090_18013b8f_aug_brightness_0.7.png,1,player,1,0.405692,0.702617,0.255735,0.513878,final_merged__Ich_sammel__i_tried_the_new_season [C-SDrECvTa4],90,3.000000,1.0000,False,manual_box,brightness_0.7
final_merged_Ich_sammel_i_tried_the_new_season_[C-SDrECvTa4]_000090_18013b8f_aug_brightness_1.3.png,1,player,1,0.405692,0.702617,0.255735,0.513878,final_merged__Ich_sammel__i_tried_the_new_season [C-SDrECvTa4],90,3.000000,1.0000,False,manual_box,brightness_1.3
final_merged_Ich_sammel_i_tried_the_new_season_[C-SDrECvTa4]_000090_18013b8f_aug_noise.png,1,player,1,0.405692,0.702617,0.255735,0.513878,final_merged__Ich_sammel__i_tried_the_new_season [C-SDrECvTa4],90,3.000000,1.0000,False,manual_box,noise
final_merged_Ich_sammel_i_tried_the_new_season_[C-SDrECvTa4]_000090_18013b8f_aug_shift.png,1,player,1,0.426136,0.598697,0.255735,0.513878,final_merged__Ich_sammel__i_tried_the_new_season [C-SDrECvTa4],90,3.000000,1.0000,False,manual_box,shift
final_merged_Ich_sammel_i_tried_the_new_season_[C-SDrECvTa4]_000105_0fa85f53_aug_original.png,1,player,1,0.338573,0.725218,0.243840,0.549564,final_merged__Ich_sammel__i_tried_the_new_season [C-SDrECvTa4],105,3.500000,1.0000,False,manual_box,original
final_merged_Ich_sammel_i_tried_the_new_season_[C-SDrECvTa4]_000105_0fa85f53_aug_original.png,0,enemy,1,0.753186,0.480571,0.072218,0.155432,final_merged__Ich_sammel__i_tried_the_new_season [C-SDrECvTa4],105,3.500000,1.0000,False,manual_box,original
final_merged_Ich_sammel_i_tried_the_new_season_[C-SDrECvTa4]_000105_0fa85f53_aug_original.png,0,enemy,1,0.437978,0.486915,0.072218,0.114195,final_merged__Ich_sammel__i_tried_the_new_season [C-SDrECvTa4],105,3.500000,1.0000,False,manual_box,original
final_merged_Ich_sammel_i_tried_the_new_season_[C-SDrECvTa4]_000105_0fa85f53_aug_brightness_0.7.png,1,player,1,0.338573,0.725218,0.243840,0.549564,final_merged__Ich_sammel__i_tried_the_new_season [C-SDrECvTa4],105,3.500000,1.0000,False,manual_box,brightness_0.7
final_merged_Ich_sammel_i_tried_the_new_season_[C-SDrECvTa4]_000105_0fa85f53_aug_brightness_0.7.png,0,enemy,1,0.753186,0.480571,0.072218,0.155432,final_merged__Ich_sammel__i_tried_the_new_season [C-SDrECvTa4],105,3.500000,1.0000,False,manual_box,brightness_0.7
final_merged_Ich_sammel_i_tried_the_new_season_[C-SDrECvTa4]_000105_0fa85f53_aug_brightness_0.7.png,0,enemy,1,0.437978,0.486915,0.072218,0.114195,final_merged__Ich_sammel__i_tried_the_new_season [C-SDrECvTa4],105,3.500000,1.0000,False,manual_box,brightness_0.7
final_merged_Ich_sammel_i_tried_the_new_season_[C-SDrECvTa4]_000105_0fa85f53_aug_brightness_1.3.png,1,player,1,0.338573,0.725218,0.243840,0.549564,final_merged__Ich_sammel__i_tried_the_new_season [C-SDrECvTa4],105,3.500000,1.0000,False,manual_box,brightness_1.3
final_merged_Ich_sammel_i_tried_the_new_season_[C-SDrECvTa4]_000105_0fa85f53_aug_brightness_1.3.png,0,enemy,1,0.753186,0.480571,0.072218,0.155432,final_merged__Ich_sammel__i_tried_the_new_season [C-SDrECvTa4],105,3.500000,1.0000,False,manual_box,brightness_1.3
final_merged_Ich_sammel_i_tried_the_new_season_[C-SDrECvTa4]_000105_0fa85f53_aug_brightness_1.3.png,0,enemy,1,0.437978,0.486915,0.072218,0.114195,final_merged__Ich_sammel__i_tried_the_new_season [C-SDrECvTa4],105,3.500000,1.0000,False,manual_box,brightness_1.3
final_merged_Ich_sammel_i_tried_the_new_season_[C-SDrECvTa4]_000105_0fa85f53_aug_flip.png,1,player,1,0.661427,0.725218,0.243840,0.549564,final_merged__Ich_sammel__i_tried_the_new_season [C-SDrECvTa4],105,3.500000,1.0000,False,manual_box,flip
final_merged_Ich_sammel_i_tried_the_new_season_[C-SDrECvTa4]_000105_0fa85f53_aug_flip.png,0,enemy,1,0.246814,0.480571,0.072218,0.155432,final_merged__Ich_sammel__i_tried_the_new_season [C-SDrECvTa4],105,3.500000,1.0000,False,manual_box,flip
final_merged_Ich_sammel_i_tried_the_new_season_[C-SDrECvTa4]_000105_0fa85f53_aug_flip.png,0,enemy,1,0.562022,0.486915,0.072218,0.114195,final_merged__Ich_sammel__i_tried_the_new_season [C-SDrECvTa4],105,3.500000,1.0000,False,manual_box,flip
final_merged_Ich_sammel_i_tried_the_new_season_[C-SDrECvTa4]_000105_0fa85f53_aug_zoom.png,1,player,1,0.237273,0.745444,0.281185,0.509112,final_merged__Ich_sammel__i_tried_the_new_season [C-SDrECvTa4],105,3.500000,1.0000,False,manual_box,zoom
final_merged_Ich_sammel_i_tried_the_new_season_[C-SDrECvTa4]_000105_0fa85f53_aug_zoom.png,0,enemy,1,0.715386,0.525659,0.083278,0.179345,final_merged__Ich_sammel__i_tried_the_new_season [C-SDrECvTa4],105,3.500000,1.0000,False,manual_box,zoom
final_merged_Ich_sammel_i_tried_the_new_season_[C-SDrECvTa4]_000105_0fa85f53_aug_zoom.png,0,enemy,1,0.351903,0.532979,0.083278,0.131763,final_merged__Ich_sammel__i_tried_the_new_season [C-SDrECvTa4],105,3.500000,1.0000,False,manual_box,zoom
final_merged_Ich_sammel_i_tried_the_new_season_[C-SDrECvTa4]_000120_91e57947_aug_original.png,1,player,1,0.393798,0.714512,0.187766,0.547185,final_merged__Ich_sammel__i_tried_the_new_season [C-SDrECvTa4],120,4.000000,1.0000,False,manual_box,original
final_merged_Ich_sammel_i_tried_the_new_season_[C-SDrECvTa4]_000120_91e57947_aug_original.png,0,enemy,1,0.787596,0.508327,0.057774,0.147502,final_merged__Ich_sammel__i_tried_the_new_season [C-SDrECvTa4],120,4.000000,1.0000,False,manual_box,original
final_merged_Ich_sammel_i_tried_the_new_season_[C-SDrECvTa4]_000120_91e57947_aug_original.png,0,enemy,1,0.846644,0.274385,0.055225,0.199841,final_merged__Ich_sammel__i_tried_the_new_season [C-SDrECvTa4],120,4.000000,1.0000,False,manual_box,original
final_merged_Ich_sammel_i_tried_the_new_season_[C-SDrECvTa4]_000120_91e57947_aug_original.png,0,enemy,1,0.614698,0.315623,0.070518,0.196669,final_merged__Ich_sammel__i_tried_the_new_season [C-SDrECvTa4],120,4.000000,1.0000,False,manual_box,original
final_merged_Ich_sammel_i_tried_the_new_season_[C-SDrECvTa4]_000120_91e57947_aug_original.png,0,enemy,1,0.265081,0.506741,0.062872,0.195083,final_merged__Ich_sammel__i_tried_the_new_season [C-SDrECvTa4],120,4.000000,1.0000,False,manual_box,original
final_merged_Ich_sammel_i_tried_the_new_season_[C-SDrECvTa4]_000120_91e57947_aug_noise.png,1,player,1,0.393798,0.714512,0.187766,0.547185,final_merged__Ich_sammel__i_tried_the_new_season [C-SDrECvTa4],120,4.000000,1.0000,False,manual_box,noise
final_merged_Ich_sammel_i_tried_the_new_season_[C-SDrECvTa4]_000120_91e57947_aug_noise.png,0,enemy,1,0.787596,0.508327,0.057774,0.147502,final_merged__Ich_sammel__i_tried_the_new_season [C-SDrECvTa4],120,4.000000,1.0000,False,manual_box,noise
final_merged_Ich_sammel_i_tried_the_new_season_[C-SDrECvTa4]_000120_91e57947_aug_noise.png,0,enemy,1,0.846644,0.274385,0.055225,0.199841,final_merged__Ich_sammel__i_tried_the_new_season [C-SDrECvTa4],120,4.000000,1.0000,False,manual_box,noise
final_merged_Ich_sammel_i_tried_the_new_season_[C-SDrECvTa4]_000120_91e57947_aug_noise.png,0,enemy,1,0.614698,0.315623,0.070518,0.196669,final_merged__Ich_sammel__i_tried_the_new_season [C-SDrECvTa4],120,4.000000,1.0000,False,manual_box,noise
final_merged_Ich_sammel_i_tried_the_new_season_[C-SDrECvTa4]_000120_91e57947_aug_noise.png,0,enemy,1,0.265081,0.506741,0.062872,0.195083,final_merged__Ich_sammel__i_tried_the_new_season [C-SDrECvTa4],120,4.000000,1.0000,False,manual_box,noise
final_merged_Ich_sammel_i_tried_the_new_season_[C-SDrECvTa4]_000120_91e57947_aug_flip.png,1,player,1,0.606202,0.714512,0.187766,0.547185,final_merged__Ich_sammel__i_tried_the_new_season [C-SDrECvTa4],120,4.000000,1.0000,False,manual_box,flip
final_merged_Ich_sammel_i_tried_the_new_season_[C-SDrECvTa4]_000120_91e57947_aug_flip.png,0,enemy,1,0.212404,0.508327,0.057774,0.147502,final_merged__Ich_sammel__i_tried_the_new_season [C-SDrECvTa4],120,4.000000,1.0000,False,manual_box,flip
final_merged_Ich_sammel_i_tried_the_new_season_[C-SDrECvTa4]_000120_91e57947_aug_flip.png,0,enemy,1,0.153356,0.274385,0.055225,0.199841,final_merged__Ich_sammel__i_tried_the_new_season [C-SDrECvTa4],120,4.000000,1.0000,False,manual_box,flip
final_merged_Ich_sammel_i_tried_the_new_season_[C-SDrECvTa4]_000120_91e57947_aug_flip.png,0,enemy,1,0.385302,0.315623,0.070518,0.196669,final_merged__Ich_sammel__i_tried_the_new_season [C-SDrECvTa4],120,4.000000,1.0000,False,manual_box,flip
final_merged_Ich_sammel_i_tried_the_new_season_[C-SDrECvTa4]_000120_91e57947_aug_flip.png,0,enemy,1,0.734919,0.506741,0.062872,0.195083,final_merged__Ich_sammel__i_tried_the_new_season [C-SDrECvTa4],120,4.000000,1.0000,False,manual_box,flip
final_merged_Ich_sammel_i_tried_the_new_season_[C-SDrECvTa4]_000120_91e57947_aug_shift.png,1,player,1,0.483494,0.723618,0.187766,0.547185,final_merged__Ich_sammel__i_tried_the_new_season [C-SDrECvTa4],120,4.000000,1.0000,False,manual_box,shift
final_merged_Ich_sammel_i_tried_the_new_season_[C-SDrECvTa4]_000120_91e57947_aug_shift.png,0,enemy,1,0.877292,0.517433,0.057774,0.147502,final_merged__Ich_sammel__i_tried_the_new_season [C-SDrECvTa4],120,4.000000,1.0000,False,manual_box,shift
final_merged_Ich_sammel_i_tried_the_new_season_[C-SDrECvTa4]_000120_91e57947_aug_shift.png,0,enemy,1,0.936340,0.283491,0.055225,0.199841,final_merged__Ich_sammel__i_tried_the_new_season [C-SDrECvTa4],120,4.000000,1.0000,False,manual_box,shift
final_merged_Ich_sammel_i_tried_the_new_season_[C-SDrECvTa4]_000120_91e57947_aug_shift.png,0,enemy,1,0.704394,0.324729,0.070518,0.196669,final_merged__Ich_sammel__i_tried_the_new_season [C-SDrECvTa4],120,4.000000,1.0000,False,manual_box,shift
final_merged_Ich_sammel_i_tried_the_new_season_[C-SDrECvTa4]_000120_91e57947_aug_shift.png,0,enemy,1,0.354777,0.515847,0.062872,0.195083,final_merged__Ich_sammel__i_tried_the_new_season [C-SDrECvTa4],120,4.000000,1.0000,False,manual_box,shift
final_merged_Ich_sammel_i_tried_the_new_season_[C-SDrECvTa4]_000120_91e57947_aug_zoom.png,1,player,1,0.372218,0.722315,0.194450,0.555371,final_merged__Ich_sammel__i_tried_the_new_season [C-SDrECvTa4],120,4.000000,1.0000,False,manual_box,zoom
final_merged_Ich_sammel_i_tried_the_new_season_[C-SDrECvTa4]_000120_91e57947_aug_zoom.png,0,enemy,1,0.780035,0.514361,0.059831,0.152588,final_merged__Ich_sammel__i_tried_the_new_season [C-SDrECvTa4],120,4.000000,1.0000,False,manual_box,zoom
final_merged_Ich_sammel_i_tried_the_new_season_[C-SDrECvTa4]_000120_91e57947_aug_zoom.png,0,enemy,1,0.841185,0.272352,0.057191,0.206732,final_merged__Ich_sammel__i_tried_the_new_season [C-SDrECvTa4],120,4.000000,1.0000,False,manual_box,zoom
final_merged_Ich_sammel_i_tried_the_new_season_[C-SDrECvTa4]_000120_91e57947_aug_zoom.png,0,enemy,1,0.600982,0.315012,0.073028,0.203451,final_merged__Ich_sammel__i_tried_the_new_season [C-SDrECvTa4],120,4.000000,1.0000,False,manual_box,zoom
final_merged_Ich_sammel_i_tried_the_new_season_[C-SDrECvTa4]_000120_91e57947_aug_zoom.png,0,enemy,1,0.238919,0.512721,0.065110,0.201810,final_merged__Ich_sammel__i_tried_the_new_season [C-SDrECvTa4],120,4.000000,1.0000,False,manual_box,zoom
final_merged_Ich_sammel_i_tried_the_new_season_[C-SDrECvTa4]_000135_13e46cd3_aug_original.png,1,player,1,0.389125,0.555908,0.163127,0.417129,final_merged__Ich_sammel__i_tried_the_new_season [C-SDrECvTa4],135,4.500000,1.0000,False,manual_box,original
final_merged_Ich_sammel_i_tried_the_new_season_[C-SDrECvTa4]_000150_497578d7_aug_original.png,1,player,1,0.409091,0.692704,0.194562,0.614592,final_merged__Ich_sammel__i_tried_the_new_season [C-SDrECvTa4],150,5.000000,1.0000,False,manual_box,original
final_merged_Ich_sammel_i_tried_the_new_season_[C-SDrECvTa4]_000150_497578d7_aug_noise.png,1,player,1,0.409091,0.692704,0.194562,0.614592,final_merged__Ich_sammel__i_tried_the_new_season [C-SDrECvTa4],150,5.000000,1.0000,False,manual_box,noise
final_merged_Ich_sammel_i_tried_the_new_season_[C-SDrECvTa4]_000150_497578d7_aug_flip.png,1,player,1,0.590909,0.692704,0.194562,0.614592,final_merged__Ich_sammel__i_tried_the_new_season [C-SDrECvTa4],150,5.000000,1.0000,False,manual_box,flip
final_merged_Ich_sammel_i_tried_the_new_season_[C-SDrECvTa4]_000150_497578d7_aug_shift.png,1,player,1,0.269302,0.715492,0.194562,0.569017,final_merged__Ich_sammel__i_tried_the_new_season [C-SDrECvTa4],150,5.000000,1.0000,False,manual_box,shift
final_merged_Ich_sammel_i_tried_the_new_season_[C-SDrECvTa4]_000150_497578d7_aug_zoom.png,1,player,1,0.411867,0.624995,0.237633,0.750011,final_merged__Ich_sammel__i_tried_the_new_season [C-SDrECvTa4],150,5.000000,1.0000,False,manual_box,zoom
final_merged_Ich_sammel_i_tried_the_new_season_[C-SDrECvTa4]_000165_4f74e6f6_aug_original.png,1,player,1,0.400170,0.715702,0.171623,0.568596,final_merged__Ich_sammel__i_tried_the_new_season [C-SDrECvTa4],165,5.500000,1.0000,False,manual_box,original
final_merged_Ich_sammel_i_tried_the_new_season_[C-SDrECvTa4]_000165_4f74e6f6_aug_brightness_0.7.png,1,player,1,0.400170,0.715702,0.171623,0.568596,final_merged__Ich_sammel__i_tried_the_new_season [C-SDrECvTa4],165,5.500000,1.0000,False,manual_box,brightness_0.7
final_merged_Ich_sammel_i_tried_the_new_season_[C-SDrECvTa4]_000165_4f74e6f6_aug_brightness_1.3.png,1,player,1,0.400170,0.715702,0.171623,0.568596,final_merged__Ich_sammel__i_tried_the_new_season [C-SDrECvTa4],165,5.500000,1.0000,False,manual_box,brightness_1.3
final_merged_Ich_sammel_i_tried_the_new_season_[C-SDrECvTa4]_000165_4f74e6f6_aug_noise.png,1,player,1,0.400170,0.715702,0.171623,0.568596,final_merged__Ich_sammel__i_tried_the_new_season [C-SDrECvTa4],165,5.500000,1.0000,False,manual_box,noise
final_merged_Ich_sammel_i_tried_the_new_season_[C-SDrECvTa4]_000165_4f74e6f6_aug_flip.png,1,player,1,0.599830,0.715702,0.171623,0.568596,final_merged__Ich_sammel__i_tried_the_new_season [C-SDrECvTa4],165,5.500000,1.0000,False,manual_box,flip
final_merged_Ich_sammel_i_tried_the_new_season_[C-SDrECvTa4]_000180_fbe031c8_aug_original.png,1,player,1,0.396347,0.712530,0.223449,0.574940,final_merged__Ich_sammel__i_tried_the_new_season [C-SDrECvTa4],180,6.000000,1.0000,False,manual_box,original
final_merged_Ich_sammel_i_tried_the_new_season_[C-SDrECvTa4]_000180_fbe031c8_aug_brightness_0.7.png,1,player,1,0.396347,0.712530,0.223449,0.574940,final_merged__Ich_sammel__i_tried_the_new_season [C-SDrECvTa4],180,6.000000,1.0000,False,manual_box,brightness_0.7
final_merged_Ich_sammel_i_tried_the_new_season_[C-SDrECvTa4]_000180_fbe031c8_aug_brightness_1.3.png,1,player,1,0.396347,0.712530,0.223449,0.574940,final_merged__Ich_sammel__i_tried_the_new_season [C-SDrECvTa4],180,6.000000,1.0000,False,manual_box,brightness_1.3
final_merged_Ich_sammel_i_tried_the_new_season_[C-SDrECvTa4]_000180_fbe031c8_aug_shift.png,1,player,1,0.352503,0.680985,0.223449,0.574941,final_merged__Ich_sammel__i_tried_the_new_season [C-SDrECvTa4],180,6.000000,1.0000,False,manual_box,shift
final_merged_Ich_sammel_i_tried_the_new_season_[C-SDrECvTa4]_000180_fbe031c8_aug_zoom.png,1,player,1,0.393955,0.718536,0.216815,0.557373,final_merged__Ich_sammel__i_tried_the_new_season [C-SDrECvTa4],180,6.000000,1.0000,False,manual_box,zoom
final_merged_Ich_sammel_i_tried_the_new_season_[C-SDrECvTa4]_000195_1ad08533_aug_original.png,1,player,1,0.403993,0.663759,0.194562,0.607454,final_merged__Ich_sammel__i_tried_the_new_season [C-SDrECvTa4],195,6.500000,1.0000,False,manual_box,original
final_merged_Ich_sammel_i_tried_the_new_season_[C-SDrECvTa4]_000195_1ad08533_aug_brightness_0.7.png,1,player,1,0.403993,0.663759,0.194562,0.607454,final_merged__Ich_sammel__i_tried_the_new_season [C-SDrECvTa4],195,6.500000,1.0000,False,manual_box,brightness_0.7
final_merged_Ich_sammel_i_tried_the_new_season_[C-SDrECvTa4]_000195_1ad08533_aug_brightness_1.3.png,1,player,1,0.403993,0.663759,0.194562,0.607454,final_merged__Ich_sammel__i_tried_the_new_season [C-SDrECvTa4],195,6.500000,1.0000,False,manual_box,brightness_1.3
final_merged_Ich_sammel_i_tried_the_new_season_[C-SDrECvTa4]_000195_1ad08533_aug_noise.png,1,player,1,0.403993,0.663759,0.194562,0.607454,final_merged__Ich_sammel__i_tried_the_new_season [C-SDrECvTa4],195,6.500000,1.0000,False,manual_box,noise
final_merged_Ich_sammel_i_tried_the_new_season_[C-SDrECvTa4]_000195_1ad08533_aug_flip.png,1,player,1,0.596007,0.663759,0.194562,0.607454,final_merged__Ich_sammel__i_tried_the_new_season [C-SDrECvTa4],195,6.500000,1.0000,False,manual_box,flip
final_merged_Ich_sammel_i_tried_the_new_season_[C-SDrECvTa4]_000210_37a0ccd6_aug_original.png,1,player,1,0.392523,0.714909,0.215803,0.570182,final_merged__Ich_sammel__i_tried_the_new_season [C-SDrECvTa4],210,7.000000,1.0000,False,manual_box,original
final_merged_Ich_sammel_i_tried_the_new_season_[C-SDrECvTa4]_000210_37a0ccd6_aug_original.png,0,enemy,1,0.194987,0.336241,0.036534,0.060270,final_merged__Ich_sammel__i_tried_the_new_season [C-SDrECvTa4],210,7.000000,1.0000,False,manual_box,original
final_merged_Ich_sammel_i_tried_the_new_season_[C-SDrECvTa4]_000210_37a0ccd6_aug_original.png,0,enemy,1,0.152506,0.245044,0.050127,0.096749,final_merged__Ich_sammel__i_tried_the_new_season [C-SDrECvTa4],210,7.000000,1.0000,False,manual_box,original
final_merged_Ich_sammel_i_tried_the_new_season_[C-SDrECvTa4]_000210_37a0ccd6_aug_original.png,0,enemy,1,0.121071,0.363204,0.051827,0.095163,final_merged__Ich_sammel__i_tried_the_new_season [C-SDrECvTa4],210,7.000000,1.0000,False,manual_box,original
final_merged_Ich_sammel_i_tried_the_new_season_[C-SDrECvTa4]_000210_37a0ccd6_aug_original.png,0,enemy,1,0.074342,0.346550,0.036534,0.090404,final_merged__Ich_sammel__i_tried_the_new_season [C-SDrECvTa4],210,7.000000,1.0000,False,manual_box,original
final_merged_Ich_sammel_i_tried_the_new_season_[C-SDrECvTa4]_000210_37a0ccd6_aug_brightness_0.7.png,1,player,1,0.392523,0.714909,0.215803,0.570182,final_merged__Ich_sammel__i_tried_the_new_season [C-SDrECvTa4],210,7.000000,1.0000,False,manual_box,brightness_0.7
final_merged_Ich_sammel_i_tried_the_new_season_[C-SDrECvTa4]_000210_37a0ccd6_aug_brightness_0.7.png,0,enemy,1,0.194987,0.336241,0.036534,0.060270,final_merged__Ich_sammel__i_tried_the_new_season [C-SDrECvTa4],210,7.000000,1.0000,False,manual_box,brightness_0.7
final_merged_Ich_sammel_i_tried_the_new_season_[C-SDrECvTa4]_000210_37a0ccd6_aug_brightness_0.7.png,0,enemy,1,0.152506,0.245044,0.050127,0.096749,final_merged__Ich_sammel__i_tried_the_new_season [C-SDrECvTa4],210,7.000000,1.0000,False,manual_box,brightness_0.7
final_merged_Ich_sammel_i_tried_the_new_season_[C-SDrECvTa4]_000210_37a0ccd6_aug_brightness_0.7.png,0,enemy,1,0.121071,0.363204,0.051827,0.095163,final_merged__Ich_sammel__i_tried_the_new_season [C-SDrECvTa4],210,7.000000,1.0000,False,manual_box,brightness_0.7
final_merged_Ich_sammel_i_tried_the_new_season_[C-SDrECvTa4]_000210_37a0ccd6_aug_brightness_0.7.png,0,enemy,1,0.074342,0.346550,0.036534,0.090404,final_merged__Ich_sammel__i_tried_the_new_season [C-SDrECvTa4],210,7.000000,1.0000,False,manual_box,brightness_0.7
final_merged_Ich_sammel_i_tried_the_new_season_[C-SDrECvTa4]_000210_37a0ccd6_aug_brightness_1.3.png,1,player,1,0.392523,0.714909,0.215803,0.570182,final_merged__Ich_sammel__i_tried_the_new_season [C-SDrECvTa4],210,7.000000,1.0000,False,manual_box,brightness_1.3
final_merged_Ich_sammel_i_tried_the_new_season_[C-SDrECvTa4]_000210_37a0ccd6_aug_brightness_1.3.png,0,enemy,1,0.194987,0.336241,0.036534,0.060270,final_merged__Ich_sammel__i_tried_the_new_season [C-SDrECvTa4],210,7.000000,1.0000,False,manual_box,brightness_1.3
final_merged_Ich_sammel_i_tried_the_new_season_[C-SDrECvTa4]_000210_37a0ccd6_aug_brightness_1.3.png,0,enemy,1,0.152506,0.245044,0.050127,0.096749,final_merged__Ich_sammel__i_tried_the_new_season [C-SDrECvTa4],210,7.000000,1.0000,False,manual_box,brightness_1.3
final_merged_Ich_sammel_i_tried_the_new_season_[C-SDrECvTa4]_000210_37a0ccd6_aug_brightness_1.3.png,0,enemy,1,0.121071,0.363204,0.051827,0.095163,final_merged__Ich_sammel__i_tried_the_new_season [C-SDrECvTa4],210,7.000000,1.0000,False,manual_box,brightness_1.3
final_merged_Ich_sammel_i_tried_the_new_season_[C-SDrECvTa4]_000210_37a0ccd6_aug_brightness_1.3.png,0,enemy,1,0.074342,0.346550,0.036534,0.090404,final_merged__Ich_sammel__i_tried_the_new_season [C-SDrECvTa4],210,7.000000,1.0000,False,manual_box,brightness_1.3
final_merged_Ich_sammel_i_tried_the_new_season_[C-SDrECvTa4]_000210_37a0ccd6_aug_noise.png,1,player,1,0.392523,0.714909,0.215803,0.570182,final_merged__Ich_sammel__i_tried_the_new_season [C-SDrECvTa4],210,7.000000,1.0000,False,manual_box,noise
final_merged_Ich_sammel_i_tried_the_new_season_[C-SDrECvTa4]_000210_37a0ccd6_aug_noise.png,0,enemy,1,0.194987,0.336241,0.036534,0.060270,final_merged__Ich_sammel__i_tried_the_new_season [C-SDrECvTa4],210,7.000000,1.0000,False,manual_box,noise
final_merged_Ich_sammel_i_tried_the_new_season_[C-SDrECvTa4]_000210_37a0ccd6_aug_noise.png,0,enemy,1,0.152506,0.245044,0.050127,0.096749,final_merged__Ich_sammel__i_tried_the_new_season [C-SDrECvTa4],210,7.000000,1.0000,False,manual_box,noise
final_merged_Ich_sammel_i_tried_the_new_season_[C-SDrECvTa4]_000210_37a0ccd6_aug_noise.png,0,enemy,1,0.121071,0.363204,0.051827,0.095163,final_merged__Ich_sammel__i_tried_the_new_season [C-SDrECvTa4],210,7.000000,1.0000,False,manual_box,noise
final_merged_Ich_sammel_i_tried_the_new_season_[C-SDrECvTa4]_000210_37a0ccd6_aug_noise.png,0,enemy,1,0.074342,0.346550,0.036534,0.090404,final_merged__Ich_sammel__i_tried_the_new_season [C-SDrECvTa4],210,7.000000,1.0000,False,manual_box,noise
final_merged_Ich_sammel_i_tried_the_new_season_[C-SDrECvTa4]_000210_37a0ccd6_aug_shift.png,1,player,1,0.252203,0.678320,0.215803,0.570182,final_merged__Ich_sammel__i_tried_the_new_season [C-SDrECvTa4],210,7.000000,1.0000,False,manual_box,shift
final_merged_Ich_sammel_i_tried_the_new_season_[C-SDrECvTa4]_000210_37a0ccd6_aug_shift.png,0,enemy,1,0.054667,0.299652,0.036534,0.060270,final_merged__Ich_sammel__i_tried_the_new_season [C-SDrECvTa4],210,7.000000,1.0000,False,manual_box,shift
final_merged_Ich_sammel_i_tried_the_new_season_[C-SDrECvTa4]_000210_37a0ccd6_aug_shift.png,0,enemy,1,0.018625,0.208455,0.037250,0.096749,final_merged__Ich_sammel__i_tried_the_new_season [C-SDrECvTa4],210,7.000000,1.0000,False,manual_box,shift
final_merged_Ich_sammel_i_tried_the_new_season_[C-SDrECvTa4]_000225_40813f03_aug_original.png,1,player,1,0.389125,0.717288,0.192014,0.565424,final_merged__Ich_sammel__i_tried_the_new_season [C-SDrECvTa4],225,7.500000,1.0000,False,manual_box,original
final_merged_Ich_sammel_i_tried_the_new_season_[C-SDrECvTa4]_000225_40813f03_aug_original.png,0,enemy,1,0.505098,0.424266,0.038233,0.125297,final_merged__Ich_sammel__i_tried_the_new_season [C-SDrECvTa4],225,7.500000,1.0000,False,manual_box,original
final_merged_Ich_sammel_i_tried_the_new_season_[C-SDrECvTa4]_000225_40813f03_aug_original.png,0,enemy,1,0.547154,0.260904,0.027188,0.109437,final_merged__Ich_sammel__i_tried_the_new_season [C-SDrECvTa4],225,7.500000,1.0000,False,manual_box,original
final_merged_Ich_sammel_i_tried_the_new_season_[C-SDrECvTa4]_000225_40813f03_aug_original.png,0,enemy,1,0.461342,0.382236,0.023789,0.082474,final_merged__Ich_sammel__i_tried_the_new_season [C-SDrECvTa4],225,7.500000,1.0000,False,manual_box,original
final_merged_Ich_sammel_i_tried_the_new_season_[C-SDrECvTa4]_000240_65976c45_aug_original.png,1,player,1,0.407816,0.703013,0.154630,0.593973,final_merged__Ich_sammel__i_tried_the_new_season [C-SDrECvTa4],240,8.000000,1.0000,False,manual_box,original
final_merged_Ich_sammel_i_tried_the_new_season_[C-SDrECvTa4]_000240_65976c45_aug_original.png,0,enemy,1,0.526763,0.513085,0.054376,0.166534,final_merged__Ich_sammel__i_tried_the_new_season [C-SDrECvTa4],240,8.000000,1.0000,False,manual_box,original
final_merged_Ich_sammel_i_tried_the_new_season_[C-SDrECvTa4]_000240_65976c45_aug_original.png,0,enemy,1,0.553951,0.272006,0.020391,0.077716,final_merged__Ich_sammel__i_tried_the_new_season [C-SDrECvTa4],240,8.000000,1.0000,False,manual_box,original
final_merged_Ich_sammel_i_tried_the_new_season_[C-SDrECvTa4]_000240_65976c45_aug_original.png,0,enemy,1,0.532710,0.355274,0.028887,0.072958,final_merged__Ich_sammel__i_tried_the_new_season [C-SDrECvTa4],240,8.000000,1.0000,False,manual_box,original
final_merged_Ich_sammel_i_tried_the_new_season_[C-SDrECvTa4]_000240_65976c45_aug_original.png,0,enemy,1,0.499575,0.362411,0.027188,0.090404,final_merged__Ich_sammel__i_tried_the_new_season [C-SDrECvTa4],240,8.000000,1.0000,False,manual_box,original
final_merged_Ich_sammel_i_tried_the_new_season_[C-SDrECvTa4]_000255_629fd27d_aug_original.png,1,player,1,0.389975,0.706582,0.129142,0.569389,final_merged__Ich_sammel__i_tried_the_new_season [C-SDrECvTa4],255,8.500000,1.0000,False,manual_box,original
final_merged_Ich_sammel_i_tried_the_new_season_[C-SDrECvTa4]_000255_629fd27d_aug_original.png,0,enemy,1,0.459643,0.793814,0.062872,0.106265,final_merged__Ich_sammel__i_tried_the_new_season [C-SDrECvTa4],255,8.500000,1.0000,False,manual_box,original
final_merged_Ich_sammel_i_tried_the_new_season_[C-SDrECvTa4]_000255_629fd27d_aug_original.png,0,enemy,1,0.519541,0.647105,0.058624,0.095163,final_merged__Ich_sammel__i_tried_the_new_season [C-SDrECvTa4],255,8.500000,1.0000,False,manual_box,original
final_merged_Ich_sammel_i_tried_the_new_season_[C-SDrECvTa4]_000255_629fd27d_aug_original.png,0,enemy,1,0.589210,0.731959,0.070518,0.385408,final_merged__Ich_sammel__i_tried_the_new_season [C-SDrECvTa4],255,8.500000,1.0000,False,manual_box,original
final_merged_Ich_sammel_i_tried_the_new_season_[C-SDrECvTa4]_000255_629fd27d_aug_original.png,0,enemy,1,0.589210,0.403648,0.019541,0.065028,final_merged__Ich_sammel__i_tried_the_new_season [C-SDrECvTa4],255,8.500000,1.0000,False,manual_box,original
final_merged_Ich_sammel_i_tried_the_new_season_[C-SDrECvTa4]_000255_629fd27d_aug_original.png,0,enemy,1,0.556075,0.306899,0.026338,0.080888,final_merged__Ich_sammel__i_tried_the_new_season [C-SDrECvTa4],255,8.500000,1.0000,False,manual_box,original
final_merged_Ich_sammel_i_tried_the_new_season_[C-SDrECvTa4]_000255_629fd27d_aug_original.png,0,enemy,1,0.526338,0.403648,0.019541,0.080888,final_merged__Ich_sammel__i_tried_the_new_season [C-SDrECvTa4],255,8.500000,1.0000,False,manual_box,original
final_merged_Ich_sammel_i_tried_the_new_season_[C-SDrECvTa4]_000255_629fd27d_aug_original.png,0,enemy,1,0.502974,0.403648,0.028887,0.090404,final_merged__Ich_sammel__i_tried_the_new_season [C-SDrECvTa4],255,8.500000,1.0000,False,manual_box,original
final_merged_Ich_sammel_i_tried_the_new_season_[C-SDrECvTa4]_000255_629fd27d_aug_original.png,0,enemy,1,0.472387,0.438541,0.028887,0.109437,final_merged__Ich_sammel__i_tried_the_new_season [C-SDrECvTa4],255,8.500000,1.0000,False,manual_box,original
final_merged_Ich_sammel_i_tried_the_new_season_[C-SDrECvTa4]_000255_629fd27d_aug_brightness_0.7.png,1,player,1,0.389975,0.706582,0.129142,0.569389,final_merged__Ich_sammel__i_tried_the_new_season [C-SDrECvTa4],255,8.500000,1.0000,False,manual_box,brightness_0.7
final_merged_Ich_sammel_i_tried_the_new_season_[C-SDrECvTa4]_000255_629fd27d_aug_brightness_0.7.png,0,enemy,1,0.459643,0.793814,0.062872,0.106265,final_merged__Ich_sammel__i_tried_the_new_season [C-SDrECvTa4],255,8.500000,1.0000,False,manual_box,brightness_0.7
final_merged_Ich_sammel_i_tried_the_new_season_[C-SDrECvTa4]_000255_629fd27d_aug_brightness_0.7.png,0,enemy,1,0.519541,0.647105,0.058624,0.095163,final_merged__Ich_sammel__i_tried_the_new_season [C-SDrECvTa4],255,8.500000,1.0000,False,manual_box,brightness_0.7
final_merged_Ich_sammel_i_tried_the_new_season_[C-SDrECvTa4]_000255_629fd27d_aug_brightness_0.7.png,0,enemy,1,0.589210,0.731959,0.070518,0.385408,final_merged__Ich_sammel__i_tried_the_new_season [C-SDrECvTa4],255,8.500000,1.0000,False,manual_box,brightness_0.7
final_merged_Ich_sammel_i_tried_the_new_season_[C-SDrECvTa4]_000255_629fd27d_aug_brightness_0.7.png,0,enemy,1,0.589210,0.403648,0.019541,0.065028,final_merged__Ich_sammel__i_tried_the_new_season [C-SDrECvTa4],255,8.500000,1.0000,False,manual_box,brightness_0.7
final_merged_Ich_sammel_i_tried_the_new_season_[C-SDrECvTa4]_000255_629fd27d_aug_brightness_0.7.png,0,enemy,1,0.556075,0.306899,0.026338,0.080888,final_merged__Ich_sammel__i_tried_the_new_season [C-SDrECvTa4],255,8.500000,1.0000,False,manual_box,brightness_0.7
final_merged_Ich_sammel_i_tried_the_new_season_[C-SDrECvTa4]_000255_629fd27d_aug_brightness_0.7.png,0,enemy,1,0.526338,0.403648,0.019541,0.080888,final_merged__Ich_sammel__i_tried_the_new_season [C-SDrECvTa4],255,8.500000,1.0000,False,manual_box,brightness_0.7
final_merged_Ich_sammel_i_tried_the_new_season_[C-SDrECvTa4]_000255_629fd27d_aug_brightness_0.7.png,0,enemy,1,0.502974,0.403648,0.028887,0.090404,final_merged__Ich_sammel__i_tried_the_new_season [C-SDrECvTa4],255,8.500000,1.0000,False,manual_box,brightness_0.7
final_merged_Ich_sammel_i_tried_the_new_season_[C-SDrECvTa4]_000255_629fd27d_aug_brightness_0.7.png,0,enemy,1,0.472387,0.438541,0.028887,0.109437,final_merged__Ich_sammel__i_tried_the_new_season [C-SDrECvTa4],255,8.500000,1.0000,False,manual_box,brightness_0.7
final_merged_Ich_sammel_i_tried_the_new_season_[C-SDrECvTa4]_000255_629fd27d_aug_brightness_1.3.png,1,player,1,0.389975,0.706582,0.129142,0.569389,final_merged__Ich_sammel__i_tried_the_new_season [C-SDrECvTa4],255,8.500000,1.0000,False,manual_box,brightness_1.3
final_merged_Ich_sammel_i_tried_the_new_season_[C-SDrECvTa4]_000255_629fd27d_aug_brightness_1.3.png,0,enemy,1,0.459643,0.793814,0.062872,0.106265,final_merged__Ich_sammel__i_tried_the_new_season [C-SDrECvTa4],255,8.500000,1.0000,False,manual_box,brightness_1.3
final_merged_Ich_sammel_i_tried_the_new_season_[C-SDrECvTa4]_000255_629fd27d_aug_brightness_1.3.png,0,enemy,1,0.519541,0.647105,0.058624,0.095163,final_merged__Ich_sammel__i_tried_the_new_season [C-SDrECvTa4],255,8.500000,1.0000,False,manual_box,brightness_1.3
final_merged_Ich_sammel_i_tried_the_new_season_[C-SDrECvTa4]_000255_629fd27d_aug_brightness_1.3.png,0,enemy,1,0.589210,0.731959,0.070518,0.385408,final_merged__Ich_sammel__i_tried_the_new_season [C-SDrECvTa4],255,8.500000,1.0000,False,manual_box,brightness_1.3
final_merged_Ich_sammel_i_tried_the_new_season_[C-SDrECvTa4]_000255_629fd27d_aug_brightness_1.3.png,0,enemy,1,0.589210,0.403648,0.019541,0.065028,final_merged__Ich_sammel__i_tried_the_new_season [C-SDrECvTa4],255,8.500000,1.0000,False,manual_box,brightness_1.3
final_merged_Ich_sammel_i_tried_the_new_season_[C-SDrECvTa4]_000255_629fd27d_aug_brightness_1.3.png,0,enemy,1,0.556075,0.306899,0.026338,0.080888,final_merged__Ich_sammel__i_tried_the_new_season [C-SDrECvTa4],255,8.500000,1.0000,False,manual_box,brightness_1.3
final_merged_Ich_sammel_i_tried_the_new_season_[C-SDrECvTa4]_000255_629fd27d_aug_brightness_1.3.png,0,enemy,1,0.526338,0.403648,0.019541,0.080888,final_merged__Ich_sammel__i_tried_the_new_season [C-SDrECvTa4],255,8.500000,1.0000,False,manual_box,brightness_1.3
final_merged_Ich_sammel_i_tried_the_new_season_[C-SDrECvTa4]_000255_629fd27d_aug_brightness_1.3.png,0,enemy,1,0.502974,0.403648,0.028887,0.090404,final_merged__Ich_sammel__i_tried_the_new_season [C-SDrECvTa4],255,8.500000,1.0000,False,manual_box,brightness_1.3
final_merged_Ich_sammel_i_tried_the_new_season_[C-SDrECvTa4]_000255_629fd27d_aug_brightness_1.3.png,0,enemy,1,0.472387,0.438541,0.028887,0.109437,final_merged__Ich_sammel__i_tried_the_new_season [C-SDrECvTa4],255,8.500000,1.0000,False,manual_box,brightness_1.3
final_merged_Ich_sammel_i_tried_the_new_season_[C-SDrECvTa4]_000255_629fd27d_aug_noise.png,1,player,1,0.389975,0.706582,0.129142,0.569389,final_merged__Ich_sammel__i_tried_the_new_season [C-SDrECvTa4],255,8.500000,1.0000,False,manual_box,noise
final_merged_Ich_sammel_i_tried_the_new_season_[C-SDrECvTa4]_000255_629fd27d_aug_noise.png,0,enemy,1,0.459643,0.793814,0.062872,0.106265,final_merged__Ich_sammel__i_tried_the_new_season [C-SDrECvTa4],255,8.500000,1.0000,False,manual_box,noise
final_merged_Ich_sammel_i_tried_the_new_season_[C-SDrECvTa4]_000255_629fd27d_aug_noise.png,0,enemy,1,0.519541,0.647105,0.058624,0.095163,final_merged__Ich_sammel__i_tried_the_new_season [C-SDrECvTa4],255,8.500000,1.0000,False,manual_box,noise
final_merged_Ich_sammel_i_tried_the_new_season_[C-SDrECvTa4]_000255_629fd27d_aug_noise.png,0,enemy,1,0.589210,0.731959,0.070518,0.385408,final_merged__Ich_sammel__i_tried_the_new_season [C-SDrECvTa4],255,8.500000,1.0000,False,manual_box,noise
final_merged_Ich_sammel_i_tried_the_new_season_[C-SDrECvTa4]_000255_629fd27d_aug_noise.png,0,enemy,1,0.589210,0.403648,0.019541,0.065028,final_merged__Ich_sammel__i_tried_the_new_season [C-SDrECvTa4],255,8.500000,1.0000,False,manual_box,noise
final_merged_Ich_sammel_i_tried_the_new_season_[C-SDrECvTa4]_000255_629fd27d_aug_noise.png,0,enemy,1,0.556075,0.306899,0.026338,0.080888,final_merged__Ich_sammel__i_tried_the_new_season [C-SDrECvTa4],255,8.500000,1.0000,False,manual_box,noise
final_merged_Ich_sammel_i_tried_the_new_season_[C-SDrECvTa4]_000255_629fd27d_aug_noise.png,0,enemy,1,0.526338,0.403648,0.019541,0.080888,final_merged__Ich_sammel__i_tried_the_new_season [C-SDrECvTa4],255,8.500000,1.0000,False,manual_box,noise
final_merged_Ich_sammel_i_tried_the_new_season_[C-SDrECvTa4]_000255_629fd27d_aug_noise.png,0,enemy,1,0.502974,0.403648,0.028887,0.090404,final_merged__Ich_sammel__i_tried_the_new_season [C-SDrECvTa4],255,8.500000,1.0000,False,manual_box,noise
final_merged_Ich_sammel_i_tried_the_new_season_[C-SDrECvTa4]_000255_629fd27d_aug_noise.png,0,enemy,1,0.472387,0.438541,0.028887,0.109437,final_merged__Ich_sammel__i_tried_the_new_season [C-SDrECvTa4],255,8.500000,1.0000,False,manual_box,noise
final_merged_Ich_sammel_i_tried_the_new_season_[C-SDrECvTa4]_000255_629fd27d_aug_flip.png,1,player,1,0.610025,0.706582,0.129142,0.569389,final_merged__Ich_sammel__i_tried_the_new_season [C-SDrECvTa4],255,8.500000,1.0000,False,manual_box,flip
final_merged_Ich_sammel_i_tried_the_new_season_[C-SDrECvTa4]_000255_629fd27d_aug_flip.png,0,enemy,1,0.540357,0.793814,0.062872,0.106265,final_merged__Ich_sammel__i_tried_the_new_season [C-SDrECvTa4],255,8.500000,1.0000,False,manual_box,flip
final_merged_Ich_sammel_i_tried_the_new_season_[C-SDrECvTa4]_000255_629fd27d_aug_flip.png,0,enemy,1,0.480459,0.647105,0.058624,0.095163,final_merged__Ich_sammel__i_tried_the_new_season [C-SDrECvTa4],255,8.500000,1.0000,False,manual_box,flip
final_merged_Ich_sammel_i_tried_the_new_season_[C-SDrECvTa4]_000255_629fd27d_aug_flip.png,0,enemy,1,0.410790,0.731959,0.070518,0.385408,final_merged__Ich_sammel__i_tried_the_new_season [C-SDrECvTa4],255,8.500000,1.0000,False,manual_box,flip
final_merged_Ich_sammel_i_tried_the_new_season_[C-SDrECvTa4]_000255_629fd27d_aug_flip.png,0,enemy,1,0.410790,0.403648,0.019541,0.065028,final_merged__Ich_sammel__i_tried_the_new_season [C-SDrECvTa4],255,8.500000,1.0000,False,manual_box,flip
final_merged_Ich_sammel_i_tried_the_new_season_[C-SDrECvTa4]_000255_629fd27d_aug_flip.png,0,enemy,1,0.443925,0.306899,0.026338,0.080888,final_merged__Ich_sammel__i_tried_the_new_season [C-SDrECvTa4],255,8.500000,1.0000,False,manual_box,flip
final_merged_Ich_sammel_i_tried_the_new_season_[C-SDrECvTa4]_000255_629fd27d_aug_flip.png,0,enemy,1,0.473662,0.403648,0.019541,0.080888,final_merged__Ich_sammel__i_tried_the_new_season [C-SDrECvTa4],255,8.500000,1.0000,False,manual_box,flip
final_merged_Ich_sammel_i_tried_the_new_season_[C-SDrECvTa4]_000255_629fd27d_aug_flip.png,0,enemy,1,0.497026,0.403648,0.028887,0.090404,final_merged__Ich_sammel__i_tried_the_new_season [C-SDrECvTa4],255,8.500000,1.0000,False,manual_box,flip
final_merged_Ich_sammel_i_tried_the_new_season_[C-SDrECvTa4]_000255_629fd27d_aug_flip.png,0,enemy,1,0.527613,0.438541,0.028887,0.109437,final_merged__Ich_sammel__i_tried_the_new_season [C-SDrECvTa4],255,8.500000,1.0000,False,manual_box,flip
final_merged_Ich_sammel_i_tried_the_new_season_[C-SDrECvTa4]_000270_583c6d53_aug_original.png,1,player,1,0.387426,0.649485,0.166525,0.394925,final_merged__Ich_sammel__i_tried_the_new_season [C-SDrECvTa4],270,9.000000,1.0000,False,manual_box,original
final_merged_Ich_sammel_i_tried_the_new_season_[C-SDrECvTa4]_000270_583c6d53_aug_original.png,0,enemy,1,0.492778,0.448057,0.100255,0.229976,final_merged__Ich_sammel__i_tried_the_new_season [C-SDrECvTa4],270,9.000000,1.0000,False,manual_box,original
final_merged_Ich_sammel_i_tried_the_new_season_[C-SDrECvTa4]_000270_583c6d53_aug_original.png,0,enemy,1,0.526763,0.195083,0.020391,0.072958,final_merged__Ich_sammel__i_tried_the_new_season [C-SDrECvTa4],270,9.000000,1.0000,False,manual_box,original
final_merged_Ich_sammel_i_tried_the_new_season_[C-SDrECvTa4]_000270_583c6d53_aug_original.png,0,enemy,1,0.486831,0.045202,0.039082,0.090404,final_merged__Ich_sammel__i_tried_the_new_season [C-SDrECvTa4],270,9.000000,1.0000,False,manual_box,original
final_merged_Ich_sammel_i_tried_the_new_season_[C-SDrECvTa4]_000270_583c6d53_aug_original.png,0,enemy,1,0.439677,0.210151,0.024639,0.080888,final_merged__Ich_sammel__i_tried_the_new_season [C-SDrECvTa4],270,9.000000,1.0000,False,manual_box,original
final_merged_Ich_sammel_i_tried_the_new_season_[C-SDrECvTa4]_000270_583c6d53_aug_original.png,0,enemy,1,0.367035,0.232355,0.028887,0.109437,final_merged__Ich_sammel__i_tried_the_new_season [C-SDrECvTa4],270,9.000000,1.0000,False,manual_box,original
final_merged_Ich_sammel_i_tried_the_new_season_[C-SDrECvTa4]_000270_583c6d53_aug_original.png,0,enemy,1,0.412065,0.195083,0.023789,0.101507,final_merged__Ich_sammel__i_tried_the_new_season [C-SDrECvTa4],270,9.000000,1.0000,False,manual_box,original
final_merged_Ich_sammel_i_tried_the_new_season_[C-SDrECvTa4]_000270_583c6d53_aug_original.png,0,enemy,1,0.342821,0.209358,0.029737,0.114195,final_merged__Ich_sammel__i_tried_the_new_season [C-SDrECvTa4],270,9.000000,1.0000,False,manual_box,original
final_merged_Ich_sammel_i_tried_the_new_season_[C-SDrECvTa4]_000285_4961b08d_aug_original.png,1,player,1,0.200085,0.613402,0.391674,0.773196,final_merged__Ich_sammel__i_tried_the_new_season [C-SDrECvTa4],285,9.500000,1.0000,False,manual_box,original
final_merged_Ich_sammel_i_tried_the_new_season_[C-SDrECvTa4]_000285_4961b08d_aug_original.png,0,enemy,1,0.513169,0.612213,0.202209,0.374306,final_merged__Ich_sammel__i_tried_the_new_season [C-SDrECvTa4],285,9.500000,1.0000,False,manual_box,original
final_merged_Ich_sammel_i_tried_the_new_season_[C-SDrECvTa4]_000285_4961b08d_aug_original.png,0,enemy,1,0.520816,0.249009,0.028887,0.101507,final_merged__Ich_sammel__i_tried_the_new_season [C-SDrECvTa4],285,9.500000,1.0000,False,manual_box,original
final_merged_Ich_sammel_i_tried_the_new_season_[C-SDrECvTa4]_000285_4961b08d_aug_original.png,0,enemy,1,0.481733,0.060270,0.054376,0.117367,final_merged__Ich_sammel__i_tried_the_new_season [C-SDrECvTa4],285,9.500000,1.0000,False,manual_box,original
final_merged_Ich_sammel_i_tried_the_new_season_[C-SDrECvTa4]_000285_4961b08d_aug_original.png,0,enemy,1,0.420986,0.252181,0.017842,0.101507,final_merged__Ich_sammel__i_tried_the_new_season [C-SDrECvTa4],285,9.500000,1.0000,False,manual_box,original
final_merged_Ich_sammel_i_tried_the_new_season_[C-SDrECvTa4]_000285_4961b08d_aug_original.png,0,enemy,1,0.389550,0.256939,0.028037,0.079302,final_merged__Ich_sammel__i_tried_the_new_season [C-SDrECvTa4],285,9.500000,1.0000,False,manual_box,original
final_merged_Ich_sammel_i_tried_the_new_season_[C-SDrECvTa4]_000285_4961b08d_aug_original.png,0,enemy,1,0.338573,0.277557,0.026338,0.107851,final_merged__Ich_sammel__i_tried_the_new_season [C-SDrECvTa4],285,9.500000,1.0000,False,manual_box,original
final_merged_Ich_sammel_i_tried_the_new_season_[C-SDrECvTa4]_000285_4961b08d_aug_original.png,0,enemy,1,0.310960,0.276764,0.032285,0.125297,final_merged__Ich_sammel__i_tried_the_new_season [C-SDrECvTa4],285,9.500000,1.0000,False,manual_box,original
final_merged_Ich_sammel_i_tried_the_new_season_[C-SDrECvTa4]_000285_4961b08d_aug_brightness_0.7.png,1,player,1,0.200085,0.613402,0.391674,0.773196,final_merged__Ich_sammel__i_tried_the_new_season [C-SDrECvTa4],285,9.500000,1.0000,False,manual_box,brightness_0.7
final_merged_Ich_sammel_i_tried_the_new_season_[C-SDrECvTa4]_000285_4961b08d_aug_brightness_0.7.png,0,enemy,1,0.513169,0.612213,0.202209,0.374306,final_merged__Ich_sammel__i_tried_the_new_season [C-SDrECvTa4],285,9.500000,1.0000,False,manual_box,brightness_0.7
final_merged_Ich_sammel_i_tried_the_new_season_[C-SDrECvTa4]_000285_4961b08d_aug_brightness_0.7.png,0,enemy,1,0.520816,0.249009,0.028887,0.101507,final_merged__Ich_sammel__i_tried_the_new_season [C-SDrECvTa4],285,9.500000,1.0000,False,manual_box,brightness_0.7
final_merged_Ich_sammel_i_tried_the_new_season_[C-SDrECvTa4]_000285_4961b08d_aug_brightness_0.7.png,0,enemy,1,0.481733,0.060270,0.054376,0.117367,final_merged__Ich_sammel__i_tried_the_new_season [C-SDrECvTa4],285,9.500000,1.0000,False,manual_box,brightness_0.7
final_merged_Ich_sammel_i_tried_the_new_season_[C-SDrECvTa4]_000285_4961b08d_aug_brightness_0.7.png,0,enemy,1,0.420986,0.252181,0.017842,0.101507,final_merged__Ich_sammel__i_tried_the_new_season [C-SDrECvTa4],285,9.500000,1.0000,False,manual_box,brightness_0.7
final_merged_Ich_sammel_i_tried_the_new_season_[C-SDrECvTa4]_000285_4961b08d_aug_brightness_0.7.png,0,enemy,1,0.389550,0.256939,0.028037,0.079302,final_merged__Ich_sammel__i_tried_the_new_season [C-SDrECvTa4],285,9.500000,1.0000,False,manual_box,brightness_0.7
final_merged_Ich_sammel_i_tried_the_new_season_[C-SDrECvTa4]_000285_4961b08d_aug_brightness_0.7.png,0,enemy,1,0.338573,0.277557,0.026338,0.107851,final_merged__Ich_sammel__i_tried_the_new_season [C-SDrECvTa4],285,9.500000,1.0000,False,manual_box,brightness_0.7
final_merged_Ich_sammel_i_tried_the_new_season_[C-SDrECvTa4]_000285_4961b08d_aug_brightness_0.7.png,0,enemy,1,0.310960,0.276764,0.032285,0.125297,final_merged__Ich_sammel__i_tried_the_new_season [C-SDrECvTa4],285,9.500000,1.0000,False,manual_box,brightness_0.7
final_merged_Ich_sammel_i_tried_the_new_season_[C-SDrECvTa4]_000285_4961b08d_aug_brightness_1.3.png,1,player,1,0.200085,0.613402,0.391674,0.773196,final_merged__Ich_sammel__i_tried_the_new_season [C-SDrECvTa4],285,9.500000,1.0000,False,manual_box,brightness_1.3
final_merged_Ich_sammel_i_tried_the_new_season_[C-SDrECvTa4]_000285_4961b08d_aug_brightness_1.3.png,0,enemy,1,0.513169,0.612213,0.202209,0.374306,final_merged__Ich_sammel__i_tried_the_new_season [C-SDrECvTa4],285,9.500000,1.0000,False,manual_box,brightness_1.3
final_merged_Ich_sammel_i_tried_the_new_season_[C-SDrECvTa4]_000285_4961b08d_aug_brightness_1.3.png,0,enemy,1,0.520816,0.249009,0.028887,0.101507,final_merged__Ich_sammel__i_tried_the_new_season [C-SDrECvTa4],285,9.500000,1.0000,False,manual_box,brightness_1.3
final_merged_Ich_sammel_i_tried_the_new_season_[C-SDrECvTa4]_000285_4961b08d_aug_brightness_1.3.png,0,enemy,1,0.481733,0.060270,0.054376,0.117367,final_merged__Ich_sammel__i_tried_the_new_season [C-SDrECvTa4],285,9.500000,1.0000,False,manual_box,brightness_1.3
final_merged_Ich_sammel_i_tried_the_new_season_[C-SDrECvTa4]_000285_4961b08d_aug_brightness_1.3.png,0,enemy,1,0.420986,0.252181,0.017842,0.101507,final_merged__Ich_sammel__i_tried_the_new_season [C-SDrECvTa4],285,9.500000,1.0000,False,manual_box,brightness_1.3
final_merged_Ich_sammel_i_tried_the_new_season_[C-SDrECvTa4]_000285_4961b08d_aug_brightness_1.3.png,0,enemy,1,0.389550,0.256939,0.028037,0.079302,final_merged__Ich_sammel__i_tried_the_new_season [C-SDrECvTa4],285,9.500000,1.0000,False,manual_box,brightness_1.3
final_merged_Ich_sammel_i_tried_the_new_season_[C-SDrECvTa4]_000285_4961b08d_aug_brightness_1.3.png,0,enemy,1,0.338573,0.277557,0.026338,0.107851,final_merged__Ich_sammel__i_tried_the_new_season [C-SDrECvTa4],285,9.500000,1.0000,False,manual_box,brightness_1.3
final_merged_Ich_sammel_i_tried_the_new_season_[C-SDrECvTa4]_000285_4961b08d_aug_brightness_1.3.png,0,enemy,1,0.310960,0.276764,0.032285,0.125297,final_merged__Ich_sammel__i_tried_the_new_season [C-SDrECvTa4],285,9.500000,1.0000,False,manual_box,brightness_1.3
final_merged_Ich_sammel_i_tried_the_new_season_[C-SDrECvTa4]_000300_9db324bd_aug_original.png,1,player,1,0.221325,0.666534,0.437553,0.666931,final_merged__Ich_sammel__i_tried_the_new_season [C-SDrECvTa4],300,10.000000,1.0000,False,manual_box,original
final_merged_Ich_sammel_i_tried_the_new_season_[C-SDrECvTa4]_000300_9db324bd_aug_original.png,0,enemy,1,0.505098,0.659794,0.116398,0.371134,final_merged__Ich_sammel__i_tried_the_new_season [C-SDrECvTa4],300,10.000000,1.0000,False,manual_box,original
final_merged_Ich_sammel_i_tried_the_new_season_[C-SDrECvTa4]_000300_9db324bd_aug_original.png,0,enemy,1,0.517842,0.265662,0.033135,0.118953,final_merged__Ich_sammel__i_tried_the_new_season [C-SDrECvTa4],300,10.000000,1.0000,False,manual_box,original
final_merged_Ich_sammel_i_tried_the_new_season_[C-SDrECvTa4]_000300_9db324bd_aug_original.png,0,enemy,1,0.473237,0.076130,0.047579,0.120539,final_merged__Ich_sammel__i_tried_the_new_season [C-SDrECvTa4],300,10.000000,1.0000,False,manual_box,original
final_merged_Ich_sammel_i_tried_the_new_season_[C-SDrECvTa4]_000300_9db324bd_aug_original.png,0,enemy,1,0.415888,0.275178,0.024639,0.112609,final_merged__Ich_sammel__i_tried_the_new_season [C-SDrECvTa4],300,10.000000,1.0000,False,manual_box,original
final_merged_Ich_sammel_i_tried_the_new_season_[C-SDrECvTa4]_000300_9db324bd_aug_original.png,0,enemy,1,0.378080,0.268834,0.032285,0.096749,final_merged__Ich_sammel__i_tried_the_new_season [C-SDrECvTa4],300,10.000000,1.0000,False,manual_box,original
final_merged_Ich_sammel_i_tried_the_new_season_[C-SDrECvTa4]_000300_9db324bd_aug_original.png,0,enemy,1,0.325404,0.293418,0.027188,0.123711,final_merged__Ich_sammel__i_tried_the_new_season [C-SDrECvTa4],300,10.000000,1.0000,False,manual_box,original
final_merged_Ich_sammel_i_tried_the_new_season_[C-SDrECvTa4]_000300_9db324bd_aug_original.png,0,enemy,1,0.296092,0.279937,0.031436,0.115781,final_merged__Ich_sammel__i_tried_the_new_season [C-SDrECvTa4],300,10.000000,1.0000,False,manual_box,original
final_merged_Ich_sammel_i_tried_the_new_season_[C-SDrECvTa4]_000300_9db324bd_aug_brightness_0.7.png,1,player,1,0.221325,0.666534,0.437553,0.666931,final_merged__Ich_sammel__i_tried_the_new_season [C-SDrECvTa4],300,10.000000,1.0000,False,manual_box,brightness_0.7
final_merged_Ich_sammel_i_tried_the_new_season_[C-SDrECvTa4]_000300_9db324bd_aug_brightness_0.7.png,0,enemy,1,0.505098,0.659794,0.116398,0.371134,final_merged__Ich_sammel__i_tried_the_new_season [C-SDrECvTa4],300,10.000000,1.0000,False,manual_box,brightness_0.7
final_merged_Ich_sammel_i_tried_the_new_season_[C-SDrECvTa4]_000300_9db324bd_aug_brightness_0.7.png,0,enemy,1,0.517842,0.265662,0.033135,0.118953,final_merged__Ich_sammel__i_tried_the_new_season [C-SDrECvTa4],300,10.000000,1.0000,False,manual_box,brightness_0.7
final_merged_Ich_sammel_i_tried_the_new_season_[C-SDrECvTa4]_000300_9db324bd_aug_brightness_0.7.png,0,enemy,1,0.473237,0.076130,0.047579,0.120539,final_merged__Ich_sammel__i_tried_the_new_season [C-SDrECvTa4],300,10.000000,1.0000,False,manual_box,brightness_0.7
final_merged_Ich_sammel_i_tried_the_new_season_[C-SDrECvTa4]_000300_9db324bd_aug_brightness_0.7.png,0,enemy,1,0.415888,0.275178,0.024639,0.112609,final_merged__Ich_sammel__i_tried_the_new_season [C-SDrECvTa4],300,10.000000,1.0000,False,manual_box,brightness_0.7
final_merged_Ich_sammel_i_tried_the_new_season_[C-SDrECvTa4]_000300_9db324bd_aug_brightness_0.7.png,0,enemy,1,0.378080,0.268834,0.032285,0.096749,final_merged__Ich_sammel__i_tried_the_new_season [C-SDrECvTa4],300,10.000000,1.0000,False,manual_box,brightness_0.7
final_merged_Ich_sammel_i_tried_the_new_season_[C-SDrECvTa4]_000300_9db324bd_aug_brightness_0.7.png,0,enemy,1,0.325404,0.293418,0.027188,0.123711,final_merged__Ich_sammel__i_tried_the_new_season [C-SDrECvTa4],300,10.000000,1.0000,False,manual_box,brightness_0.7
final_merged_Ich_sammel_i_tried_the_new_season_[C-SDrECvTa4]_000300_9db324bd_aug_brightness_0.7.png,0,enemy,1,0.296092,0.279937,0.031436,0.115781,final_merged__Ich_sammel__i_tried_the_new_season [C-SDrECvTa4],300,10.000000,1.0000,False,manual_box,brightness_0.7
final_merged_Ich_sammel_i_tried_the_new_season_[C-SDrECvTa4]_000300_9db324bd_aug_brightness_1.3.png,1,player,1,0.221325,0.666534,0.437553,0.666931,final_merged__Ich_sammel__i_tried_the_new_season [C-SDrECvTa4],300,10.000000,1.0000,False,manual_box,brightness_1.3
final_merged_Ich_sammel_i_tried_the_new_season_[C-SDrECvTa4]_000300_9db324bd_aug_brightness_1.3.png,0,enemy,1,0.505098,0.659794,0.116398,0.371134,final_merged__Ich_sammel__i_tried_the_new_season [C-SDrECvTa4],300,10.000000,1.0000,False,manual_box,brightness_1.3
final_merged_Ich_sammel_i_tried_the_new_season_[C-SDrECvTa4]_000300_9db324bd_aug_brightness_1.3.png,0,enemy,1,0.517842,0.265662,0.033135,0.118953,final_merged__Ich_sammel__i_tried_the_new_season [C-SDrECvTa4],300,10.000000,1.0000,False,manual_box,brightness_1.3
final_merged_Ich_sammel_i_tried_the_new_season_[C-SDrECvTa4]_000300_9db324bd_aug_brightness_1.3.png,0,enemy,1,0.473237,0.076130,0.047579,0.120539,final_merged__Ich_sammel__i_tried_the_new_season [C-SDrECvTa4],300,10.000000,1.0000,False,manual_box,brightness_1.3
final_merged_Ich_sammel_i_tried_the_new_season_[C-SDrECvTa4]_000300_9db324bd_aug_brightness_1.3.png,0,enemy,1,0.415888,0.275178,0.024639,0.112609,final_merged__Ich_sammel__i_tried_the_new_season [C-SDrECvTa4],300,10.000000,1.0000,False,manual_box,brightness_1.3
final_merged_Ich_sammel_i_tried_the_new_season_[C-SDrECvTa4]_000300_9db324bd_aug_brightness_1.3.png,0,enemy,1,0.378080,0.268834,0.032285,0.096749,final_merged__Ich_sammel__i_tried_the_new_season [C-SDrECvTa4],300,10.000000,1.0000,False,manual_box,brightness_1.3
final_merged_Ich_sammel_i_tried_the_new_season_[C-SDrECvTa4]_000300_9db324bd_aug_brightness_1.3.png,0,enemy,1,0.325404,0.293418,0.027188,0.123711,final_merged__Ich_sammel__i_tried_the_new_season [C-SDrECvTa4],300,10.000000,1.0000,False,manual_box,brightness_1.3
final_merged_Ich_sammel_i_tried_the_new_season_[C-SDrECvTa4]_000300_9db324bd_aug_brightness_1.3.png,0,enemy,1,0.296092,0.279937,0.031436,0.115781,final_merged__Ich_sammel__i_tried_the_new_season [C-SDrECvTa4],300,10.000000,1.0000,False,manual_box,brightness_1.3
final_merged_Ich_sammel_i_tried_the_new_season_[C-SDrECvTa4]_000300_9db324bd_aug_noise.png,1,player,1,0.221325,0.666534,0.437553,0.666931,final_merged__Ich_sammel__i_tried_the_new_season [C-SDrECvTa4],300,10.000000,1.0000,False,manual_box,noise
final_merged_Ich_sammel_i_tried_the_new_season_[C-SDrECvTa4]_000300_9db324bd_aug_noise.png,0,enemy,1,0.505098,0.659794,0.116398,0.371134,final_merged__Ich_sammel__i_tried_the_new_season [C-SDrECvTa4],300,10.000000,1.0000,False,manual_box,noise
final_merged_Ich_sammel_i_tried_the_new_season_[C-SDrECvTa4]_000300_9db324bd_aug_noise.png,0,enemy,1,0.517842,0.265662,0.033135,0.118953,final_merged__Ich_sammel__i_tried_the_new_season [C-SDrECvTa4],300,10.000000,1.0000,False,manual_box,noise
final_merged_Ich_sammel_i_tried_the_new_season_[C-SDrECvTa4]_000300_9db324bd_aug_noise.png,0,enemy,1,0.473237,0.076130,0.047579,0.120539,final_merged__Ich_sammel__i_tried_the_new_season [C-SDrECvTa4],300,10.000000,1.0000,False,manual_box,noise
final_merged_Ich_sammel_i_tried_the_new_season_[C-SDrECvTa4]_000300_9db324bd_aug_noise.png,0,enemy,1,0.415888,0.275178,0.024639,0.112609,final_merged__Ich_sammel__i_tried_the_new_season [C-SDrECvTa4],300,10.000000,1.0000,False,manual_box,noise
final_merged_Ich_sammel_i_tried_the_new_season_[C-SDrECvTa4]_000300_9db324bd_aug_noise.png,0,enemy,1,0.378080,0.268834,0.032285,0.096749,final_merged__Ich_sammel__i_tried_the_new_season [C-SDrECvTa4],300,10.000000,1.0000,False,manual_box,noise
final_merged_Ich_sammel_i_tried_the_new_season_[C-SDrECvTa4]_000300_9db324bd_aug_noise.png,0,enemy,1,0.325404,0.293418,0.027188,0.123711,final_merged__Ich_sammel__i_tried_the_new_season [C-SDrECvTa4],300,10.000000,1.0000,False,manual_box,noise
final_merged_Ich_sammel_i_tried_the_new_season_[C-SDrECvTa4]_000300_9db324bd_aug_noise.png,0,enemy,1,0.296092,0.279937,0.031436,0.115781,final_merged__Ich_sammel__i_tried_the_new_season [C-SDrECvTa4],300,10.000000,1.0000,False,manual_box,noise
final_merged_Ich_sammel_i_tried_the_new_season_[C-SDrECvTa4]_000300_9db324bd_aug_flip.png,1,player,1,0.778675,0.666534,0.437553,0.666931,final_merged__Ich_sammel__i_tried_the_new_season [C-SDrECvTa4],300,10.000000,1.0000,False,manual_box,flip
final_merged_Ich_sammel_i_tried_the_new_season_[C-SDrECvTa4]_000300_9db324bd_aug_flip.png,0,enemy,1,0.494902,0.659794,0.116398,0.371134,final_merged__Ich_sammel__i_tried_the_new_season [C-SDrECvTa4],300,10.000000,1.0000,False,manual_box,flip
final_merged_Ich_sammel_i_tried_the_new_season_[C-SDrECvTa4]_000300_9db324bd_aug_flip.png,0,enemy,1,0.482158,0.265662,0.033135,0.118953,final_merged__Ich_sammel__i_tried_the_new_season [C-SDrECvTa4],300,10.000000,1.0000,False,manual_box,flip
final_merged_Ich_sammel_i_tried_the_new_season_[C-SDrECvTa4]_000300_9db324bd_aug_flip.png,0,enemy,1,0.526763,0.076130,0.047579,0.120539,final_merged__Ich_sammel__i_tried_the_new_season [C-SDrECvTa4],300,10.000000,1.0000,False,manual_box,flip
final_merged_Ich_sammel_i_tried_the_new_season_[C-SDrECvTa4]_000300_9db324bd_aug_flip.png,0,enemy,1,0.584112,0.275178,0.024639,0.112609,final_merged__Ich_sammel__i_tried_the_new_season [C-SDrECvTa4],300,10.000000,1.0000,False,manual_box,flip
final_merged_Ich_sammel_i_tried_the_new_season_[C-SDrECvTa4]_000300_9db324bd_aug_flip.png,0,enemy,1,0.621920,0.268834,0.032285,0.096749,final_merged__Ich_sammel__i_tried_the_new_season [C-SDrECvTa4],300,10.000000,1.0000,False,manual_box,flip
final_merged_Ich_sammel_i_tried_the_new_season_[C-SDrECvTa4]_000300_9db324bd_aug_flip.png,0,enemy,1,0.674596,0.293418,0.027188,0.123711,final_merged__Ich_sammel__i_tried_the_new_season [C-SDrECvTa4],300,10.000000,1.0000,False,manual_box,flip
final_merged_Ich_sammel_i_tried_the_new_season_[C-SDrECvTa4]_000300_9db324bd_aug_flip.png,0,enemy,1,0.703908,0.279937,0.031436,0.115781,final_merged__Ich_sammel__i_tried_the_new_season [C-SDrECvTa4],300,10.000000,1.0000,False,manual_box,flip
final_merged_Ich_sammel_i_tried_the_new_season_[C-SDrECvTa4]_000315_8b3ee5f6_aug_original.png,1,player,1,0.234919,0.668914,0.440952,0.662173,final_merged__Ich_sammel__i_tried_the_new_season [C-SDrECvTa4],315,10.500000,1.0000,False,manual_box,original
final_merged_Ich_sammel_i_tried_the_new_season_[C-SDrECvTa4]_000315_8b3ee5f6_aug_original.png,0,enemy,1,0.297791,0.276764,0.038233,0.134814,final_merged__Ich_sammel__i_tried_the_new_season [C-SDrECvTa4],315,10.500000,1.0000,False,manual_box,original
final_merged_Ich_sammel_i_tried_the_new_season_[C-SDrECvTa4]_000315_8b3ee5f6_aug_original.png,0,enemy,1,0.330926,0.280730,0.033135,0.120539,final_merged__Ich_sammel__i_tried_the_new_season [C-SDrECvTa4],315,10.500000,1.0000,False,manual_box,original
final_merged_Ich_sammel_i_tried_the_new_season_[C-SDrECvTa4]_000315_8b3ee5f6_aug_original.png,0,enemy,1,0.515293,0.248216,0.028037,0.093577,final_merged__Ich_sammel__i_tried_the_new_season [C-SDrECvTa4],315,10.500000,1.0000,False,manual_box,original
final_merged_Ich_sammel_i_tried_the_new_season_[C-SDrECvTa4]_000315_8b3ee5f6_aug_original.png,0,enemy,1,0.416737,0.242665,0.038233,0.104679,final_merged__Ich_sammel__i_tried_the_new_season [C-SDrECvTa4],315,10.500000,1.0000,False,manual_box,original
final_merged_Ich_sammel_i_tried_the_new_season_[C-SDrECvTa4]_000315_8b3ee5f6_aug_original.png,0,enemy,1,0.376805,0.247423,0.036534,0.095163,final_merged__Ich_sammel__i_tried_the_new_season [C-SDrECvTa4],315,10.500000,1.0000,False,manual_box,original
final_merged_Ich_sammel_i_tried_the_new_season_[C-SDrECvTa4]_000315_8b3ee5f6_aug_original.png,0,enemy,1,0.468989,0.064235,0.047579,0.115781,final_merged__Ich_sammel__i_tried_the_new_season [C-SDrECvTa4],315,10.500000,1.0000,False,manual_box,original
final_merged_Ich_sammel_i_tried_the_new_season_[C-SDrECvTa4]_000315_8b3ee5f6_aug_brightness_0.7.png,1,player,1,0.234919,0.668914,0.440952,0.662173,final_merged__Ich_sammel__i_tried_the_new_season [C-SDrECvTa4],315,10.500000,1.0000,False,manual_box,brightness_0.7
final_merged_Ich_sammel_i_tried_the_new_season_[C-SDrECvTa4]_000315_8b3ee5f6_aug_brightness_0.7.png,0,enemy,1,0.297791,0.276764,0.038233,0.134814,final_merged__Ich_sammel__i_tried_the_new_season [C-SDrECvTa4],315,10.500000,1.0000,False,manual_box,brightness_0.7
final_merged_Ich_sammel_i_tried_the_new_season_[C-SDrECvTa4]_000315_8b3ee5f6_aug_brightness_0.7.png,0,enemy,1,0.330926,0.280730,0.033135,0.120539,final_merged__Ich_sammel__i_tried_the_new_season [C-SDrECvTa4],315,10.500000,1.0000,False,manual_box,brightness_0.7
final_merged_Ich_sammel_i_tried_the_new_season_[C-SDrECvTa4]_000315_8b3ee5f6_aug_brightness_0.7.png,0,enemy,1,0.515293,0.248216,0.028037,0.093577,final_merged__Ich_sammel__i_tried_the_new_season [C-SDrECvTa4],315,10.500000,1.0000,False,manual_box,brightness_0.7
final_merged_Ich_sammel_i_tried_the_new_season_[C-SDrECvTa4]_000315_8b3ee5f6_aug_brightness_0.7.png,0,enemy,1,0.416737,0.242665,0.038233,0.104679,final_merged__Ich_sammel__i_tried_the_new_season [C-SDrECvTa4],315,10.500000,1.0000,False,manual_box,brightness_0.7
final_merged_Ich_sammel_i_tried_the_new_season_[C-SDrECvTa4]_000315_8b3ee5f6_aug_brightness_0.7.png,0,enemy,1,0.376805,0.247423,0.036534,0.095163,final_merged__Ich_sammel__i_tried_the_new_season [C-SDrECvTa4],315,10.500000,1.0000,False,manual_box,brightness_0.7
final_merged_Ich_sammel_i_tried_the_new_season_[C-SDrECvTa4]_000315_8b3ee5f6_aug_brightness_0.7.png,0,enemy,1,0.468989,0.064235,0.047579,0.115781,final_merged__Ich_sammel__i_tried_the_new_season [C-SDrECvTa4],315,10.500000,1.0000,False,manual_box,brightness_0.7
final_merged_Ich_sammel_i_tried_the_new_season_[C-SDrECvTa4]_000315_8b3ee5f6_aug_brightness_1.3.png,1,player,1,0.234919,0.668914,0.440952,0.662173,final_merged__Ich_sammel__i_tried_the_new_season [C-SDrECvTa4],315,10.500000,1.0000,False,manual_box,brightness_1.3
final_merged_Ich_sammel_i_tried_the_new_season_[C-SDrECvTa4]_000315_8b3ee5f6_aug_brightness_1.3.png,0,enemy,1,0.297791,0.276764,0.038233,0.134814,final_merged__Ich_sammel__i_tried_the_new_season [C-SDrECvTa4],315,10.500000,1.0000,False,manual_box,brightness_1.3
final_merged_Ich_sammel_i_tried_the_new_season_[C-SDrECvTa4]_000315_8b3ee5f6_aug_brightness_1.3.png,0,enemy,1,0.330926,0.280730,0.033135,0.120539,final_merged__Ich_sammel__i_tried_the_new_season [C-SDrECvTa4],315,10.500000,1.0000,False,manual_box,brightness_1.3
final_merged_Ich_sammel_i_tried_the_new_season_[C-SDrECvTa4]_000315_8b3ee5f6_aug_brightness_1.3.png,0,enemy,1,0.515293,0.248216,0.028037,0.093577,final_merged__Ich_sammel__i_tried_the_new_season [C-SDrECvTa4],315,10.500000,1.0000,False,manual_box,brightness_1.3
final_merged_Ich_sammel_i_tried_the_new_season_[C-SDrECvTa4]_000315_8b3ee5f6_aug_brightness_1.3.png,0,enemy,1,0.416737,0.242665,0.038233,0.104679,final_merged__Ich_sammel__i_tried_the_new_season [C-SDrECvTa4],315,10.500000,1.0000,False,manual_box,brightness_1.3
final_merged_Ich_sammel_i_tried_the_new_season_[C-SDrECvTa4]_000315_8b3ee5f6_aug_brightness_1.3.png,0,enemy,1,0.376805,0.247423,0.036534,0.095163,final_merged__Ich_sammel__i_tried_the_new_season [C-SDrECvTa4],315,10.500000,1.0000,False,manual_box,brightness_1.3
final_merged_Ich_sammel_i_tried_the_new_season_[C-SDrECvTa4]_000315_8b3ee5f6_aug_brightness_1.3.png,0,enemy,1,0.468989,0.064235,0.047579,0.115781,final_merged__Ich_sammel__i_tried_the_new_season [C-SDrECvTa4],315,10.500000,1.0000,False,manual_box,brightness_1.3
final_merged_Ich_sammel_i_tried_the_new_season_[C-SDrECvTa4]_000315_8b3ee5f6_aug_noise.png,1,player,1,0.234919,0.668914,0.440952,0.662173,final_merged__Ich_sammel__i_tried_the_new_season [C-SDrECvTa4],315,10.500000,1.0000,False,manual_box,noise
final_merged_Ich_sammel_i_tried_the_new_season_[C-SDrECvTa4]_000315_8b3ee5f6_aug_noise.png,0,enemy,1,0.297791,0.276764,0.038233,0.134814,final_merged__Ich_sammel__i_tried_the_new_season [C-SDrECvTa4],315,10.500000,1.0000,False,manual_box,noise
final_merged_Ich_sammel_i_tried_the_new_season_[C-SDrECvTa4]_000315_8b3ee5f6_aug_noise.png,0,enemy,1,0.330926,0.280730,0.033135,0.120539,final_merged__Ich_sammel__i_tried_the_new_season [C-SDrECvTa4],315,10.500000,1.0000,False,manual_box,noise
final_merged_Ich_sammel_i_tried_the_new_season_[C-SDrECvTa4]_000315_8b3ee5f6_aug_noise.png,0,enemy,1,0.515293,0.248216,0.028037,0.093577,final_merged__Ich_sammel__i_tried_the_new_season [C-SDrECvTa4],315,10.500000,1.0000,False,manual_box,noise
final_merged_Ich_sammel_i_tried_the_new_season_[C-SDrECvTa4]_000315_8b3ee5f6_aug_noise.png,0,enemy,1,0.416737,0.242665,0.038233,0.104679,final_merged__Ich_sammel__i_tried_the_new_season [C-SDrECvTa4],315,10.500000,1.0000,False,manual_box,noise
final_merged_Ich_sammel_i_tried_the_new_season_[C-SDrECvTa4]_000315_8b3ee5f6_aug_noise.png,0,enemy,1,0.376805,0.247423,0.036534,0.095163,final_merged__Ich_sammel__i_tried_the_new_season [C-SDrECvTa4],315,10.500000,1.0000,False,manual_box,noise
final_merged_Ich_sammel_i_tried_the_new_season_[C-SDrECvTa4]_000315_8b3ee5f6_aug_noise.png,0,enemy,1,0.468989,0.064235,0.047579,0.115781,final_merged__Ich_sammel__i_tried_the_new_season [C-SDrECvTa4],315,10.500000,1.0000,False,manual_box,noise
final_merged_Ich_sammel_i_tried_the_new_season_[C-SDrECvTa4]_000315_8b3ee5f6_aug_flip.png,1,player,1,0.765081,0.668914,0.440952,0.662173,final_merged__Ich_sammel__i_tried_the_new_season [C-SDrECvTa4],315,10.500000,1.0000,False,manual_box,flip
final_merged_Ich_sammel_i_tried_the_new_season_[C-SDrECvTa4]_000315_8b3ee5f6_aug_flip.png,0,enemy,1,0.702209,0.276764,0.038233,0.134814,final_merged__Ich_sammel__i_tried_the_new_season [C-SDrECvTa4],315,10.500000,1.0000,False,manual_box,flip
final_merged_Ich_sammel_i_tried_the_new_season_[C-SDrECvTa4]_000315_8b3ee5f6_aug_flip.png,0,enemy,1,0.669074,0.280730,0.033135,0.120539,final_merged__Ich_sammel__i_tried_the_new_season [C-SDrECvTa4],315,10.500000,1.0000,False,manual_box,flip
final_merged_Ich_sammel_i_tried_the_new_season_[C-SDrECvTa4]_000315_8b3ee5f6_aug_flip.png,0,enemy,1,0.484707,0.248216,0.028037,0.093577,final_merged__Ich_sammel__i_tried_the_new_season [C-SDrECvTa4],315,10.500000,1.0000,False,manual_box,flip
final_merged_Ich_sammel_i_tried_the_new_season_[C-SDrECvTa4]_000315_8b3ee5f6_aug_flip.png,0,enemy,1,0.583263,0.242665,0.038233,0.104679,final_merged__Ich_sammel__i_tried_the_new_season [C-SDrECvTa4],315,10.500000,1.0000,False,manual_box,flip
final_merged_Ich_sammel_i_tried_the_new_season_[C-SDrECvTa4]_000315_8b3ee5f6_aug_flip.png,0,enemy,1,0.623195,0.247423,0.036534,0.095163,final_merged__Ich_sammel__i_tried_the_new_season [C-SDrECvTa4],315,10.500000,1.0000,False,manual_box,flip
final_merged_Ich_sammel_i_tried_the_new_season_[C-SDrECvTa4]_000315_8b3ee5f6_aug_flip.png,0,enemy,1,0.531011,0.064235,0.047579,0.115781,final_merged__Ich_sammel__i_tried_the_new_season [C-SDrECvTa4],315,10.500000,1.0000,False,manual_box,flip
final_merged_Ich_sammel_i_tried_the_new_season_[C-SDrECvTa4]_000330_43ba7d49_aug_original.png,1,player,1,0.396771,0.702220,0.173322,0.595559,final_merged__Ich_sammel__i_tried_the_new_season [C-SDrECvTa4],330,11.000000,1.0000,False,manual_box,original
final_merged_Ich_sammel_i_tried_the_new_season_[C-SDrECvTa4]_000330_43ba7d49_aug_original.png,0,enemy,1,0.250212,0.747026,0.196262,0.421887,final_merged__Ich_sammel__i_tried_the_new_season [C-SDrECvTa4],330,11.000000,1.0000,False,manual_box,original
final_merged_Ich_sammel_i_tried_the_new_season_[C-SDrECvTa4]_000330_43ba7d49_aug_original.png,0,enemy,1,0.531861,0.573354,0.098556,0.283902,final_merged__Ich_sammel__i_tried_the_new_season [C-SDrECvTa4],330,11.000000,1.0000,False,manual_box,original
final_merged_Ich_sammel_i_tried_the_new_season_[C-SDrECvTa4]_000330_43ba7d49_aug_original.png,0,enemy,1,0.590909,0.272799,0.028037,0.088818,final_merged__Ich_sammel__i_tried_the_new_season [C-SDrECvTa4],330,11.000000,1.0000,False,manual_box,original
final_merged_Ich_sammel_i_tried_the_new_season_[C-SDrECvTa4]_000330_43ba7d49_aug_original.png,0,enemy,1,0.548003,0.091197,0.052676,0.131642,final_merged__Ich_sammel__i_tried_the_new_season [C-SDrECvTa4],330,11.000000,1.0000,False,manual_box,original
final_merged_Ich_sammel_i_tried_the_new_season_[C-SDrECvTa4]_000330_43ba7d49_aug_original.png,0,enemy,1,0.495752,0.269627,0.021240,0.098335,final_merged__Ich_sammel__i_tried_the_new_season [C-SDrECvTa4],330,11.000000,1.0000,False,manual_box,original
final_merged_Ich_sammel_i_tried_the_new_season_[C-SDrECvTa4]_000330_43ba7d49_aug_original.png,0,enemy,1,0.459643,0.277557,0.018692,0.079302,final_merged__Ich_sammel__i_tried_the_new_season [C-SDrECvTa4],330,11.000000,1.0000,False,manual_box,original
final_merged_Ich_sammel_i_tried_the_new_season_[C-SDrECvTa4]_000330_43ba7d49_aug_original.png,0,enemy,1,0.411640,0.298969,0.028037,0.099921,final_merged__Ich_sammel__i_tried_the_new_season [C-SDrECvTa4],330,11.000000,1.0000,False,manual_box,original
final_merged_Ich_sammel_i_tried_the_new_season_[C-SDrECvTa4]_000330_43ba7d49_aug_original.png,0,enemy,1,0.388275,0.283902,0.030586,0.098335,final_merged__Ich_sammel__i_tried_the_new_season [C-SDrECvTa4],330,11.000000,1.0000,False,manual_box,original
final_merged_Ich_sammel_i_tried_the_new_season_[C-SDrECvTa4]_000330_43ba7d49_aug_brightness_0.7.png,1,player,1,0.396771,0.702220,0.173322,0.595559,final_merged__Ich_sammel__i_tried_the_new_season [C-SDrECvTa4],330,11.000000,1.0000,False,manual_box,brightness_0.7
final_merged_Ich_sammel_i_tried_the_new_season_[C-SDrECvTa4]_000330_43ba7d49_aug_brightness_0.7.png,0,enemy,1,0.250212,0.747026,0.196262,0.421887,final_merged__Ich_sammel__i_tried_the_new_season [C-SDrECvTa4],330,11.000000,1.0000,False,manual_box,brightness_0.7
final_merged_Ich_sammel_i_tried_the_new_season_[C-SDrECvTa4]_000330_43ba7d49_aug_brightness_0.7.png,0,enemy,1,0.531861,0.573354,0.098556,0.283902,final_merged__Ich_sammel__i_tried_the_new_season [C-SDrECvTa4],330,11.000000,1.0000,False,manual_box,brightness_0.7
final_merged_Ich_sammel_i_tried_the_new_season_[C-SDrECvTa4]_000330_43ba7d49_aug_brightness_0.7.png,0,enemy,1,0.590909,0.272799,0.028037,0.088818,final_merged__Ich_sammel__i_tried_the_new_season [C-SDrECvTa4],330,11.000000,1.0000,False,manual_box,brightness_0.7
final_merged_Ich_sammel_i_tried_the_new_season_[C-SDrECvTa4]_000330_43ba7d49_aug_brightness_0.7.png,0,enemy,1,0.548003,0.091197,0.052676,0.131642,final_merged__Ich_sammel__i_tried_the_new_season [C-SDrECvTa4],330,11.000000,1.0000,False,manual_box,brightness_0.7
final_merged_Ich_sammel_i_tried_the_new_season_[C-SDrECvTa4]_000330_43ba7d49_aug_brightness_0.7.png,0,enemy,1,0.495752,0.269627,0.021240,0.098335,final_merged__Ich_sammel__i_tried_the_new_season [C-SDrECvTa4],330,11.000000,1.0000,False,manual_box,brightness_0.7
final_merged_Ich_sammel_i_tried_the_new_season_[C-SDrECvTa4]_000330_43ba7d49_aug_brightness_0.7.png,0,enemy,1,0.459643,0.277557,0.018692,0.079302,final_merged__Ich_sammel__i_tried_the_new_season [C-SDrECvTa4],330,11.000000,1.0000,False,manual_box,brightness_0.7
final_merged_Ich_sammel_i_tried_the_new_season_[C-SDrECvTa4]_000330_43ba7d49_aug_brightness_0.7.png,0,enemy,1,0.411640,0.298969,0.028037,0.099921,final_merged__Ich_sammel__i_tried_the_new_season [C-SDrECvTa4],330,11.000000,1.0000,False,manual_box,brightness_0.7
final_merged_Ich_sammel_i_tried_the_new_season_[C-SDrECvTa4]_000330_43ba7d49_aug_brightness_0.7.png,0,enemy,1,0.388275,0.283902,0.030586,0.098335,final_merged__Ich_sammel__i_tried_the_new_season [C-SDrECvTa4],330,11.000000,1.0000,False,manual_box,brightness_0.7
final_merged_Ich_sammel_i_tried_the_new_season_[C-SDrECvTa4]_000330_43ba7d49_aug_brightness_1.3.png,1,player,1,0.396771,0.702220,0.173322,0.595559,final_merged__Ich_sammel__i_tried_the_new_season [C-SDrECvTa4],330,11.000000,1.0000,False,manual_box,brightness_1.3
final_merged_Ich_sammel_i_tried_the_new_season_[C-SDrECvTa4]_000330_43ba7d49_aug_brightness_1.3.png,0,enemy,1,0.250212,0.747026,0.196262,0.421887,final_merged__Ich_sammel__i_tried_the_new_season [C-SDrECvTa4],330,11.000000,1.0000,False,manual_box,brightness_1.3
final_merged_Ich_sammel_i_tried_the_new_season_[C-SDrECvTa4]_000330_43ba7d49_aug_brightness_1.3.png,0,enemy,1,0.531861,0.573354,0.098556,0.283902,final_merged__Ich_sammel__i_tried_the_new_season [C-SDrECvTa4],330,11.000000,1.0000,False,manual_box,brightness_1.3
final_merged_Ich_sammel_i_tried_the_new_season_[C-SDrECvTa4]_000330_43ba7d49_aug_brightness_1.3.png,0,enemy,1,0.590909,0.272799,0.028037,0.088818,final_merged__Ich_sammel__i_tried_the_new_season [C-SDrECvTa4],330,11.000000,1.0000,False,manual_box,brightness_1.3
final_merged_Ich_sammel_i_tried_the_new_season_[C-SDrECvTa4]_000330_43ba7d49_aug_brightness_1.3.png,0,enemy,1,0.548003,0.091197,0.052676,0.131642,final_merged__Ich_sammel__i_tried_the_new_season [C-SDrECvTa4],330,11.000000,1.0000,False,manual_box,brightness_1.3
final_merged_Ich_sammel_i_tried_the_new_season_[C-SDrECvTa4]_000330_43ba7d49_aug_brightness_1.3.png,0,enemy,1,0.495752,0.269627,0.021240,0.098335,final_merged__Ich_sammel__i_tried_the_new_season [C-SDrECvTa4],330,11.000000,1.0000,False,manual_box,brightness_1.3
final_merged_Ich_sammel_i_tried_the_new_season_[C-SDrECvTa4]_000330_43ba7d49_aug_brightness_1.3.png,0,enemy,1,0.459643,0.277557,0.018692,0.079302,final_merged__Ich_sammel__i_tried_the_new_season [C-SDrECvTa4],330,11.000000,1.0000,False,manual_box,brightness_1.3
final_merged_Ich_sammel_i_tried_the_new_season_[C-SDrECvTa4]_000330_43ba7d49_aug_brightness_1.3.png,0,enemy,1,0.411640,0.298969,0.028037,0.099921,final_merged__Ich_sammel__i_tried_the_new_season [C-SDrECvTa4],330,11.000000,1.0000,False,manual_box,brightness_1.3
final_merged_Ich_sammel_i_tried_the_new_season_[C-SDrECvTa4]_000330_43ba7d49_aug_brightness_1.3.png,0,enemy,1,0.388275,0.283902,0.030586,0.098335,final_merged__Ich_sammel__i_tried_the_new_season [C-SDrECvTa4],330,11.000000,1.0000,False,manual_box,brightness_1.3
final_merged_Ich_sammel_i_tried_the_new_season_[C-SDrECvTa4]_000330_43ba7d49_aug_flip.png,1,player,1,0.603229,0.702220,0.173322,0.595559,final_merged__Ich_sammel__i_tried_the_new_season [C-SDrECvTa4],330,11.000000,1.0000,False,manual_box,flip
final_merged_Ich_sammel_i_tried_the_new_season_[C-SDrECvTa4]_000330_43ba7d49_aug_flip.png,0,enemy,1,0.749788,0.747026,0.196262,0.421887,final_merged__Ich_sammel__i_tried_the_new_season [C-SDrECvTa4],330,11.000000,1.0000,False,manual_box,flip
final_merged_Ich_sammel_i_tried_the_new_season_[C-SDrECvTa4]_000330_43ba7d49_aug_flip.png,0,enemy,1,0.468139,0.573354,0.098556,0.283902,final_merged__Ich_sammel__i_tried_the_new_season [C-SDrECvTa4],330,11.000000,1.0000,False,manual_box,flip
final_merged_Ich_sammel_i_tried_the_new_season_[C-SDrECvTa4]_000330_43ba7d49_aug_flip.png,0,enemy,1,0.409091,0.272799,0.028037,0.088818,final_merged__Ich_sammel__i_tried_the_new_season [C-SDrECvTa4],330,11.000000,1.0000,False,manual_box,flip
final_merged_Ich_sammel_i_tried_the_new_season_[C-SDrECvTa4]_000330_43ba7d49_aug_flip.png,0,enemy,1,0.451997,0.091197,0.052676,0.131642,final_merged__Ich_sammel__i_tried_the_new_season [C-SDrECvTa4],330,11.000000,1.0000,False,manual_box,flip
final_merged_Ich_sammel_i_tried_the_new_season_[C-SDrECvTa4]_000330_43ba7d49_aug_flip.png,0,enemy,1,0.504248,0.269627,0.021240,0.098335,final_merged__Ich_sammel__i_tried_the_new_season [C-SDrECvTa4],330,11.000000,1.0000,False,manual_box,flip
final_merged_Ich_sammel_i_tried_the_new_season_[C-SDrECvTa4]_000330_43ba7d49_aug_flip.png,0,enemy,1,0.540357,0.277557,0.018692,0.079302,final_merged__Ich_sammel__i_tried_the_new_season [C-SDrECvTa4],330,11.000000,1.0000,False,manual_box,flip
final_merged_Ich_sammel_i_tried_the_new_season_[C-SDrECvTa4]_000330_43ba7d49_aug_flip.png,0,enemy,1,0.588360,0.298969,0.028037,0.099921,final_merged__Ich_sammel__i_tried_the_new_season [C-SDrECvTa4],330,11.000000,1.0000,False,manual_box,flip
final_merged_Ich_sammel_i_tried_the_new_season_[C-SDrECvTa4]_000330_43ba7d49_aug_flip.png,0,enemy,1,0.611725,0.283902,0.030586,0.098335,final_merged__Ich_sammel__i_tried_the_new_season [C-SDrECvTa4],330,11.000000,1.0000,False,manual_box,flip
final_merged_Ich_sammel_i_tried_the_new_season_[C-SDrECvTa4]_000330_43ba7d49_aug_zoom.png,1,player,1,0.537995,0.596989,0.235013,0.806020,final_merged__Ich_sammel__i_tried_the_new_season [C-SDrECvTa4],330,11.000000,1.0000,False,manual_box,zoom
final_merged_Ich_sammel_i_tried_the_new_season_[C-SDrECvTa4]_000330_43ba7d49_aug_zoom.png,0,enemy,1,0.339271,0.657629,0.266118,0.570975,final_merged__Ich_sammel__i_tried_the_new_season [C-SDrECvTa4],330,11.000000,1.0000,False,manual_box,zoom
final_merged_Ich_sammel_i_tried_the_new_season_[C-SDrECvTa4]_000330_43ba7d49_aug_zoom.png,0,enemy,1,0.721167,0.422584,0.133635,0.384228,final_merged__Ich_sammel__i_tried_the_new_season [C-SDrECvTa4],330,11.000000,1.0000,False,manual_box,zoom
final_merged_Ich_sammel_i_tried_the_new_season_[C-SDrECvTa4]_000330_43ba7d49_aug_zoom.png,0,enemy,1,0.801233,0.037960,0.038016,0.075921,final_merged__Ich_sammel__i_tried_the_new_season [C-SDrECvTa4],330,11.000000,1.0000,False,manual_box,zoom
final_merged_Ich_sammel_i_tried_the_new_season_[C-SDrECvTa4]_000330_43ba7d49_aug_zoom.png,0,enemy,1,0.672206,0.039034,0.028800,0.078068,final_merged__Ich_sammel__i_tried_the_new_season [C-SDrECvTa4],330,11.000000,1.0000,False,manual_box,zoom
final_merged_Ich_sammel_i_tried_the_new_season_[C-SDrECvTa4]_000330_43ba7d49_aug_zoom.png,0,enemy,1,0.623245,0.037960,0.025345,0.075921,final_merged__Ich_sammel__i_tried_the_new_season [C-SDrECvTa4],330,11.000000,1.0000,False,manual_box,zoom
final_merged_Ich_sammel_i_tried_the_new_season_[C-SDrECvTa4]_000330_43ba7d49_aug_zoom.png,0,enemy,1,0.558156,0.059426,0.038016,0.118852,final_merged__Ich_sammel__i_tried_the_new_season [C-SDrECvTa4],330,11.000000,1.0000,False,manual_box,zoom
final_merged_Ich_sammel_i_tried_the_new_season_[C-SDrECvTa4]_000330_43ba7d49_aug_zoom.png,0,enemy,1,0.526475,0.048694,0.041473,0.097387,final_merged__Ich_sammel__i_tried_the_new_season [C-SDrECvTa4],330,11.000000,1.0000,False,manual_box,zoom
final_merged_Ich_sammel_i_tried_the_new_season_[C-SDrECvTa4]_000345_f8ad5f36_aug_original.png,1,player,1,0.409941,0.672879,0.203059,0.654243,final_merged__Ich_sammel__i_tried_the_new_season [C-SDrECvTa4],345,11.500000,1.0000,False,manual_box,original
final_merged_Ich_sammel_i_tried_the_new_season_[C-SDrECvTa4]_000345_f8ad5f36_aug_original.png,0,enemy,1,0.624044,0.494052,0.112999,0.325139,final_merged__Ich_sammel__i_tried_the_new_season [C-SDrECvTa4],345,11.500000,1.0000,False,manual_box,original
final_merged_Ich_sammel_i_tried_the_new_season_[C-SDrECvTa4]_000345_f8ad5f36_aug_original.png,0,enemy,1,0.592608,0.053132,0.065421,0.103093,final_merged__Ich_sammel__i_tried_the_new_season [C-SDrECvTa4],345,11.500000,1.0000,False,manual_box,original
final_merged_Ich_sammel_i_tried_the_new_season_[C-SDrECvTa4]_000345_f8ad5f36_aug_original.png,0,enemy,1,0.517842,0.283902,0.034834,0.107851,final_merged__Ich_sammel__i_tried_the_new_season [C-SDrECvTa4],345,11.500000,1.0000,False,manual_box,original
final_merged_Ich_sammel_i_tried_the_new_season_[C-SDrECvTa4]_000345_f8ad5f36_aug_original.png,0,enemy,1,0.476636,0.275971,0.025489,0.091990,final_merged__Ich_sammel__i_tried_the_new_season [C-SDrECvTa4],345,11.500000,1.0000,False,manual_box,original
final_merged_Ich_sammel_i_tried_the_new_season_[C-SDrECvTa4]_000345_f8ad5f36_aug_original.png,0,enemy,1,0.438403,0.272006,0.032285,0.090404,final_merged__Ich_sammel__i_tried_the_new_season [C-SDrECvTa4],345,11.500000,1.0000,False,manual_box,original
final_merged_Ich_sammel_i_tried_the_new_season_[C-SDrECvTa4]_000345_f8ad5f36_aug_original.png,0,enemy,1,0.406967,0.275971,0.025489,0.098335,final_merged__Ich_sammel__i_tried_the_new_season [C-SDrECvTa4],345,11.500000,1.0000,False,manual_box,original
final_merged_Ich_sammel_i_tried_the_new_season_[C-SDrECvTa4]_000345_f8ad5f36_aug_noise.png,1,player,1,0.409941,0.672879,0.203059,0.654243,final_merged__Ich_sammel__i_tried_the_new_season [C-SDrECvTa4],345,11.500000,1.0000,False,manual_box,noise
final_merged_Ich_sammel_i_tried_the_new_season_[C-SDrECvTa4]_000345_f8ad5f36_aug_noise.png,0,enemy,1,0.624044,0.494052,0.112999,0.325139,final_merged__Ich_sammel__i_tried_the_new_season [C-SDrECvTa4],345,11.500000,1.0000,False,manual_box,noise
final_merged_Ich_sammel_i_tried_the_new_season_[C-SDrECvTa4]_000345_f8ad5f36_aug_noise.png,0,enemy,1,0.592608,0.053132,0.065421,0.103093,final_merged__Ich_sammel__i_tried_the_new_season [C-SDrECvTa4],345,11.500000,1.0000,False,manual_box,noise
final_merged_Ich_sammel_i_tried_the_new_season_[C-SDrECvTa4]_000345_f8ad5f36_aug_noise.png,0,enemy,1,0.517842,0.283902,0.034834,0.107851,final_merged__Ich_sammel__i_tried_the_new_season [C-SDrECvTa4],345,11.500000,1.0000,False,manual_box,noise
final_merged_Ich_sammel_i_tried_the_new_season_[C-SDrECvTa4]_000345_f8ad5f36_aug_noise.png,0,enemy,1,0.476636,0.275971,0.025489,0.091990,final_merged__Ich_sammel__i_tried_the_new_season [C-SDrECvTa4],345,11.500000,1.0000,False,manual_box,noise
final_merged_Ich_sammel_i_tried_the_new_season_[C-SDrECvTa4]_000345_f8ad5f36_aug_noise.png,0,enemy,1,0.438403,0.272006,0.032285,0.090404,final_merged__Ich_sammel__i_tried_the_new_season [C-SDrECvTa4],345,11.500000,1.0000,False,manual_box,noise
final_merged_Ich_sammel_i_tried_the_new_season_[C-SDrECvTa4]_000345_f8ad5f36_aug_noise.png,0,enemy,1,0.406967,0.275971,0.025489,0.098335,final_merged__Ich_sammel__i_tried_the_new_season [C-SDrECvTa4],345,11.500000,1.0000,False,manual_box,noise
final_merged_Ich_sammel_i_tried_the_new_season_[C-SDrECvTa4]_000360_934ae75b_aug_original.png,1,player,1,0.398046,0.693497,0.216653,0.613006,final_merged__Ich_sammel__i_tried_the_new_season [C-SDrECvTa4],360,12.000000,1.0000,False,manual_box,original
final_merged_Ich_sammel_i_tried_the_new_season_[C-SDrECvTa4]_000360_934ae75b_aug_original.png,0,enemy,1,0.469414,0.353688,0.031436,0.117367,final_merged__Ich_sammel__i_tried_the_new_season [C-SDrECvTa4],360,12.000000,1.0000,False,manual_box,original
final_merged_Ich_sammel_i_tried_the_new_season_[C-SDrECvTa4]_000360_934ae75b_aug_original.png,0,enemy,1,0.573492,0.334655,0.039082,0.107851,final_merged__Ich_sammel__i_tried_the_new_season [C-SDrECvTa4],360,12.000000,1.0000,False,manual_box,original
final_merged_Ich_sammel_i_tried_the_new_season_[C-SDrECvTa4]_000360_934ae75b_aug_original.png,0,enemy,1,0.558199,0.107058,0.049278,0.137986,final_merged__Ich_sammel__i_tried_the_new_season [C-SDrECvTa4],360,12.000000,1.0000,False,manual_box,original
final_merged_Ich_sammel_i_tried_the_new_season_[C-SDrECvTa4]_000360_934ae75b_aug_brightness_0.7.png,1,player,1,0.398046,0.693497,0.216653,0.613006,final_merged__Ich_sammel__i_tried_the_new_season [C-SDrECvTa4],360,12.000000,1.0000,False,manual_box,brightness_0.7
final_merged_Ich_sammel_i_tried_the_new_season_[C-SDrECvTa4]_000360_934ae75b_aug_brightness_0.7.png,0,enemy,1,0.469414,0.353688,0.031436,0.117367,final_merged__Ich_sammel__i_tried_the_new_season [C-SDrECvTa4],360,12.000000,1.0000,False,manual_box,brightness_0.7
final_merged_Ich_sammel_i_tried_the_new_season_[C-SDrECvTa4]_000360_934ae75b_aug_brightness_0.7.png,0,enemy,1,0.573492,0.334655,0.039082,0.107851,final_merged__Ich_sammel__i_tried_the_new_season [C-SDrECvTa4],360,12.000000,1.0000,False,manual_box,brightness_0.7
final_merged_Ich_sammel_i_tried_the_new_season_[C-SDrECvTa4]_000360_934ae75b_aug_brightness_0.7.png,0,enemy,1,0.558199,0.107058,0.049278,0.137986,final_merged__Ich_sammel__i_tried_the_new_season [C-SDrECvTa4],360,12.000000,1.0000,False,manual_box,brightness_0.7
final_merged_Ich_sammel_i_tried_the_new_season_[C-SDrECvTa4]_000360_934ae75b_aug_brightness_1.3.png,1,player,1,0.398046,0.693497,0.216653,0.613006,final_merged__Ich_sammel__i_tried_the_new_season [C-SDrECvTa4],360,12.000000,1.0000,False,manual_box,brightness_1.3
final_merged_Ich_sammel_i_tried_the_new_season_[C-SDrECvTa4]_000360_934ae75b_aug_brightness_1.3.png,0,enemy,1,0.469414,0.353688,0.031436,0.117367,final_merged__Ich_sammel__i_tried_the_new_season [C-SDrECvTa4],360,12.000000,1.0000,False,manual_box,brightness_1.3
final_merged_Ich_sammel_i_tried_the_new_season_[C-SDrECvTa4]_000360_934ae75b_aug_brightness_1.3.png,0,enemy,1,0.573492,0.334655,0.039082,0.107851,final_merged__Ich_sammel__i_tried_the_new_season [C-SDrECvTa4],360,12.000000,1.0000,False,manual_box,brightness_1.3
final_merged_Ich_sammel_i_tried_the_new_season_[C-SDrECvTa4]_000360_934ae75b_aug_brightness_1.3.png,0,enemy,1,0.558199,0.107058,0.049278,0.137986,final_merged__Ich_sammel__i_tried_the_new_season [C-SDrECvTa4],360,12.000000,1.0000,False,manual_box,brightness_1.3
final_merged_Ich_sammel_i_tried_the_new_season_[C-SDrECvTa4]_000360_934ae75b_aug_shift.png,1,player,1,0.273077,0.711044,0.216653,0.577912,final_merged__Ich_sammel__i_tried_the_new_season [C-SDrECvTa4],360,12.000000,1.0000,False,manual_box,shift
final_merged_Ich_sammel_i_tried_the_new_season_[C-SDrECvTa4]_000360_934ae75b_aug_shift.png,0,enemy,1,0.344445,0.388782,0.031436,0.117367,final_merged__Ich_sammel__i_tried_the_new_season [C-SDrECvTa4],360,12.000000,1.0000,False,manual_box,shift
final_merged_Ich_sammel_i_tried_the_new_season_[C-SDrECvTa4]_000360_934ae75b_aug_shift.png,0,enemy,1,0.448523,0.369749,0.039082,0.107851,final_merged__Ich_sammel__i_tried_the_new_season [C-SDrECvTa4],360,12.000000,1.0000,False,manual_box,shift
final_merged_Ich_sammel_i_tried_the_new_season_[C-SDrECvTa4]_000360_934ae75b_aug_shift.png,0,enemy,1,0.433230,0.142152,0.049278,0.137986,final_merged__Ich_sammel__i_tried_the_new_season [C-SDrECvTa4],360,12.000000,1.0000,False,manual_box,shift
final_merged_Ich_sammel_i_tried_the_new_season_[C-SDrECvTa4]_000360_934ae75b_aug_zoom.png,1,player,1,0.516145,0.758955,0.288871,0.482090,final_merged__Ich_sammel__i_tried_the_new_season [C-SDrECvTa4],360,12.000000,1.0000,False,manual_box,zoom
final_merged_Ich_sammel_i_tried_the_new_season_[C-SDrECvTa4]_000360_934ae75b_aug_zoom.png,0,enemy,1,0.611302,0.473337,0.041915,0.157071,final_merged__Ich_sammel__i_tried_the_new_season [C-SDrECvTa4],360,12.000000,1.0000,False,manual_box,zoom
final_merged_Ich_sammel_i_tried_the_new_season_[C-SDrECvTa4]_000360_934ae75b_aug_zoom.png,0,enemy,1,0.750073,0.447865,0.052109,0.144336,final_merged__Ich_sammel__i_tried_the_new_season [C-SDrECvTa4],360,12.000000,1.0000,False,manual_box,zoom
final_merged_Ich_sammel_i_tried_the_new_season_[C-SDrECvTa4]_000360_934ae75b_aug_zoom.png,0,enemy,1,0.729682,0.143275,0.065704,0.184665,final_merged__Ich_sammel__i_tried_the_new_season [C-SDrECvTa4],360,12.000000,1.0000,False,manual_box,zoom
final_merged_Ich_sammel_i_tried_the_new_season_[C-SDrECvTa4]_000375_1a1b4bfa_aug_original.png,1,player,1,0.373407,0.692704,0.218352,0.614592,final_merged__Ich_sammel__i_tried_the_new_season [C-SDrECvTa4],375,12.500000,1.0000,False,manual_box,original
final_merged_Ich_sammel_i_tried_the_new_season_[C-SDrECvTa4]_000375_1a1b4bfa_aug_original.png,0,enemy,1,0.648683,0.414750,0.029737,0.103093,final_merged__Ich_sammel__i_tried_the_new_season [C-SDrECvTa4],375,12.500000,1.0000,False,manual_box,original
final_merged_Ich_sammel_i_tried_the_new_season_[C-SDrECvTa4]_000375_1a1b4bfa_aug_original.png,0,enemy,1,0.774427,0.421094,0.026338,0.118953,final_merged__Ich_sammel__i_tried_the_new_season [C-SDrECvTa4],375,12.500000,1.0000,False,manual_box,original
final_merged_Ich_sammel_i_tried_the_new_season_[C-SDrECvTa4]_000375_1a1b4bfa_aug_original.png,0,enemy,1,0.769329,0.110230,0.056924,0.166534,final_merged__Ich_sammel__i_tried_the_new_season [C-SDrECvTa4],375,12.500000,1.0000,False,manual_box,original
final_merged_Ich_sammel_i_tried_the_new_season_[C-SDrECvTa4]_000375_1a1b4bfa_aug_original.png,0,enemy,1,0.606627,0.422680,0.020391,0.096749,final_merged__Ich_sammel__i_tried_the_new_season [C-SDrECvTa4],375,12.500000,1.0000,False,manual_box,original
final_merged_Ich_sammel_i_tried_the_new_season_[C-SDrECvTa4]_000375_1a1b4bfa_aug_original.png,0,enemy,1,0.553526,0.433783,0.031436,0.137986,final_merged__Ich_sammel__i_tried_the_new_season [C-SDrECvTa4],375,12.500000,1.0000,False,manual_box,original
final_merged_Ich_sammel_i_tried_the_new_season_[C-SDrECvTa4]_000375_1a1b4bfa_aug_original.png,0,enemy,1,0.526763,0.421887,0.028887,0.101507,final_merged__Ich_sammel__i_tried_the_new_season [C-SDrECvTa4],375,12.500000,1.0000,False,manual_box,original
final_merged_Ich_sammel_i_tried_the_new_season_[C-SDrECvTa4]_000375_1a1b4bfa_aug_brightness_0.7.png,1,player,1,0.373407,0.692704,0.218352,0.614592,final_merged__Ich_sammel__i_tried_the_new_season [C-SDrECvTa4],375,12.500000,1.0000,False,manual_box,brightness_0.7
final_merged_Ich_sammel_i_tried_the_new_season_[C-SDrECvTa4]_000375_1a1b4bfa_aug_brightness_0.7.png,0,enemy,1,0.648683,0.414750,0.029737,0.103093,final_merged__Ich_sammel__i_tried_the_new_season [C-SDrECvTa4],375,12.500000,1.0000,False,manual_box,brightness_0.7
final_merged_Ich_sammel_i_tried_the_new_season_[C-SDrECvTa4]_000375_1a1b4bfa_aug_brightness_0.7.png,0,enemy,1,0.774427,0.421094,0.026338,0.118953,final_merged__Ich_sammel__i_tried_the_new_season [C-SDrECvTa4],375,12.500000,1.0000,False,manual_box,brightness_0.7
final_merged_Ich_sammel_i_tried_the_new_season_[C-SDrECvTa4]_000375_1a1b4bfa_aug_brightness_0.7.png,0,enemy,1,0.769329,0.110230,0.056924,0.166534,final_merged__Ich_sammel__i_tried_the_new_season [C-SDrECvTa4],375,12.500000,1.0000,False,manual_box,brightness_0.7
final_merged_Ich_sammel_i_tried_the_new_season_[C-SDrECvTa4]_000375_1a1b4bfa_aug_brightness_0.7.png,0,enemy,1,0.606627,0.422680,0.020391,0.096749,final_merged__Ich_sammel__i_tried_the_new_season [C-SDrECvTa4],375,12.500000,1.0000,False,manual_box,brightness_0.7
final_merged_Ich_sammel_i_tried_the_new_season_[C-SDrECvTa4]_000375_1a1b4bfa_aug_brightness_0.7.png,0,enemy,1,0.553526,0.433783,0.031436,0.137986,final_merged__Ich_sammel__i_tried_the_new_season [C-SDrECvTa4],375,12.500000,1.0000,False,manual_box,brightness_0.7
final_merged_Ich_sammel_i_tried_the_new_season_[C-SDrECvTa4]_000375_1a1b4bfa_aug_brightness_0.7.png,0,enemy,1,0.526763,0.421887,0.028887,0.101507,final_merged__Ich_sammel__i_tried_the_new_season [C-SDrECvTa4],375,12.500000,1.0000,False,manual_box,brightness_0.7
final_merged_Ich_sammel_i_tried_the_new_season_[C-SDrECvTa4]_000375_1a1b4bfa_aug_brightness_1.3.png,1,player,1,0.373407,0.692704,0.218352,0.614592,final_merged__Ich_sammel__i_tried_the_new_season [C-SDrECvTa4],375,12.500000,1.0000,False,manual_box,brightness_1.3
final_merged_Ich_sammel_i_tried_the_new_season_[C-SDrECvTa4]_000375_1a1b4bfa_aug_brightness_1.3.png,0,enemy,1,0.648683,0.414750,0.029737,0.103093,final_merged__Ich_sammel__i_tried_the_new_season [C-SDrECvTa4],375,12.500000,1.0000,False,manual_box,brightness_1.3
final_merged_Ich_sammel_i_tried_the_new_season_[C-SDrECvTa4]_000375_1a1b4bfa_aug_brightness_1.3.png,0,enemy,1,0.774427,0.421094,0.026338,0.118953,final_merged__Ich_sammel__i_tried_the_new_season [C-SDrECvTa4],375,12.500000,1.0000,False,manual_box,brightness_1.3
final_merged_Ich_sammel_i_tried_the_new_season_[C-SDrECvTa4]_000375_1a1b4bfa_aug_brightness_1.3.png,0,enemy,1,0.769329,0.110230,0.056924,0.166534,final_merged__Ich_sammel__i_tried_the_new_season [C-SDrECvTa4],375,12.500000,1.0000,False,manual_box,brightness_1.3
final_merged_Ich_sammel_i_tried_the_new_season_[C-SDrECvTa4]_000375_1a1b4bfa_aug_brightness_1.3.png,0,enemy,1,0.606627,0.422680,0.020391,0.096749,final_merged__Ich_sammel__i_tried_the_new_season [C-SDrECvTa4],375,12.500000,1.0000,False,manual_box,brightness_1.3
final_merged_Ich_sammel_i_tried_the_new_season_[C-SDrECvTa4]_000375_1a1b4bfa_aug_brightness_1.3.png,0,enemy,1,0.553526,0.433783,0.031436,0.137986,final_merged__Ich_sammel__i_tried_the_new_season [C-SDrECvTa4],375,12.500000,1.0000,False,manual_box,brightness_1.3
final_merged_Ich_sammel_i_tried_the_new_season_[C-SDrECvTa4]_000375_1a1b4bfa_aug_brightness_1.3.png,0,enemy,1,0.526763,0.421887,0.028887,0.101507,final_merged__Ich_sammel__i_tried_the_new_season [C-SDrECvTa4],375,12.500000,1.0000,False,manual_box,brightness_1.3
final_merged_Ich_sammel_i_tried_the_new_season_[C-SDrECvTa4]_000375_1a1b4bfa_aug_flip.png,1,player,1,0.626593,0.692704,0.218352,0.614592,final_merged__Ich_sammel__i_tried_the_new_season [C-SDrECvTa4],375,12.500000,1.0000,False,manual_box,flip
final_merged_Ich_sammel_i_tried_the_new_season_[C-SDrECvTa4]_000375_1a1b4bfa_aug_flip.png,0,enemy,1,0.351317,0.414750,0.029737,0.103093,final_merged__Ich_sammel__i_tried_the_new_season [C-SDrECvTa4],375,12.500000,1.0000,False,manual_box,flip
final_merged_Ich_sammel_i_tried_the_new_season_[C-SDrECvTa4]_000375_1a1b4bfa_aug_flip.png,0,enemy,1,0.225573,0.421094,0.026338,0.118953,final_merged__Ich_sammel__i_tried_the_new_season [C-SDrECvTa4],375,12.500000,1.0000,False,manual_box,flip
final_merged_Ich_sammel_i_tried_the_new_season_[C-SDrECvTa4]_000375_1a1b4bfa_aug_flip.png,0,enemy,1,0.230671,0.110230,0.056924,0.166534,final_merged__Ich_sammel__i_tried_the_new_season [C-SDrECvTa4],375,12.500000,1.0000,False,manual_box,flip
final_merged_Ich_sammel_i_tried_the_new_season_[C-SDrECvTa4]_000375_1a1b4bfa_aug_flip.png,0,enemy,1,0.393373,0.422680,0.020391,0.096749,final_merged__Ich_sammel__i_tried_the_new_season [C-SDrECvTa4],375,12.500000,1.0000,False,manual_box,flip
final_merged_Ich_sammel_i_tried_the_new_season_[C-SDrECvTa4]_000375_1a1b4bfa_aug_flip.png,0,enemy,1,0.446474,0.433783,0.031436,0.137986,final_merged__Ich_sammel__i_tried_the_new_season [C-SDrECvTa4],375,12.500000,1.0000,False,manual_box,flip
final_merged_Ich_sammel_i_tried_the_new_season_[C-SDrECvTa4]_000375_1a1b4bfa_aug_flip.png,0,enemy,1,0.473237,0.421887,0.028887,0.101507,final_merged__Ich_sammel__i_tried_the_new_season [C-SDrECvTa4],375,12.500000,1.0000,False,manual_box,flip
final_merged_Ich_sammel_i_tried_the_new_season_[C-SDrECvTa4]_000375_1a1b4bfa_aug_shift.png,1,player,1,0.304393,0.735247,0.218352,0.529506,final_merged__Ich_sammel__i_tried_the_new_season [C-SDrECvTa4],375,12.500000,1.0000,False,manual_box,shift
final_merged_Ich_sammel_i_tried_the_new_season_[C-SDrECvTa4]_000375_1a1b4bfa_aug_shift.png,0,enemy,1,0.579669,0.499836,0.029737,0.103093,final_merged__Ich_sammel__i_tried_the_new_season [C-SDrECvTa4],375,12.500000,1.0000,False,manual_box,shift
final_merged_Ich_sammel_i_tried_the_new_season_[C-SDrECvTa4]_000375_1a1b4bfa_aug_shift.png,0,enemy,1,0.705413,0.506180,0.026338,0.118953,final_merged__Ich_sammel__i_tried_the_new_season [C-SDrECvTa4],375,12.500000,1.0000,False,manual_box,shift
final_merged_Ich_sammel_i_tried_the_new_season_[C-SDrECvTa4]_000375_1a1b4bfa_aug_shift.png,0,enemy,1,0.700315,0.195316,0.056924,0.166534,final_merged__Ich_sammel__i_tried_the_new_season [C-SDrECvTa4],375,12.500000,1.0000,False,manual_box,shift
final_merged_Ich_sammel_i_tried_the_new_season_[C-SDrECvTa4]_000375_1a1b4bfa_aug_shift.png,0,enemy,1,0.537613,0.507766,0.020391,0.096749,final_merged__Ich_sammel__i_tried_the_new_season [C-SDrECvTa4],375,12.500000,1.0000,False,manual_box,shift
final_merged_Ich_sammel_i_tried_the_new_season_[C-SDrECvTa4]_000375_1a1b4bfa_aug_shift.png,0,enemy,1,0.484512,0.518869,0.031436,0.137986,final_merged__Ich_sammel__i_tried_the_new_season [C-SDrECvTa4],375,12.500000,1.0000,False,manual_box,shift
final_merged_Ich_sammel_i_tried_the_new_season_[C-SDrECvTa4]_000375_1a1b4bfa_aug_shift.png,0,enemy,1,0.457749,0.506973,0.028887,0.101507,final_merged__Ich_sammel__i_tried_the_new_season [C-SDrECvTa4],375,12.500000,1.0000,False,manual_box,shift
final_merged_Ich_sammel_i_tried_the_new_season_[C-SDrECvTa4]_000390_2b5c1771_aug_original.png,1,player,1,0.379354,0.687153,0.174172,0.625694,final_merged__Ich_sammel__i_tried_the_new_season [C-SDrECvTa4],390,13.000000,1.0000,False,manual_box,original
final_merged_Ich_sammel_i_tried_the_new_season_[C-SDrECvTa4]_000390_2b5c1771_aug_original.png,0,enemy,1,0.167375,0.718477,0.278675,0.482157,final_merged__Ich_sammel__i_tried_the_new_season [C-SDrECvTa4],390,13.000000,1.0000,False,manual_box,original
final_merged_Ich_sammel_i_tried_the_new_season_[C-SDrECvTa4]_000390_2b5c1771_aug_original.png,0,enemy,1,0.222600,0.570975,0.059473,0.222046,final_merged__Ich_sammel__i_tried_the_new_season [C-SDrECvTa4],390,13.000000,1.0000,False,manual_box,original
final_merged_Ich_sammel_i_tried_the_new_season_[C-SDrECvTa4]_000390_2b5c1771_aug_original.png,0,enemy,1,0.500000,0.538462,0.055225,0.163362,final_merged__Ich_sammel__i_tried_the_new_season [C-SDrECvTa4],390,13.000000,1.0000,False,manual_box,original
final_merged_Ich_sammel_i_tried_the_new_season_[C-SDrECvTa4]_000390_2b5c1771_aug_original.png,0,enemy,1,0.672472,0.550357,0.055225,0.168121,final_merged__Ich_sammel__i_tried_the_new_season [C-SDrECvTa4],390,13.000000,1.0000,False,manual_box,original
final_merged_Ich_sammel_i_tried_the_new_season_[C-SDrECvTa4]_000390_2b5c1771_aug_original.png,0,enemy,1,0.818182,0.546392,0.052676,0.163362,final_merged__Ich_sammel__i_tried_the_new_season [C-SDrECvTa4],390,13.000000,1.0000,False,manual_box,original
final_merged_Ich_sammel_i_tried_the_new_season_[C-SDrECvTa4]_000390_2b5c1771_aug_noise.png,1,player,1,0.379354,0.687153,0.174172,0.625694,final_merged__Ich_sammel__i_tried_the_new_season [C-SDrECvTa4],390,13.000000,1.0000,False,manual_box,noise
final_merged_Ich_sammel_i_tried_the_new_season_[C-SDrECvTa4]_000390_2b5c1771_aug_noise.png,0,enemy,1,0.167375,0.718477,0.278675,0.482157,final_merged__Ich_sammel__i_tried_the_new_season [C-SDrECvTa4],390,13.000000,1.0000,False,manual_box,noise
final_merged_Ich_sammel_i_tried_the_new_season_[C-SDrECvTa4]_000390_2b5c1771_aug_noise.png,0,enemy,1,0.222600,0.570975,0.059473,0.222046,final_merged__Ich_sammel__i_tried_the_new_season [C-SDrECvTa4],390,13.000000,1.0000,False,manual_box,noise
final_merged_Ich_sammel_i_tried_the_new_season_[C-SDrECvTa4]_000390_2b5c1771_aug_noise.png,0,enemy,1,0.500000,0.538462,0.055225,0.163362,final_merged__Ich_sammel__i_tried_the_new_season [C-SDrECvTa4],390,13.000000,1.0000,False,manual_box,noise
final_merged_Ich_sammel_i_tried_the_new_season_[C-SDrECvTa4]_000390_2b5c1771_aug_noise.png,0,enemy,1,0.672472,0.550357,0.055225,0.168121,final_merged__Ich_sammel__i_tried_the_new_season [C-SDrECvTa4],390,13.000000,1.0000,False,manual_box,noise
final_merged_Ich_sammel_i_tried_the_new_season_[C-SDrECvTa4]_000390_2b5c1771_aug_noise.png,0,enemy,1,0.818182,0.546392,0.052676,0.163362,final_merged__Ich_sammel__i_tried_the_new_season [C-SDrECvTa4],390,13.000000,1.0000,False,manual_box,noise
final_merged_Ich_sammel_i_tried_the_new_season_[C-SDrECvTa4]_000390_2b5c1771_aug_flip.png,1,player,1,0.620646,0.687153,0.174172,0.625694,final_merged__Ich_sammel__i_tried_the_new_season [C-SDrECvTa4],390,13.000000,1.0000,False,manual_box,flip
final_merged_Ich_sammel_i_tried_the_new_season_[C-SDrECvTa4]_000390_2b5c1771_aug_flip.png,0,enemy,1,0.832625,0.718477,0.278675,0.482157,final_merged__Ich_sammel__i_tried_the_new_season [C-SDrECvTa4],390,13.000000,1.0000,False,manual_box,flip
final_merged_Ich_sammel_i_tried_the_new_season_[C-SDrECvTa4]_000390_2b5c1771_aug_flip.png,0,enemy,1,0.777400,0.570975,0.059473,0.222046,final_merged__Ich_sammel__i_tried_the_new_season [C-SDrECvTa4],390,13.000000,1.0000,False,manual_box,flip
final_merged_Ich_sammel_i_tried_the_new_season_[C-SDrECvTa4]_000390_2b5c1771_aug_flip.png,0,enemy,1,0.500000,0.538462,0.055225,0.163362,final_merged__Ich_sammel__i_tried_the_new_season [C-SDrECvTa4],390,13.000000,1.0000,False,manual_box,flip
final_merged_Ich_sammel_i_tried_the_new_season_[C-SDrECvTa4]_000390_2b5c1771_aug_flip.png,0,enemy,1,0.327528,0.550357,0.055225,0.168121,final_merged__Ich_sammel__i_tried_the_new_season [C-SDrECvTa4],390,13.000000,1.0000,False,manual_box,flip
final_merged_Ich_sammel_i_tried_the_new_season_[C-SDrECvTa4]_000390_2b5c1771_aug_flip.png,0,enemy,1,0.181818,0.546392,0.052676,0.163362,final_merged__Ich_sammel__i_tried_the_new_season [C-SDrECvTa4],390,13.000000,1.0000,False,manual_box,flip
final_merged_Ich_sammel_i_tried_the_new_season_[C-SDrECvTa4]_000390_2b5c1771_aug_shift.png,1,player,1,0.388401,0.668127,0.174172,0.625694,final_merged__Ich_sammel__i_tried_the_new_season [C-SDrECvTa4],390,13.000000,1.0000,False,manual_box,shift
final_merged_Ich_sammel_i_tried_the_new_season_[C-SDrECvTa4]_000390_2b5c1771_aug_shift.png,0,enemy,1,0.176422,0.699451,0.278675,0.482157,final_merged__Ich_sammel__i_tried_the_new_season [C-SDrECvTa4],390,13.000000,1.0000,False,manual_box,shift
final_merged_Ich_sammel_i_tried_the_new_season_[C-SDrECvTa4]_000390_2b5c1771_aug_shift.png,0,enemy,1,0.231647,0.551949,0.059473,0.222046,final_merged__Ich_sammel__i_tried_the_new_season [C-SDrECvTa4],390,13.000000,1.0000,False,manual_box,shift
final_merged_Ich_sammel_i_tried_the_new_season_[C-SDrECvTa4]_000390_2b5c1771_aug_shift.png,0,enemy,1,0.509047,0.519436,0.055225,0.163362,final_merged__Ich_sammel__i_tried_the_new_season [C-SDrECvTa4],390,13.000000,1.0000,False,manual_box,shift
final_merged_Ich_sammel_i_tried_the_new_season_[C-SDrECvTa4]_000390_2b5c1771_aug_shift.png,0,enemy,1,0.681519,0.531331,0.055225,0.168121,final_merged__Ich_sammel__i_tried_the_new_season [C-SDrECvTa4],390,13.000000,1.0000,False,manual_box,shift
final_merged_Ich_sammel_i_tried_the_new_season_[C-SDrECvTa4]_000390_2b5c1771_aug_shift.png,0,enemy,1,0.827229,0.527366,0.052676,0.163362,final_merged__Ich_sammel__i_tried_the_new_season [C-SDrECvTa4],390,13.000000,1.0000,False,manual_box,shift
final_merged_Ich_sammel_i_tried_the_new_season_[C-SDrECvTa4]_000405_c9db80f4_aug_original.png,1,player,1,0.214953,0.608644,0.421410,0.782712,final_merged__Ich_sammel__i_tried_the_new_season [C-SDrECvTa4],405,13.500000,1.0000,False,manual_box,original
final_merged_Ich_sammel_i_tried_the_new_season_[C-SDrECvTa4]_000405_c9db80f4_aug_original.png,0,enemy,1,0.882328,0.571768,0.063721,0.157018,final_merged__Ich_sammel__i_tried_the_new_season [C-SDrECvTa4],405,13.500000,1.0000,False,manual_box,original
final_merged_Ich_sammel_i_tried_the_new_season_[C-SDrECvTa4]_000405_c9db80f4_aug_original.png,0,enemy,1,0.702634,0.567010,0.064571,0.179223,final_merged__Ich_sammel__i_tried_the_new_season [C-SDrECvTa4],405,13.500000,1.0000,False,manual_box,original
final_merged_Ich_sammel_i_tried_the_new_season_[C-SDrECvTa4]_000405_c9db80f4_aug_original.png,0,enemy,1,0.503398,0.553529,0.050127,0.196669,final_merged__Ich_sammel__i_tried_the_new_season [C-SDrECvTa4],405,13.500000,1.0000,False,manual_box,original
final_merged_Ich_sammel_i_tried_the_new_season_[C-SDrECvTa4]_000405_c9db80f4_aug_brightness_0.7.png,1,player,1,0.214953,0.608644,0.421410,0.782712,final_merged__Ich_sammel__i_tried_the_new_season [C-SDrECvTa4],405,13.500000,1.0000,False,manual_box,brightness_0.7
final_merged_Ich_sammel_i_tried_the_new_season_[C-SDrECvTa4]_000405_c9db80f4_aug_brightness_0.7.png,0,enemy,1,0.882328,0.571768,0.063721,0.157018,final_merged__Ich_sammel__i_tried_the_new_season [C-SDrECvTa4],405,13.500000,1.0000,False,manual_box,brightness_0.7
final_merged_Ich_sammel_i_tried_the_new_season_[C-SDrECvTa4]_000405_c9db80f4_aug_brightness_0.7.png,0,enemy,1,0.702634,0.567010,0.064571,0.179223,final_merged__Ich_sammel__i_tried_the_new_season [C-SDrECvTa4],405,13.500000,1.0000,False,manual_box,brightness_0.7
final_merged_Ich_sammel_i_tried_the_new_season_[C-SDrECvTa4]_000405_c9db80f4_aug_brightness_0.7.png,0,enemy,1,0.503398,0.553529,0.050127,0.196669,final_merged__Ich_sammel__i_tried_the_new_season [C-SDrECvTa4],405,13.500000,1.0000,False,manual_box,brightness_0.7
final_merged_Ich_sammel_i_tried_the_new_season_[C-SDrECvTa4]_000405_c9db80f4_aug_brightness_1.3.png,1,player,1,0.214953,0.608644,0.421410,0.782712,final_merged__Ich_sammel__i_tried_the_new_season [C-SDrECvTa4],405,13.500000,1.0000,False,manual_box,brightness_1.3
final_merged_Ich_sammel_i_tried_the_new_season_[C-SDrECvTa4]_000405_c9db80f4_aug_brightness_1.3.png,0,enemy,1,0.882328,0.571768,0.063721,0.157018,final_merged__Ich_sammel__i_tried_the_new_season [C-SDrECvTa4],405,13.500000,1.0000,False,manual_box,brightness_1.3
final_merged_Ich_sammel_i_tried_the_new_season_[C-SDrECvTa4]_000405_c9db80f4_aug_brightness_1.3.png,0,enemy,1,0.702634,0.567010,0.064571,0.179223,final_merged__Ich_sammel__i_tried_the_new_season [C-SDrECvTa4],405,13.500000,1.0000,False,manual_box,brightness_1.3
final_merged_Ich_sammel_i_tried_the_new_season_[C-SDrECvTa4]_000405_c9db80f4_aug_brightness_1.3.png,0,enemy,1,0.503398,0.553529,0.050127,0.196669,final_merged__Ich_sammel__i_tried_the_new_season [C-SDrECvTa4],405,13.500000,1.0000,False,manual_box,brightness_1.3
final_merged_Ich_sammel_i_tried_the_new_season_[C-SDrECvTa4]_000405_c9db80f4_aug_noise.png,1,player,1,0.214953,0.608644,0.421410,0.782712,final_merged__Ich_sammel__i_tried_the_new_season [C-SDrECvTa4],405,13.500000,1.0000,False,manual_box,noise
final_merged_Ich_sammel_i_tried_the_new_season_[C-SDrECvTa4]_000405_c9db80f4_aug_noise.png,0,enemy,1,0.882328,0.571768,0.063721,0.157018,final_merged__Ich_sammel__i_tried_the_new_season [C-SDrECvTa4],405,13.500000,1.0000,False,manual_box,noise
final_merged_Ich_sammel_i_tried_the_new_season_[C-SDrECvTa4]_000405_c9db80f4_aug_noise.png,0,enemy,1,0.702634,0.567010,0.064571,0.179223,final_merged__Ich_sammel__i_tried_the_new_season [C-SDrECvTa4],405,13.500000,1.0000,False,manual_box,noise
final_merged_Ich_sammel_i_tried_the_new_season_[C-SDrECvTa4]_000405_c9db80f4_aug_noise.png,0,enemy,1,0.503398,0.553529,0.050127,0.196669,final_merged__Ich_sammel__i_tried_the_new_season [C-SDrECvTa4],405,13.500000,1.0000,False,manual_box,noise
final_merged_Ich_sammel_i_tried_the_new_season_[C-SDrECvTa4]_000405_c9db80f4_aug_flip.png,1,player,1,0.785047,0.608644,0.421410,0.782712,final_merged__Ich_sammel__i_tried_the_new_season [C-SDrECvTa4],405,13.500000,1.0000,False,manual_box,flip
final_merged_Ich_sammel_i_tried_the_new_season_[C-SDrECvTa4]_000405_c9db80f4_aug_flip.png,0,enemy,1,0.117672,0.571768,0.063721,0.157018,final_merged__Ich_sammel__i_tried_the_new_season [C-SDrECvTa4],405,13.500000,1.0000,False,manual_box,flip
final_merged_Ich_sammel_i_tried_the_new_season_[C-SDrECvTa4]_000405_c9db80f4_aug_flip.png,0,enemy,1,0.297366,0.567010,0.064571,0.179223,final_merged__Ich_sammel__i_tried_the_new_season [C-SDrECvTa4],405,13.500000,1.0000,False,manual_box,flip
final_merged_Ich_sammel_i_tried_the_new_season_[C-SDrECvTa4]_000405_c9db80f4_aug_flip.png,0,enemy,1,0.496602,0.553529,0.050127,0.196669,final_merged__Ich_sammel__i_tried_the_new_season [C-SDrECvTa4],405,13.500000,1.0000,False,manual_box,flip
final_merged_Ich_sammel_i_tried_the_new_season_[C-SDrECvTa4]_000420_8339312e_aug_original.png,1,player,1,0.211130,0.588025,0.412065,0.823949,final_merged__Ich_sammel__i_tried_the_new_season [C-SDrECvTa4],420,14.000000,1.0000,False,manual_box,original
final_merged_Ich_sammel_i_tried_the_new_season_[C-SDrECvTa4]_000420_8339312e_aug_original.png,0,enemy,1,0.500850,0.588422,0.070518,0.180809,final_merged__Ich_sammel__i_tried_the_new_season [C-SDrECvTa4],420,14.000000,1.0000,False,manual_box,original
final_merged_Ich_sammel_i_tried_the_new_season_[C-SDrECvTa4]_000420_8339312e_aug_original.png,0,enemy,1,0.700085,0.584457,0.047579,0.169707,final_merged__Ich_sammel__i_tried_the_new_season [C-SDrECvTa4],420,14.000000,1.0000,False,manual_box,original
final_merged_Ich_sammel_i_tried_the_new_season_[C-SDrECvTa4]_000420_8339312e_aug_original.png,0,enemy,1,0.900170,0.611420,0.106202,0.210944,final_merged__Ich_sammel__i_tried_the_new_season [C-SDrECvTa4],420,14.000000,1.0000,False,manual_box,original
final_merged_Ich_sammel_i_tried_the_new_season_[C-SDrECvTa4]_000420_8339312e_aug_noise.png,1,player,1,0.211130,0.588025,0.412065,0.823949,final_merged__Ich_sammel__i_tried_the_new_season [C-SDrECvTa4],420,14.000000,1.0000,False,manual_box,noise
final_merged_Ich_sammel_i_tried_the_new_season_[C-SDrECvTa4]_000420_8339312e_aug_noise.png,0,enemy,1,0.500850,0.588422,0.070518,0.180809,final_merged__Ich_sammel__i_tried_the_new_season [C-SDrECvTa4],420,14.000000,1.0000,False,manual_box,noise
final_merged_Ich_sammel_i_tried_the_new_season_[C-SDrECvTa4]_000420_8339312e_aug_noise.png,0,enemy,1,0.700085,0.584457,0.047579,0.169707,final_merged__Ich_sammel__i_tried_the_new_season [C-SDrECvTa4],420,14.000000,1.0000,False,manual_box,noise
final_merged_Ich_sammel_i_tried_the_new_season_[C-SDrECvTa4]_000420_8339312e_aug_noise.png,0,enemy,1,0.900170,0.611420,0.106202,0.210944,final_merged__Ich_sammel__i_tried_the_new_season [C-SDrECvTa4],420,14.000000,1.0000,False,manual_box,noise
final_merged_Ich_sammel_i_tried_the_new_season_[C-SDrECvTa4]_000420_8339312e_aug_flip.png,1,player,1,0.788870,0.588025,0.412065,0.823949,final_merged__Ich_sammel__i_tried_the_new_season [C-SDrECvTa4],420,14.000000,1.0000,False,manual_box,flip
final_merged_Ich_sammel_i_tried_the_new_season_[C-SDrECvTa4]_000420_8339312e_aug_flip.png,0,enemy,1,0.499150,0.588422,0.070518,0.180809,final_merged__Ich_sammel__i_tried_the_new_season [C-SDrECvTa4],420,14.000000,1.0000,False,manual_box,flip
final_merged_Ich_sammel_i_tried_the_new_season_[C-SDrECvTa4]_000420_8339312e_aug_flip.png,0,enemy,1,0.299915,0.584457,0.047579,0.169707,final_merged__Ich_sammel__i_tried_the_new_season [C-SDrECvTa4],420,14.000000,1.0000,False,manual_box,flip
final_merged_Ich_sammel_i_tried_the_new_season_[C-SDrECvTa4]_000420_8339312e_aug_flip.png,0,enemy,1,0.099830,0.611420,0.106202,0.210944,final_merged__Ich_sammel__i_tried_the_new_season [C-SDrECvTa4],420,14.000000,1.0000,False,manual_box,flip
final_merged_Ich_sammel_i_tried_the_new_season_[C-SDrECvTa4]_000420_8339312e_aug_shift.png,1,player,1,0.286315,0.441760,0.412065,0.823949,final_merged__Ich_sammel__i_tried_the_new_season [C-SDrECvTa4],420,14.000000,1.0000,False,manual_box,shift
final_merged_Ich_sammel_i_tried_the_new_season_[C-SDrECvTa4]_000420_8339312e_aug_shift.png,0,enemy,1,0.576035,0.442157,0.070518,0.180809,final_merged__Ich_sammel__i_tried_the_new_season [C-SDrECvTa4],420,14.000000,1.0000,False,manual_box,shift
final_merged_Ich_sammel_i_tried_the_new_season_[C-SDrECvTa4]_000420_8339312e_aug_shift.png,0,enemy,1,0.775270,0.438192,0.047579,0.169707,final_merged__Ich_sammel__i_tried_the_new_season [C-SDrECvTa4],420,14.000000,1.0000,False,manual_box,shift
final_merged_Ich_sammel_i_tried_the_new_season_[C-SDrECvTa4]_000420_8339312e_aug_shift.png,0,enemy,1,0.961127,0.465155,0.077746,0.210944,final_merged__Ich_sammel__i_tried_the_new_season [C-SDrECvTa4],420,14.000000,1.0000,False,manual_box,shift
final_merged_Ich_sammel_i_tried_the_new_season_[C-SDrECvTa4]_000420_8339312e_aug_maskedpan.png,1,player,1,0.211130,0.588025,0.412065,0.823949,final_merged__Ich_sammel__i_tried_the_new_season [C-SDrECvTa4],420,14.000000,1.0000,False,manual_box,maskedpan
final_merged_Ich_sammel_i_tried_the_new_season_[C-SDrECvTa4]_000420_8339312e_aug_maskedpan.png,0,enemy,1,0.850170,0.697531,0.106202,0.210944,final_merged__Ich_sammel__i_tried_the_new_season [C-SDrECvTa4],420,14.000000,1.0000,False,manual_box,maskedpan
final_merged_Ich_sammel_i_tried_the_new_season_[C-SDrECvTa4]_000435_a2867dd1_aug_original.png,1,player,1,0.343246,0.701427,0.261682,0.597145,final_merged__Ich_sammel__i_tried_the_new_season [C-SDrECvTa4],435,14.500000,1.0000,False,manual_box,original
final_merged_Ich_sammel_i_tried_the_new_season_[C-SDrECvTa4]_000435_a2867dd1_aug_original.png,0,enemy,1,0.863636,0.574148,0.050127,0.136400,final_merged__Ich_sammel__i_tried_the_new_season [C-SDrECvTa4],435,14.500000,1.0000,False,manual_box,original
final_merged_Ich_sammel_i_tried_the_new_season_[C-SDrECvTa4]_000435_a2867dd1_aug_original.png,0,enemy,1,0.691589,0.572561,0.049278,0.206186,final_merged__Ich_sammel__i_tried_the_new_season [C-SDrECvTa4],435,14.500000,1.0000,False,manual_box,original
final_merged_Ich_sammel_i_tried_the_new_season_[C-SDrECvTa4]_000435_a2867dd1_aug_original.png,0,enemy,1,0.500425,0.558287,0.040782,0.174465,final_merged__Ich_sammel__i_tried_the_new_season [C-SDrECvTa4],435,14.500000,1.0000,False,manual_box,original
final_merged_Ich_sammel_i_tried_the_new_season_[C-SDrECvTa4]_000435_a2867dd1_aug_original.png,0,enemy,1,0.163976,0.582871,0.084962,0.242665,final_merged__Ich_sammel__i_tried_the_new_season [C-SDrECvTa4],435,14.500000,1.0000,False,manual_box,original
final_merged_Ich_sammel_i_tried_the_new_season_[C-SDrECvTa4]_000435_a2867dd1_aug_noise.png,1,player,1,0.343246,0.701427,0.261682,0.597145,final_merged__Ich_sammel__i_tried_the_new_season [C-SDrECvTa4],435,14.500000,1.0000,False,manual_box,noise
final_merged_Ich_sammel_i_tried_the_new_season_[C-SDrECvTa4]_000435_a2867dd1_aug_noise.png,0,enemy,1,0.863636,0.574148,0.050127,0.136400,final_merged__Ich_sammel__i_tried_the_new_season [C-SDrECvTa4],435,14.500000,1.0000,False,manual_box,noise
final_merged_Ich_sammel_i_tried_the_new_season_[C-SDrECvTa4]_000435_a2867dd1_aug_noise.png,0,enemy,1,0.691589,0.572561,0.049278,0.206186,final_merged__Ich_sammel__i_tried_the_new_season [C-SDrECvTa4],435,14.500000,1.0000,False,manual_box,noise
final_merged_Ich_sammel_i_tried_the_new_season_[C-SDrECvTa4]_000435_a2867dd1_aug_noise.png,0,enemy,1,0.500425,0.558287,0.040782,0.174465,final_merged__Ich_sammel__i_tried_the_new_season [C-SDrECvTa4],435,14.500000,1.0000,False,manual_box,noise
final_merged_Ich_sammel_i_tried_the_new_season_[C-SDrECvTa4]_000435_a2867dd1_aug_noise.png,0,enemy,1,0.163976,0.582871,0.084962,0.242665,final_merged__Ich_sammel__i_tried_the_new_season [C-SDrECvTa4],435,14.500000,1.0000,False,manual_box,noise
final_merged_Ich_sammel_i_tried_the_new_season_[C-SDrECvTa4]_000435_a2867dd1_aug_flip.png,1,player,1,0.656754,0.701427,0.261682,0.597145,final_merged__Ich_sammel__i_tried_the_new_season [C-SDrECvTa4],435,14.500000,1.0000,False,manual_box,flip
final_merged_Ich_sammel_i_tried_the_new_season_[C-SDrECvTa4]_000435_a2867dd1_aug_flip.png,0,enemy,1,0.136364,0.574148,0.050127,0.136400,final_merged__Ich_sammel__i_tried_the_new_season [C-SDrECvTa4],435,14.500000,1.0000,False,manual_box,flip
final_merged_Ich_sammel_i_tried_the_new_season_[C-SDrECvTa4]_000435_a2867dd1_aug_flip.png,0,enemy,1,0.308411,0.572561,0.049278,0.206186,final_merged__Ich_sammel__i_tried_the_new_season [C-SDrECvTa4],435,14.500000,1.0000,False,manual_box,flip
final_merged_Ich_sammel_i_tried_the_new_season_[C-SDrECvTa4]_000435_a2867dd1_aug_flip.png,0,enemy,1,0.499575,0.558287,0.040782,0.174465,final_merged__Ich_sammel__i_tried_the_new_season [C-SDrECvTa4],435,14.500000,1.0000,False,manual_box,flip
final_merged_Ich_sammel_i_tried_the_new_season_[C-SDrECvTa4]_000435_a2867dd1_aug_flip.png,0,enemy,1,0.836024,0.582871,0.084962,0.242665,final_merged__Ich_sammel__i_tried_the_new_season [C-SDrECvTa4],435,14.500000,1.0000,False,manual_box,flip
final_merged_Ich_sammel_i_tried_the_new_season_[C-SDrECvTa4]_000435_a2867dd1_aug_maskedpan.png,1,player,1,0.343246,0.701427,0.261682,0.597145,final_merged__Ich_sammel__i_tried_the_new_season [C-SDrECvTa4],435,14.500000,1.0000,False,manual_box,maskedpan
final_merged_Ich_sammel_i_tried_the_new_season_[C-SDrECvTa4]_000435_a2867dd1_aug_maskedpan.png,0,enemy,1,0.819886,0.482481,0.050127,0.136400,final_merged__Ich_sammel__i_tried_the_new_season [C-SDrECvTa4],435,14.500000,1.0000,False,manual_box,maskedpan
final_merged_Ich_sammel_i_tried_the_new_season_[C-SDrECvTa4]_000435_a2867dd1_aug_maskedpan.png,0,enemy,1,0.647839,0.480894,0.049278,0.206186,final_merged__Ich_sammel__i_tried_the_new_season [C-SDrECvTa4],435,14.500000,1.0000,False,manual_box,maskedpan
final_merged_Ich_sammel_i_tried_the_new_season_[C-SDrECvTa4]_000435_a2867dd1_aug_maskedpan.png,0,enemy,1,0.456675,0.466620,0.040782,0.174465,final_merged__Ich_sammel__i_tried_the_new_season [C-SDrECvTa4],435,14.500000,1.0000,False,manual_box,maskedpan
final_merged_Ich_sammel_i_tried_the_new_season_[C-SDrECvTa4]_000435_a2867dd1_aug_maskedpan.png,0,enemy,1,0.120226,0.491204,0.084962,0.242665,final_merged__Ich_sammel__i_tried_the_new_season [C-SDrECvTa4],435,14.500000,1.0000,False,manual_box,maskedpan
final_merged_Ich_sammel_i_tried_the_new_season_[C-SDrECvTa4]_000450_00496851_aug_original.png,1,player,1,0.404843,0.703807,0.172472,0.592386,final_merged__Ich_sammel__i_tried_the_new_season [C-SDrECvTa4],450,15.000000,1.0000,False,manual_box,original
final_merged_Ich_sammel_i_tried_the_new_season_[C-SDrECvTa4]_000450_00496851_aug_original.png,0,enemy,1,0.146984,0.585250,0.073067,0.291832,final_merged__Ich_sammel__i_tried_the_new_season [C-SDrECvTa4],450,15.000000,1.0000,False,manual_box,original
final_merged_Ich_sammel_i_tried_the_new_season_[C-SDrECvTa4]_000450_00496851_aug_original.png,0,enemy,1,0.244265,0.557494,0.063721,0.214116,final_merged__Ich_sammel__i_tried_the_new_season [C-SDrECvTa4],450,15.000000,1.0000,False,manual_box,original
final_merged_Ich_sammel_i_tried_the_new_season_[C-SDrECvTa4]_000450_00496851_aug_original.png,0,enemy,1,0.508071,0.560666,0.047579,0.150674,final_merged__Ich_sammel__i_tried_the_new_season [C-SDrECvTa4],450,15.000000,1.0000,False,manual_box,original
final_merged_Ich_sammel_i_tried_the_new_season_[C-SDrECvTa4]_000450_00496851_aug_original.png,0,enemy,1,0.655905,0.549564,0.040782,0.147502,final_merged__Ich_sammel__i_tried_the_new_season [C-SDrECvTa4],450,15.000000,1.0000,False,manual_box,original
final_merged_Ich_sammel_i_tried_the_new_season_[C-SDrECvTa4]_000450_00496851_aug_original.png,0,enemy,1,0.803738,0.553529,0.074766,0.212530,final_merged__Ich_sammel__i_tried_the_new_season [C-SDrECvTa4],450,15.000000,1.0000,False,manual_box,original
final_merged_Ich_sammel_i_tried_the_new_season_[C-SDrECvTa4]_000450_00496851_aug_noise.png,1,player,1,0.404843,0.703807,0.172472,0.592386,final_merged__Ich_sammel__i_tried_the_new_season [C-SDrECvTa4],450,15.000000,1.0000,False,manual_box,noise
final_merged_Ich_sammel_i_tried_the_new_season_[C-SDrECvTa4]_000450_00496851_aug_noise.png,0,enemy,1,0.146984,0.585250,0.073067,0.291832,final_merged__Ich_sammel__i_tried_the_new_season [C-SDrECvTa4],450,15.000000,1.0000,False,manual_box,noise
final_merged_Ich_sammel_i_tried_the_new_season_[C-SDrECvTa4]_000450_00496851_aug_noise.png,0,enemy,1,0.244265,0.557494,0.063721,0.214116,final_merged__Ich_sammel__i_tried_the_new_season [C-SDrECvTa4],450,15.000000,1.0000,False,manual_box,noise
final_merged_Ich_sammel_i_tried_the_new_season_[C-SDrECvTa4]_000450_00496851_aug_noise.png,0,enemy,1,0.508071,0.560666,0.047579,0.150674,final_merged__Ich_sammel__i_tried_the_new_season [C-SDrECvTa4],450,15.000000,1.0000,False,manual_box,noise
final_merged_Ich_sammel_i_tried_the_new_season_[C-SDrECvTa4]_000450_00496851_aug_noise.png,0,enemy,1,0.655905,0.549564,0.040782,0.147502,final_merged__Ich_sammel__i_tried_the_new_season [C-SDrECvTa4],450,15.000000,1.0000,False,manual_box,noise
final_merged_Ich_sammel_i_tried_the_new_season_[C-SDrECvTa4]_000450_00496851_aug_noise.png,0,enemy,1,0.803738,0.553529,0.074766,0.212530,final_merged__Ich_sammel__i_tried_the_new_season [C-SDrECvTa4],450,15.000000,1.0000,False,manual_box,noise
final_merged_Ich_sammel_i_tried_the_new_season_[C-SDrECvTa4]_000450_00496851_aug_shift.png,1,player,1,0.366690,0.723228,0.172472,0.553543,final_merged__Ich_sammel__i_tried_the_new_season [C-SDrECvTa4],450,15.000000,1.0000,False,manual_box,shift
final_merged_Ich_sammel_i_tried_the_new_season_[C-SDrECvTa4]_000450_00496851_aug_shift.png,0,enemy,1,0.108831,0.624093,0.073067,0.291832,final_merged__Ich_sammel__i_tried_the_new_season [C-SDrECvTa4],450,15.000000,1.0000,False,manual_box,shift
final_merged_Ich_sammel_i_tried_the_new_season_[C-SDrECvTa4]_000450_00496851_aug_shift.png,0,enemy,1,0.206112,0.596337,0.063721,0.214116,final_merged__Ich_sammel__i_tried_the_new_season [C-SDrECvTa4],450,15.000000,1.0000,False,manual_box,shift
final_merged_Ich_sammel_i_tried_the_new_season_[C-SDrECvTa4]_000450_00496851_aug_shift.png,0,enemy,1,0.469918,0.599509,0.047579,0.150674,final_merged__Ich_sammel__i_tried_the_new_season [C-SDrECvTa4],450,15.000000,1.0000,False,manual_box,shift
final_merged_Ich_sammel_i_tried_the_new_season_[C-SDrECvTa4]_000450_00496851_aug_shift.png,0,enemy,1,0.617752,0.588407,0.040782,0.147502,final_merged__Ich_sammel__i_tried_the_new_season [C-SDrECvTa4],450,15.000000,1.0000,False,manual_box,shift
final_merged_Ich_sammel_i_tried_the_new_season_[C-SDrECvTa4]_000450_00496851_aug_shift.png,0,enemy,1,0.765585,0.592372,0.074766,0.212530,final_merged__Ich_sammel__i_tried_the_new_season [C-SDrECvTa4],450,15.000000,1.0000,False,manual_box,shift
final_merged_Ich_sammel_i_tried_the_new_season_[C-SDrECvTa4]_000450_00496851_aug_maskedpan.png,1,player,1,0.404843,0.703807,0.172472,0.592386,final_merged__Ich_sammel__i_tried_the_new_season [C-SDrECvTa4],450,15.000000,1.0000,False,manual_box,maskedpan
final_merged_Ich_sammel_i_tried_the_new_season_[C-SDrECvTa4]_000450_00496851_aug_maskedpan.png,0,enemy,1,0.486047,0.646361,0.073067,0.291832,final_merged__Ich_sammel__i_tried_the_new_season [C-SDrECvTa4],450,15.000000,1.0000,False,manual_box,maskedpan
final_merged_Ich_sammel_i_tried_the_new_season_[C-SDrECvTa4]_000450_00496851_aug_maskedpan.png,0,enemy,1,0.583327,0.618605,0.063721,0.214116,final_merged__Ich_sammel__i_tried_the_new_season [C-SDrECvTa4],450,15.000000,1.0000,False,manual_box,maskedpan
final_merged_Ich_sammel_i_tried_the_new_season_[C-SDrECvTa4]_000450_00496851_aug_maskedpan.png,0,enemy,1,0.847133,0.621777,0.047579,0.150674,final_merged__Ich_sammel__i_tried_the_new_season [C-SDrECvTa4],450,15.000000,1.0000,False,manual_box,maskedpan
final_merged_Ich_sammel_i_tried_the_new_season_[C-SDrECvTa4]_000450_00496851_aug_maskedpan.png,0,enemy,1,0.987288,0.610675,0.025424,0.147502,final_merged__Ich_sammel__i_tried_the_new_season [C-SDrECvTa4],450,15.000000,1.0000,False,manual_box,maskedpan
final_merged_Ich_sammel_i_tried_the_new_season_[C-SDrECvTa4]_000465_3c0df6b8_aug_original.png,1,player,1,0.214953,0.595956,0.423110,0.808088,final_merged__Ich_sammel__i_tried_the_new_season [C-SDrECvTa4],465,15.500000,1.0000,False,manual_box,original
final_merged_Ich_sammel_i_tried_the_new_season_[C-SDrECvTa4]_000465_3c0df6b8_aug_original.png,0,enemy,1,0.826678,0.558287,0.061172,0.142744,final_merged__Ich_sammel__i_tried_the_new_season [C-SDrECvTa4],465,15.500000,1.0000,False,manual_box,original
final_merged_Ich_sammel_i_tried_the_new_season_[C-SDrECvTa4]_000465_3c0df6b8_aug_original.png,0,enemy,1,0.671623,0.557494,0.072218,0.163362,final_merged__Ich_sammel__i_tried_the_new_season [C-SDrECvTa4],465,15.500000,1.0000,False,manual_box,original
final_merged_Ich_sammel_i_tried_the_new_season_[C-SDrECvTa4]_000465_3c0df6b8_aug_original.png,0,enemy,1,0.500000,0.554322,0.073917,0.172879,final_merged__Ich_sammel__i_tried_the_new_season [C-SDrECvTa4],465,15.500000,1.0000,False,manual_box,original
final_merged_Ich_sammel_i_tried_the_new_season_[C-SDrECvTa4]_000465_3c0df6b8_aug_original.png,0,enemy,1,0.207307,0.592387,0.066270,0.207772,final_merged__Ich_sammel__i_tried_the_new_season [C-SDrECvTa4],465,15.500000,1.0000,False,manual_box,original
final_merged_Ich_sammel_i_tried_the_new_season_[C-SDrECvTa4]_000465_3c0df6b8_aug_flip.png,1,player,1,0.785047,0.595956,0.423110,0.808088,final_merged__Ich_sammel__i_tried_the_new_season [C-SDrECvTa4],465,15.500000,1.0000,False,manual_box,flip
final_merged_Ich_sammel_i_tried_the_new_season_[C-SDrECvTa4]_000465_3c0df6b8_aug_flip.png,0,enemy,1,0.173322,0.558287,0.061172,0.142744,final_merged__Ich_sammel__i_tried_the_new_season [C-SDrECvTa4],465,15.500000,1.0000,False,manual_box,flip
final_merged_Ich_sammel_i_tried_the_new_season_[C-SDrECvTa4]_000465_3c0df6b8_aug_flip.png,0,enemy,1,0.328377,0.557494,0.072218,0.163362,final_merged__Ich_sammel__i_tried_the_new_season [C-SDrECvTa4],465,15.500000,1.0000,False,manual_box,flip
final_merged_Ich_sammel_i_tried_the_new_season_[C-SDrECvTa4]_000465_3c0df6b8_aug_flip.png,0,enemy,1,0.500000,0.554322,0.073917,0.172879,final_merged__Ich_sammel__i_tried_the_new_season [C-SDrECvTa4],465,15.500000,1.0000,False,manual_box,flip
final_merged_Ich_sammel_i_tried_the_new_season_[C-SDrECvTa4]_000465_3c0df6b8_aug_flip.png,0,enemy,1,0.792693,0.592387,0.066270,0.207772,final_merged__Ich_sammel__i_tried_the_new_season [C-SDrECvTa4],465,15.500000,1.0000,False,manual_box,flip
final_merged_Ich_sammel_i_tried_the_new_season_[C-SDrECvTa4]_000465_3c0df6b8_aug_shift.png,1,player,1,0.195599,0.648397,0.391197,0.703205,final_merged__Ich_sammel__i_tried_the_new_season [C-SDrECvTa4],465,15.500000,1.0000,False,manual_box,shift
final_merged_Ich_sammel_i_tried_the_new_season_[C-SDrECvTa4]_000465_3c0df6b8_aug_shift.png,0,enemy,1,0.791367,0.663170,0.061172,0.142744,final_merged__Ich_sammel__i_tried_the_new_season [C-SDrECvTa4],465,15.500000,1.0000,False,manual_box,shift
final_merged_Ich_sammel_i_tried_the_new_season_[C-SDrECvTa4]_000465_3c0df6b8_aug_shift.png,0,enemy,1,0.636312,0.662377,0.072218,0.163362,final_merged__Ich_sammel__i_tried_the_new_season [C-SDrECvTa4],465,15.500000,1.0000,False,manual_box,shift
final_merged_Ich_sammel_i_tried_the_new_season_[C-SDrECvTa4]_000465_3c0df6b8_aug_shift.png,0,enemy,1,0.464689,0.659205,0.073917,0.172879,final_merged__Ich_sammel__i_tried_the_new_season [C-SDrECvTa4],465,15.500000,1.0000,False,manual_box,shift
final_merged_Ich_sammel_i_tried_the_new_season_[C-SDrECvTa4]_000465_3c0df6b8_aug_shift.png,0,enemy,1,0.171996,0.697270,0.066270,0.207772,final_merged__Ich_sammel__i_tried_the_new_season [C-SDrECvTa4],465,15.500000,1.0000,False,manual_box,shift
final_merged_Ich_sammel_i_tried_the_new_season_[C-SDrECvTa4]_000465_3c0df6b8_aug_maskedpan.png,1,player,1,0.214953,0.595956,0.423110,0.808088,final_merged__Ich_sammel__i_tried_the_new_season [C-SDrECvTa4],465,15.500000,1.0000,False,manual_box,maskedpan
final_merged_Ich_sammel_i_tried_the_new_season_[C-SDrECvTa4]_000465_3c0df6b8_aug_maskedpan.png,0,enemy,1,0.914178,0.524954,0.061172,0.142744,final_merged__Ich_sammel__i_tried_the_new_season [C-SDrECvTa4],465,15.500000,1.0000,False,manual_box,maskedpan
final_merged_Ich_sammel_i_tried_the_new_season_[C-SDrECvTa4]_000465_3c0df6b8_aug_maskedpan.png,0,enemy,1,0.759123,0.524161,0.072218,0.163362,final_merged__Ich_sammel__i_tried_the_new_season [C-SDrECvTa4],465,15.500000,1.0000,False,manual_box,maskedpan
final_merged_Ich_sammel_i_tried_the_new_season_[C-SDrECvTa4]_000465_3c0df6b8_aug_maskedpan.png,0,enemy,1,0.587500,0.520989,0.073917,0.172879,final_merged__Ich_sammel__i_tried_the_new_season [C-SDrECvTa4],465,15.500000,1.0000,False,manual_box,maskedpan
final_merged_Ich_sammel_i_tried_the_new_season_[C-SDrECvTa4]_000465_3c0df6b8_aug_maskedpan.png,0,enemy,1,0.294807,0.559054,0.066270,0.207772,final_merged__Ich_sammel__i_tried_the_new_season [C-SDrECvTa4],465,15.500000,1.0000,False,manual_box,maskedpan
final_merged_Ich_sammel_i_tried_the_new_season_[C-SDrECvTa4]_000480_7a78abf8_aug_original.png,1,player,1,0.201359,0.579699,0.397621,0.772403,final_merged__Ich_sammel__i_tried_the_new_season [C-SDrECvTa4],480,16.000000,1.0000,False,manual_box,original
final_merged_Ich_sammel_i_tried_the_new_season_[C-SDrECvTa4]_000480_7a78abf8_aug_original.png,0,enemy,1,0.500425,0.569389,0.059473,0.164948,final_merged__Ich_sammel__i_tried_the_new_season [C-SDrECvTa4],480,16.000000,1.0000,False,manual_box,original
final_merged_Ich_sammel_i_tried_the_new_season_[C-SDrECvTa4]_000480_7a78abf8_aug_original.png,0,enemy,1,0.670773,0.573354,0.058624,0.153846,final_merged__Ich_sammel__i_tried_the_new_season [C-SDrECvTa4],480,16.000000,1.0000,False,manual_box,original
final_merged_Ich_sammel_i_tried_the_new_season_[C-SDrECvTa4]_000480_7a78abf8_aug_original.png,0,enemy,1,0.831776,0.594766,0.056075,0.199841,final_merged__Ich_sammel__i_tried_the_new_season [C-SDrECvTa4],480,16.000000,1.0000,False,manual_box,original
final_merged_Ich_sammel_i_tried_the_new_season_[C-SDrECvTa4]_000480_7a78abf8_aug_flip.png,1,player,1,0.798641,0.579699,0.397621,0.772403,final_merged__Ich_sammel__i_tried_the_new_season [C-SDrECvTa4],480,16.000000,1.0000,False,manual_box,flip
final_merged_Ich_sammel_i_tried_the_new_season_[C-SDrECvTa4]_000480_7a78abf8_aug_flip.png,0,enemy,1,0.499575,0.569389,0.059473,0.164948,final_merged__Ich_sammel__i_tried_the_new_season [C-SDrECvTa4],480,16.000000,1.0000,False,manual_box,flip
final_merged_Ich_sammel_i_tried_the_new_season_[C-SDrECvTa4]_000480_7a78abf8_aug_flip.png,0,enemy,1,0.329227,0.573354,0.058624,0.153846,final_merged__Ich_sammel__i_tried_the_new_season [C-SDrECvTa4],480,16.000000,1.0000,False,manual_box,flip
final_merged_Ich_sammel_i_tried_the_new_season_[C-SDrECvTa4]_000480_7a78abf8_aug_flip.png,0,enemy,1,0.168224,0.594766,0.056075,0.199841,final_merged__Ich_sammel__i_tried_the_new_season [C-SDrECvTa4],480,16.000000,1.0000,False,manual_box,flip
final_merged_Ich_sammel_i_tried_the_new_season_[C-SDrECvTa4]_000480_7a78abf8_aug_zoom.png,1,player,1,0.300811,0.574306,0.328659,0.639378,final_merged__Ich_sammel__i_tried_the_new_season [C-SDrECvTa4],480,16.000000,1.0000,False,manual_box,zoom
final_merged_Ich_sammel_i_tried_the_new_season_[C-SDrECvTa4]_000480_7a78abf8_aug_zoom.png,0,enemy,1,0.548008,0.565772,0.049158,0.136540,final_merged__Ich_sammel__i_tried_the_new_season [C-SDrECvTa4],480,16.000000,1.0000,False,manual_box,zoom
final_merged_Ich_sammel_i_tried_the_new_season_[C-SDrECvTa4]_000480_7a78abf8_aug_zoom.png,0,enemy,1,0.688811,0.569054,0.048456,0.127350,final_merged__Ich_sammel__i_tried_the_new_season [C-SDrECvTa4],480,16.000000,1.0000,False,manual_box,zoom
final_merged_Ich_sammel_i_tried_the_new_season_[C-SDrECvTa4]_000480_7a78abf8_aug_zoom.png,0,enemy,1,0.821890,0.586779,0.046349,0.165424,final_merged__Ich_sammel__i_tried_the_new_season [C-SDrECvTa4],480,16.000000,1.0000,False,manual_box,zoom
final_merged_Ich_sammel_i_tried_the_new_season_[C-SDrECvTa4]_000480_7a78abf8_aug_maskedpan.png,1,player,1,0.201359,0.579699,0.397621,0.772403,final_merged__Ich_sammel__i_tried_the_new_season [C-SDrECvTa4],480,16.000000,1.0000,False,manual_box,maskedpan
final_merged_Ich_sammel_i_tried_the_new_season_[C-SDrECvTa4]_000480_7a78abf8_aug_maskedpan.png,0,enemy,1,0.669175,0.508278,0.059473,0.164948,final_merged__Ich_sammel__i_tried_the_new_season [C-SDrECvTa4],480,16.000000,1.0000,False,manual_box,maskedpan
final_merged_Ich_sammel_i_tried_the_new_season_[C-SDrECvTa4]_000480_7a78abf8_aug_maskedpan.png,0,enemy,1,0.839523,0.512243,0.058624,0.153846,final_merged__Ich_sammel__i_tried_the_new_season [C-SDrECvTa4],480,16.000000,1.0000,False,manual_box,maskedpan
final_merged_Ich_sammel_i_tried_the_new_season_[C-SDrECvTa4]_000495_65f09955_aug_original.png,1,player,1,0.210280,0.592784,0.418862,0.814433,final_merged__Ich_sammel__i_tried_the_new_season [C-SDrECvTa4],495,16.500000,1.0000,False,manual_box,original
final_merged_Ich_sammel_i_tried_the_new_season_[C-SDrECvTa4]_000495_65f09955_aug_original.png,0,enemy,1,0.833050,0.582078,0.062022,0.155432,final_merged__Ich_sammel__i_tried_the_new_season [C-SDrECvTa4],495,16.500000,1.0000,False,manual_box,original
final_merged_Ich_sammel_i_tried_the_new_season_[C-SDrECvTa4]_000495_65f09955_aug_original.png,0,enemy,1,0.671623,0.564631,0.043331,0.161776,final_merged__Ich_sammel__i_tried_the_new_season [C-SDrECvTa4],495,16.500000,1.0000,False,manual_box,original
final_merged_Ich_sammel_i_tried_the_new_season_[C-SDrECvTa4]_000495_65f09955_aug_original.png,0,enemy,1,0.506372,0.561459,0.062872,0.180809,final_merged__Ich_sammel__i_tried_the_new_season [C-SDrECvTa4],495,16.500000,1.0000,False,manual_box,original
final_merged_Ich_sammel_i_tried_the_new_season_[C-SDrECvTa4]_000495_65f09955_aug_original.png,0,enemy,1,0.212404,0.590801,0.066270,0.191911,final_merged__Ich_sammel__i_tried_the_new_season [C-SDrECvTa4],495,16.500000,1.0000,False,manual_box,original
final_merged_Ich_sammel_i_tried_the_new_season_[C-SDrECvTa4]_000495_65f09955_aug_brightness_0.7.png,1,player,1,0.210280,0.592784,0.418862,0.814433,final_merged__Ich_sammel__i_tried_the_new_season [C-SDrECvTa4],495,16.500000,1.0000,False,manual_box,brightness_0.7
final_merged_Ich_sammel_i_tried_the_new_season_[C-SDrECvTa4]_000495_65f09955_aug_brightness_0.7.png,0,enemy,1,0.833050,0.582078,0.062022,0.155432,final_merged__Ich_sammel__i_tried_the_new_season [C-SDrECvTa4],495,16.500000,1.0000,False,manual_box,brightness_0.7
final_merged_Ich_sammel_i_tried_the_new_season_[C-SDrECvTa4]_000495_65f09955_aug_brightness_0.7.png,0,enemy,1,0.671623,0.564631,0.043331,0.161776,final_merged__Ich_sammel__i_tried_the_new_season [C-SDrECvTa4],495,16.500000,1.0000,False,manual_box,brightness_0.7
final_merged_Ich_sammel_i_tried_the_new_season_[C-SDrECvTa4]_000495_65f09955_aug_brightness_0.7.png,0,enemy,1,0.506372,0.561459,0.062872,0.180809,final_merged__Ich_sammel__i_tried_the_new_season [C-SDrECvTa4],495,16.500000,1.0000,False,manual_box,brightness_0.7
final_merged_Ich_sammel_i_tried_the_new_season_[C-SDrECvTa4]_000495_65f09955_aug_brightness_0.7.png,0,enemy,1,0.212404,0.590801,0.066270,0.191911,final_merged__Ich_sammel__i_tried_the_new_season [C-SDrECvTa4],495,16.500000,1.0000,False,manual_box,brightness_0.7
final_merged_Ich_sammel_i_tried_the_new_season_[C-SDrECvTa4]_000495_65f09955_aug_brightness_1.3.png,1,player,1,0.210280,0.592784,0.418862,0.814433,final_merged__Ich_sammel__i_tried_the_new_season [C-SDrECvTa4],495,16.500000,1.0000,False,manual_box,brightness_1.3
final_merged_Ich_sammel_i_tried_the_new_season_[C-SDrECvTa4]_000495_65f09955_aug_brightness_1.3.png,0,enemy,1,0.833050,0.582078,0.062022,0.155432,final_merged__Ich_sammel__i_tried_the_new_season [C-SDrECvTa4],495,16.500000,1.0000,False,manual_box,brightness_1.3
final_merged_Ich_sammel_i_tried_the_new_season_[C-SDrECvTa4]_000495_65f09955_aug_brightness_1.3.png,0,enemy,1,0.671623,0.564631,0.043331,0.161776,final_merged__Ich_sammel__i_tried_the_new_season [C-SDrECvTa4],495,16.500000,1.0000,False,manual_box,brightness_1.3
final_merged_Ich_sammel_i_tried_the_new_season_[C-SDrECvTa4]_000495_65f09955_aug_brightness_1.3.png,0,enemy,1,0.506372,0.561459,0.062872,0.180809,final_merged__Ich_sammel__i_tried_the_new_season [C-SDrECvTa4],495,16.500000,1.0000,False,manual_box,brightness_1.3
final_merged_Ich_sammel_i_tried_the_new_season_[C-SDrECvTa4]_000495_65f09955_aug_brightness_1.3.png,0,enemy,1,0.212404,0.590801,0.066270,0.191911,final_merged__Ich_sammel__i_tried_the_new_season [C-SDrECvTa4],495,16.500000,1.0000,False,manual_box,brightness_1.3
final_merged_Ich_sammel_i_tried_the_new_season_[C-SDrECvTa4]_000495_65f09955_aug_noise.png,1,player,1,0.210280,0.592784,0.418862,0.814433,final_merged__Ich_sammel__i_tried_the_new_season [C-SDrECvTa4],495,16.500000,1.0000,False,manual_box,noise
final_merged_Ich_sammel_i_tried_the_new_season_[C-SDrECvTa4]_000495_65f09955_aug_noise.png,0,enemy,1,0.833050,0.582078,0.062022,0.155432,final_merged__Ich_sammel__i_tried_the_new_season [C-SDrECvTa4],495,16.500000,1.0000,False,manual_box,noise
final_merged_Ich_sammel_i_tried_the_new_season_[C-SDrECvTa4]_000495_65f09955_aug_noise.png,0,enemy,1,0.671623,0.564631,0.043331,0.161776,final_merged__Ich_sammel__i_tried_the_new_season [C-SDrECvTa4],495,16.500000,1.0000,False,manual_box,noise
final_merged_Ich_sammel_i_tried_the_new_season_[C-SDrECvTa4]_000495_65f09955_aug_noise.png,0,enemy,1,0.506372,0.561459,0.062872,0.180809,final_merged__Ich_sammel__i_tried_the_new_season [C-SDrECvTa4],495,16.500000,1.0000,False,manual_box,noise
final_merged_Ich_sammel_i_tried_the_new_season_[C-SDrECvTa4]_000495_65f09955_aug_noise.png,0,enemy,1,0.212404,0.590801,0.066270,0.191911,final_merged__Ich_sammel__i_tried_the_new_season [C-SDrECvTa4],495,16.500000,1.0000,False,manual_box,noise
final_merged_Ich_sammel_i_tried_the_new_season_[C-SDrECvTa4]_000495_65f09955_aug_flip.png,1,player,1,0.789720,0.592784,0.418862,0.814433,final_merged__Ich_sammel__i_tried_the_new_season [C-SDrECvTa4],495,16.500000,1.0000,False,manual_box,flip
final_merged_Ich_sammel_i_tried_the_new_season_[C-SDrECvTa4]_000495_65f09955_aug_flip.png,0,enemy,1,0.166950,0.582078,0.062022,0.155432,final_merged__Ich_sammel__i_tried_the_new_season [C-SDrECvTa4],495,16.500000,1.0000,False,manual_box,flip
final_merged_Ich_sammel_i_tried_the_new_season_[C-SDrECvTa4]_000495_65f09955_aug_flip.png,0,enemy,1,0.328377,0.564631,0.043331,0.161776,final_merged__Ich_sammel__i_tried_the_new_season [C-SDrECvTa4],495,16.500000,1.0000,False,manual_box,flip
final_merged_Ich_sammel_i_tried_the_new_season_[C-SDrECvTa4]_000495_65f09955_aug_flip.png,0,enemy,1,0.493628,0.561459,0.062872,0.180809,final_merged__Ich_sammel__i_tried_the_new_season [C-SDrECvTa4],495,16.500000,1.0000,False,manual_box,flip
final_merged_Ich_sammel_i_tried_the_new_season_[C-SDrECvTa4]_000495_65f09955_aug_flip.png,0,enemy,1,0.787596,0.590801,0.066270,0.191911,final_merged__Ich_sammel__i_tried_the_new_season [C-SDrECvTa4],495,16.500000,1.0000,False,manual_box,flip
final_merged_Ich_sammel_i_tried_the_new_season_[C-SDrECvTa4]_000510_20dfab20_aug_original.png,1,player,1,0.368309,0.676051,0.238743,0.647898,final_merged__Ich_sammel__i_tried_the_new_season [C-SDrECvTa4],510,17.000000,1.0000,False,manual_box,original
final_merged_Ich_sammel_i_tried_the_new_season_[C-SDrECvTa4]_000510_20dfab20_aug_original.png,0,enemy,1,0.155055,0.594766,0.080714,0.253767,final_merged__Ich_sammel__i_tried_the_new_season [C-SDrECvTa4],510,17.000000,1.0000,False,manual_box,original
final_merged_Ich_sammel_i_tried_the_new_season_[C-SDrECvTa4]_000510_20dfab20_aug_original.png,0,enemy,1,0.246814,0.569389,0.058624,0.171293,final_merged__Ich_sammel__i_tried_the_new_season [C-SDrECvTa4],510,17.000000,1.0000,False,manual_box,original
final_merged_Ich_sammel_i_tried_the_new_season_[C-SDrECvTa4]_000510_20dfab20_aug_original.png,0,enemy,1,0.652082,0.557494,0.053526,0.137986,final_merged__Ich_sammel__i_tried_the_new_season [C-SDrECvTa4],510,17.000000,1.0000,False,manual_box,original
final_merged_Ich_sammel_i_tried_the_new_season_[C-SDrECvTa4]_000510_20dfab20_aug_original.png,0,enemy,1,0.493628,0.552736,0.044180,0.147502,final_merged__Ich_sammel__i_tried_the_new_season [C-SDrECvTa4],510,17.000000,1.0000,False,manual_box,original
final_merged_Ich_sammel_i_tried_the_new_season_[C-SDrECvTa4]_000510_20dfab20_aug_original.png,0,enemy,1,0.794817,0.559080,0.041631,0.131642,final_merged__Ich_sammel__i_tried_the_new_season [C-SDrECvTa4],510,17.000000,1.0000,False,manual_box,original
final_merged_Ich_sammel_i_tried_the_new_season_[C-SDrECvTa4]_000510_20dfab20_aug_original.png,0,enemy,1,0.964316,0.561459,0.071368,0.199841,final_merged__Ich_sammel__i_tried_the_new_season [C-SDrECvTa4],510,17.000000,1.0000,False,manual_box,original
final_merged_Ich_sammel_i_tried_the_new_season_[C-SDrECvTa4]_000510_20dfab20_aug_brightness_0.7.png,1,player,1,0.368309,0.676051,0.238743,0.647898,final_merged__Ich_sammel__i_tried_the_new_season [C-SDrECvTa4],510,17.000000,1.0000,False,manual_box,brightness_0.7
final_merged_Ich_sammel_i_tried_the_new_season_[C-SDrECvTa4]_000510_20dfab20_aug_brightness_0.7.png,0,enemy,1,0.155055,0.594766,0.080714,0.253767,final_merged__Ich_sammel__i_tried_the_new_season [C-SDrECvTa4],510,17.000000,1.0000,False,manual_box,brightness_0.7
final_merged_Ich_sammel_i_tried_the_new_season_[C-SDrECvTa4]_000510_20dfab20_aug_brightness_0.7.png,0,enemy,1,0.246814,0.569389,0.058624,0.171293,final_merged__Ich_sammel__i_tried_the_new_season [C-SDrECvTa4],510,17.000000,1.0000,False,manual_box,brightness_0.7
final_merged_Ich_sammel_i_tried_the_new_season_[C-SDrECvTa4]_000510_20dfab20_aug_brightness_0.7.png,0,enemy,1,0.652082,0.557494,0.053526,0.137986,final_merged__Ich_sammel__i_tried_the_new_season [C-SDrECvTa4],510,17.000000,1.0000,False,manual_box,brightness_0.7
final_merged_Ich_sammel_i_tried_the_new_season_[C-SDrECvTa4]_000510_20dfab20_aug_brightness_0.7.png,0,enemy,1,0.493628,0.552736,0.044180,0.147502,final_merged__Ich_sammel__i_tried_the_new_season [C-SDrECvTa4],510,17.000000,1.0000,False,manual_box,brightness_0.7
final_merged_Ich_sammel_i_tried_the_new_season_[C-SDrECvTa4]_000510_20dfab20_aug_brightness_0.7.png,0,enemy,1,0.794817,0.559080,0.041631,0.131642,final_merged__Ich_sammel__i_tried_the_new_season [C-SDrECvTa4],510,17.000000,1.0000,False,manual_box,brightness_0.7
final_merged_Ich_sammel_i_tried_the_new_season_[C-SDrECvTa4]_000510_20dfab20_aug_brightness_0.7.png,0,enemy,1,0.964316,0.561459,0.071368,0.199841,final_merged__Ich_sammel__i_tried_the_new_season [C-SDrECvTa4],510,17.000000,1.0000,False,manual_box,brightness_0.7
final_merged_Ich_sammel_i_tried_the_new_season_[C-SDrECvTa4]_000510_20dfab20_aug_brightness_1.3.png,1,player,1,0.368309,0.676051,0.238743,0.647898,final_merged__Ich_sammel__i_tried_the_new_season [C-SDrECvTa4],510,17.000000,1.0000,False,manual_box,brightness_1.3
final_merged_Ich_sammel_i_tried_the_new_season_[C-SDrECvTa4]_000510_20dfab20_aug_brightness_1.3.png,0,enemy,1,0.155055,0.594766,0.080714,0.253767,final_merged__Ich_sammel__i_tried_the_new_season [C-SDrECvTa4],510,17.000000,1.0000,False,manual_box,brightness_1.3
final_merged_Ich_sammel_i_tried_the_new_season_[C-SDrECvTa4]_000510_20dfab20_aug_brightness_1.3.png,0,enemy,1,0.246814,0.569389,0.058624,0.171293,final_merged__Ich_sammel__i_tried_the_new_season [C-SDrECvTa4],510,17.000000,1.0000,False,manual_box,brightness_1.3
final_merged_Ich_sammel_i_tried_the_new_season_[C-SDrECvTa4]_000510_20dfab20_aug_brightness_1.3.png,0,enemy,1,0.652082,0.557494,0.053526,0.137986,final_merged__Ich_sammel__i_tried_the_new_season [C-SDrECvTa4],510,17.000000,1.0000,False,manual_box,brightness_1.3
final_merged_Ich_sammel_i_tried_the_new_season_[C-SDrECvTa4]_000510_20dfab20_aug_brightness_1.3.png,0,enemy,1,0.493628,0.552736,0.044180,0.147502,final_merged__Ich_sammel__i_tried_the_new_season [C-SDrECvTa4],510,17.000000,1.0000,False,manual_box,brightness_1.3
final_merged_Ich_sammel_i_tried_the_new_season_[C-SDrECvTa4]_000510_20dfab20_aug_brightness_1.3.png,0,enemy,1,0.794817,0.559080,0.041631,0.131642,final_merged__Ich_sammel__i_tried_the_new_season [C-SDrECvTa4],510,17.000000,1.0000,False,manual_box,brightness_1.3
final_merged_Ich_sammel_i_tried_the_new_season_[C-SDrECvTa4]_000510_20dfab20_aug_brightness_1.3.png,0,enemy,1,0.964316,0.561459,0.071368,0.199841,final_merged__Ich_sammel__i_tried_the_new_season [C-SDrECvTa4],510,17.000000,1.0000,False,manual_box,brightness_1.3
final_merged_Ich_sammel_i_tried_the_new_season_[C-SDrECvTa4]_000510_20dfab20_aug_flip.png,1,player,1,0.631691,0.676051,0.238743,0.647898,final_merged__Ich_sammel__i_tried_the_new_season [C-SDrECvTa4],510,17.000000,1.0000,False,manual_box,flip
final_merged_Ich_sammel_i_tried_the_new_season_[C-SDrECvTa4]_000510_20dfab20_aug_flip.png,0,enemy,1,0.844945,0.594766,0.080714,0.253767,final_merged__Ich_sammel__i_tried_the_new_season [C-SDrECvTa4],510,17.000000,1.0000,False,manual_box,flip
final_merged_Ich_sammel_i_tried_the_new_season_[C-SDrECvTa4]_000510_20dfab20_aug_flip.png,0,enemy,1,0.753186,0.569389,0.058624,0.171293,final_merged__Ich_sammel__i_tried_the_new_season [C-SDrECvTa4],510,17.000000,1.0000,False,manual_box,flip
final_merged_Ich_sammel_i_tried_the_new_season_[C-SDrECvTa4]_000510_20dfab20_aug_flip.png,0,enemy,1,0.347918,0.557494,0.053526,0.137986,final_merged__Ich_sammel__i_tried_the_new_season [C-SDrECvTa4],510,17.000000,1.0000,False,manual_box,flip
final_merged_Ich_sammel_i_tried_the_new_season_[C-SDrECvTa4]_000510_20dfab20_aug_flip.png,0,enemy,1,0.506372,0.552736,0.044180,0.147502,final_merged__Ich_sammel__i_tried_the_new_season [C-SDrECvTa4],510,17.000000,1.0000,False,manual_box,flip
final_merged_Ich_sammel_i_tried_the_new_season_[C-SDrECvTa4]_000510_20dfab20_aug_flip.png,0,enemy,1,0.205183,0.559080,0.041631,0.131642,final_merged__Ich_sammel__i_tried_the_new_season [C-SDrECvTa4],510,17.000000,1.0000,False,manual_box,flip
final_merged_Ich_sammel_i_tried_the_new_season_[C-SDrECvTa4]_000510_20dfab20_aug_flip.png,0,enemy,1,0.035684,0.561459,0.071368,0.199841,final_merged__Ich_sammel__i_tried_the_new_season [C-SDrECvTa4],510,17.000000,1.0000,False,manual_box,flip
final_merged_Ich_sammel_i_tried_the_new_season_[C-SDrECvTa4]_000510_20dfab20_aug_shift.png,1,player,1,0.340798,0.552057,0.238743,0.647898,final_merged__Ich_sammel__i_tried_the_new_season [C-SDrECvTa4],510,17.000000,1.0000,False,manual_box,shift
final_merged_Ich_sammel_i_tried_the_new_season_[C-SDrECvTa4]_000510_20dfab20_aug_shift.png,0,enemy,1,0.127544,0.470772,0.080714,0.253767,final_merged__Ich_sammel__i_tried_the_new_season [C-SDrECvTa4],510,17.000000,1.0000,False,manual_box,shift
final_merged_Ich_sammel_i_tried_the_new_season_[C-SDrECvTa4]_000510_20dfab20_aug_shift.png,0,enemy,1,0.219303,0.445395,0.058624,0.171293,final_merged__Ich_sammel__i_tried_the_new_season [C-SDrECvTa4],510,17.000000,1.0000,False,manual_box,shift
final_merged_Ich_sammel_i_tried_the_new_season_[C-SDrECvTa4]_000510_20dfab20_aug_shift.png,0,enemy,1,0.624571,0.433500,0.053526,0.137986,final_merged__Ich_sammel__i_tried_the_new_season [C-SDrECvTa4],510,17.000000,1.0000,False,manual_box,shift
final_merged_Ich_sammel_i_tried_the_new_season_[C-SDrECvTa4]_000510_20dfab20_aug_shift.png,0,enemy,1,0.466117,0.428742,0.044180,0.147502,final_merged__Ich_sammel__i_tried_the_new_season [C-SDrECvTa4],510,17.000000,1.0000,False,manual_box,shift
final_merged_Ich_sammel_i_tried_the_new_season_[C-SDrECvTa4]_000510_20dfab20_aug_shift.png,0,enemy,1,0.767306,0.435086,0.041631,0.131642,final_merged__Ich_sammel__i_tried_the_new_season [C-SDrECvTa4],510,17.000000,1.0000,False,manual_box,shift
final_merged_Ich_sammel_i_tried_the_new_season_[C-SDrECvTa4]_000510_20dfab20_aug_shift.png,0,enemy,1,0.936805,0.437465,0.071368,0.199841,final_merged__Ich_sammel__i_tried_the_new_season [C-SDrECvTa4],510,17.000000,1.0000,False,manual_box,shift
final_merged_Ich_sammel_i_tried_the_new_season_[C-SDrECvTa4]_000525_d557d758_aug_original.png,1,player,1,0.202209,0.603093,0.404418,0.793814,final_merged__Ich_sammel__i_tried_the_new_season [C-SDrECvTa4],525,17.500000,1.0000,False,manual_box,original
final_merged_Ich_sammel_i_tried_the_new_season_[C-SDrECvTa4]_000525_d557d758_aug_original.png,0,enemy,1,0.822855,0.559873,0.034834,0.139572,final_merged__Ich_sammel__i_tried_the_new_season [C-SDrECvTa4],525,17.500000,1.0000,False,manual_box,original
final_merged_Ich_sammel_i_tried_the_new_season_[C-SDrECvTa4]_000525_d557d758_aug_original.png,0,enemy,1,0.664401,0.560666,0.049278,0.141158,final_merged__Ich_sammel__i_tried_the_new_season [C-SDrECvTa4],525,17.500000,1.0000,False,manual_box,original
final_merged_Ich_sammel_i_tried_the_new_season_[C-SDrECvTa4]_000525_d557d758_aug_original.png,0,enemy,1,0.500000,0.549564,0.051827,0.163362,final_merged__Ich_sammel__i_tried_the_new_season [C-SDrECvTa4],525,17.500000,1.0000,False,manual_box,original
final_merged_Ich_sammel_i_tried_the_new_season_[C-SDrECvTa4]_000525_d557d758_aug_original.png,0,enemy,1,0.235344,0.570182,0.056075,0.195083,final_merged__Ich_sammel__i_tried_the_new_season [C-SDrECvTa4],525,17.500000,1.0000,False,manual_box,original
final_merged_Ich_sammel_i_tried_the_new_season_[C-SDrECvTa4]_000525_d557d758_aug_brightness_0.7.png,1,player,1,0.202209,0.603093,0.404418,0.793814,final_merged__Ich_sammel__i_tried_the_new_season [C-SDrECvTa4],525,17.500000,1.0000,False,manual_box,brightness_0.7
final_merged_Ich_sammel_i_tried_the_new_season_[C-SDrECvTa4]_000525_d557d758_aug_brightness_0.7.png,0,enemy,1,0.822855,0.559873,0.034834,0.139572,final_merged__Ich_sammel__i_tried_the_new_season [C-SDrECvTa4],525,17.500000,1.0000,False,manual_box,brightness_0.7
final_merged_Ich_sammel_i_tried_the_new_season_[C-SDrECvTa4]_000525_d557d758_aug_brightness_0.7.png,0,enemy,1,0.664401,0.560666,0.049278,0.141158,final_merged__Ich_sammel__i_tried_the_new_season [C-SDrECvTa4],525,17.500000,1.0000,False,manual_box,brightness_0.7
final_merged_Ich_sammel_i_tried_the_new_season_[C-SDrECvTa4]_000525_d557d758_aug_brightness_0.7.png,0,enemy,1,0.500000,0.549564,0.051827,0.163362,final_merged__Ich_sammel__i_tried_the_new_season [C-SDrECvTa4],525,17.500000,1.0000,False,manual_box,brightness_0.7
final_merged_Ich_sammel_i_tried_the_new_season_[C-SDrECvTa4]_000525_d557d758_aug_brightness_0.7.png,0,enemy,1,0.235344,0.570182,0.056075,0.195083,final_merged__Ich_sammel__i_tried_the_new_season [C-SDrECvTa4],525,17.500000,1.0000,False,manual_box,brightness_0.7
final_merged_Ich_sammel_i_tried_the_new_season_[C-SDrECvTa4]_000525_d557d758_aug_brightness_1.3.png,1,player,1,0.202209,0.603093,0.404418,0.793814,final_merged__Ich_sammel__i_tried_the_new_season [C-SDrECvTa4],525,17.500000,1.0000,False,manual_box,brightness_1.3
final_merged_Ich_sammel_i_tried_the_new_season_[C-SDrECvTa4]_000525_d557d758_aug_brightness_1.3.png,0,enemy,1,0.822855,0.559873,0.034834,0.139572,final_merged__Ich_sammel__i_tried_the_new_season [C-SDrECvTa4],525,17.500000,1.0000,False,manual_box,brightness_1.3
final_merged_Ich_sammel_i_tried_the_new_season_[C-SDrECvTa4]_000525_d557d758_aug_brightness_1.3.png,0,enemy,1,0.664401,0.560666,0.049278,0.141158,final_merged__Ich_sammel__i_tried_the_new_season [C-SDrECvTa4],525,17.500000,1.0000,False,manual_box,brightness_1.3
final_merged_Ich_sammel_i_tried_the_new_season_[C-SDrECvTa4]_000525_d557d758_aug_brightness_1.3.png,0,enemy,1,0.500000,0.549564,0.051827,0.163362,final_merged__Ich_sammel__i_tried_the_new_season [C-SDrECvTa4],525,17.500000,1.0000,False,manual_box,brightness_1.3
final_merged_Ich_sammel_i_tried_the_new_season_[C-SDrECvTa4]_000525_d557d758_aug_brightness_1.3.png,0,enemy,1,0.235344,0.570182,0.056075,0.195083,final_merged__Ich_sammel__i_tried_the_new_season [C-SDrECvTa4],525,17.500000,1.0000,False,manual_box,brightness_1.3
final_merged_Ich_sammel_i_tried_the_new_season_[C-SDrECvTa4]_000525_d557d758_aug_noise.png,1,player,1,0.202209,0.603093,0.404418,0.793814,final_merged__Ich_sammel__i_tried_the_new_season [C-SDrECvTa4],525,17.500000,1.0000,False,manual_box,noise
final_merged_Ich_sammel_i_tried_the_new_season_[C-SDrECvTa4]_000525_d557d758_aug_noise.png,0,enemy,1,0.822855,0.559873,0.034834,0.139572,final_merged__Ich_sammel__i_tried_the_new_season [C-SDrECvTa4],525,17.500000,1.0000,False,manual_box,noise
final_merged_Ich_sammel_i_tried_the_new_season_[C-SDrECvTa4]_000525_d557d758_aug_noise.png,0,enemy,1,0.664401,0.560666,0.049278,0.141158,final_merged__Ich_sammel__i_tried_the_new_season [C-SDrECvTa4],525,17.500000,1.0000,False,manual_box,noise
final_merged_Ich_sammel_i_tried_the_new_season_[C-SDrECvTa4]_000525_d557d758_aug_noise.png,0,enemy,1,0.500000,0.549564,0.051827,0.163362,final_merged__Ich_sammel__i_tried_the_new_season [C-SDrECvTa4],525,17.500000,1.0000,False,manual_box,noise
final_merged_Ich_sammel_i_tried_the_new_season_[C-SDrECvTa4]_000525_d557d758_aug_noise.png,0,enemy,1,0.235344,0.570182,0.056075,0.195083,final_merged__Ich_sammel__i_tried_the_new_season [C-SDrECvTa4],525,17.500000,1.0000,False,manual_box,noise
final_merged_Ich_sammel_i_tried_the_new_season_[C-SDrECvTa4]_000525_d557d758_aug_flip.png,1,player,1,0.797791,0.603093,0.404418,0.793814,final_merged__Ich_sammel__i_tried_the_new_season [C-SDrECvTa4],525,17.500000,1.0000,False,manual_box,flip
final_merged_Ich_sammel_i_tried_the_new_season_[C-SDrECvTa4]_000525_d557d758_aug_flip.png,0,enemy,1,0.177145,0.559873,0.034834,0.139572,final_merged__Ich_sammel__i_tried_the_new_season [C-SDrECvTa4],525,17.500000,1.0000,False,manual_box,flip
final_merged_Ich_sammel_i_tried_the_new_season_[C-SDrECvTa4]_000525_d557d758_aug_flip.png,0,enemy,1,0.335599,0.560666,0.049278,0.141158,final_merged__Ich_sammel__i_tried_the_new_season [C-SDrECvTa4],525,17.500000,1.0000,False,manual_box,flip
final_merged_Ich_sammel_i_tried_the_new_season_[C-SDrECvTa4]_000525_d557d758_aug_flip.png,0,enemy,1,0.500000,0.549564,0.051827,0.163362,final_merged__Ich_sammel__i_tried_the_new_season [C-SDrECvTa4],525,17.500000,1.0000,False,manual_box,flip
final_merged_Ich_sammel_i_tried_the_new_season_[C-SDrECvTa4]_000525_d557d758_aug_flip.png,0,enemy,1,0.764656,0.570182,0.056075,0.195083,final_merged__Ich_sammel__i_tried_the_new_season [C-SDrECvTa4],525,17.500000,1.0000,False,manual_box,flip
final_merged_Ich_sammel_i_tried_the_new_season_[C-SDrECvTa4]_000540_ea4ba148_aug_original.png,1,player,1,0.189040,0.618160,0.372982,0.763680,final_merged__Ich_sammel__i_tried_the_new_season [C-SDrECvTa4],540,18.000000,1.0000,False,manual_box,original
final_merged_Ich_sammel_i_tried_the_new_season_[C-SDrECvTa4]_000540_ea4ba148_aug_original.png,0,enemy,1,0.508921,0.558287,0.064571,0.187153,final_merged__Ich_sammel__i_tried_the_new_season [C-SDrECvTa4],540,18.000000,1.0000,False,manual_box,original
final_merged_Ich_sammel_i_tried_the_new_season_[C-SDrECvTa4]_000540_ea4ba148_aug_original.png,0,enemy,1,0.683093,0.567010,0.059473,0.172879,final_merged__Ich_sammel__i_tried_the_new_season [C-SDrECvTa4],540,18.000000,1.0000,False,manual_box,original
final_merged_Ich_sammel_i_tried_the_new_season_[C-SDrECvTa4]_000540_ea4ba148_aug_original.png,0,enemy,1,0.836449,0.572561,0.050127,0.164948,final_merged__Ich_sammel__i_tried_the_new_season [C-SDrECvTa4],540,18.000000,1.0000,False,manual_box,original
final_merged_Ich_sammel_i_tried_the_new_season_[C-SDrECvTa4]_000540_ea4ba148_aug_brightness_0.7.png,1,player,1,0.189040,0.618160,0.372982,0.763680,final_merged__Ich_sammel__i_tried_the_new_season [C-SDrECvTa4],540,18.000000,1.0000,False,manual_box,brightness_0.7
final_merged_Ich_sammel_i_tried_the_new_season_[C-SDrECvTa4]_000540_ea4ba148_aug_brightness_0.7.png,0,enemy,1,0.508921,0.558287,0.064571,0.187153,final_merged__Ich_sammel__i_tried_the_new_season [C-SDrECvTa4],540,18.000000,1.0000,False,manual_box,brightness_0.7
final_merged_Ich_sammel_i_tried_the_new_season_[C-SDrECvTa4]_000540_ea4ba148_aug_brightness_0.7.png,0,enemy,1,0.683093,0.567010,0.059473,0.172879,final_merged__Ich_sammel__i_tried_the_new_season [C-SDrECvTa4],540,18.000000,1.0000,False,manual_box,brightness_0.7
final_merged_Ich_sammel_i_tried_the_new_season_[C-SDrECvTa4]_000540_ea4ba148_aug_brightness_0.7.png,0,enemy,1,0.836449,0.572561,0.050127,0.164948,final_merged__Ich_sammel__i_tried_the_new_season [C-SDrECvTa4],540,18.000000,1.0000,False,manual_box,brightness_0.7
final_merged_Ich_sammel_i_tried_the_new_season_[C-SDrECvTa4]_000540_ea4ba148_aug_brightness_1.3.png,1,player,1,0.189040,0.618160,0.372982,0.763680,final_merged__Ich_sammel__i_tried_the_new_season [C-SDrECvTa4],540,18.000000,1.0000,False,manual_box,brightness_1.3
final_merged_Ich_sammel_i_tried_the_new_season_[C-SDrECvTa4]_000540_ea4ba148_aug_brightness_1.3.png,0,enemy,1,0.508921,0.558287,0.064571,0.187153,final_merged__Ich_sammel__i_tried_the_new_season [C-SDrECvTa4],540,18.000000,1.0000,False,manual_box,brightness_1.3
final_merged_Ich_sammel_i_tried_the_new_season_[C-SDrECvTa4]_000540_ea4ba148_aug_brightness_1.3.png,0,enemy,1,0.683093,0.567010,0.059473,0.172879,final_merged__Ich_sammel__i_tried_the_new_season [C-SDrECvTa4],540,18.000000,1.0000,False,manual_box,brightness_1.3
final_merged_Ich_sammel_i_tried_the_new_season_[C-SDrECvTa4]_000540_ea4ba148_aug_brightness_1.3.png,0,enemy,1,0.836449,0.572561,0.050127,0.164948,final_merged__Ich_sammel__i_tried_the_new_season [C-SDrECvTa4],540,18.000000,1.0000,False,manual_box,brightness_1.3
final_merged_Ich_sammel_i_tried_the_new_season_[C-SDrECvTa4]_000555_b13c66f8_aug_original.png,1,player,1,0.207307,0.609437,0.404418,0.781126,final_merged__Ich_sammel__i_tried_the_new_season [C-SDrECvTa4],555,18.500000,1.0000,False,manual_box,original
final_merged_Ich_sammel_i_tried_the_new_season_[C-SDrECvTa4]_000555_b13c66f8_aug_original.png,0,enemy,1,0.850467,0.581285,0.057774,0.166534,final_merged__Ich_sammel__i_tried_the_new_season [C-SDrECvTa4],555,18.500000,1.0000,False,manual_box,original
final_merged_Ich_sammel_i_tried_the_new_season_[C-SDrECvTa4]_000555_b13c66f8_aug_original.png,0,enemy,1,0.674596,0.580492,0.062872,0.180809,final_merged__Ich_sammel__i_tried_the_new_season [C-SDrECvTa4],555,18.500000,1.0000,False,manual_box,original
final_merged_Ich_sammel_i_tried_the_new_season_[C-SDrECvTa4]_000555_b13c66f8_aug_original.png,0,enemy,1,0.502974,0.575734,0.064571,0.190325,final_merged__Ich_sammel__i_tried_the_new_season [C-SDrECvTa4],555,18.500000,1.0000,False,manual_box,original
final_merged_Ich_sammel_i_tried_the_new_season_[C-SDrECvTa4]_000570_a6d22667_aug_original.png,1,player,1,0.377655,0.704600,0.274427,0.590800,final_merged__Ich_sammel__i_tried_the_new_season [C-SDrECvTa4],570,19.000000,1.0000,False,manual_box,original
final_merged_Ich_sammel_i_tried_the_new_season_[C-SDrECvTa4]_000570_a6d22667_aug_original.png,0,enemy,1,0.129992,0.596352,0.112150,0.352102,final_merged__Ich_sammel__i_tried_the_new_season [C-SDrECvTa4],570,19.000000,1.0000,False,manual_box,original
final_merged_Ich_sammel_i_tried_the_new_season_[C-SDrECvTa4]_000570_a6d22667_aug_original.png,0,enemy,1,0.253611,0.567010,0.075616,0.204600,final_merged__Ich_sammel__i_tried_the_new_season [C-SDrECvTa4],570,19.000000,1.0000,False,manual_box,original
final_merged_Ich_sammel_i_tried_the_new_season_[C-SDrECvTa4]_000570_a6d22667_aug_original.png,0,enemy,1,0.521240,0.542427,0.053526,0.161776,final_merged__Ich_sammel__i_tried_the_new_season [C-SDrECvTa4],570,19.000000,1.0000,False,manual_box,original
final_merged_Ich_sammel_i_tried_the_new_season_[C-SDrECvTa4]_000570_a6d22667_aug_original.png,0,enemy,1,0.688190,0.544806,0.049278,0.141158,final_merged__Ich_sammel__i_tried_the_new_season [C-SDrECvTa4],570,19.000000,1.0000,False,manual_box,original
final_merged_Ich_sammel_i_tried_the_new_season_[C-SDrECvTa4]_000570_a6d22667_aug_original.png,0,enemy,1,0.837723,0.551943,0.049278,0.123711,final_merged__Ich_sammel__i_tried_the_new_season [C-SDrECvTa4],570,19.000000,1.0000,False,manual_box,original
final_merged_Ich_sammel_i_tried_the_new_season_[C-SDrECvTa4]_000570_a6d22667_aug_brightness_0.7.png,1,player,1,0.377655,0.704600,0.274427,0.590800,final_merged__Ich_sammel__i_tried_the_new_season [C-SDrECvTa4],570,19.000000,1.0000,False,manual_box,brightness_0.7
final_merged_Ich_sammel_i_tried_the_new_season_[C-SDrECvTa4]_000570_a6d22667_aug_brightness_0.7.png,0,enemy,1,0.129992,0.596352,0.112150,0.352102,final_merged__Ich_sammel__i_tried_the_new_season [C-SDrECvTa4],570,19.000000,1.0000,False,manual_box,brightness_0.7
final_merged_Ich_sammel_i_tried_the_new_season_[C-SDrECvTa4]_000570_a6d22667_aug_brightness_0.7.png,0,enemy,1,0.253611,0.567010,0.075616,0.204600,final_merged__Ich_sammel__i_tried_the_new_season [C-SDrECvTa4],570,19.000000,1.0000,False,manual_box,brightness_0.7
final_merged_Ich_sammel_i_tried_the_new_season_[C-SDrECvTa4]_000570_a6d22667_aug_brightness_0.7.png,0,enemy,1,0.521240,0.542427,0.053526,0.161776,final_merged__Ich_sammel__i_tried_the_new_season [C-SDrECvTa4],570,19.000000,1.0000,False,manual_box,brightness_0.7
final_merged_Ich_sammel_i_tried_the_new_season_[C-SDrECvTa4]_000570_a6d22667_aug_brightness_0.7.png,0,enemy,1,0.688190,0.544806,0.049278,0.141158,final_merged__Ich_sammel__i_tried_the_new_season [C-SDrECvTa4],570,19.000000,1.0000,False,manual_box,brightness_0.7
final_merged_Ich_sammel_i_tried_the_new_season_[C-SDrECvTa4]_000570_a6d22667_aug_brightness_0.7.png,0,enemy,1,0.837723,0.551943,0.049278,0.123711,final_merged__Ich_sammel__i_tried_the_new_season [C-SDrECvTa4],570,19.000000,1.0000,False,manual_box,brightness_0.7
final_merged_Ich_sammel_i_tried_the_new_season_[C-SDrECvTa4]_000570_a6d22667_aug_brightness_1.3.png,1,player,1,0.377655,0.704600,0.274427,0.590800,final_merged__Ich_sammel__i_tried_the_new_season [C-SDrECvTa4],570,19.000000,1.0000,False,manual_box,brightness_1.3
final_merged_Ich_sammel_i_tried_the_new_season_[C-SDrECvTa4]_000570_a6d22667_aug_brightness_1.3.png,0,enemy,1,0.129992,0.596352,0.112150,0.352102,final_merged__Ich_sammel__i_tried_the_new_season [C-SDrECvTa4],570,19.000000,1.0000,False,manual_box,brightness_1.3
final_merged_Ich_sammel_i_tried_the_new_season_[C-SDrECvTa4]_000570_a6d22667_aug_brightness_1.3.png,0,enemy,1,0.253611,0.567010,0.075616,0.204600,final_merged__Ich_sammel__i_tried_the_new_season [C-SDrECvTa4],570,19.000000,1.0000,False,manual_box,brightness_1.3
final_merged_Ich_sammel_i_tried_the_new_season_[C-SDrECvTa4]_000570_a6d22667_aug_brightness_1.3.png,0,enemy,1,0.521240,0.542427,0.053526,0.161776,final_merged__Ich_sammel__i_tried_the_new_season [C-SDrECvTa4],570,19.000000,1.0000,False,manual_box,brightness_1.3
final_merged_Ich_sammel_i_tried_the_new_season_[C-SDrECvTa4]_000570_a6d22667_aug_brightness_1.3.png,0,enemy,1,0.688190,0.544806,0.049278,0.141158,final_merged__Ich_sammel__i_tried_the_new_season [C-SDrECvTa4],570,19.000000,1.0000,False,manual_box,brightness_1.3
final_merged_Ich_sammel_i_tried_the_new_season_[C-SDrECvTa4]_000570_a6d22667_aug_brightness_1.3.png,0,enemy,1,0.837723,0.551943,0.049278,0.123711,final_merged__Ich_sammel__i_tried_the_new_season [C-SDrECvTa4],570,19.000000,1.0000,False,manual_box,brightness_1.3
final_merged_Ich_sammel_i_tried_the_new_season_[C-SDrECvTa4]_000570_a6d22667_aug_flip.png,1,player,1,0.622345,0.704600,0.274427,0.590800,final_merged__Ich_sammel__i_tried_the_new_season [C-SDrECvTa4],570,19.000000,1.0000,False,manual_box,flip
final_merged_Ich_sammel_i_tried_the_new_season_[C-SDrECvTa4]_000570_a6d22667_aug_flip.png,0,enemy,1,0.870008,0.596352,0.112150,0.352102,final_merged__Ich_sammel__i_tried_the_new_season [C-SDrECvTa4],570,19.000000,1.0000,False,manual_box,flip
final_merged_Ich_sammel_i_tried_the_new_season_[C-SDrECvTa4]_000570_a6d22667_aug_flip.png,0,enemy,1,0.746389,0.567010,0.075616,0.204600,final_merged__Ich_sammel__i_tried_the_new_season [C-SDrECvTa4],570,19.000000,1.0000,False,manual_box,flip
final_merged_Ich_sammel_i_tried_the_new_season_[C-SDrECvTa4]_000570_a6d22667_aug_flip.png,0,enemy,1,0.478760,0.542427,0.053526,0.161776,final_merged__Ich_sammel__i_tried_the_new_season [C-SDrECvTa4],570,19.000000,1.0000,False,manual_box,flip
final_merged_Ich_sammel_i_tried_the_new_season_[C-SDrECvTa4]_000570_a6d22667_aug_flip.png,0,enemy,1,0.311810,0.544806,0.049278,0.141158,final_merged__Ich_sammel__i_tried_the_new_season [C-SDrECvTa4],570,19.000000,1.0000,False,manual_box,flip
final_merged_Ich_sammel_i_tried_the_new_season_[C-SDrECvTa4]_000570_a6d22667_aug_flip.png,0,enemy,1,0.162277,0.551943,0.049278,0.123711,final_merged__Ich_sammel__i_tried_the_new_season [C-SDrECvTa4],570,19.000000,1.0000,False,manual_box,flip
final_merged_Ich_sammel_i_tried_the_new_season_[C-SDrECvTa4]_000570_a6d22667_aug_shift.png,1,player,1,0.287244,0.676764,0.274427,0.590801,final_merged__Ich_sammel__i_tried_the_new_season [C-SDrECvTa4],570,19.000000,1.0000,False,manual_box,shift
final_merged_Ich_sammel_i_tried_the_new_season_[C-SDrECvTa4]_000570_a6d22667_aug_shift.png,0,enemy,1,0.047828,0.568516,0.095656,0.352102,final_merged__Ich_sammel__i_tried_the_new_season [C-SDrECvTa4],570,19.000000,1.0000,False,manual_box,shift
final_merged_Ich_sammel_i_tried_the_new_season_[C-SDrECvTa4]_000570_a6d22667_aug_shift.png,0,enemy,1,0.163200,0.539174,0.075616,0.204600,final_merged__Ich_sammel__i_tried_the_new_season [C-SDrECvTa4],570,19.000000,1.0000,False,manual_box,shift
final_merged_Ich_sammel_i_tried_the_new_season_[C-SDrECvTa4]_000570_a6d22667_aug_shift.png,0,enemy,1,0.430829,0.514591,0.053526,0.161776,final_merged__Ich_sammel__i_tried_the_new_season [C-SDrECvTa4],570,19.000000,1.0000,False,manual_box,shift
final_merged_Ich_sammel_i_tried_the_new_season_[C-SDrECvTa4]_000570_a6d22667_aug_shift.png,0,enemy,1,0.597779,0.516970,0.049278,0.141158,final_merged__Ich_sammel__i_tried_the_new_season [C-SDrECvTa4],570,19.000000,1.0000,False,manual_box,shift
final_merged_Ich_sammel_i_tried_the_new_season_[C-SDrECvTa4]_000570_a6d22667_aug_shift.png,0,enemy,1,0.747312,0.524107,0.049278,0.123711,final_merged__Ich_sammel__i_tried_the_new_season [C-SDrECvTa4],570,19.000000,1.0000,False,manual_box,shift
final_merged_Ich_sammel_i_tried_the_new_season_[C-SDrECvTa4]_000585_47955a80_aug_original.png,1,player,1,0.393798,0.714512,0.111300,0.559873,final_merged__Ich_sammel__i_tried_the_new_season [C-SDrECvTa4],585,19.500000,1.0000,False,manual_box,original
final_merged_Ich_sammel_i_tried_the_new_season_[C-SDrECvTa4]_000585_47955a80_aug_original.png,0,enemy,1,0.880629,0.597938,0.067120,0.241079,final_merged__Ich_sammel__i_tried_the_new_season [C-SDrECvTa4],585,19.500000,1.0000,False,manual_box,original
final_merged_Ich_sammel_i_tried_the_new_season_[C-SDrECvTa4]_000585_47955a80_aug_original.png,0,enemy,1,0.643585,0.474227,0.050127,0.149088,final_merged__Ich_sammel__i_tried_the_new_season [C-SDrECvTa4],585,19.500000,1.0000,False,manual_box,original
final_merged_Ich_sammel_i_tried_the_new_season_[C-SDrECvTa4]_000585_47955a80_aug_original.png,0,enemy,1,0.522090,0.478985,0.046729,0.123711,final_merged__Ich_sammel__i_tried_the_new_season [C-SDrECvTa4],585,19.500000,1.0000,False,manual_box,original
final_merged_Ich_sammel_i_tried_the_new_season_[C-SDrECvTa4]_000585_47955a80_aug_brightness_0.7.png,1,player,1,0.393798,0.714512,0.111300,0.559873,final_merged__Ich_sammel__i_tried_the_new_season [C-SDrECvTa4],585,19.500000,1.0000,False,manual_box,brightness_0.7
final_merged_Ich_sammel_i_tried_the_new_season_[C-SDrECvTa4]_000585_47955a80_aug_brightness_0.7.png,0,enemy,1,0.880629,0.597938,0.067120,0.241079,final_merged__Ich_sammel__i_tried_the_new_season [C-SDrECvTa4],585,19.500000,1.0000,False,manual_box,brightness_0.7
final_merged_Ich_sammel_i_tried_the_new_season_[C-SDrECvTa4]_000585_47955a80_aug_brightness_0.7.png,0,enemy,1,0.643585,0.474227,0.050127,0.149088,final_merged__Ich_sammel__i_tried_the_new_season [C-SDrECvTa4],585,19.500000,1.0000,False,manual_box,brightness_0.7
final_merged_Ich_sammel_i_tried_the_new_season_[C-SDrECvTa4]_000585_47955a80_aug_brightness_0.7.png,0,enemy,1,0.522090,0.478985,0.046729,0.123711,final_merged__Ich_sammel__i_tried_the_new_season [C-SDrECvTa4],585,19.500000,1.0000,False,manual_box,brightness_0.7
final_merged_Ich_sammel_i_tried_the_new_season_[C-SDrECvTa4]_000585_47955a80_aug_brightness_1.3.png,1,player,1,0.393798,0.714512,0.111300,0.559873,final_merged__Ich_sammel__i_tried_the_new_season [C-SDrECvTa4],585,19.500000,1.0000,False,manual_box,brightness_1.3
final_merged_Ich_sammel_i_tried_the_new_season_[C-SDrECvTa4]_000585_47955a80_aug_brightness_1.3.png,0,enemy,1,0.880629,0.597938,0.067120,0.241079,final_merged__Ich_sammel__i_tried_the_new_season [C-SDrECvTa4],585,19.500000,1.0000,False,manual_box,brightness_1.3
final_merged_Ich_sammel_i_tried_the_new_season_[C-SDrECvTa4]_000585_47955a80_aug_brightness_1.3.png,0,enemy,1,0.643585,0.474227,0.050127,0.149088,final_merged__Ich_sammel__i_tried_the_new_season [C-SDrECvTa4],585,19.500000,1.0000,False,manual_box,brightness_1.3
final_merged_Ich_sammel_i_tried_the_new_season_[C-SDrECvTa4]_000585_47955a80_aug_brightness_1.3.png,0,enemy,1,0.522090,0.478985,0.046729,0.123711,final_merged__Ich_sammel__i_tried_the_new_season [C-SDrECvTa4],585,19.500000,1.0000,False,manual_box,brightness_1.3
final_merged_Ich_sammel_i_tried_the_new_season_[C-SDrECvTa4]_000585_47955a80_aug_flip.png,1,player,1,0.606202,0.714512,0.111300,0.559873,final_merged__Ich_sammel__i_tried_the_new_season [C-SDrECvTa4],585,19.500000,1.0000,False,manual_box,flip
final_merged_Ich_sammel_i_tried_the_new_season_[C-SDrECvTa4]_000585_47955a80_aug_flip.png,0,enemy,1,0.119371,0.597938,0.067120,0.241079,final_merged__Ich_sammel__i_tried_the_new_season [C-SDrECvTa4],585,19.500000,1.0000,False,manual_box,flip
final_merged_Ich_sammel_i_tried_the_new_season_[C-SDrECvTa4]_000585_47955a80_aug_flip.png,0,enemy,1,0.356415,0.474227,0.050127,0.149088,final_merged__Ich_sammel__i_tried_the_new_season [C-SDrECvTa4],585,19.500000,1.0000,False,manual_box,flip
final_merged_Ich_sammel_i_tried_the_new_season_[C-SDrECvTa4]_000585_47955a80_aug_flip.png,0,enemy,1,0.477910,0.478985,0.046729,0.123711,final_merged__Ich_sammel__i_tried_the_new_season [C-SDrECvTa4],585,19.500000,1.0000,False,manual_box,flip
final_merged_Ich_sammel_i_tried_the_new_season_[C-SDrECvTa4]_000585_47955a80_aug_shift.png,1,player,1,0.530998,0.678969,0.111300,0.559873,final_merged__Ich_sammel__i_tried_the_new_season [C-SDrECvTa4],585,19.500000,1.0000,False,manual_box,shift
final_merged_Ich_sammel_i_tried_the_new_season_[C-SDrECvTa4]_000585_47955a80_aug_shift.png,0,enemy,1,0.992134,0.562395,0.015731,0.241079,final_merged__Ich_sammel__i_tried_the_new_season [C-SDrECvTa4],585,19.500000,1.0000,False,manual_box,shift
final_merged_Ich_sammel_i_tried_the_new_season_[C-SDrECvTa4]_000585_47955a80_aug_shift.png,0,enemy,1,0.780785,0.438684,0.050127,0.149088,final_merged__Ich_sammel__i_tried_the_new_season [C-SDrECvTa4],585,19.500000,1.0000,False,manual_box,shift
final_merged_Ich_sammel_i_tried_the_new_season_[C-SDrECvTa4]_000585_47955a80_aug_shift.png,0,enemy,1,0.659290,0.443442,0.046729,0.123711,final_merged__Ich_sammel__i_tried_the_new_season [C-SDrECvTa4],585,19.500000,1.0000,False,manual_box,shift
final_merged_Ich_sammel_i_tried_the_new_season_[C-SDrECvTa4]_000600_1498de58_aug_original.png,1,player,1,0.394647,0.707375,0.148683,0.583664,final_merged__Ich_sammel__i_tried_the_new_season [C-SDrECvTa4],600,20.000000,1.0000,False,manual_box,original
final_merged_Ich_sammel_i_tried_the_new_season_[C-SDrECvTa4]_000600_1498de58_aug_original.png,0,enemy,1,0.725149,0.665345,0.065421,0.207772,final_merged__Ich_sammel__i_tried_the_new_season [C-SDrECvTa4],600,20.000000,1.0000,False,manual_box,original
final_merged_Ich_sammel_i_tried_the_new_season_[C-SDrECvTa4]_000600_1498de58_aug_original.png,0,enemy,1,0.488530,0.685964,0.059473,0.229976,final_merged__Ich_sammel__i_tried_the_new_season [C-SDrECvTa4],600,20.000000,1.0000,False,manual_box,original
final_merged_Ich_sammel_i_tried_the_new_season_[C-SDrECvTa4]_000600_1498de58_aug_original.png,0,enemy,1,0.145709,0.838620,0.123195,0.322760,final_merged__Ich_sammel__i_tried_the_new_season [C-SDrECvTa4],600,20.000000,1.0000,False,manual_box,original
final_merged_Ich_sammel_i_tried_the_new_season_[C-SDrECvTa4]_000600_1498de58_aug_brightness_0.7.png,1,player,1,0.394647,0.707375,0.148683,0.583664,final_merged__Ich_sammel__i_tried_the_new_season [C-SDrECvTa4],600,20.000000,1.0000,False,manual_box,brightness_0.7
final_merged_Ich_sammel_i_tried_the_new_season_[C-SDrECvTa4]_000600_1498de58_aug_brightness_0.7.png,0,enemy,1,0.725149,0.665345,0.065421,0.207772,final_merged__Ich_sammel__i_tried_the_new_season [C-SDrECvTa4],600,20.000000,1.0000,False,manual_box,brightness_0.7
final_merged_Ich_sammel_i_tried_the_new_season_[C-SDrECvTa4]_000600_1498de58_aug_brightness_0.7.png,0,enemy,1,0.488530,0.685964,0.059473,0.229976,final_merged__Ich_sammel__i_tried_the_new_season [C-SDrECvTa4],600,20.000000,1.0000,False,manual_box,brightness_0.7
final_merged_Ich_sammel_i_tried_the_new_season_[C-SDrECvTa4]_000600_1498de58_aug_brightness_0.7.png,0,enemy,1,0.145709,0.838620,0.123195,0.322760,final_merged__Ich_sammel__i_tried_the_new_season [C-SDrECvTa4],600,20.000000,1.0000,False,manual_box,brightness_0.7
final_merged_Ich_sammel_i_tried_the_new_season_[C-SDrECvTa4]_000600_1498de58_aug_brightness_1.3.png,1,player,1,0.394647,0.707375,0.148683,0.583664,final_merged__Ich_sammel__i_tried_the_new_season [C-SDrECvTa4],600,20.000000,1.0000,False,manual_box,brightness_1.3
final_merged_Ich_sammel_i_tried_the_new_season_[C-SDrECvTa4]_000600_1498de58_aug_brightness_1.3.png,0,enemy,1,0.725149,0.665345,0.065421,0.207772,final_merged__Ich_sammel__i_tried_the_new_season [C-SDrECvTa4],600,20.000000,1.0000,False,manual_box,brightness_1.3
final_merged_Ich_sammel_i_tried_the_new_season_[C-SDrECvTa4]_000600_1498de58_aug_brightness_1.3.png,0,enemy,1,0.488530,0.685964,0.059473,0.229976,final_merged__Ich_sammel__i_tried_the_new_season [C-SDrECvTa4],600,20.000000,1.0000,False,manual_box,brightness_1.3
final_merged_Ich_sammel_i_tried_the_new_season_[C-SDrECvTa4]_000600_1498de58_aug_brightness_1.3.png,0,enemy,1,0.145709,0.838620,0.123195,0.322760,final_merged__Ich_sammel__i_tried_the_new_season [C-SDrECvTa4],600,20.000000,1.0000,False,manual_box,brightness_1.3
final_merged_Ich_sammel_i_tried_the_new_season_[C-SDrECvTa4]_000600_1498de58_aug_noise.png,1,player,1,0.394647,0.707375,0.148683,0.583664,final_merged__Ich_sammel__i_tried_the_new_season [C-SDrECvTa4],600,20.000000,1.0000,False,manual_box,noise
final_merged_Ich_sammel_i_tried_the_new_season_[C-SDrECvTa4]_000600_1498de58_aug_noise.png,0,enemy,1,0.725149,0.665345,0.065421,0.207772,final_merged__Ich_sammel__i_tried_the_new_season [C-SDrECvTa4],600,20.000000,1.0000,False,manual_box,noise
final_merged_Ich_sammel_i_tried_the_new_season_[C-SDrECvTa4]_000600_1498de58_aug_noise.png,0,enemy,1,0.488530,0.685964,0.059473,0.229976,final_merged__Ich_sammel__i_tried_the_new_season [C-SDrECvTa4],600,20.000000,1.0000,False,manual_box,noise
final_merged_Ich_sammel_i_tried_the_new_season_[C-SDrECvTa4]_000600_1498de58_aug_noise.png,0,enemy,1,0.145709,0.838620,0.123195,0.322760,final_merged__Ich_sammel__i_tried_the_new_season [C-SDrECvTa4],600,20.000000,1.0000,False,manual_box,noise
final_merged_Ich_sammel_i_tried_the_new_season_[C-SDrECvTa4]_000600_1498de58_aug_shift.png,1,player,1,0.338415,0.763569,0.148683,0.472862,final_merged__Ich_sammel__i_tried_the_new_season [C-SDrECvTa4],600,20.000000,1.0000,False,manual_box,shift
final_merged_Ich_sammel_i_tried_the_new_season_[C-SDrECvTa4]_000600_1498de58_aug_shift.png,0,enemy,1,0.668917,0.776940,0.065421,0.207772,final_merged__Ich_sammel__i_tried_the_new_season [C-SDrECvTa4],600,20.000000,1.0000,False,manual_box,shift
final_merged_Ich_sammel_i_tried_the_new_season_[C-SDrECvTa4]_000600_1498de58_aug_shift.png,0,enemy,1,0.432298,0.797559,0.059473,0.229976,final_merged__Ich_sammel__i_tried_the_new_season [C-SDrECvTa4],600,20.000000,1.0000,False,manual_box,shift
final_merged_Ich_sammel_i_tried_the_new_season_[C-SDrECvTa4]_000600_1498de58_aug_shift.png,0,enemy,1,0.089477,0.894418,0.123195,0.211165,final_merged__Ich_sammel__i_tried_the_new_season [C-SDrECvTa4],600,20.000000,1.0000,False,manual_box,shift
final_merged_Ich_sammel_i_tried_the_new_season_[C-SDrECvTa4]_000615_7e389f34_aug_original.png,1,player,1,0.409516,0.705393,0.185217,0.589214,final_merged__Ich_sammel__i_tried_the_new_season [C-SDrECvTa4],615,20.500000,1.0000,False,manual_box,original
final_merged_Ich_sammel_i_tried_the_new_season_[C-SDrECvTa4]_000615_7e389f34_aug_original.png,0,enemy,1,0.166525,0.540841,0.108751,0.253767,final_merged__Ich_sammel__i_tried_the_new_season [C-SDrECvTa4],615,20.500000,1.0000,False,manual_box,original
final_merged_Ich_sammel_i_tried_the_new_season_[C-SDrECvTa4]_000615_7e389f34_aug_original.png,0,enemy,1,0.902719,0.659794,0.126593,0.475813,final_merged__Ich_sammel__i_tried_the_new_season [C-SDrECvTa4],615,20.500000,1.0000,False,manual_box,original
final_merged_Ich_sammel_i_tried_the_new_season_[C-SDrECvTa4]_000615_7e389f34_aug_original.png,0,enemy,1,0.617672,0.491673,0.037383,0.066614,final_merged__Ich_sammel__i_tried_the_new_season [C-SDrECvTa4],615,20.500000,1.0000,False,manual_box,original
final_merged_Ich_sammel_i_tried_the_new_season_[C-SDrECvTa4]_000615_7e389f34_aug_brightness_0.7.png,1,player,1,0.409516,0.705393,0.185217,0.589214,final_merged__Ich_sammel__i_tried_the_new_season [C-SDrECvTa4],615,20.500000,1.0000,False,manual_box,brightness_0.7
final_merged_Ich_sammel_i_tried_the_new_season_[C-SDrECvTa4]_000615_7e389f34_aug_brightness_0.7.png,0,enemy,1,0.166525,0.540841,0.108751,0.253767,final_merged__Ich_sammel__i_tried_the_new_season [C-SDrECvTa4],615,20.500000,1.0000,False,manual_box,brightness_0.7
final_merged_Ich_sammel_i_tried_the_new_season_[C-SDrECvTa4]_000615_7e389f34_aug_brightness_0.7.png,0,enemy,1,0.902719,0.659794,0.126593,0.475813,final_merged__Ich_sammel__i_tried_the_new_season [C-SDrECvTa4],615,20.500000,1.0000,False,manual_box,brightness_0.7
final_merged_Ich_sammel_i_tried_the_new_season_[C-SDrECvTa4]_000615_7e389f34_aug_brightness_0.7.png,0,enemy,1,0.617672,0.491673,0.037383,0.066614,final_merged__Ich_sammel__i_tried_the_new_season [C-SDrECvTa4],615,20.500000,1.0000,False,manual_box,brightness_0.7
final_merged_Ich_sammel_i_tried_the_new_season_[C-SDrECvTa4]_000615_7e389f34_aug_brightness_1.3.png,1,player,1,0.409516,0.705393,0.185217,0.589214,final_merged__Ich_sammel__i_tried_the_new_season [C-SDrECvTa4],615,20.500000,1.0000,False,manual_box,brightness_1.3
final_merged_Ich_sammel_i_tried_the_new_season_[C-SDrECvTa4]_000615_7e389f34_aug_brightness_1.3.png,0,enemy,1,0.166525,0.540841,0.108751,0.253767,final_merged__Ich_sammel__i_tried_the_new_season [C-SDrECvTa4],615,20.500000,1.0000,False,manual_box,brightness_1.3
final_merged_Ich_sammel_i_tried_the_new_season_[C-SDrECvTa4]_000615_7e389f34_aug_brightness_1.3.png,0,enemy,1,0.902719,0.659794,0.126593,0.475813,final_merged__Ich_sammel__i_tried_the_new_season [C-SDrECvTa4],615,20.500000,1.0000,False,manual_box,brightness_1.3
final_merged_Ich_sammel_i_tried_the_new_season_[C-SDrECvTa4]_000615_7e389f34_aug_brightness_1.3.png,0,enemy,1,0.617672,0.491673,0.037383,0.066614,final_merged__Ich_sammel__i_tried_the_new_season [C-SDrECvTa4],615,20.500000,1.0000,False,manual_box,brightness_1.3
final_merged_Ich_sammel_i_tried_the_new_season_[C-SDrECvTa4]_000615_7e389f34_aug_noise.png,1,player,1,0.409516,0.705393,0.185217,0.589214,final_merged__Ich_sammel__i_tried_the_new_season [C-SDrECvTa4],615,20.500000,1.0000,False,manual_box,noise
final_merged_Ich_sammel_i_tried_the_new_season_[C-SDrECvTa4]_000615_7e389f34_aug_noise.png,0,enemy,1,0.166525,0.540841,0.108751,0.253767,final_merged__Ich_sammel__i_tried_the_new_season [C-SDrECvTa4],615,20.500000,1.0000,False,manual_box,noise
final_merged_Ich_sammel_i_tried_the_new_season_[C-SDrECvTa4]_000615_7e389f34_aug_noise.png,0,enemy,1,0.902719,0.659794,0.126593,0.475813,final_merged__Ich_sammel__i_tried_the_new_season [C-SDrECvTa4],615,20.500000,1.0000,False,manual_box,noise
final_merged_Ich_sammel_i_tried_the_new_season_[C-SDrECvTa4]_000615_7e389f34_aug_noise.png,0,enemy,1,0.617672,0.491673,0.037383,0.066614,final_merged__Ich_sammel__i_tried_the_new_season [C-SDrECvTa4],615,20.500000,1.0000,False,manual_box,noise
final_merged_Ich_sammel_i_tried_the_new_season_[C-SDrECvTa4]_000615_7e389f34_aug_flip.png,1,player,1,0.590484,0.705393,0.185217,0.589214,final_merged__Ich_sammel__i_tried_the_new_season [C-SDrECvTa4],615,20.500000,1.0000,False,manual_box,flip
final_merged_Ich_sammel_i_tried_the_new_season_[C-SDrECvTa4]_000615_7e389f34_aug_flip.png,0,enemy,1,0.833475,0.540841,0.108751,0.253767,final_merged__Ich_sammel__i_tried_the_new_season [C-SDrECvTa4],615,20.500000,1.0000,False,manual_box,flip
final_merged_Ich_sammel_i_tried_the_new_season_[C-SDrECvTa4]_000615_7e389f34_aug_flip.png,0,enemy,1,0.097281,0.659794,0.126593,0.475813,final_merged__Ich_sammel__i_tried_the_new_season [C-SDrECvTa4],615,20.500000,1.0000,False,manual_box,flip
final_merged_Ich_sammel_i_tried_the_new_season_[C-SDrECvTa4]_000615_7e389f34_aug_flip.png,0,enemy,1,0.382328,0.491673,0.037383,0.066614,final_merged__Ich_sammel__i_tried_the_new_season [C-SDrECvTa4],615,20.500000,1.0000,False,manual_box,flip
final_merged_Ich_sammel_i_tried_the_new_season_[C-SDrECvTa4]_000630_e1c18f97_aug_original.png,1,player,1,0.401444,0.708565,0.157179,0.582870,final_merged__Ich_sammel__i_tried_the_new_season [C-SDrECvTa4],630,21.000000,1.0000,False,manual_box,original
final_merged_Ich_sammel_i_tried_the_new_season_[C-SDrECvTa4]_000630_e1c18f97_aug_original.png,0,enemy,1,0.515718,0.610626,0.098556,0.310864,final_merged__Ich_sammel__i_tried_the_new_season [C-SDrECvTa4],630,21.000000,1.0000,False,manual_box,original
final_merged_Ich_sammel_i_tried_the_new_season_[C-SDrECvTa4]_000630_e1c18f97_aug_original.png,0,enemy,1,0.265506,0.577320,0.094308,0.203013,final_merged__Ich_sammel__i_tried_the_new_season [C-SDrECvTa4],630,21.000000,1.0000,False,manual_box,original
final_merged_Ich_sammel_i_tried_the_new_season_[C-SDrECvTa4]_000630_e1c18f97_aug_original.png,0,enemy,1,0.960918,0.712926,0.078164,0.483743,final_merged__Ich_sammel__i_tried_the_new_season [C-SDrECvTa4],630,21.000000,1.0000,False,manual_box,original
final_merged_Ich_sammel_i_tried_the_new_season_[C-SDrECvTa4]_000630_e1c18f97_aug_original.png,0,enemy,1,0.742991,0.526566,0.031436,0.076130,final_merged__Ich_sammel__i_tried_the_new_season [C-SDrECvTa4],630,21.000000,1.0000,False,manual_box,original
final_merged_Ich_sammel_i_tried_the_new_season_[C-SDrECvTa4]_000630_e1c18f97_aug_brightness_0.7.png,1,player,1,0.401444,0.708565,0.157179,0.582870,final_merged__Ich_sammel__i_tried_the_new_season [C-SDrECvTa4],630,21.000000,1.0000,False,manual_box,brightness_0.7
final_merged_Ich_sammel_i_tried_the_new_season_[C-SDrECvTa4]_000630_e1c18f97_aug_brightness_0.7.png,0,enemy,1,0.515718,0.610626,0.098556,0.310864,final_merged__Ich_sammel__i_tried_the_new_season [C-SDrECvTa4],630,21.000000,1.0000,False,manual_box,brightness_0.7
final_merged_Ich_sammel_i_tried_the_new_season_[C-SDrECvTa4]_000630_e1c18f97_aug_brightness_0.7.png,0,enemy,1,0.265506,0.577320,0.094308,0.203013,final_merged__Ich_sammel__i_tried_the_new_season [C-SDrECvTa4],630,21.000000,1.0000,False,manual_box,brightness_0.7
final_merged_Ich_sammel_i_tried_the_new_season_[C-SDrECvTa4]_000630_e1c18f97_aug_brightness_0.7.png,0,enemy,1,0.960918,0.712926,0.078164,0.483743,final_merged__Ich_sammel__i_tried_the_new_season [C-SDrECvTa4],630,21.000000,1.0000,False,manual_box,brightness_0.7
final_merged_Ich_sammel_i_tried_the_new_season_[C-SDrECvTa4]_000630_e1c18f97_aug_brightness_0.7.png,0,enemy,1,0.742991,0.526566,0.031436,0.076130,final_merged__Ich_sammel__i_tried_the_new_season [C-SDrECvTa4],630,21.000000,1.0000,False,manual_box,brightness_0.7
final_merged_Ich_sammel_i_tried_the_new_season_[C-SDrECvTa4]_000630_e1c18f97_aug_brightness_1.3.png,1,player,1,0.401444,0.708565,0.157179,0.582870,final_merged__Ich_sammel__i_tried_the_new_season [C-SDrECvTa4],630,21.000000,1.0000,False,manual_box,brightness_1.3
final_merged_Ich_sammel_i_tried_the_new_season_[C-SDrECvTa4]_000630_e1c18f97_aug_brightness_1.3.png,0,enemy,1,0.515718,0.610626,0.098556,0.310864,final_merged__Ich_sammel__i_tried_the_new_season [C-SDrECvTa4],630,21.000000,1.0000,False,manual_box,brightness_1.3
final_merged_Ich_sammel_i_tried_the_new_season_[C-SDrECvTa4]_000630_e1c18f97_aug_brightness_1.3.png,0,enemy,1,0.265506,0.577320,0.094308,0.203013,final_merged__Ich_sammel__i_tried_the_new_season [C-SDrECvTa4],630,21.000000,1.0000,False,manual_box,brightness_1.3
final_merged_Ich_sammel_i_tried_the_new_season_[C-SDrECvTa4]_000630_e1c18f97_aug_brightness_1.3.png,0,enemy,1,0.960918,0.712926,0.078164,0.483743,final_merged__Ich_sammel__i_tried_the_new_season [C-SDrECvTa4],630,21.000000,1.0000,False,manual_box,brightness_1.3
final_merged_Ich_sammel_i_tried_the_new_season_[C-SDrECvTa4]_000630_e1c18f97_aug_brightness_1.3.png,0,enemy,1,0.742991,0.526566,0.031436,0.076130,final_merged__Ich_sammel__i_tried_the_new_season [C-SDrECvTa4],630,21.000000,1.0000,False,manual_box,brightness_1.3
final_merged_Ich_sammel_i_tried_the_new_season_[C-SDrECvTa4]_000630_e1c18f97_aug_flip.png,1,player,1,0.598556,0.708565,0.157179,0.582870,final_merged__Ich_sammel__i_tried_the_new_season [C-SDrECvTa4],630,21.000000,1.0000,False,manual_box,flip
final_merged_Ich_sammel_i_tried_the_new_season_[C-SDrECvTa4]_000630_e1c18f97_aug_flip.png,0,enemy,1,0.484282,0.610626,0.098556,0.310864,final_merged__Ich_sammel__i_tried_the_new_season [C-SDrECvTa4],630,21.000000,1.0000,False,manual_box,flip
final_merged_Ich_sammel_i_tried_the_new_season_[C-SDrECvTa4]_000630_e1c18f97_aug_flip.png,0,enemy,1,0.734494,0.577320,0.094308,0.203013,final_merged__Ich_sammel__i_tried_the_new_season [C-SDrECvTa4],630,21.000000,1.0000,False,manual_box,flip
final_merged_Ich_sammel_i_tried_the_new_season_[C-SDrECvTa4]_000630_e1c18f97_aug_flip.png,0,enemy,1,0.039082,0.712926,0.078164,0.483743,final_merged__Ich_sammel__i_tried_the_new_season [C-SDrECvTa4],630,21.000000,1.0000,False,manual_box,flip
final_merged_Ich_sammel_i_tried_the_new_season_[C-SDrECvTa4]_000630_e1c18f97_aug_flip.png,0,enemy,1,0.257009,0.526566,0.031436,0.076130,final_merged__Ich_sammel__i_tried_the_new_season [C-SDrECvTa4],630,21.000000,1.0000,False,manual_box,flip
final_merged_Ich_sammel_i_tried_the_new_season_[C-SDrECvTa4]_000630_e1c18f97_aug_shift.png,1,player,1,0.406652,0.747812,0.157179,0.504375,final_merged__Ich_sammel__i_tried_the_new_season [C-SDrECvTa4],630,21.000000,1.0000,False,manual_box,shift
final_merged_Ich_sammel_i_tried_the_new_season_[C-SDrECvTa4]_000630_e1c18f97_aug_shift.png,0,enemy,1,0.520926,0.689121,0.098556,0.310864,final_merged__Ich_sammel__i_tried_the_new_season [C-SDrECvTa4],630,21.000000,1.0000,False,manual_box,shift
final_merged_Ich_sammel_i_tried_the_new_season_[C-SDrECvTa4]_000630_e1c18f97_aug_shift.png,0,enemy,1,0.270714,0.655815,0.094308,0.203013,final_merged__Ich_sammel__i_tried_the_new_season [C-SDrECvTa4],630,21.000000,1.0000,False,manual_box,shift
final_merged_Ich_sammel_i_tried_the_new_season_[C-SDrECvTa4]_000630_e1c18f97_aug_shift.png,0,enemy,1,0.963522,0.774775,0.072957,0.450450,final_merged__Ich_sammel__i_tried_the_new_season [C-SDrECvTa4],630,21.000000,1.0000,False,manual_box,shift
final_merged_Ich_sammel_i_tried_the_new_season_[C-SDrECvTa4]_000630_e1c18f97_aug_shift.png,0,enemy,1,0.748199,0.605061,0.031436,0.076130,final_merged__Ich_sammel__i_tried_the_new_season [C-SDrECvTa4],630,21.000000,1.0000,False,manual_box,shift
final_merged_Ich_sammel_i_tried_the_new_season_[C-SDrECvTa4]_000645_f7544fbd_aug_original.png,1,player,1,0.398046,0.708565,0.141886,0.582870,final_merged__Ich_sammel__i_tried_the_new_season [C-SDrECvTa4],645,21.500000,1.0000,False,manual_box,original
final_merged_Ich_sammel_i_tried_the_new_season_[C-SDrECvTa4]_000645_f7544fbd_aug_original.png,0,enemy,1,0.723874,0.535289,0.022090,0.055511,final_merged__Ich_sammel__i_tried_the_new_season [C-SDrECvTa4],645,21.500000,1.0000,False,manual_box,original
final_merged_Ich_sammel_i_tried_the_new_season_[C-SDrECvTa4]_000645_f7544fbd_aug_original.png,0,enemy,1,0.491504,0.592387,0.065421,0.252181,final_merged__Ich_sammel__i_tried_the_new_season [C-SDrECvTa4],645,21.500000,1.0000,False,manual_box,original
final_merged_Ich_sammel_i_tried_the_new_season_[C-SDrECvTa4]_000645_f7544fbd_aug_original.png,0,enemy,1,0.259558,0.577320,0.092608,0.222046,final_merged__Ich_sammel__i_tried_the_new_season [C-SDrECvTa4],645,21.500000,1.0000,False,manual_box,original
final_merged_Ich_sammel_i_tried_the_new_season_[C-SDrECvTa4]_000645_f7544fbd_aug_original.png,0,enemy,1,0.962192,0.698652,0.075616,0.496431,final_merged__Ich_sammel__i_tried_the_new_season [C-SDrECvTa4],645,21.500000,1.0000,False,manual_box,original
final_merged_Ich_sammel_i_tried_the_new_season_[C-SDrECvTa4]_000645_f7544fbd_aug_brightness_0.7.png,1,player,1,0.398046,0.708565,0.141886,0.582870,final_merged__Ich_sammel__i_tried_the_new_season [C-SDrECvTa4],645,21.500000,1.0000,False,manual_box,brightness_0.7
final_merged_Ich_sammel_i_tried_the_new_season_[C-SDrECvTa4]_000645_f7544fbd_aug_brightness_0.7.png,0,enemy,1,0.723874,0.535289,0.022090,0.055511,final_merged__Ich_sammel__i_tried_the_new_season [C-SDrECvTa4],645,21.500000,1.0000,False,manual_box,brightness_0.7
final_merged_Ich_sammel_i_tried_the_new_season_[C-SDrECvTa4]_000645_f7544fbd_aug_brightness_0.7.png,0,enemy,1,0.491504,0.592387,0.065421,0.252181,final_merged__Ich_sammel__i_tried_the_new_season [C-SDrECvTa4],645,21.500000,1.0000,False,manual_box,brightness_0.7
final_merged_Ich_sammel_i_tried_the_new_season_[C-SDrECvTa4]_000645_f7544fbd_aug_brightness_0.7.png,0,enemy,1,0.259558,0.577320,0.092608,0.222046,final_merged__Ich_sammel__i_tried_the_new_season [C-SDrECvTa4],645,21.500000,1.0000,False,manual_box,brightness_0.7
final_merged_Ich_sammel_i_tried_the_new_season_[C-SDrECvTa4]_000645_f7544fbd_aug_brightness_0.7.png,0,enemy,1,0.962192,0.698652,0.075616,0.496431,final_merged__Ich_sammel__i_tried_the_new_season [C-SDrECvTa4],645,21.500000,1.0000,False,manual_box,brightness_0.7
final_merged_Ich_sammel_i_tried_the_new_season_[C-SDrECvTa4]_000645_f7544fbd_aug_brightness_1.3.png,1,player,1,0.398046,0.708565,0.141886,0.582870,final_merged__Ich_sammel__i_tried_the_new_season [C-SDrECvTa4],645,21.500000,1.0000,False,manual_box,brightness_1.3
final_merged_Ich_sammel_i_tried_the_new_season_[C-SDrECvTa4]_000645_f7544fbd_aug_brightness_1.3.png,0,enemy,1,0.723874,0.535289,0.022090,0.055511,final_merged__Ich_sammel__i_tried_the_new_season [C-SDrECvTa4],645,21.500000,1.0000,False,manual_box,brightness_1.3
final_merged_Ich_sammel_i_tried_the_new_season_[C-SDrECvTa4]_000645_f7544fbd_aug_brightness_1.3.png,0,enemy,1,0.491504,0.592387,0.065421,0.252181,final_merged__Ich_sammel__i_tried_the_new_season [C-SDrECvTa4],645,21.500000,1.0000,False,manual_box,brightness_1.3
final_merged_Ich_sammel_i_tried_the_new_season_[C-SDrECvTa4]_000645_f7544fbd_aug_brightness_1.3.png,0,enemy,1,0.259558,0.577320,0.092608,0.222046,final_merged__Ich_sammel__i_tried_the_new_season [C-SDrECvTa4],645,21.500000,1.0000,False,manual_box,brightness_1.3
final_merged_Ich_sammel_i_tried_the_new_season_[C-SDrECvTa4]_000645_f7544fbd_aug_brightness_1.3.png,0,enemy,1,0.962192,0.698652,0.075616,0.496431,final_merged__Ich_sammel__i_tried_the_new_season [C-SDrECvTa4],645,21.500000,1.0000,False,manual_box,brightness_1.3
final_merged_Ich_sammel_i_tried_the_new_season_[C-SDrECvTa4]_000645_f7544fbd_aug_noise.png,1,player,1,0.398046,0.708565,0.141886,0.582870,final_merged__Ich_sammel__i_tried_the_new_season [C-SDrECvTa4],645,21.500000,1.0000,False,manual_box,noise
final_merged_Ich_sammel_i_tried_the_new_season_[C-SDrECvTa4]_000645_f7544fbd_aug_noise.png,0,enemy,1,0.723874,0.535289,0.022090,0.055511,final_merged__Ich_sammel__i_tried_the_new_season [C-SDrECvTa4],645,21.500000,1.0000,False,manual_box,noise
final_merged_Ich_sammel_i_tried_the_new_season_[C-SDrECvTa4]_000645_f7544fbd_aug_noise.png,0,enemy,1,0.491504,0.592387,0.065421,0.252181,final_merged__Ich_sammel__i_tried_the_new_season [C-SDrECvTa4],645,21.500000,1.0000,False,manual_box,noise
final_merged_Ich_sammel_i_tried_the_new_season_[C-SDrECvTa4]_000645_f7544fbd_aug_noise.png,0,enemy,1,0.259558,0.577320,0.092608,0.222046,final_merged__Ich_sammel__i_tried_the_new_season [C-SDrECvTa4],645,21.500000,1.0000,False,manual_box,noise
final_merged_Ich_sammel_i_tried_the_new_season_[C-SDrECvTa4]_000645_f7544fbd_aug_noise.png,0,enemy,1,0.962192,0.698652,0.075616,0.496431,final_merged__Ich_sammel__i_tried_the_new_season [C-SDrECvTa4],645,21.500000,1.0000,False,manual_box,noise
final_merged_Ich_sammel_i_tried_the_new_season_[C-SDrECvTa4]_000645_f7544fbd_aug_flip.png,1,player,1,0.601954,0.708565,0.141886,0.582870,final_merged__Ich_sammel__i_tried_the_new_season [C-SDrECvTa4],645,21.500000,1.0000,False,manual_box,flip
final_merged_Ich_sammel_i_tried_the_new_season_[C-SDrECvTa4]_000645_f7544fbd_aug_flip.png,0,enemy,1,0.276126,0.535289,0.022090,0.055511,final_merged__Ich_sammel__i_tried_the_new_season [C-SDrECvTa4],645,21.500000,1.0000,False,manual_box,flip
final_merged_Ich_sammel_i_tried_the_new_season_[C-SDrECvTa4]_000645_f7544fbd_aug_flip.png,0,enemy,1,0.508496,0.592387,0.065421,0.252181,final_merged__Ich_sammel__i_tried_the_new_season [C-SDrECvTa4],645,21.500000,1.0000,False,manual_box,flip
final_merged_Ich_sammel_i_tried_the_new_season_[C-SDrECvTa4]_000645_f7544fbd_aug_flip.png,0,enemy,1,0.740442,0.577320,0.092608,0.222046,final_merged__Ich_sammel__i_tried_the_new_season [C-SDrECvTa4],645,21.500000,1.0000,False,manual_box,flip
final_merged_Ich_sammel_i_tried_the_new_season_[C-SDrECvTa4]_000645_f7544fbd_aug_flip.png,0,enemy,1,0.037808,0.698652,0.075616,0.496431,final_merged__Ich_sammel__i_tried_the_new_season [C-SDrECvTa4],645,21.500000,1.0000,False,manual_box,flip
final_merged_Ich_sammel_i_tried_the_new_season_[C-SDrECvTa4]_000660_5695260f_aug_original.png,1,player,1,0.385726,0.703807,0.163127,0.592386,final_merged__Ich_sammel__i_tried_the_new_season [C-SDrECvTa4],660,22.000000,1.0000,False,manual_box,original
final_merged_Ich_sammel_i_tried_the_new_season_[C-SDrECvTa4]_000660_5695260f_aug_original.png,0,enemy,1,0.496602,0.581285,0.065421,0.233148,final_merged__Ich_sammel__i_tried_the_new_season [C-SDrECvTa4],660,22.000000,1.0000,False,manual_box,original
final_merged_Ich_sammel_i_tried_the_new_season_[C-SDrECvTa4]_000660_5695260f_aug_original.png,0,enemy,1,0.253611,0.578113,0.063721,0.249009,final_merged__Ich_sammel__i_tried_the_new_season [C-SDrECvTa4],660,22.000000,1.0000,False,manual_box,original
final_merged_Ich_sammel_i_tried_the_new_season_[C-SDrECvTa4]_000660_5695260f_aug_original.png,0,enemy,1,0.727698,0.536875,0.024639,0.080888,final_merged__Ich_sammel__i_tried_the_new_season [C-SDrECvTa4],660,22.000000,1.0000,False,manual_box,original
final_merged_Ich_sammel_i_tried_the_new_season_[C-SDrECvTa4]_000660_5695260f_aug_original.png,0,enemy,1,0.960918,0.687550,0.078164,0.483743,final_merged__Ich_sammel__i_tried_the_new_season [C-SDrECvTa4],660,22.000000,1.0000,False,manual_box,original
final_merged_Ich_sammel_i_tried_the_new_season_[C-SDrECvTa4]_000660_5695260f_aug_brightness_0.7.png,1,player,1,0.385726,0.703807,0.163127,0.592386,final_merged__Ich_sammel__i_tried_the_new_season [C-SDrECvTa4],660,22.000000,1.0000,False,manual_box,brightness_0.7
final_merged_Ich_sammel_i_tried_the_new_season_[C-SDrECvTa4]_000660_5695260f_aug_brightness_0.7.png,0,enemy,1,0.496602,0.581285,0.065421,0.233148,final_merged__Ich_sammel__i_tried_the_new_season [C-SDrECvTa4],660,22.000000,1.0000,False,manual_box,brightness_0.7
final_merged_Ich_sammel_i_tried_the_new_season_[C-SDrECvTa4]_000660_5695260f_aug_brightness_0.7.png,0,enemy,1,0.253611,0.578113,0.063721,0.249009,final_merged__Ich_sammel__i_tried_the_new_season [C-SDrECvTa4],660,22.000000,1.0000,False,manual_box,brightness_0.7
final_merged_Ich_sammel_i_tried_the_new_season_[C-SDrECvTa4]_000660_5695260f_aug_brightness_0.7.png,0,enemy,1,0.727698,0.536875,0.024639,0.080888,final_merged__Ich_sammel__i_tried_the_new_season [C-SDrECvTa4],660,22.000000,1.0000,False,manual_box,brightness_0.7
final_merged_Ich_sammel_i_tried_the_new_season_[C-SDrECvTa4]_000660_5695260f_aug_brightness_0.7.png,0,enemy,1,0.960918,0.687550,0.078164,0.483743,final_merged__Ich_sammel__i_tried_the_new_season [C-SDrECvTa4],660,22.000000,1.0000,False,manual_box,brightness_0.7
final_merged_Ich_sammel_i_tried_the_new_season_[C-SDrECvTa4]_000660_5695260f_aug_brightness_1.3.png,1,player,1,0.385726,0.703807,0.163127,0.592386,final_merged__Ich_sammel__i_tried_the_new_season [C-SDrECvTa4],660,22.000000,1.0000,False,manual_box,brightness_1.3
final_merged_Ich_sammel_i_tried_the_new_season_[C-SDrECvTa4]_000660_5695260f_aug_brightness_1.3.png,0,enemy,1,0.496602,0.581285,0.065421,0.233148,final_merged__Ich_sammel__i_tried_the_new_season [C-SDrECvTa4],660,22.000000,1.0000,False,manual_box,brightness_1.3
final_merged_Ich_sammel_i_tried_the_new_season_[C-SDrECvTa4]_000660_5695260f_aug_brightness_1.3.png,0,enemy,1,0.253611,0.578113,0.063721,0.249009,final_merged__Ich_sammel__i_tried_the_new_season [C-SDrECvTa4],660,22.000000,1.0000,False,manual_box,brightness_1.3
final_merged_Ich_sammel_i_tried_the_new_season_[C-SDrECvTa4]_000660_5695260f_aug_brightness_1.3.png,0,enemy,1,0.727698,0.536875,0.024639,0.080888,final_merged__Ich_sammel__i_tried_the_new_season [C-SDrECvTa4],660,22.000000,1.0000,False,manual_box,brightness_1.3
final_merged_Ich_sammel_i_tried_the_new_season_[C-SDrECvTa4]_000660_5695260f_aug_brightness_1.3.png,0,enemy,1,0.960918,0.687550,0.078164,0.483743,final_merged__Ich_sammel__i_tried_the_new_season [C-SDrECvTa4],660,22.000000,1.0000,False,manual_box,brightness_1.3
final_merged_Ich_sammel_i_tried_the_new_season_[C-SDrECvTa4]_000660_5695260f_aug_noise.png,1,player,1,0.385726,0.703807,0.163127,0.592386,final_merged__Ich_sammel__i_tried_the_new_season [C-SDrECvTa4],660,22.000000,1.0000,False,manual_box,noise
final_merged_Ich_sammel_i_tried_the_new_season_[C-SDrECvTa4]_000660_5695260f_aug_noise.png,0,enemy,1,0.496602,0.581285,0.065421,0.233148,final_merged__Ich_sammel__i_tried_the_new_season [C-SDrECvTa4],660,22.000000,1.0000,False,manual_box,noise
final_merged_Ich_sammel_i_tried_the_new_season_[C-SDrECvTa4]_000660_5695260f_aug_noise.png,0,enemy,1,0.253611,0.578113,0.063721,0.249009,final_merged__Ich_sammel__i_tried_the_new_season [C-SDrECvTa4],660,22.000000,1.0000,False,manual_box,noise
final_merged_Ich_sammel_i_tried_the_new_season_[C-SDrECvTa4]_000660_5695260f_aug_noise.png,0,enemy,1,0.727698,0.536875,0.024639,0.080888,final_merged__Ich_sammel__i_tried_the_new_season [C-SDrECvTa4],660,22.000000,1.0000,False,manual_box,noise
final_merged_Ich_sammel_i_tried_the_new_season_[C-SDrECvTa4]_000660_5695260f_aug_noise.png,0,enemy,1,0.960918,0.687550,0.078164,0.483743,final_merged__Ich_sammel__i_tried_the_new_season [C-SDrECvTa4],660,22.000000,1.0000,False,manual_box,noise
final_merged_Ich_sammel_i_tried_the_new_season_[C-SDrECvTa4]_000660_5695260f_aug_flip.png,1,player,1,0.614274,0.703807,0.163127,0.592386,final_merged__Ich_sammel__i_tried_the_new_season [C-SDrECvTa4],660,22.000000,1.0000,False,manual_box,flip
final_merged_Ich_sammel_i_tried_the_new_season_[C-SDrECvTa4]_000660_5695260f_aug_flip.png,0,enemy,1,0.503398,0.581285,0.065421,0.233148,final_merged__Ich_sammel__i_tried_the_new_season [C-SDrECvTa4],660,22.000000,1.0000,False,manual_box,flip
final_merged_Ich_sammel_i_tried_the_new_season_[C-SDrECvTa4]_000660_5695260f_aug_flip.png,0,enemy,1,0.746389,0.578113,0.063721,0.249009,final_merged__Ich_sammel__i_tried_the_new_season [C-SDrECvTa4],660,22.000000,1.0000,False,manual_box,flip
final_merged_Ich_sammel_i_tried_the_new_season_[C-SDrECvTa4]_000660_5695260f_aug_flip.png,0,enemy,1,0.272302,0.536875,0.024639,0.080888,final_merged__Ich_sammel__i_tried_the_new_season [C-SDrECvTa4],660,22.000000,1.0000,False,manual_box,flip
final_merged_Ich_sammel_i_tried_the_new_season_[C-SDrECvTa4]_000660_5695260f_aug_flip.png,0,enemy,1,0.039082,0.687550,0.078164,0.483743,final_merged__Ich_sammel__i_tried_the_new_season [C-SDrECvTa4],660,22.000000,1.0000,False,manual_box,flip
final_merged_Ich_sammel_i_tried_the_new_season_[C-SDrECvTa4]_000675_fa4d2ffd_aug_original.png,1,player,1,0.393798,0.695083,0.182668,0.609833,final_merged__Ich_sammel__i_tried_the_new_season [C-SDrECvTa4],675,22.500000,1.0000,False,manual_box,original
final_merged_Ich_sammel_i_tried_the_new_season_[C-SDrECvTa4]_000675_fa4d2ffd_aug_original.png,0,enemy,1,0.724299,0.530531,0.024639,0.061856,final_merged__Ich_sammel__i_tried_the_new_season [C-SDrECvTa4],675,22.500000,1.0000,False,manual_box,original
final_merged_Ich_sammel_i_tried_the_new_season_[C-SDrECvTa4]_000675_fa4d2ffd_aug_original.png,0,enemy,1,0.492353,0.590008,0.067120,0.253767,final_merged__Ich_sammel__i_tried_the_new_season [C-SDrECvTa4],675,22.500000,1.0000,False,manual_box,original
final_merged_Ich_sammel_i_tried_the_new_season_[C-SDrECvTa4]_000675_fa4d2ffd_aug_original.png,0,enemy,1,0.253611,0.584457,0.082413,0.236320,final_merged__Ich_sammel__i_tried_the_new_season [C-SDrECvTa4],675,22.500000,1.0000,False,manual_box,original
final_merged_Ich_sammel_i_tried_the_new_season_[C-SDrECvTa4]_000675_fa4d2ffd_aug_original.png,0,enemy,1,0.946899,0.694687,0.106202,0.472641,final_merged__Ich_sammel__i_tried_the_new_season [C-SDrECvTa4],675,22.500000,1.0000,False,manual_box,original
final_merged_Ich_sammel_i_tried_the_new_season_[C-SDrECvTa4]_000675_fa4d2ffd_aug_brightness_0.7.png,1,player,1,0.393798,0.695083,0.182668,0.609833,final_merged__Ich_sammel__i_tried_the_new_season [C-SDrECvTa4],675,22.500000,1.0000,False,manual_box,brightness_0.7
final_merged_Ich_sammel_i_tried_the_new_season_[C-SDrECvTa4]_000675_fa4d2ffd_aug_brightness_0.7.png,0,enemy,1,0.724299,0.530531,0.024639,0.061856,final_merged__Ich_sammel__i_tried_the_new_season [C-SDrECvTa4],675,22.500000,1.0000,False,manual_box,brightness_0.7
final_merged_Ich_sammel_i_tried_the_new_season_[C-SDrECvTa4]_000675_fa4d2ffd_aug_brightness_0.7.png,0,enemy,1,0.492353,0.590008,0.067120,0.253767,final_merged__Ich_sammel__i_tried_the_new_season [C-SDrECvTa4],675,22.500000,1.0000,False,manual_box,brightness_0.7
final_merged_Ich_sammel_i_tried_the_new_season_[C-SDrECvTa4]_000675_fa4d2ffd_aug_brightness_0.7.png,0,enemy,1,0.253611,0.584457,0.082413,0.236320,final_merged__Ich_sammel__i_tried_the_new_season [C-SDrECvTa4],675,22.500000,1.0000,False,manual_box,brightness_0.7
final_merged_Ich_sammel_i_tried_the_new_season_[C-SDrECvTa4]_000675_fa4d2ffd_aug_brightness_0.7.png,0,enemy,1,0.946899,0.694687,0.106202,0.472641,final_merged__Ich_sammel__i_tried_the_new_season [C-SDrECvTa4],675,22.500000,1.0000,False,manual_box,brightness_0.7
final_merged_Ich_sammel_i_tried_the_new_season_[C-SDrECvTa4]_000675_fa4d2ffd_aug_brightness_1.3.png,1,player,1,0.393798,0.695083,0.182668,0.609833,final_merged__Ich_sammel__i_tried_the_new_season [C-SDrECvTa4],675,22.500000,1.0000,False,manual_box,brightness_1.3
final_merged_Ich_sammel_i_tried_the_new_season_[C-SDrECvTa4]_000675_fa4d2ffd_aug_brightness_1.3.png,0,enemy,1,0.724299,0.530531,0.024639,0.061856,final_merged__Ich_sammel__i_tried_the_new_season [C-SDrECvTa4],675,22.500000,1.0000,False,manual_box,brightness_1.3
final_merged_Ich_sammel_i_tried_the_new_season_[C-SDrECvTa4]_000675_fa4d2ffd_aug_brightness_1.3.png,0,enemy,1,0.492353,0.590008,0.067120,0.253767,final_merged__Ich_sammel__i_tried_the_new_season [C-SDrECvTa4],675,22.500000,1.0000,False,manual_box,brightness_1.3
final_merged_Ich_sammel_i_tried_the_new_season_[C-SDrECvTa4]_000675_fa4d2ffd_aug_brightness_1.3.png,0,enemy,1,0.253611,0.584457,0.082413,0.236320,final_merged__Ich_sammel__i_tried_the_new_season [C-SDrECvTa4],675,22.500000,1.0000,False,manual_box,brightness_1.3
final_merged_Ich_sammel_i_tried_the_new_season_[C-SDrECvTa4]_000675_fa4d2ffd_aug_brightness_1.3.png,0,enemy,1,0.946899,0.694687,0.106202,0.472641,final_merged__Ich_sammel__i_tried_the_new_season [C-SDrECvTa4],675,22.500000,1.0000,False,manual_box,brightness_1.3
final_merged_Ich_sammel_i_tried_the_new_season_[C-SDrECvTa4]_000675_fa4d2ffd_aug_flip.png,1,player,1,0.606202,0.695083,0.182668,0.609833,final_merged__Ich_sammel__i_tried_the_new_season [C-SDrECvTa4],675,22.500000,1.0000,False,manual_box,flip
final_merged_Ich_sammel_i_tried_the_new_season_[C-SDrECvTa4]_000675_fa4d2ffd_aug_flip.png,0,enemy,1,0.275701,0.530531,0.024639,0.061856,final_merged__Ich_sammel__i_tried_the_new_season [C-SDrECvTa4],675,22.500000,1.0000,False,manual_box,flip
final_merged_Ich_sammel_i_tried_the_new_season_[C-SDrECvTa4]_000675_fa4d2ffd_aug_flip.png,0,enemy,1,0.507647,0.590008,0.067120,0.253767,final_merged__Ich_sammel__i_tried_the_new_season [C-SDrECvTa4],675,22.500000,1.0000,False,manual_box,flip
final_merged_Ich_sammel_i_tried_the_new_season_[C-SDrECvTa4]_000675_fa4d2ffd_aug_flip.png,0,enemy,1,0.746389,0.584457,0.082413,0.236320,final_merged__Ich_sammel__i_tried_the_new_season [C-SDrECvTa4],675,22.500000,1.0000,False,manual_box,flip
final_merged_Ich_sammel_i_tried_the_new_season_[C-SDrECvTa4]_000675_fa4d2ffd_aug_flip.png,0,enemy,1,0.053101,0.694687,0.106202,0.472641,final_merged__Ich_sammel__i_tried_the_new_season [C-SDrECvTa4],675,22.500000,1.0000,False,manual_box,flip
final_merged_Ich_sammel_i_tried_the_new_season_[C-SDrECvTa4]_000675_fa4d2ffd_aug_shift.png,1,player,1,0.434802,0.681704,0.182668,0.609833,final_merged__Ich_sammel__i_tried_the_new_season [C-SDrECvTa4],675,22.500000,1.0000,False,manual_box,shift
final_merged_Ich_sammel_i_tried_the_new_season_[C-SDrECvTa4]_000675_fa4d2ffd_aug_shift.png,0,enemy,1,0.765303,0.517152,0.024639,0.061856,final_merged__Ich_sammel__i_tried_the_new_season [C-SDrECvTa4],675,22.500000,1.0000,False,manual_box,shift
final_merged_Ich_sammel_i_tried_the_new_season_[C-SDrECvTa4]_000675_fa4d2ffd_aug_shift.png,0,enemy,1,0.533357,0.576629,0.067120,0.253767,final_merged__Ich_sammel__i_tried_the_new_season [C-SDrECvTa4],675,22.500000,1.0000,False,manual_box,shift
final_merged_Ich_sammel_i_tried_the_new_season_[C-SDrECvTa4]_000675_fa4d2ffd_aug_shift.png,0,enemy,1,0.294615,0.571078,0.082413,0.236320,final_merged__Ich_sammel__i_tried_the_new_season [C-SDrECvTa4],675,22.500000,1.0000,False,manual_box,shift
final_merged_Ich_sammel_i_tried_the_new_season_[C-SDrECvTa4]_000675_fa4d2ffd_aug_shift.png,0,enemy,1,0.967401,0.681308,0.065198,0.472641,final_merged__Ich_sammel__i_tried_the_new_season [C-SDrECvTa4],675,22.500000,1.0000,False,manual_box,shift
final_merged_Ich_sammel_i_tried_the_new_season_[C-SDrECvTa4]_000690_b5ffb5b9_aug_original.png,1,player,1,0.402719,0.708565,0.159728,0.582870,final_merged__Ich_sammel__i_tried_the_new_season [C-SDrECvTa4],690,23.000000,1.0000,False,manual_box,original
final_merged_Ich_sammel_i_tried_the_new_season_[C-SDrECvTa4]_000690_b5ffb5b9_aug_brightness_0.7.png,1,player,1,0.402719,0.708565,0.159728,0.582870,final_merged__Ich_sammel__i_tried_the_new_season [C-SDrECvTa4],690,23.000000,1.0000,False,manual_box,brightness_0.7
final_merged_Ich_sammel_i_tried_the_new_season_[C-SDrECvTa4]_000690_b5ffb5b9_aug_brightness_1.3.png,1,player,1,0.402719,0.708565,0.159728,0.582870,final_merged__Ich_sammel__i_tried_the_new_season [C-SDrECvTa4],690,23.000000,1.0000,False,manual_box,brightness_1.3
final_merged_Ich_sammel_i_tried_the_new_season_[C-SDrECvTa4]_000690_b5ffb5b9_aug_noise.png,1,player,1,0.402719,0.708565,0.159728,0.582870,final_merged__Ich_sammel__i_tried_the_new_season [C-SDrECvTa4],690,23.000000,1.0000,False,manual_box,noise
final_merged_Ich_sammel_i_tried_the_new_season_[C-SDrECvTa4]_000690_b5ffb5b9_aug_flip.png,1,player,1,0.597281,0.708565,0.159728,0.582870,final_merged__Ich_sammel__i_tried_the_new_season [C-SDrECvTa4],690,23.000000,1.0000,False,manual_box,flip
final_merged_Ich_sammel_i_tried_the_new_season_[C-SDrECvTa4]_000705_a1094744_aug_original.png,1,player,1,0.402719,0.706979,0.152931,0.586043,final_merged__Ich_sammel__i_tried_the_new_season [C-SDrECvTa4],705,23.500000,1.0000,False,manual_box,original
final_merged_Ich_sammel_i_tried_the_new_season_[C-SDrECvTa4]_000705_a1094744_aug_brightness_0.7.png,1,player,1,0.402719,0.706979,0.152931,0.586043,final_merged__Ich_sammel__i_tried_the_new_season [C-SDrECvTa4],705,23.500000,1.0000,False,manual_box,brightness_0.7
final_merged_Ich_sammel_i_tried_the_new_season_[C-SDrECvTa4]_000705_a1094744_aug_brightness_1.3.png,1,player,1,0.402719,0.706979,0.152931,0.586043,final_merged__Ich_sammel__i_tried_the_new_season [C-SDrECvTa4],705,23.500000,1.0000,False,manual_box,brightness_1.3
final_merged_Ich_sammel_i_tried_the_new_season_[C-SDrECvTa4]_000705_a1094744_aug_flip.png,1,player,1,0.597281,0.706979,0.152931,0.586043,final_merged__Ich_sammel__i_tried_the_new_season [C-SDrECvTa4],705,23.500000,1.0000,False,manual_box,flip
final_merged_Ich_sammel_i_tried_the_new_season_[C-SDrECvTa4]_000705_a1094744_aug_shift.png,1,player,1,0.462782,0.763536,0.152931,0.472928,final_merged__Ich_sammel__i_tried_the_new_season [C-SDrECvTa4],705,23.500000,1.0000,False,manual_box,shift
final_merged_Ich_sammel_i_tried_the_new_season_[C-SDrECvTa4]_000720_9229d879_aug_original.png,1,player,1,0.401020,0.708565,0.158029,0.582870,final_merged__Ich_sammel__i_tried_the_new_season [C-SDrECvTa4],720,24.000000,1.0000,False,manual_box,original
final_merged_Ich_sammel_i_tried_the_new_season_[C-SDrECvTa4]_000720_9229d879_aug_brightness_0.7.png,1,player,1,0.401020,0.708565,0.158029,0.582870,final_merged__Ich_sammel__i_tried_the_new_season [C-SDrECvTa4],720,24.000000,1.0000,False,manual_box,brightness_0.7
final_merged_Ich_sammel_i_tried_the_new_season_[C-SDrECvTa4]_000720_9229d879_aug_brightness_1.3.png,1,player,1,0.401020,0.708565,0.158029,0.582870,final_merged__Ich_sammel__i_tried_the_new_season [C-SDrECvTa4],720,24.000000,1.0000,False,manual_box,brightness_1.3
final_merged_Ich_sammel_i_tried_the_new_season_[C-SDrECvTa4]_000720_9229d879_aug_zoom.png,1,player,1,0.486085,0.647931,0.191550,0.704139,final_merged__Ich_sammel__i_tried_the_new_season [C-SDrECvTa4],720,24.000000,1.0000,False,manual_box,zoom
final_merged_Ich_sammel_i_tried_the_new_season_[C-SDrECvTa4]_000720_9229d879_aug_maskedpan.png,1,player,1,0.401020,0.708565,0.158029,0.582870,final_merged__Ich_sammel__i_tried_the_new_season [C-SDrECvTa4],720,24.000000,1.0000,False,manual_box,maskedpan
final_merged_Ich_sammel_i_tried_the_new_season_[C-SDrECvTa4]_000735_a30c3ac2_aug_original.png,1,player,1,0.188190,0.617367,0.372982,0.765266,final_merged__Ich_sammel__i_tried_the_new_season [C-SDrECvTa4],735,24.500000,1.0000,False,manual_box,original
final_merged_Ich_sammel_i_tried_the_new_season_[C-SDrECvTa4]_000735_a30c3ac2_aug_brightness_0.7.png,1,player,1,0.188190,0.617367,0.372982,0.765266,final_merged__Ich_sammel__i_tried_the_new_season [C-SDrECvTa4],735,24.500000,1.0000,False,manual_box,brightness_0.7
final_merged_Ich_sammel_i_tried_the_new_season_[C-SDrECvTa4]_000735_a30c3ac2_aug_brightness_1.3.png,1,player,1,0.188190,0.617367,0.372982,0.765266,final_merged__Ich_sammel__i_tried_the_new_season [C-SDrECvTa4],735,24.500000,1.0000,False,manual_box,brightness_1.3
final_merged_Ich_sammel_i_tried_the_new_season_[C-SDrECvTa4]_000735_a30c3ac2_aug_shift.png,1,player,1,0.137851,0.687138,0.275702,0.625723,final_merged__Ich_sammel__i_tried_the_new_season [C-SDrECvTa4],735,24.500000,1.0000,False,manual_box,shift
final_merged_Ich_sammel_i_tried_the_new_season_[C-SDrECvTa4]_000735_a30c3ac2_aug_zoom.png,1,player,1,0.204075,0.594832,0.354916,0.727003,final_merged__Ich_sammel__i_tried_the_new_season [C-SDrECvTa4],735,24.500000,1.0000,False,manual_box,zoom
party_girl_augmented_Party_Girl_Fortnite_Montage_[uXGC9gKcheI]_000553_057ae94e_a_0b984bdf_aug_original.png,1,player,1,0.420517,0.663685,0.140586,0.303936,party_girl_augmented__Party_Girl_Fortnite_Montage [uXGC9gKcheI],553,18.433333,1.0000,False,manual_box,original
party_girl_augmented_Party_Girl_Fortnite_Montage_[uXGC9gKcheI]_000553_057ae94e_a_0b984bdf_aug_original.png,0,enemy,1,0.639096,0.460877,0.087928,0.238728,party_girl_augmented__Party_Girl_Fortnite_Montage [uXGC9gKcheI],553,18.433333,1.0000,False,manual_box,original
party_girl_augmented_Party_Girl_Fortnite_Montage_[uXGC9gKcheI]_000553_057ae94e_a_0b984bdf_aug_noise.png,1,player,1,0.420517,0.663685,0.140586,0.303936,party_girl_augmented__Party_Girl_Fortnite_Montage [uXGC9gKcheI],553,18.433333,1.0000,False,manual_box,noise
party_girl_augmented_Party_Girl_Fortnite_Montage_[uXGC9gKcheI]_000553_057ae94e_a_0b984bdf_aug_noise.png,0,enemy,1,0.639096,0.460877,0.087928,0.238728,party_girl_augmented__Party_Girl_Fortnite_Montage [uXGC9gKcheI],553,18.433333,1.0000,False,manual_box,noise
party_girl_augmented_Party_Girl_Fortnite_Montage_[uXGC9gKcheI]_000554_1161f79c_a_22244f3e_aug_original.png,1,player,1,0.434923,0.662027,0.143567,0.302830,party_girl_augmented__Party_Girl_Fortnite_Montage [uXGC9gKcheI],554,18.466666,1.0000,False,manual_box,original
party_girl_augmented_Party_Girl_Fortnite_Montage_[uXGC9gKcheI]_000554_1161f79c_a_22244f3e_aug_original.png,0,enemy,1,0.649528,0.448719,0.074019,0.205571,party_girl_augmented__Party_Girl_Fortnite_Montage [uXGC9gKcheI],554,18.466666,1.0000,False,manual_box,original
party_girl_augmented_Party_Girl_Fortnite_Montage_[uXGC9gKcheI]_000577_35bc4403_a_2_5b7d5bbb_aug_original.png,1,player,1,0.447839,0.750885,0.141580,0.498230,party_girl_augmented__Party_Girl_Fortnite_Montage [uXGC9gKcheI],577,19.233333,1.0000,False,manual_box,original
party_girl_augmented_Party_Girl_Fortnite_Montage_[uXGC9gKcheI]_000577_35bc4403_a_2_5b7d5bbb_aug_brightness_0.7.png,1,player,1,0.447839,0.750885,0.141580,0.498230,party_girl_augmented__Party_Girl_Fortnite_Montage [uXGC9gKcheI],577,19.233333,1.0000,False,manual_box,brightness_0.7
party_girl_augmented_Party_Girl_Fortnite_Montage_[uXGC9gKcheI]_000577_35bc4403_a_2_5b7d5bbb_aug_brightness_1.3.png,1,player,1,0.447839,0.750885,0.141580,0.498230,party_girl_augmented__Party_Girl_Fortnite_Montage [uXGC9gKcheI],577,19.233333,1.0000,False,manual_box,brightness_1.3
party_girl_augmented_Party_Girl_Fortnite_Montage_[uXGC9gKcheI]_000577_35bc4403_a_2_5b7d5bbb_aug_flip.png,1,player,1,0.552161,0.750885,0.141580,0.498230,party_girl_augmented__Party_Girl_Fortnite_Montage [uXGC9gKcheI],577,19.233333,1.0000,False,manual_box,flip
party_girl_augmented_Party_Girl_Fortnite_Montage_[uXGC9gKcheI]_000577_35bc4403_a_2_5b7d5bbb_aug_shift.png,1,player,1,0.384693,0.637960,0.141580,0.498230,party_girl_augmented__Party_Girl_Fortnite_Montage [uXGC9gKcheI],577,19.233333,1.0000,False,manual_box,shift
party_girl_augmented_Party_Girl_Fortnite_Montage_[uXGC9gKcheI]_000577_35bc4403_a_3_9649be57_aug_original.png,1,player,1,0.447839,0.750885,0.141580,0.498230,party_girl_augmented__Party_Girl_Fortnite_Montage [uXGC9gKcheI],577,19.233333,1.0000,False,manual_box,original
party_girl_augmented_Party_Girl_Fortnite_Montage_[uXGC9gKcheI]_000577_35bc4403_a_3_9649be57_aug_noise.png,1,player,1,0.447839,0.750885,0.141580,0.498230,party_girl_augmented__Party_Girl_Fortnite_Montage [uXGC9gKcheI],577,19.233333,1.0000,False,manual_box,noise
party_girl_augmented_Party_Girl_Fortnite_Montage_[uXGC9gKcheI]_000577_35bc4403_a_3_9649be57_aug_flip.png,1,player,1,0.552161,0.750885,0.141580,0.498230,party_girl_augmented__Party_Girl_Fortnite_Montage [uXGC9gKcheI],577,19.233333,1.0000,False,manual_box,flip
party_girl_augmented_Party_Girl_Fortnite_Montage_[uXGC9gKcheI]_000577_35bc4403_a_3_9649be57_aug_shift.png,1,player,1,0.519290,0.744207,0.141580,0.498230,party_girl_augmented__Party_Girl_Fortnite_Montage [uXGC9gKcheI],577,19.233333,1.0000,False,manual_box,shift
party_girl_augmented_Party_Girl_Fortnite_Montage_[uXGC9gKcheI]_000577_35bc4403_a_3_9649be57_aug_zoom.png,1,player,1,0.501090,0.718867,0.160090,0.562266,party_girl_augmented__Party_Girl_Fortnite_Montage [uXGC9gKcheI],577,19.233333,1.0000,False,manual_box,zoom
party_girl_augmented_Party_Girl_Fortnite_Montage_[uXGC9gKcheI]_000577_35bc4403_a_4_1cb7a62c_aug_original.png,1,player,1,0.447839,0.750885,0.141580,0.498230,party_girl_augmented__Party_Girl_Fortnite_Montage [uXGC9gKcheI],577,19.233333,1.0000,False,manual_box,original
party_girl_augmented_Party_Girl_Fortnite_Montage_[uXGC9gKcheI]_000577_35bc4403_a_4_1cb7a62c_aug_brightness_0.7.png,1,player,1,0.447839,0.750885,0.141580,0.498230,party_girl_augmented__Party_Girl_Fortnite_Montage [uXGC9gKcheI],577,19.233333,1.0000,False,manual_box,brightness_0.7
party_girl_augmented_Party_Girl_Fortnite_Montage_[uXGC9gKcheI]_000577_35bc4403_a_4_1cb7a62c_aug_brightness_1.3.png,1,player,1,0.447839,0.750885,0.141580,0.498230,party_girl_augmented__Party_Girl_Fortnite_Montage [uXGC9gKcheI],577,19.233333,1.0000,False,manual_box,brightness_1.3
party_girl_augmented_Party_Girl_Fortnite_Montage_[uXGC9gKcheI]_000577_35bc4403_a_4_1cb7a62c_aug_noise.png,1,player,1,0.447839,0.750885,0.141580,0.498230,party_girl_augmented__Party_Girl_Fortnite_Montage [uXGC9gKcheI],577,19.233333,1.0000,False,manual_box,noise
party_girl_augmented_Party_Girl_Fortnite_Montage_[uXGC9gKcheI]_000577_35bc4403_a_4_1cb7a62c_aug_flip.png,1,player,1,0.552161,0.750885,0.141580,0.498230,party_girl_augmented__Party_Girl_Fortnite_Montage [uXGC9gKcheI],577,19.233333,1.0000,False,manual_box,flip
party_girl_augmented_Party_Girl_Fortnite_Montage_[uXGC9gKcheI]_000577_35bc4403_a_5_efb3ea8a_aug_original.png,1,player,1,0.552161,0.750885,0.141580,0.498230,party_girl_augmented__Party_Girl_Fortnite_Montage [uXGC9gKcheI],577,19.233333,1.0000,False,manual_box,original
party_girl_augmented_Party_Girl_Fortnite_Montage_[uXGC9gKcheI]_000577_35bc4403_a_5_efb3ea8a_aug_brightness_0.7.png,1,player,1,0.552161,0.750885,0.141580,0.498230,party_girl_augmented__Party_Girl_Fortnite_Montage [uXGC9gKcheI],577,19.233333,1.0000,False,manual_box,brightness_0.7
party_girl_augmented_Party_Girl_Fortnite_Montage_[uXGC9gKcheI]_000577_35bc4403_a_5_efb3ea8a_aug_brightness_1.3.png,1,player,1,0.552161,0.750885,0.141580,0.498230,party_girl_augmented__Party_Girl_Fortnite_Montage [uXGC9gKcheI],577,19.233333,1.0000,False,manual_box,brightness_1.3
party_girl_augmented_Party_Girl_Fortnite_Montage_[uXGC9gKcheI]_000577_35bc4403_a_5_efb3ea8a_aug_noise.png,1,player,1,0.552161,0.750885,0.141580,0.498230,party_girl_augmented__Party_Girl_Fortnite_Montage [uXGC9gKcheI],577,19.233333,1.0000,False,manual_box,noise
party_girl_augmented_Party_Girl_Fortnite_Montage_[uXGC9gKcheI]_000577_35bc4403_a_5_efb3ea8a_aug_flip.png,1,player,1,0.447839,0.750885,0.141580,0.498230,party_girl_augmented__Party_Girl_Fortnite_Montage [uXGC9gKcheI],577,19.233333,1.0000,False,manual_box,flip
party_girl_augmented_Party_Girl_Fortnite_Montage_[uXGC9gKcheI]_000577_35bc4403_a_207ebb4b_aug_original.png,1,player,1,0.447839,0.750885,0.141580,0.498230,party_girl_augmented__Party_Girl_Fortnite_Montage [uXGC9gKcheI],577,19.233333,1.0000,False,manual_box,original
party_girl_augmented_Party_Girl_Fortnite_Montage_[uXGC9gKcheI]_000577_35bc4403_a_207ebb4b_aug_brightness_0.7.png,1,player,1,0.447839,0.750885,0.141580,0.498230,party_girl_augmented__Party_Girl_Fortnite_Montage [uXGC9gKcheI],577,19.233333,1.0000,False,manual_box,brightness_0.7
party_girl_augmented_Party_Girl_Fortnite_Montage_[uXGC9gKcheI]_000577_35bc4403_a_207ebb4b_aug_brightness_1.3.png,1,player,1,0.447839,0.750885,0.141580,0.498230,party_girl_augmented__Party_Girl_Fortnite_Montage [uXGC9gKcheI],577,19.233333,1.0000,False,manual_box,brightness_1.3
party_girl_augmented_Party_Girl_Fortnite_Montage_[uXGC9gKcheI]_000577_35bc4403_a_207ebb4b_aug_flip.png,1,player,1,0.552161,0.750885,0.141580,0.498230,party_girl_augmented__Party_Girl_Fortnite_Montage [uXGC9gKcheI],577,19.233333,1.0000,False,manual_box,flip
party_girl_augmented_Party_Girl_Fortnite_Montage_[uXGC9gKcheI]_000577_35bc4403_a_207ebb4b_aug_shift.png,1,player,1,0.434839,0.642611,0.141580,0.498230,party_girl_augmented__Party_Girl_Fortnite_Montage [uXGC9gKcheI],577,19.233333,1.0000,False,manual_box,shift
party_girl_augmented_Party_Girl_Fortnite_Montage_[uXGC9gKcheI]_000578_a77bc989_a_2_c1a426ae_aug_original.png,1,player,1,0.433681,0.752543,0.137109,0.494914,party_girl_augmented__Party_Girl_Fortnite_Montage [uXGC9gKcheI],578,19.266666,1.0000,False,manual_box,original
party_girl_augmented_Party_Girl_Fortnite_Montage_[uXGC9gKcheI]_000578_a77bc989_a_2_c1a426ae_aug_brightness_0.7.png,1,player,1,0.433681,0.752543,0.137109,0.494914,party_girl_augmented__Party_Girl_Fortnite_Montage [uXGC9gKcheI],578,19.266666,1.0000,False,manual_box,brightness_0.7
party_girl_augmented_Party_Girl_Fortnite_Montage_[uXGC9gKcheI]_000578_a77bc989_a_2_c1a426ae_aug_brightness_1.3.png,1,player,1,0.433681,0.752543,0.137109,0.494914,party_girl_augmented__Party_Girl_Fortnite_Montage [uXGC9gKcheI],578,19.266666,1.0000,False,manual_box,brightness_1.3
party_girl_augmented_Party_Girl_Fortnite_Montage_[uXGC9gKcheI]_000578_a77bc989_a_2_c1a426ae_aug_noise.png,1,player,1,0.433681,0.752543,0.137109,0.494914,party_girl_augmented__Party_Girl_Fortnite_Montage [uXGC9gKcheI],578,19.266666,1.0000,False,manual_box,noise
party_girl_augmented_Party_Girl_Fortnite_Montage_[uXGC9gKcheI]_000578_a77bc989_a_2_c1a426ae_aug_flip.png,1,player,1,0.566319,0.752543,0.137109,0.494914,party_girl_augmented__Party_Girl_Fortnite_Montage [uXGC9gKcheI],578,19.266666,1.0000,False,manual_box,flip
party_girl_augmented_Party_Girl_Fortnite_Montage_[uXGC9gKcheI]_000578_a77bc989_a_3_b61a7195_aug_original.png,1,player,1,0.433681,0.752543,0.137109,0.494914,party_girl_augmented__Party_Girl_Fortnite_Montage [uXGC9gKcheI],578,19.266666,1.0000,False,manual_box,original
party_girl_augmented_Party_Girl_Fortnite_Montage_[uXGC9gKcheI]_000578_a77bc989_a_3_b61a7195_aug_brightness_0.7.png,1,player,1,0.433681,0.752543,0.137109,0.494914,party_girl_augmented__Party_Girl_Fortnite_Montage [uXGC9gKcheI],578,19.266666,1.0000,False,manual_box,brightness_0.7
party_girl_augmented_Party_Girl_Fortnite_Montage_[uXGC9gKcheI]_000578_a77bc989_a_3_b61a7195_aug_brightness_1.3.png,1,player,1,0.433681,0.752543,0.137109,0.494914,party_girl_augmented__Party_Girl_Fortnite_Montage [uXGC9gKcheI],578,19.266666,1.0000,False,manual_box,brightness_1.3
party_girl_augmented_Party_Girl_Fortnite_Montage_[uXGC9gKcheI]_000578_a77bc989_a_3_b61a7195_aug_noise.png,1,player,1,0.433681,0.752543,0.137109,0.494914,party_girl_augmented__Party_Girl_Fortnite_Montage [uXGC9gKcheI],578,19.266666,1.0000,False,manual_box,noise
party_girl_augmented_Party_Girl_Fortnite_Montage_[uXGC9gKcheI]_000578_a77bc989_a_3_b61a7195_aug_flip.png,1,player,1,0.566319,0.752543,0.137109,0.494914,party_girl_augmented__Party_Girl_Fortnite_Montage [uXGC9gKcheI],578,19.266666,1.0000,False,manual_box,flip
party_girl_augmented_Party_Girl_Fortnite_Montage_[uXGC9gKcheI]_000578_a77bc989_a_4_34d3a058_aug_original.png,1,player,1,0.433681,0.752543,0.137109,0.494914,party_girl_augmented__Party_Girl_Fortnite_Montage [uXGC9gKcheI],578,19.266666,1.0000,False,manual_box,original
party_girl_augmented_Party_Girl_Fortnite_Montage_[uXGC9gKcheI]_000578_a77bc989_a_4_34d3a058_aug_noise.png,1,player,1,0.433681,0.752543,0.137109,0.494914,party_girl_augmented__Party_Girl_Fortnite_Montage [uXGC9gKcheI],578,19.266666,1.0000,False,manual_box,noise
party_girl_augmented_Party_Girl_Fortnite_Montage_[uXGC9gKcheI]_000578_a77bc989_a_4_34d3a058_aug_flip.png,1,player,1,0.566319,0.752543,0.137109,0.494914,party_girl_augmented__Party_Girl_Fortnite_Montage [uXGC9gKcheI],578,19.266666,1.0000,False,manual_box,flip
party_girl_augmented_Party_Girl_Fortnite_Montage_[uXGC9gKcheI]_000578_a77bc989_a_4_34d3a058_aug_zoom.png,1,player,1,0.489516,0.721611,0.154761,0.556778,party_girl_augmented__Party_Girl_Fortnite_Montage [uXGC9gKcheI],578,19.266666,1.0000,False,manual_box,zoom
party_girl_augmented_Party_Girl_Fortnite_Montage_[uXGC9gKcheI]_000578_a77bc989_a_4_34d3a058_aug_maskedpan.png,1,player,1,0.433681,0.752543,0.137109,0.494914,party_girl_augmented__Party_Girl_Fortnite_Montage [uXGC9gKcheI],578,19.266666,1.0000,False,manual_box,maskedpan
party_girl_augmented_Party_Girl_Fortnite_Montage_[uXGC9gKcheI]_000578_a77bc989_a_5_1d87acc2_aug_original.png,1,player,1,0.521368,0.679552,0.177631,0.640896,party_girl_augmented__Party_Girl_Fortnite_Montage [uXGC9gKcheI],578,19.266666,1.0000,False,manual_box,original
party_girl_augmented_Party_Girl_Fortnite_Montage_[uXGC9gKcheI]_000578_a77bc989_a_5_1d87acc2_aug_brightness_0.7.png,1,player,1,0.521368,0.679552,0.177631,0.640896,party_girl_augmented__Party_Girl_Fortnite_Montage [uXGC9gKcheI],578,19.266666,1.0000,False,manual_box,brightness_0.7
party_girl_augmented_Party_Girl_Fortnite_Montage_[uXGC9gKcheI]_000578_a77bc989_a_5_1d87acc2_aug_brightness_1.3.png,1,player,1,0.521368,0.679552,0.177631,0.640896,party_girl_augmented__Party_Girl_Fortnite_Montage [uXGC9gKcheI],578,19.266666,1.0000,False,manual_box,brightness_1.3
party_girl_augmented_Party_Girl_Fortnite_Montage_[uXGC9gKcheI]_000578_a77bc989_a_5_1d87acc2_aug_noise.png,1,player,1,0.521368,0.679552,0.177631,0.640896,party_girl_augmented__Party_Girl_Fortnite_Montage [uXGC9gKcheI],578,19.266666,1.0000,False,manual_box,noise
party_girl_augmented_Party_Girl_Fortnite_Montage_[uXGC9gKcheI]_000578_a77bc989_a_5_1d87acc2_aug_flip.png,1,player,1,0.478632,0.679552,0.177631,0.640896,party_girl_augmented__Party_Girl_Fortnite_Montage [uXGC9gKcheI],578,19.266666,1.0000,False,manual_box,flip
party_girl_augmented_Party_Girl_Fortnite_Montage_[uXGC9gKcheI]_000578_a77bc989_a_7f83d167_aug_original.png,1,player,1,0.433681,0.752543,0.137109,0.494914,party_girl_augmented__Party_Girl_Fortnite_Montage [uXGC9gKcheI],578,19.266666,1.0000,False,manual_box,original
party_girl_augmented_Party_Girl_Fortnite_Montage_[uXGC9gKcheI]_000578_a77bc989_a_7f83d167_aug_flip.png,1,player,1,0.566319,0.752543,0.137109,0.494914,party_girl_augmented__Party_Girl_Fortnite_Montage [uXGC9gKcheI],578,19.266666,1.0000,False,manual_box,flip
party_girl_augmented_Party_Girl_Fortnite_Montage_[uXGC9gKcheI]_000578_a77bc989_a_7f83d167_aug_shift.png,1,player,1,0.305632,0.639180,0.137109,0.494914,party_girl_augmented__Party_Girl_Fortnite_Montage [uXGC9gKcheI],578,19.266666,1.0000,False,manual_box,shift
party_girl_augmented_Party_Girl_Fortnite_Montage_[uXGC9gKcheI]_000578_a77bc989_a_7f83d167_aug_zoom.png,1,player,1,0.451402,0.683503,0.121470,0.438549,party_girl_augmented__Party_Girl_Fortnite_Montage [uXGC9gKcheI],578,19.266666,1.0000,False,manual_box,zoom
party_girl_augmented_Party_Girl_Fortnite_Montage_[uXGC9gKcheI]_000579_38dfe0d1_a_2_fa383443_aug_original.png,1,player,1,0.439146,0.738175,0.155986,0.523650,party_girl_augmented__Party_Girl_Fortnite_Montage [uXGC9gKcheI],579,19.300000,1.0000,False,manual_box,original
party_girl_augmented_Party_Girl_Fortnite_Montage_[uXGC9gKcheI]_000579_38dfe0d1_a_2_fa383443_aug_brightness_0.7.png,1,player,1,0.439146,0.738175,0.155986,0.523650,party_girl_augmented__Party_Girl_Fortnite_Montage [uXGC9gKcheI],579,19.300000,1.0000,False,manual_box,brightness_0.7
party_girl_augmented_Party_Girl_Fortnite_Montage_[uXGC9gKcheI]_000579_38dfe0d1_a_2_fa383443_aug_brightness_1.3.png,1,player,1,0.439146,0.738175,0.155986,0.523650,party_girl_augmented__Party_Girl_Fortnite_Montage [uXGC9gKcheI],579,19.300000,1.0000,False,manual_box,brightness_1.3
party_girl_augmented_Party_Girl_Fortnite_Montage_[uXGC9gKcheI]_000579_38dfe0d1_a_2_fa383443_aug_noise.png,1,player,1,0.439146,0.738175,0.155986,0.523650,party_girl_augmented__Party_Girl_Fortnite_Montage [uXGC9gKcheI],579,19.300000,1.0000,False,manual_box,noise
party_girl_augmented_Party_Girl_Fortnite_Montage_[uXGC9gKcheI]_000579_38dfe0d1_a_2_fa383443_aug_shift.png,1,player,1,0.296252,0.765351,0.155986,0.469299,party_girl_augmented__Party_Girl_Fortnite_Montage [uXGC9gKcheI],579,19.300000,1.0000,False,manual_box,shift
party_girl_augmented_Party_Girl_Fortnite_Montage_[uXGC9gKcheI]_000579_38dfe0d1_a_3_1f612d0a_aug_original.png,1,player,1,0.560854,0.738175,0.155986,0.523650,party_girl_augmented__Party_Girl_Fortnite_Montage [uXGC9gKcheI],579,19.300000,1.0000,False,manual_box,original
party_girl_augmented_Party_Girl_Fortnite_Montage_[uXGC9gKcheI]_000579_38dfe0d1_a_3_1f612d0a_aug_brightness_0.7.png,1,player,1,0.560854,0.738175,0.155986,0.523650,party_girl_augmented__Party_Girl_Fortnite_Montage [uXGC9gKcheI],579,19.300000,1.0000,False,manual_box,brightness_0.7
party_girl_augmented_Party_Girl_Fortnite_Montage_[uXGC9gKcheI]_000579_38dfe0d1_a_3_1f612d0a_aug_brightness_1.3.png,1,player,1,0.560854,0.738175,0.155986,0.523650,party_girl_augmented__Party_Girl_Fortnite_Montage [uXGC9gKcheI],579,19.300000,1.0000,False,manual_box,brightness_1.3
party_girl_augmented_Party_Girl_Fortnite_Montage_[uXGC9gKcheI]_000579_38dfe0d1_a_3_1f612d0a_aug_noise.png,1,player,1,0.560854,0.738175,0.155986,0.523650,party_girl_augmented__Party_Girl_Fortnite_Montage [uXGC9gKcheI],579,19.300000,1.0000,False,manual_box,noise
party_girl_augmented_Party_Girl_Fortnite_Montage_[uXGC9gKcheI]_000579_38dfe0d1_a_3_1f612d0a_aug_flip.png,1,player,1,0.439146,0.738175,0.155986,0.523650,party_girl_augmented__Party_Girl_Fortnite_Montage [uXGC9gKcheI],579,19.300000,1.0000,False,manual_box,flip
party_girl_augmented_Party_Girl_Fortnite_Montage_[uXGC9gKcheI]_000579_38dfe0d1_a_4_34a21916_aug_original.png,1,player,1,0.349678,0.728957,0.155986,0.523650,party_girl_augmented__Party_Girl_Fortnite_Montage [uXGC9gKcheI],579,19.300000,1.0000,False,manual_box,original
party_girl_augmented_Party_Girl_Fortnite_Montage_[uXGC9gKcheI]_000579_38dfe0d1_a_4_34a21916_aug_flip.png,1,player,1,0.650322,0.728957,0.155986,0.523650,party_girl_augmented__Party_Girl_Fortnite_Montage [uXGC9gKcheI],579,19.300000,1.0000,False,manual_box,flip
party_girl_augmented_Party_Girl_Fortnite_Montage_[uXGC9gKcheI]_000579_38dfe0d1_a_4_34a21916_aug_shift.png,1,player,1,0.491060,0.793598,0.155986,0.412804,party_girl_augmented__Party_Girl_Fortnite_Montage [uXGC9gKcheI],579,19.300000,1.0000,False,manual_box,shift
party_girl_augmented_Party_Girl_Fortnite_Montage_[uXGC9gKcheI]_000579_38dfe0d1_a_4_34a21916_aug_maskedpan.png,1,player,1,0.349678,0.728957,0.155986,0.523650,party_girl_augmented__Party_Girl_Fortnite_Montage [uXGC9gKcheI],579,19.300000,1.0000,False,manual_box,maskedpan
party_girl_augmented_Party_Girl_Fortnite_Montage_[uXGC9gKcheI]_000579_38dfe0d1_a_5_88f3f8b0_aug_original.png,1,player,1,0.511006,0.695945,0.181511,0.608110,party_girl_augmented__Party_Girl_Fortnite_Montage [uXGC9gKcheI],579,19.300000,1.0000,False,manual_box,original
party_girl_augmented_Party_Girl_Fortnite_Montage_[uXGC9gKcheI]_000579_38dfe0d1_a_5_88f3f8b0_aug_brightness_0.7.png,1,player,1,0.511006,0.695945,0.181511,0.608110,party_girl_augmented__Party_Girl_Fortnite_Montage [uXGC9gKcheI],579,19.300000,1.0000,False,manual_box,brightness_0.7
party_girl_augmented_Party_Girl_Fortnite_Montage_[uXGC9gKcheI]_000579_38dfe0d1_a_5_88f3f8b0_aug_brightness_1.3.png,1,player,1,0.511006,0.695945,0.181511,0.608110,party_girl_augmented__Party_Girl_Fortnite_Montage [uXGC9gKcheI],579,19.300000,1.0000,False,manual_box,brightness_1.3
party_girl_augmented_Party_Girl_Fortnite_Montage_[uXGC9gKcheI]_000579_38dfe0d1_a_5_88f3f8b0_aug_flip.png,1,player,1,0.488994,0.695945,0.181511,0.608110,party_girl_augmented__Party_Girl_Fortnite_Montage [uXGC9gKcheI],579,19.300000,1.0000,False,manual_box,flip
party_girl_augmented_Party_Girl_Fortnite_Montage_[uXGC9gKcheI]_000579_38dfe0d1_a_5_88f3f8b0_aug_shift.png,1,player,1,0.423783,0.757334,0.181511,0.485332,party_girl_augmented__Party_Girl_Fortnite_Montage [uXGC9gKcheI],579,19.300000,1.0000,False,manual_box,shift
party_girl_augmented_Party_Girl_Fortnite_Montage_[uXGC9gKcheI]_000579_38dfe0d1_a_b039de88_aug_original.png,1,player,1,0.439146,0.738175,0.155986,0.523650,party_girl_augmented__Party_Girl_Fortnite_Montage [uXGC9gKcheI],579,19.300000,1.0000,False,manual_box,original
party_girl_augmented_Party_Girl_Fortnite_Montage_[uXGC9gKcheI]_000579_38dfe0d1_a_b039de88_aug_brightness_0.7.png,1,player,1,0.439146,0.738175,0.155986,0.523650,party_girl_augmented__Party_Girl_Fortnite_Montage [uXGC9gKcheI],579,19.300000,1.0000,False,manual_box,brightness_0.7
party_girl_augmented_Party_Girl_Fortnite_Montage_[uXGC9gKcheI]_000579_38dfe0d1_a_b039de88_aug_brightness_1.3.png,1,player,1,0.439146,0.738175,0.155986,0.523650,party_girl_augmented__Party_Girl_Fortnite_Montage [uXGC9gKcheI],579,19.300000,1.0000,False,manual_box,brightness_1.3
party_girl_augmented_Party_Girl_Fortnite_Montage_[uXGC9gKcheI]_000579_38dfe0d1_a_b039de88_aug_flip.png,1,player,1,0.560854,0.738175,0.155986,0.523650,party_girl_augmented__Party_Girl_Fortnite_Montage [uXGC9gKcheI],579,19.300000,1.0000,False,manual_box,flip
party_girl_augmented_Party_Girl_Fortnite_Montage_[uXGC9gKcheI]_000579_38dfe0d1_a_b039de88_aug_shift.png,1,player,1,0.382410,0.798494,0.155986,0.403012,party_girl_augmented__Party_Girl_Fortnite_Montage [uXGC9gKcheI],579,19.300000,1.0000,False,manual_box,shift
party_girl_augmented_Party_Girl_Fortnite_Montage_[uXGC9gKcheI]_000583_cac3c73b_a_2_54b42411_aug_original.png,1,player,1,0.436165,0.742596,0.134128,0.514808,party_girl_augmented__Party_Girl_Fortnite_Montage [uXGC9gKcheI],583,19.433333,1.0000,False,manual_box,original
party_girl_augmented_Party_Girl_Fortnite_Montage_[uXGC9gKcheI]_000583_cac3c73b_a_2_54b42411_aug_original.png,0,enemy,1,0.366120,0.608976,0.036761,0.247569,party_girl_augmented__Party_Girl_Fortnite_Montage [uXGC9gKcheI],583,19.433333,1.0000,False,manual_box,original
party_girl_augmented_Party_Girl_Fortnite_Montage_[uXGC9gKcheI]_000583_cac3c73b_a_2_54b42411_aug_brightness_0.7.png,1,player,1,0.436165,0.742596,0.134128,0.514808,party_girl_augmented__Party_Girl_Fortnite_Montage [uXGC9gKcheI],583,19.433333,1.0000,False,manual_box,brightness_0.7
party_girl_augmented_Party_Girl_Fortnite_Montage_[uXGC9gKcheI]_000583_cac3c73b_a_2_54b42411_aug_brightness_0.7.png,0,enemy,1,0.366120,0.608976,0.036761,0.247569,party_girl_augmented__Party_Girl_Fortnite_Montage [uXGC9gKcheI],583,19.433333,1.0000,False,manual_box,brightness_0.7
party_girl_augmented_Party_Girl_Fortnite_Montage_[uXGC9gKcheI]_000583_cac3c73b_a_2_54b42411_aug_brightness_1.3.png,1,player,1,0.436165,0.742596,0.134128,0.514808,party_girl_augmented__Party_Girl_Fortnite_Montage [uXGC9gKcheI],583,19.433333,1.0000,False,manual_box,brightness_1.3
party_girl_augmented_Party_Girl_Fortnite_Montage_[uXGC9gKcheI]_000583_cac3c73b_a_2_54b42411_aug_brightness_1.3.png,0,enemy,1,0.366120,0.608976,0.036761,0.247569,party_girl_augmented__Party_Girl_Fortnite_Montage [uXGC9gKcheI],583,19.433333,1.0000,False,manual_box,brightness_1.3
party_girl_augmented_Party_Girl_Fortnite_Montage_[uXGC9gKcheI]_000583_cac3c73b_a_4b8bccae_aug_original.png,1,player,1,0.436165,0.742596,0.134128,0.514808,party_girl_augmented__Party_Girl_Fortnite_Montage [uXGC9gKcheI],583,19.433333,1.0000,False,manual_box,original
party_girl_augmented_Party_Girl_Fortnite_Montage_[uXGC9gKcheI]_000583_cac3c73b_a_4b8bccae_aug_original.png,0,enemy,1,0.366120,0.608976,0.036761,0.247569,party_girl_augmented__Party_Girl_Fortnite_Montage [uXGC9gKcheI],583,19.433333,1.0000,False,manual_box,original
party_girl_augmented_Party_Girl_Fortnite_Montage_[uXGC9gKcheI]_000600_c6a117c9_a_f0470a25_aug_original.png,1,player,1,0.415797,0.759174,0.159960,0.481652,party_girl_augmented__Party_Girl_Fortnite_Montage [uXGC9gKcheI],600,20.000000,1.0000,False,manual_box,original
party_girl_augmented_Party_Girl_Fortnite_Montage_[uXGC9gKcheI]_000600_c6a117c9_a_f0470a25_aug_original.png,0,enemy,1,0.469200,0.418326,0.053154,0.219939,party_girl_augmented__Party_Girl_Fortnite_Montage [uXGC9gKcheI],600,20.000000,1.0000,False,manual_box,original
party_girl_augmented_Party_Girl_Fortnite_Montage_[uXGC9gKcheI]_000601_969c2b63_a_2_a4ae925f_aug_original.png,0,enemy,1,0.490313,0.531611,0.054645,0.201150,party_girl_augmented__Party_Girl_Fortnite_Montage [uXGC9gKcheI],601,20.033333,1.0000,False,manual_box,original
party_girl_augmented_Party_Girl_Fortnite_Montage_[uXGC9gKcheI]_000601_969c2b63_a_2_a4ae925f_aug_original.png,1,player,1,0.430452,0.758622,0.125683,0.482757,party_girl_augmented__Party_Girl_Fortnite_Montage [uXGC9gKcheI],601,20.033333,1.0000,False,manual_box,original
party_girl_augmented_Party_Girl_Fortnite_Montage_[uXGC9gKcheI]_000601_969c2b63_a_2_a4ae925f_aug_brightness_0.7.png,0,enemy,1,0.490313,0.531611,0.054645,0.201150,party_girl_augmented__Party_Girl_Fortnite_Montage [uXGC9gKcheI],601,20.033333,1.0000,False,manual_box,brightness_0.7
party_girl_augmented_Party_Girl_Fortnite_Montage_[uXGC9gKcheI]_000601_969c2b63_a_2_a4ae925f_aug_brightness_0.7.png,1,player,1,0.430452,0.758622,0.125683,0.482757,party_girl_augmented__Party_Girl_Fortnite_Montage [uXGC9gKcheI],601,20.033333,1.0000,False,manual_box,brightness_0.7
party_girl_augmented_Party_Girl_Fortnite_Montage_[uXGC9gKcheI]_000601_969c2b63_a_2_a4ae925f_aug_brightness_1.3.png,0,enemy,1,0.490313,0.531611,0.054645,0.201150,party_girl_augmented__Party_Girl_Fortnite_Montage [uXGC9gKcheI],601,20.033333,1.0000,False,manual_box,brightness_1.3
party_girl_augmented_Party_Girl_Fortnite_Montage_[uXGC9gKcheI]_000601_969c2b63_a_2_a4ae925f_aug_brightness_1.3.png,1,player,1,0.430452,0.758622,0.125683,0.482757,party_girl_augmented__Party_Girl_Fortnite_Montage [uXGC9gKcheI],601,20.033333,1.0000,False,manual_box,brightness_1.3
party_girl_augmented_Party_Girl_Fortnite_Montage_[uXGC9gKcheI]_000601_969c2b63_a_3_0e7de27f_aug_original.png,0,enemy,1,0.490313,0.531611,0.054645,0.201150,party_girl_augmented__Party_Girl_Fortnite_Montage [uXGC9gKcheI],601,20.033333,1.0000,False,manual_box,original
party_girl_augmented_Party_Girl_Fortnite_Montage_[uXGC9gKcheI]_000601_969c2b63_a_3_0e7de27f_aug_original.png,1,player,1,0.430452,0.758622,0.125683,0.482757,party_girl_augmented__Party_Girl_Fortnite_Montage [uXGC9gKcheI],601,20.033333,1.0000,False,manual_box,original
party_girl_augmented_Party_Girl_Fortnite_Montage_[uXGC9gKcheI]_000601_969c2b63_a_c769043b_aug_original.png,0,enemy,1,0.490313,0.531611,0.054645,0.201150,party_girl_augmented__Party_Girl_Fortnite_Montage [uXGC9gKcheI],601,20.033333,1.0000,False,manual_box,original
party_girl_augmented_Party_Girl_Fortnite_Montage_[uXGC9gKcheI]_000601_969c2b63_a_c769043b_aug_original.png,1,player,1,0.430452,0.758622,0.125683,0.482757,party_girl_augmented__Party_Girl_Fortnite_Montage [uXGC9gKcheI],601,20.033333,1.0000,False,manual_box,original
party_girl_augmented_Party_Girl_Fortnite_Montage_[uXGC9gKcheI]_000827_a84497a8_a_2_ab2f2389_aug_original.png,1,player,1,0.445852,0.698387,0.155489,0.603226,party_girl_augmented__Party_Girl_Fortnite_Montage [uXGC9gKcheI],827,27.566666,1.0000,False,manual_box,original
party_girl_augmented_Party_Girl_Fortnite_Montage_[uXGC9gKcheI]_000827_a84497a8_a_2_ab2f2389_aug_brightness_0.7.png,1,player,1,0.445852,0.698387,0.155489,0.603226,party_girl_augmented__Party_Girl_Fortnite_Montage [uXGC9gKcheI],827,27.566666,1.0000,False,manual_box,brightness_0.7
party_girl_augmented_Party_Girl_Fortnite_Montage_[uXGC9gKcheI]_000827_a84497a8_a_2_ab2f2389_aug_brightness_1.3.png,1,player,1,0.445852,0.698387,0.155489,0.603226,party_girl_augmented__Party_Girl_Fortnite_Montage [uXGC9gKcheI],827,27.566666,1.0000,False,manual_box,brightness_1.3
party_girl_augmented_Party_Girl_Fortnite_Montage_[uXGC9gKcheI]_000827_a84497a8_a_2_ab2f2389_aug_noise.png,1,player,1,0.445852,0.698387,0.155489,0.603226,party_girl_augmented__Party_Girl_Fortnite_Montage [uXGC9gKcheI],827,27.566666,1.0000,False,manual_box,noise
party_girl_augmented_Party_Girl_Fortnite_Montage_[uXGC9gKcheI]_000827_a84497a8_a_2_ab2f2389_aug_flip.png,1,player,1,0.554148,0.698387,0.155489,0.603226,party_girl_augmented__Party_Girl_Fortnite_Montage [uXGC9gKcheI],827,27.566666,1.0000,False,manual_box,flip
party_girl_augmented_Party_Girl_Fortnite_Montage_[uXGC9gKcheI]_000827_a84497a8_a_3_2b81c765_aug_original.png,1,player,1,0.445852,0.698387,0.155489,0.603226,party_girl_augmented__Party_Girl_Fortnite_Montage [uXGC9gKcheI],827,27.566666,1.0000,False,manual_box,original
party_girl_augmented_Party_Girl_Fortnite_Montage_[uXGC9gKcheI]_000827_a84497a8_a_3_2b81c765_aug_brightness_0.7.png,1,player,1,0.445852,0.698387,0.155489,0.603226,party_girl_augmented__Party_Girl_Fortnite_Montage [uXGC9gKcheI],827,27.566666,1.0000,False,manual_box,brightness_0.7
party_girl_augmented_Party_Girl_Fortnite_Montage_[uXGC9gKcheI]_000827_a84497a8_a_3_2b81c765_aug_brightness_1.3.png,1,player,1,0.445852,0.698387,0.155489,0.603226,party_girl_augmented__Party_Girl_Fortnite_Montage [uXGC9gKcheI],827,27.566666,1.0000,False,manual_box,brightness_1.3
party_girl_augmented_Party_Girl_Fortnite_Montage_[uXGC9gKcheI]_000827_a84497a8_a_3_2b81c765_aug_noise.png,1,player,1,0.445852,0.698387,0.155489,0.603226,party_girl_augmented__Party_Girl_Fortnite_Montage [uXGC9gKcheI],827,27.566666,1.0000,False,manual_box,noise
party_girl_augmented_Party_Girl_Fortnite_Montage_[uXGC9gKcheI]_000827_a84497a8_a_3_2b81c765_aug_flip.png,1,player,1,0.554148,0.698387,0.155489,0.603226,party_girl_augmented__Party_Girl_Fortnite_Montage [uXGC9gKcheI],827,27.566666,1.0000,False,manual_box,flip
party_girl_augmented_Party_Girl_Fortnite_Montage_[uXGC9gKcheI]_000827_a84497a8_a_4_49371e57_aug_original.png,1,player,1,0.445852,0.698387,0.155489,0.603226,party_girl_augmented__Party_Girl_Fortnite_Montage [uXGC9gKcheI],827,27.566666,1.0000,False,manual_box,original
party_girl_augmented_Party_Girl_Fortnite_Montage_[uXGC9gKcheI]_000827_a84497a8_a_4_49371e57_aug_brightness_0.7.png,1,player,1,0.445852,0.698387,0.155489,0.603226,party_girl_augmented__Party_Girl_Fortnite_Montage [uXGC9gKcheI],827,27.566666,1.0000,False,manual_box,brightness_0.7
party_girl_augmented_Party_Girl_Fortnite_Montage_[uXGC9gKcheI]_000827_a84497a8_a_4_49371e57_aug_brightness_1.3.png,1,player,1,0.445852,0.698387,0.155489,0.603226,party_girl_augmented__Party_Girl_Fortnite_Montage [uXGC9gKcheI],827,27.566666,1.0000,False,manual_box,brightness_1.3
party_girl_augmented_Party_Girl_Fortnite_Montage_[uXGC9gKcheI]_000827_a84497a8_a_4_49371e57_aug_noise.png,1,player,1,0.445852,0.698387,0.155489,0.603226,party_girl_augmented__Party_Girl_Fortnite_Montage [uXGC9gKcheI],827,27.566666,1.0000,False,manual_box,noise
party_girl_augmented_Party_Girl_Fortnite_Montage_[uXGC9gKcheI]_000827_a84497a8_a_4_49371e57_aug_flip.png,1,player,1,0.554148,0.698387,0.155489,0.603226,party_girl_augmented__Party_Girl_Fortnite_Montage [uXGC9gKcheI],827,27.566666,1.0000,False,manual_box,flip
party_girl_augmented_Party_Girl_Fortnite_Montage_[uXGC9gKcheI]_000827_a84497a8_a_5_fc178fc0_aug_original.png,1,player,1,0.554148,0.698387,0.155489,0.603226,party_girl_augmented__Party_Girl_Fortnite_Montage [uXGC9gKcheI],827,27.566666,1.0000,False,manual_box,original
party_girl_augmented_Party_Girl_Fortnite_Montage_[uXGC9gKcheI]_000827_a84497a8_a_5_fc178fc0_aug_noise.png,1,player,1,0.554148,0.698387,0.155489,0.603226,party_girl_augmented__Party_Girl_Fortnite_Montage [uXGC9gKcheI],827,27.566666,1.0000,False,manual_box,noise
party_girl_augmented_Party_Girl_Fortnite_Montage_[uXGC9gKcheI]_000827_a84497a8_a_5_fc178fc0_aug_flip.png,1,player,1,0.445852,0.698387,0.155489,0.603226,party_girl_augmented__Party_Girl_Fortnite_Montage [uXGC9gKcheI],827,27.566666,1.0000,False,manual_box,flip
party_girl_augmented_Party_Girl_Fortnite_Montage_[uXGC9gKcheI]_000827_a84497a8_a_5_fc178fc0_aug_shift.png,1,player,1,0.641577,0.600474,0.155489,0.603226,party_girl_augmented__Party_Girl_Fortnite_Montage [uXGC9gKcheI],827,27.566666,1.0000,False,manual_box,shift
party_girl_augmented_Party_Girl_Fortnite_Montage_[uXGC9gKcheI]_000827_a84497a8_a_5_fc178fc0_aug_zoom.png,1,player,1,0.453362,0.630678,0.190638,0.738644,party_girl_augmented__Party_Girl_Fortnite_Montage [uXGC9gKcheI],827,27.566666,1.0000,False,manual_box,zoom
party_girl_augmented_Party_Girl_Fortnite_Montage_[uXGC9gKcheI]_000827_a84497a8_a_27ee540b_aug_original.png,1,player,1,0.445852,0.698387,0.155489,0.603226,party_girl_augmented__Party_Girl_Fortnite_Montage [uXGC9gKcheI],827,27.566666,1.0000,False,manual_box,original
party_girl_augmented_Party_Girl_Fortnite_Montage_[uXGC9gKcheI]_000827_a84497a8_a_27ee540b_aug_brightness_0.7.png,1,player,1,0.445852,0.698387,0.155489,0.603226,party_girl_augmented__Party_Girl_Fortnite_Montage [uXGC9gKcheI],827,27.566666,1.0000,False,manual_box,brightness_0.7
party_girl_augmented_Party_Girl_Fortnite_Montage_[uXGC9gKcheI]_000827_a84497a8_a_27ee540b_aug_brightness_1.3.png,1,player,1,0.445852,0.698387,0.155489,0.603226,party_girl_augmented__Party_Girl_Fortnite_Montage [uXGC9gKcheI],827,27.566666,1.0000,False,manual_box,brightness_1.3
party_girl_augmented_Party_Girl_Fortnite_Montage_[uXGC9gKcheI]_000827_a84497a8_a_27ee540b_aug_noise.png,1,player,1,0.445852,0.698387,0.155489,0.603226,party_girl_augmented__Party_Girl_Fortnite_Montage [uXGC9gKcheI],827,27.566666,1.0000,False,manual_box,noise
party_girl_augmented_Party_Girl_Fortnite_Montage_[uXGC9gKcheI]_000827_a84497a8_a_27ee540b_aug_flip.png,1,player,1,0.554148,0.698387,0.155489,0.603226,party_girl_augmented__Party_Girl_Fortnite_Montage [uXGC9gKcheI],827,27.566666,1.0000,False,manual_box,flip
party_girl_augmented_Party_Girl_Fortnite_Montage_[uXGC9gKcheI]_000828_2ded66f3_a_2_ef9478f4_aug_original.png,1,player,1,0.537258,0.706124,0.142573,0.587753,party_girl_augmented__Party_Girl_Fortnite_Montage [uXGC9gKcheI],828,27.600000,1.0000,False,manual_box,original
party_girl_augmented_Party_Girl_Fortnite_Montage_[uXGC9gKcheI]_000828_2ded66f3_a_2_ef9478f4_aug_brightness_0.7.png,1,player,1,0.537258,0.706124,0.142573,0.587753,party_girl_augmented__Party_Girl_Fortnite_Montage [uXGC9gKcheI],828,27.600000,1.0000,False,manual_box,brightness_0.7
party_girl_augmented_Party_Girl_Fortnite_Montage_[uXGC9gKcheI]_000828_2ded66f3_a_2_ef9478f4_aug_brightness_1.3.png,1,player,1,0.537258,0.706124,0.142573,0.587753,party_girl_augmented__Party_Girl_Fortnite_Montage [uXGC9gKcheI],828,27.600000,1.0000,False,manual_box,brightness_1.3
party_girl_augmented_Party_Girl_Fortnite_Montage_[uXGC9gKcheI]_000828_2ded66f3_a_2_ef9478f4_aug_noise.png,1,player,1,0.537258,0.706124,0.142573,0.587753,party_girl_augmented__Party_Girl_Fortnite_Montage [uXGC9gKcheI],828,27.600000,1.0000,False,manual_box,noise
party_girl_augmented_Party_Girl_Fortnite_Montage_[uXGC9gKcheI]_000828_2ded66f3_a_2_ef9478f4_aug_flip.png,1,player,1,0.462742,0.706124,0.142573,0.587753,party_girl_augmented__Party_Girl_Fortnite_Montage [uXGC9gKcheI],828,27.600000,1.0000,False,manual_box,flip
party_girl_augmented_Party_Girl_Fortnite_Montage_[uXGC9gKcheI]_000828_2ded66f3_a_3_f0af4cf5_aug_original.png,1,player,1,0.608016,0.641315,0.142573,0.587753,party_girl_augmented__Party_Girl_Fortnite_Montage [uXGC9gKcheI],828,27.600000,1.0000,False,manual_box,original
party_girl_augmented_Party_Girl_Fortnite_Montage_[uXGC9gKcheI]_000828_2ded66f3_a_4_1f67fc17_aug_original.png,1,player,1,0.418870,0.647439,0.128093,0.527345,party_girl_augmented__Party_Girl_Fortnite_Montage [uXGC9gKcheI],828,27.600000,1.0000,False,manual_box,original
party_girl_augmented_Party_Girl_Fortnite_Montage_[uXGC9gKcheI]_000828_2ded66f3_a_4_1f67fc17_aug_brightness_0.7.png,1,player,1,0.418870,0.647439,0.128093,0.527345,party_girl_augmented__Party_Girl_Fortnite_Montage [uXGC9gKcheI],828,27.600000,1.0000,False,manual_box,brightness_0.7
party_girl_augmented_Party_Girl_Fortnite_Montage_[uXGC9gKcheI]_000828_2ded66f3_a_4_1f67fc17_aug_brightness_1.3.png,1,player,1,0.418870,0.647439,0.128093,0.527345,party_girl_augmented__Party_Girl_Fortnite_Montage [uXGC9gKcheI],828,27.600000,1.0000,False,manual_box,brightness_1.3
party_girl_augmented_Party_Girl_Fortnite_Montage_[uXGC9gKcheI]_000828_2ded66f3_a_5_91c5c265_aug_original.png,1,player,1,0.462742,0.706124,0.142573,0.587753,party_girl_augmented__Party_Girl_Fortnite_Montage [uXGC9gKcheI],828,27.600000,1.0000,False,manual_box,original
party_girl_augmented_Party_Girl_Fortnite_Montage_[uXGC9gKcheI]_000828_2ded66f3_a_5_91c5c265_aug_noise.png,1,player,1,0.462742,0.706124,0.142573,0.587753,party_girl_augmented__Party_Girl_Fortnite_Montage [uXGC9gKcheI],828,27.600000,1.0000,False,manual_box,noise
party_girl_augmented_Party_Girl_Fortnite_Montage_[uXGC9gKcheI]_000828_2ded66f3_a_5_91c5c265_aug_shift.png,1,player,1,0.341906,0.765639,0.142573,0.468722,party_girl_augmented__Party_Girl_Fortnite_Montage [uXGC9gKcheI],828,27.600000,1.0000,False,manual_box,shift
party_girl_augmented_Party_Girl_Fortnite_Montage_[uXGC9gKcheI]_000828_2ded66f3_a_5_91c5c265_aug_zoom.png,1,player,1,0.459850,0.703017,0.141682,0.582855,party_girl_augmented__Party_Girl_Fortnite_Montage [uXGC9gKcheI],828,27.600000,1.0000,False,manual_box,zoom
party_girl_augmented_Party_Girl_Fortnite_Montage_[uXGC9gKcheI]_000828_2ded66f3_a_5_91c5c265_aug_maskedpan.png,1,player,1,0.462742,0.706124,0.142573,0.587753,party_girl_augmented__Party_Girl_Fortnite_Montage [uXGC9gKcheI],828,27.600000,1.0000,False,manual_box,maskedpan
party_girl_augmented_Party_Girl_Fortnite_Montage_[uXGC9gKcheI]_000828_2ded66f3_a_707cb605_aug_original.png,1,player,1,0.462742,0.706124,0.142573,0.587753,party_girl_augmented__Party_Girl_Fortnite_Montage [uXGC9gKcheI],828,27.600000,1.0000,False,manual_box,original
party_girl_augmented_Party_Girl_Fortnite_Montage_[uXGC9gKcheI]_000828_2ded66f3_a_707cb605_aug_brightness_0.7.png,1,player,1,0.462742,0.706124,0.142573,0.587753,party_girl_augmented__Party_Girl_Fortnite_Montage [uXGC9gKcheI],828,27.600000,1.0000,False,manual_box,brightness_0.7
party_girl_augmented_Party_Girl_Fortnite_Montage_[uXGC9gKcheI]_000828_2ded66f3_a_707cb605_aug_brightness_1.3.png,1,player,1,0.462742,0.706124,0.142573,0.587753,party_girl_augmented__Party_Girl_Fortnite_Montage [uXGC9gKcheI],828,27.600000,1.0000,False,manual_box,brightness_1.3
party_girl_augmented_Party_Girl_Fortnite_Montage_[uXGC9gKcheI]_000828_2ded66f3_a_707cb605_aug_flip.png,1,player,1,0.537258,0.706124,0.142573,0.587753,party_girl_augmented__Party_Girl_Fortnite_Montage [uXGC9gKcheI],828,27.600000,1.0000,False,manual_box,flip
party_girl_augmented_Party_Girl_Fortnite_Montage_[uXGC9gKcheI]_000828_2ded66f3_a_707cb605_aug_zoom.png,1,player,1,0.452595,0.708074,0.136558,0.561630,party_girl_augmented__Party_Girl_Fortnite_Montage [uXGC9gKcheI],828,27.600000,1.0000,False,manual_box,zoom
party_girl_augmented_Party_Girl_Fortnite_Montage_[uXGC9gKcheI]_000880_431d169d_a_2_c23d9f55_aug_original.png,1,player,1,0.378788,0.701703,0.203179,0.596595,party_girl_augmented__Party_Girl_Fortnite_Montage [uXGC9gKcheI],880,29.333333,1.0000,False,manual_box,original
party_girl_augmented_Party_Girl_Fortnite_Montage_[uXGC9gKcheI]_000880_431d169d_a_2_c23d9f55_aug_original.png,0,enemy,1,0.561351,0.611740,0.075509,0.292883,party_girl_augmented__Party_Girl_Fortnite_Montage [uXGC9gKcheI],880,29.333333,1.0000,False,manual_box,original
party_girl_augmented_Party_Girl_Fortnite_Montage_[uXGC9gKcheI]_000880_431d169d_a_46a3273e_aug_original.png,1,player,1,0.378788,0.701703,0.203179,0.596595,party_girl_augmented__Party_Girl_Fortnite_Montage [uXGC9gKcheI],880,29.333333,1.0000,False,manual_box,original
party_girl_augmented_Party_Girl_Fortnite_Montage_[uXGC9gKcheI]_000880_431d169d_a_46a3273e_aug_original.png,0,enemy,1,0.561351,0.611740,0.075509,0.292883,party_girl_augmented__Party_Girl_Fortnite_Montage [uXGC9gKcheI],880,29.333333,1.0000,False,manual_box,original
party_girl_augmented_Party_Girl_Fortnite_Montage_[uXGC9gKcheI]_000880_431d169d_a_46a3273e_aug_noise.png,1,player,1,0.378788,0.701703,0.203179,0.596595,party_girl_augmented__Party_Girl_Fortnite_Montage [uXGC9gKcheI],880,29.333333,1.0000,False,manual_box,noise
party_girl_augmented_Party_Girl_Fortnite_Montage_[uXGC9gKcheI]_000880_431d169d_a_46a3273e_aug_noise.png,0,enemy,1,0.561351,0.611740,0.075509,0.292883,party_girl_augmented__Party_Girl_Fortnite_Montage [uXGC9gKcheI],880,29.333333,1.0000,False,manual_box,noise
party_girl_augmented_Party_Girl_Fortnite_Montage_[uXGC9gKcheI]_000987_ae79f958_a_2_2d42c9ad_aug_original.png,1,player,1,0.425484,0.743148,0.157476,0.513703,party_girl_augmented__Party_Girl_Fortnite_Montage [uXGC9gKcheI],987,32.900000,1.0000,False,manual_box,original
party_girl_augmented_Party_Girl_Fortnite_Montage_[uXGC9gKcheI]_000987_ae79f958_a_2_2d42c9ad_aug_brightness_0.7.png,1,player,1,0.425484,0.743148,0.157476,0.513703,party_girl_augmented__Party_Girl_Fortnite_Montage [uXGC9gKcheI],987,32.900000,1.0000,False,manual_box,brightness_0.7
party_girl_augmented_Party_Girl_Fortnite_Montage_[uXGC9gKcheI]_000987_ae79f958_a_2_2d42c9ad_aug_brightness_1.3.png,1,player,1,0.425484,0.743148,0.157476,0.513703,party_girl_augmented__Party_Girl_Fortnite_Montage [uXGC9gKcheI],987,32.900000,1.0000,False,manual_box,brightness_1.3
party_girl_augmented_Party_Girl_Fortnite_Montage_[uXGC9gKcheI]_000987_ae79f958_a_2_2d42c9ad_aug_noise.png,1,player,1,0.425484,0.743148,0.157476,0.513703,party_girl_augmented__Party_Girl_Fortnite_Montage [uXGC9gKcheI],987,32.900000,1.0000,False,manual_box,noise
party_girl_augmented_Party_Girl_Fortnite_Montage_[uXGC9gKcheI]_000987_ae79f958_a_2_2d42c9ad_aug_flip.png,1,player,1,0.574516,0.743148,0.157476,0.513703,party_girl_augmented__Party_Girl_Fortnite_Montage [uXGC9gKcheI],987,32.900000,1.0000,False,manual_box,flip
party_girl_augmented_Party_Girl_Fortnite_Montage_[uXGC9gKcheI]_000987_ae79f958_a_3_ce5bc8d6_aug_original.png,1,player,1,0.425484,0.743148,0.157476,0.513703,party_girl_augmented__Party_Girl_Fortnite_Montage [uXGC9gKcheI],987,32.900000,1.0000,False,manual_box,original
party_girl_augmented_Party_Girl_Fortnite_Montage_[uXGC9gKcheI]_000987_ae79f958_a_3_ce5bc8d6_aug_flip.png,1,player,1,0.574516,0.743148,0.157476,0.513703,party_girl_augmented__Party_Girl_Fortnite_Montage [uXGC9gKcheI],987,32.900000,1.0000,False,manual_box,flip
party_girl_augmented_Party_Girl_Fortnite_Montage_[uXGC9gKcheI]_000987_ae79f958_a_3_ce5bc8d6_aug_shift.png,1,player,1,0.433637,0.701574,0.157476,0.513703,party_girl_augmented__Party_Girl_Fortnite_Montage [uXGC9gKcheI],987,32.900000,1.0000,False,manual_box,shift
party_girl_augmented_Party_Girl_Fortnite_Montage_[uXGC9gKcheI]_000987_ae79f958_a_3_ce5bc8d6_aug_maskedpan.png,1,player,1,0.425484,0.743148,0.157476,0.513703,party_girl_augmented__Party_Girl_Fortnite_Montage [uXGC9gKcheI],987,32.900000,1.0000,False,manual_box,maskedpan
party_girl_augmented_Party_Girl_Fortnite_Montage_[uXGC9gKcheI]_000987_ae79f958_a_4_4d80c902_aug_original.png,1,player,1,0.574516,0.743148,0.157476,0.513703,party_girl_augmented__Party_Girl_Fortnite_Montage [uXGC9gKcheI],987,32.900000,1.0000,False,manual_box,original
party_girl_augmented_Party_Girl_Fortnite_Montage_[uXGC9gKcheI]_000987_ae79f958_a_4_4d80c902_aug_brightness_0.7.png,1,player,1,0.574516,0.743148,0.157476,0.513703,party_girl_augmented__Party_Girl_Fortnite_Montage [uXGC9gKcheI],987,32.900000,1.0000,False,manual_box,brightness_0.7
party_girl_augmented_Party_Girl_Fortnite_Montage_[uXGC9gKcheI]_000987_ae79f958_a_4_4d80c902_aug_brightness_1.3.png,1,player,1,0.574516,0.743148,0.157476,0.513703,party_girl_augmented__Party_Girl_Fortnite_Montage [uXGC9gKcheI],987,32.900000,1.0000,False,manual_box,brightness_1.3
party_girl_augmented_Party_Girl_Fortnite_Montage_[uXGC9gKcheI]_000987_ae79f958_a_4_4d80c902_aug_noise.png,1,player,1,0.574516,0.743148,0.157476,0.513703,party_girl_augmented__Party_Girl_Fortnite_Montage [uXGC9gKcheI],987,32.900000,1.0000,False,manual_box,noise
party_girl_augmented_Party_Girl_Fortnite_Montage_[uXGC9gKcheI]_000987_ae79f958_a_4_4d80c902_aug_flip.png,1,player,1,0.425484,0.743148,0.157476,0.513703,party_girl_augmented__Party_Girl_Fortnite_Montage [uXGC9gKcheI],987,32.900000,1.0000,False,manual_box,flip
party_girl_augmented_Party_Girl_Fortnite_Montage_[uXGC9gKcheI]_000987_ae79f958_a_5_cfcfab12_aug_original.png,1,player,1,0.411756,0.738534,0.151817,0.495153,party_girl_augmented__Party_Girl_Fortnite_Montage [uXGC9gKcheI],987,32.900000,1.0000,False,manual_box,original
party_girl_augmented_Party_Girl_Fortnite_Montage_[uXGC9gKcheI]_000987_ae79f958_a_5_cfcfab12_aug_brightness_0.7.png,1,player,1,0.411756,0.738534,0.151817,0.495153,party_girl_augmented__Party_Girl_Fortnite_Montage [uXGC9gKcheI],987,32.900000,1.0000,False,manual_box,brightness_0.7
party_girl_augmented_Party_Girl_Fortnite_Montage_[uXGC9gKcheI]_000987_ae79f958_a_5_cfcfab12_aug_brightness_1.3.png,1,player,1,0.411756,0.738534,0.151817,0.495153,party_girl_augmented__Party_Girl_Fortnite_Montage [uXGC9gKcheI],987,32.900000,1.0000,False,manual_box,brightness_1.3
party_girl_augmented_Party_Girl_Fortnite_Montage_[uXGC9gKcheI]_000987_ae79f958_a_5_cfcfab12_aug_flip.png,1,player,1,0.588244,0.738534,0.151817,0.495153,party_girl_augmented__Party_Girl_Fortnite_Montage [uXGC9gKcheI],987,32.900000,1.0000,False,manual_box,flip
party_girl_augmented_Party_Girl_Fortnite_Montage_[uXGC9gKcheI]_000987_ae79f958_a_5_cfcfab12_aug_shift.png,1,player,1,0.350171,0.609463,0.151817,0.495153,party_girl_augmented__Party_Girl_Fortnite_Montage [uXGC9gKcheI],987,32.900000,1.0000,False,manual_box,shift
party_girl_augmented_Party_Girl_Fortnite_Montage_[uXGC9gKcheI]_000987_ae79f958_a_e9ec5ba7_aug_original.png,1,player,1,0.425484,0.743148,0.157476,0.513703,party_girl_augmented__Party_Girl_Fortnite_Montage [uXGC9gKcheI],987,32.900000,1.0000,False,manual_box,original
party_girl_augmented_Party_Girl_Fortnite_Montage_[uXGC9gKcheI]_000987_ae79f958_a_e9ec5ba7_aug_brightness_0.7.png,1,player,1,0.425484,0.743148,0.157476,0.513703,party_girl_augmented__Party_Girl_Fortnite_Montage [uXGC9gKcheI],987,32.900000,1.0000,False,manual_box,brightness_0.7
party_girl_augmented_Party_Girl_Fortnite_Montage_[uXGC9gKcheI]_000987_ae79f958_a_e9ec5ba7_aug_brightness_1.3.png,1,player,1,0.425484,0.743148,0.157476,0.513703,party_girl_augmented__Party_Girl_Fortnite_Montage [uXGC9gKcheI],987,32.900000,1.0000,False,manual_box,brightness_1.3
party_girl_augmented_Party_Girl_Fortnite_Montage_[uXGC9gKcheI]_000987_ae79f958_a_e9ec5ba7_aug_noise.png,1,player,1,0.425484,0.743148,0.157476,0.513703,party_girl_augmented__Party_Girl_Fortnite_Montage [uXGC9gKcheI],987,32.900000,1.0000,False,manual_box,noise
party_girl_augmented_Party_Girl_Fortnite_Montage_[uXGC9gKcheI]_000987_ae79f958_a_e9ec5ba7_aug_flip.png,1,player,1,0.574516,0.743148,0.157476,0.513703,party_girl_augmented__Party_Girl_Fortnite_Montage [uXGC9gKcheI],987,32.900000,1.0000,False,manual_box,flip
party_girl_augmented_Party_Girl_Fortnite_Montage_[uXGC9gKcheI]_000997_135a0be6_a_2_20e7d7df_aug_original.png,1,player,1,0.382265,0.697834,0.167412,0.604331,party_girl_augmented__Party_Girl_Fortnite_Montage [uXGC9gKcheI],997,33.233333,1.0000,False,manual_box,original
party_girl_augmented_Party_Girl_Fortnite_Montage_[uXGC9gKcheI]_000997_135a0be6_a_2_20e7d7df_aug_original.png,0,enemy,1,0.483110,0.531058,0.095877,0.478560,party_girl_augmented__Party_Girl_Fortnite_Montage [uXGC9gKcheI],997,33.233333,1.0000,False,manual_box,original
party_girl_augmented_Party_Girl_Fortnite_Montage_[uXGC9gKcheI]_000997_135a0be6_a_2_20e7d7df_aug_brightness_0.7.png,1,player,1,0.382265,0.697834,0.167412,0.604331,party_girl_augmented__Party_Girl_Fortnite_Montage [uXGC9gKcheI],997,33.233333,1.0000,False,manual_box,brightness_0.7
party_girl_augmented_Party_Girl_Fortnite_Montage_[uXGC9gKcheI]_000997_135a0be6_a_2_20e7d7df_aug_brightness_0.7.png,0,enemy,1,0.483110,0.531058,0.095877,0.478560,party_girl_augmented__Party_Girl_Fortnite_Montage [uXGC9gKcheI],997,33.233333,1.0000,False,manual_box,brightness_0.7
party_girl_augmented_Party_Girl_Fortnite_Montage_[uXGC9gKcheI]_000997_135a0be6_a_2_20e7d7df_aug_brightness_1.3.png,1,player,1,0.382265,0.697834,0.167412,0.604331,party_girl_augmented__Party_Girl_Fortnite_Montage [uXGC9gKcheI],997,33.233333,1.0000,False,manual_box,brightness_1.3
party_girl_augmented_Party_Girl_Fortnite_Montage_[uXGC9gKcheI]_000997_135a0be6_a_2_20e7d7df_aug_brightness_1.3.png,0,enemy,1,0.483110,0.531058,0.095877,0.478560,party_girl_augmented__Party_Girl_Fortnite_Montage [uXGC9gKcheI],997,33.233333,1.0000,False,manual_box,brightness_1.3
party_girl_augmented_Party_Girl_Fortnite_Montage_[uXGC9gKcheI]_000997_135a0be6_a_3_ec391982_aug_original.png,1,player,1,0.382265,0.697834,0.167412,0.604331,party_girl_augmented__Party_Girl_Fortnite_Montage [uXGC9gKcheI],997,33.233333,1.0000,False,manual_box,original
party_girl_augmented_Party_Girl_Fortnite_Montage_[uXGC9gKcheI]_000997_135a0be6_a_3_ec391982_aug_original.png,0,enemy,1,0.483110,0.531058,0.095877,0.478560,party_girl_augmented__Party_Girl_Fortnite_Montage [uXGC9gKcheI],997,33.233333,1.0000,False,manual_box,original
party_girl_augmented_Party_Girl_Fortnite_Montage_[uXGC9gKcheI]_000997_135a0be6_a_3_ec391982_aug_brightness_0.7.png,1,player,1,0.382265,0.697834,0.167412,0.604331,party_girl_augmented__Party_Girl_Fortnite_Montage [uXGC9gKcheI],997,33.233333,1.0000,False,manual_box,brightness_0.7
party_girl_augmented_Party_Girl_Fortnite_Montage_[uXGC9gKcheI]_000997_135a0be6_a_3_ec391982_aug_brightness_0.7.png,0,enemy,1,0.483110,0.531058,0.095877,0.478560,party_girl_augmented__Party_Girl_Fortnite_Montage [uXGC9gKcheI],997,33.233333,1.0000,False,manual_box,brightness_0.7
party_girl_augmented_Party_Girl_Fortnite_Montage_[uXGC9gKcheI]_000997_135a0be6_a_3_ec391982_aug_brightness_1.3.png,1,player,1,0.382265,0.697834,0.167412,0.604331,party_girl_augmented__Party_Girl_Fortnite_Montage [uXGC9gKcheI],997,33.233333,1.0000,False,manual_box,brightness_1.3
party_girl_augmented_Party_Girl_Fortnite_Montage_[uXGC9gKcheI]_000997_135a0be6_a_3_ec391982_aug_brightness_1.3.png,0,enemy,1,0.483110,0.531058,0.095877,0.478560,party_girl_augmented__Party_Girl_Fortnite_Montage [uXGC9gKcheI],997,33.233333,1.0000,False,manual_box,brightness_1.3
party_girl_augmented_Party_Girl_Fortnite_Montage_[uXGC9gKcheI]_000997_135a0be6_a_9fc98b7b_aug_original.png,1,player,1,0.382265,0.697834,0.167412,0.604331,party_girl_augmented__Party_Girl_Fortnite_Montage [uXGC9gKcheI],997,33.233333,1.0000,False,manual_box,original
party_girl_augmented_Party_Girl_Fortnite_Montage_[uXGC9gKcheI]_000997_135a0be6_a_9fc98b7b_aug_original.png,0,enemy,1,0.483110,0.531058,0.095877,0.478560,party_girl_augmented__Party_Girl_Fortnite_Montage [uXGC9gKcheI],997,33.233333,1.0000,False,manual_box,original
party_girl_augmented_Party_Girl_Fortnite_Montage_[uXGC9gKcheI]_000997_135a0be6_a_9fc98b7b_aug_noise.png,1,player,1,0.382265,0.697834,0.167412,0.604331,party_girl_augmented__Party_Girl_Fortnite_Montage [uXGC9gKcheI],997,33.233333,1.0000,False,manual_box,noise
party_girl_augmented_Party_Girl_Fortnite_Montage_[uXGC9gKcheI]_000997_135a0be6_a_9fc98b7b_aug_noise.png,0,enemy,1,0.483110,0.531058,0.095877,0.478560,party_girl_augmented__Party_Girl_Fortnite_Montage [uXGC9gKcheI],997,33.233333,1.0000,False,manual_box,noise
party_girl_augmented_Party_Girl_Fortnite_Montage_[uXGC9gKcheI]_001151_73304c92_a_2_34dad771_aug_original.png,1,player,1,0.391952,0.763042,0.143070,0.473915,party_girl_augmented__Party_Girl_Fortnite_Montage [uXGC9gKcheI],1151,38.366666,1.0000,False,manual_box,original
party_girl_augmented_Party_Girl_Fortnite_Montage_[uXGC9gKcheI]_001151_73304c92_a_2_34dad771_aug_noise.png,1,player,1,0.391952,0.763042,0.143070,0.473915,party_girl_augmented__Party_Girl_Fortnite_Montage [uXGC9gKcheI],1151,38.366666,1.0000,False,manual_box,noise
party_girl_augmented_Party_Girl_Fortnite_Montage_[uXGC9gKcheI]_001151_73304c92_a_2_34dad771_aug_flip.png,1,player,1,0.608048,0.763042,0.143070,0.473915,party_girl_augmented__Party_Girl_Fortnite_Montage [uXGC9gKcheI],1151,38.366666,1.0000,False,manual_box,flip
party_girl_augmented_Party_Girl_Fortnite_Montage_[uXGC9gKcheI]_001151_73304c92_a_2_34dad771_aug_shift.png,1,player,1,0.253321,0.832072,0.143070,0.335855,party_girl_augmented__Party_Girl_Fortnite_Montage [uXGC9gKcheI],1151,38.366666,1.0000,False,manual_box,shift
party_girl_augmented_Party_Girl_Fortnite_Montage_[uXGC9gKcheI]_001151_73304c92_a_2_34dad771_aug_zoom.png,1,player,1,0.350598,0.684262,0.117139,0.387031,party_girl_augmented__Party_Girl_Fortnite_Montage [uXGC9gKcheI],1151,38.366666,1.0000,False,manual_box,zoom
party_girl_augmented_Party_Girl_Fortnite_Montage_[uXGC9gKcheI]_001151_73304c92_a_3_3a9d3fe1_aug_original.png,1,player,1,0.608048,0.763042,0.143070,0.473915,party_girl_augmented__Party_Girl_Fortnite_Montage [uXGC9gKcheI],1151,38.366666,1.0000,False,manual_box,original
party_girl_augmented_Party_Girl_Fortnite_Montage_[uXGC9gKcheI]_001151_73304c92_a_3_3a9d3fe1_aug_noise.png,1,player,1,0.608048,0.763042,0.143070,0.473915,party_girl_augmented__Party_Girl_Fortnite_Montage [uXGC9gKcheI],1151,38.366666,1.0000,False,manual_box,noise
party_girl_augmented_Party_Girl_Fortnite_Montage_[uXGC9gKcheI]_001151_73304c92_a_3_3a9d3fe1_aug_flip.png,1,player,1,0.391952,0.763042,0.143070,0.473915,party_girl_augmented__Party_Girl_Fortnite_Montage [uXGC9gKcheI],1151,38.366666,1.0000,False,manual_box,flip
party_girl_augmented_Party_Girl_Fortnite_Montage_[uXGC9gKcheI]_001151_73304c92_a_3_3a9d3fe1_aug_shift.png,1,player,1,0.676131,0.753274,0.143070,0.473915,party_girl_augmented__Party_Girl_Fortnite_Montage [uXGC9gKcheI],1151,38.366666,1.0000,False,manual_box,shift
party_girl_augmented_Party_Girl_Fortnite_Montage_[uXGC9gKcheI]_001151_73304c92_a_3_3a9d3fe1_aug_zoom.png,1,player,1,0.514798,0.706856,0.177108,0.586287,party_girl_augmented__Party_Girl_Fortnite_Montage [uXGC9gKcheI],1151,38.366666,1.0000,False,manual_box,zoom
party_girl_augmented_Party_Girl_Fortnite_Montage_[uXGC9gKcheI]_001151_73304c92_a_4_c19abb89_aug_original.png,1,player,1,0.417856,0.755156,0.132563,0.439688,party_girl_augmented__Party_Girl_Fortnite_Montage [uXGC9gKcheI],1151,38.366666,1.0000,False,manual_box,original
party_girl_augmented_Party_Girl_Fortnite_Montage_[uXGC9gKcheI]_001151_73304c92_a_4_c19abb89_aug_brightness_0.7.png,1,player,1,0.417856,0.755156,0.132563,0.439688,party_girl_augmented__Party_Girl_Fortnite_Montage [uXGC9gKcheI],1151,38.366666,1.0000,False,manual_box,brightness_0.7
party_girl_augmented_Party_Girl_Fortnite_Montage_[uXGC9gKcheI]_001151_73304c92_a_4_c19abb89_aug_brightness_1.3.png,1,player,1,0.417856,0.755156,0.132563,0.439688,party_girl_augmented__Party_Girl_Fortnite_Montage [uXGC9gKcheI],1151,38.366666,1.0000,False,manual_box,brightness_1.3
party_girl_augmented_Party_Girl_Fortnite_Montage_[uXGC9gKcheI]_001151_73304c92_a_4_c19abb89_aug_noise.png,1,player,1,0.417856,0.755156,0.132563,0.439688,party_girl_augmented__Party_Girl_Fortnite_Montage [uXGC9gKcheI],1151,38.366666,1.0000,False,manual_box,noise
party_girl_augmented_Party_Girl_Fortnite_Montage_[uXGC9gKcheI]_001151_73304c92_a_4_c19abb89_aug_flip.png,1,player,1,0.582144,0.755156,0.132563,0.439688,party_girl_augmented__Party_Girl_Fortnite_Montage [uXGC9gKcheI],1151,38.366666,1.0000,False,manual_box,flip
party_girl_augmented_Party_Girl_Fortnite_Montage_[uXGC9gKcheI]_001151_73304c92_a_5_c0a0f574_aug_original.png,1,player,1,0.391952,0.763042,0.143070,0.473915,party_girl_augmented__Party_Girl_Fortnite_Montage [uXGC9gKcheI],1151,38.366666,1.0000,False,manual_box,original
party_girl_augmented_Party_Girl_Fortnite_Montage_[uXGC9gKcheI]_001151_73304c92_a_5_c0a0f574_aug_shift.png,1,player,1,0.423184,0.820978,0.143070,0.358044,party_girl_augmented__Party_Girl_Fortnite_Montage [uXGC9gKcheI],1151,38.366666,1.0000,False,manual_box,shift
party_girl_augmented_Party_Girl_Fortnite_Montage_[uXGC9gKcheI]_001151_73304c92_a_5_c0a0f574_aug_zoom.png,1,player,1,0.361771,0.708525,0.124069,0.410726,party_girl_augmented__Party_Girl_Fortnite_Montage [uXGC9gKcheI],1151,38.366666,1.0000,False,manual_box,zoom
party_girl_augmented_Party_Girl_Fortnite_Montage_[uXGC9gKcheI]_001151_73304c92_a_5_c0a0f574_aug_maskedpan.png,1,player,1,0.391952,0.763042,0.143070,0.473915,party_girl_augmented__Party_Girl_Fortnite_Montage [uXGC9gKcheI],1151,38.366666,1.0000,False,manual_box,maskedpan
party_girl_augmented_Party_Girl_Fortnite_Montage_[uXGC9gKcheI]_001151_73304c92_a_7f00ba28_aug_original.png,1,player,1,0.391952,0.763042,0.143070,0.473915,party_girl_augmented__Party_Girl_Fortnite_Montage [uXGC9gKcheI],1151,38.366666,1.0000,False,manual_box,original
party_girl_augmented_Party_Girl_Fortnite_Montage_[uXGC9gKcheI]_001151_73304c92_a_7f00ba28_aug_noise.png,1,player,1,0.391952,0.763042,0.143070,0.473915,party_girl_augmented__Party_Girl_Fortnite_Montage [uXGC9gKcheI],1151,38.366666,1.0000,False,manual_box,noise
party_girl_augmented_Party_Girl_Fortnite_Montage_[uXGC9gKcheI]_001151_73304c92_a_7f00ba28_aug_flip.png,1,player,1,0.608048,0.763042,0.143070,0.473915,party_girl_augmented__Party_Girl_Fortnite_Montage [uXGC9gKcheI],1151,38.366666,1.0000,False,manual_box,flip
party_girl_augmented_Party_Girl_Fortnite_Montage_[uXGC9gKcheI]_001151_73304c92_a_7f00ba28_aug_shift.png,1,player,1,0.514866,0.651228,0.143070,0.473915,party_girl_augmented__Party_Girl_Fortnite_Montage [uXGC9gKcheI],1151,38.366666,1.0000,False,manual_box,shift
party_girl_augmented_Party_Girl_Fortnite_Montage_[uXGC9gKcheI]_001151_73304c92_a_7f00ba28_aug_zoom.png,1,player,1,0.406563,0.754871,0.148403,0.490257,party_girl_augmented__Party_Girl_Fortnite_Montage [uXGC9gKcheI],1151,38.366666,1.0000,False,manual_box,zoom
party_girl_augmented_Party_Girl_Fortnite_Montage_[uXGC9gKcheI]_001160_77e22877_a_2_f1e9ae6b_aug_original.png,1,player,1,0.397168,0.716071,0.105812,0.567858,party_girl_augmented__Party_Girl_Fortnite_Montage [uXGC9gKcheI],1160,38.666666,1.0000,False,manual_box,original
party_girl_augmented_Party_Girl_Fortnite_Montage_[uXGC9gKcheI]_001160_77e22877_a_2_f1e9ae6b_aug_brightness_0.7.png,1,player,1,0.397168,0.716071,0.105812,0.567858,party_girl_augmented__Party_Girl_Fortnite_Montage [uXGC9gKcheI],1160,38.666666,1.0000,False,manual_box,brightness_0.7
party_girl_augmented_Party_Girl_Fortnite_Montage_[uXGC9gKcheI]_001160_77e22877_a_2_f1e9ae6b_aug_brightness_1.3.png,1,player,1,0.397168,0.716071,0.105812,0.567858,party_girl_augmented__Party_Girl_Fortnite_Montage [uXGC9gKcheI],1160,38.666666,1.0000,False,manual_box,brightness_1.3
party_girl_augmented_Party_Girl_Fortnite_Montage_[uXGC9gKcheI]_001160_77e22877_a_2_f1e9ae6b_aug_noise.png,1,player,1,0.397168,0.716071,0.105812,0.567858,party_girl_augmented__Party_Girl_Fortnite_Montage [uXGC9gKcheI],1160,38.666666,1.0000,False,manual_box,noise
party_girl_augmented_Party_Girl_Fortnite_Montage_[uXGC9gKcheI]_001160_77e22877_a_2_f1e9ae6b_aug_flip.png,1,player,1,0.602832,0.716071,0.105812,0.567858,party_girl_augmented__Party_Girl_Fortnite_Montage [uXGC9gKcheI],1160,38.666666,1.0000,False,manual_box,flip
party_girl_augmented_Party_Girl_Fortnite_Montage_[uXGC9gKcheI]_001160_77e22877_a_3_f40b2a42_aug_original.png,1,player,1,0.397168,0.716071,0.105812,0.567858,party_girl_augmented__Party_Girl_Fortnite_Montage [uXGC9gKcheI],1160,38.666666,1.0000,False,manual_box,original
party_girl_augmented_Party_Girl_Fortnite_Montage_[uXGC9gKcheI]_001160_77e22877_a_3_f40b2a42_aug_brightness_0.7.png,1,player,1,0.397168,0.716071,0.105812,0.567858,party_girl_augmented__Party_Girl_Fortnite_Montage [uXGC9gKcheI],1160,38.666666,1.0000,False,manual_box,brightness_0.7
party_girl_augmented_Party_Girl_Fortnite_Montage_[uXGC9gKcheI]_001160_77e22877_a_3_f40b2a42_aug_brightness_1.3.png,1,player,1,0.397168,0.716071,0.105812,0.567858,party_girl_augmented__Party_Girl_Fortnite_Montage [uXGC9gKcheI],1160,38.666666,1.0000,False,manual_box,brightness_1.3
party_girl_augmented_Party_Girl_Fortnite_Montage_[uXGC9gKcheI]_001160_77e22877_a_3_f40b2a42_aug_noise.png,1,player,1,0.397168,0.716071,0.105812,0.567858,party_girl_augmented__Party_Girl_Fortnite_Montage [uXGC9gKcheI],1160,38.666666,1.0000,False,manual_box,noise
party_girl_augmented_Party_Girl_Fortnite_Montage_[uXGC9gKcheI]_001160_77e22877_a_3_f40b2a42_aug_flip.png,1,player,1,0.602832,0.716071,0.105812,0.567858,party_girl_augmented__Party_Girl_Fortnite_Montage [uXGC9gKcheI],1160,38.666666,1.0000,False,manual_box,flip
party_girl_augmented_Party_Girl_Fortnite_Montage_[uXGC9gKcheI]_001160_77e22877_a_4_9196373b_aug_original.png,1,player,1,0.397168,0.716071,0.105812,0.567858,party_girl_augmented__Party_Girl_Fortnite_Montage [uXGC9gKcheI],1160,38.666666,1.0000,False,manual_box,original
party_girl_augmented_Party_Girl_Fortnite_Montage_[uXGC9gKcheI]_001160_77e22877_a_4_9196373b_aug_brightness_0.7.png,1,player,1,0.397168,0.716071,0.105812,0.567858,party_girl_augmented__Party_Girl_Fortnite_Montage [uXGC9gKcheI],1160,38.666666,1.0000,False,manual_box,brightness_0.7
party_girl_augmented_Party_Girl_Fortnite_Montage_[uXGC9gKcheI]_001160_77e22877_a_4_9196373b_aug_brightness_1.3.png,1,player,1,0.397168,0.716071,0.105812,0.567858,party_girl_augmented__Party_Girl_Fortnite_Montage [uXGC9gKcheI],1160,38.666666,1.0000,False,manual_box,brightness_1.3
party_girl_augmented_Party_Girl_Fortnite_Montage_[uXGC9gKcheI]_001160_77e22877_a_4_9196373b_aug_noise.png,1,player,1,0.397168,0.716071,0.105812,0.567858,party_girl_augmented__Party_Girl_Fortnite_Montage [uXGC9gKcheI],1160,38.666666,1.0000,False,manual_box,noise
party_girl_augmented_Party_Girl_Fortnite_Montage_[uXGC9gKcheI]_001160_77e22877_a_4_9196373b_aug_shift.png,1,player,1,0.390819,0.736135,0.105812,0.527730,party_girl_augmented__Party_Girl_Fortnite_Montage [uXGC9gKcheI],1160,38.666666,1.0000,False,manual_box,shift
party_girl_augmented_Party_Girl_Fortnite_Montage_[uXGC9gKcheI]_001160_77e22877_a_5_5a777130_aug_original.png,1,player,1,0.602832,0.716071,0.105812,0.567858,party_girl_augmented__Party_Girl_Fortnite_Montage [uXGC9gKcheI],1160,38.666666,1.0000,False,manual_box,original
party_girl_augmented_Party_Girl_Fortnite_Montage_[uXGC9gKcheI]_001160_77e22877_a_5_5a777130_aug_brightness_0.7.png,1,player,1,0.602832,0.716071,0.105812,0.567858,party_girl_augmented__Party_Girl_Fortnite_Montage [uXGC9gKcheI],1160,38.666666,1.0000,False,manual_box,brightness_0.7
party_girl_augmented_Party_Girl_Fortnite_Montage_[uXGC9gKcheI]_001160_77e22877_a_5_5a777130_aug_brightness_1.3.png,1,player,1,0.602832,0.716071,0.105812,0.567858,party_girl_augmented__Party_Girl_Fortnite_Montage [uXGC9gKcheI],1160,38.666666,1.0000,False,manual_box,brightness_1.3
party_girl_augmented_Party_Girl_Fortnite_Montage_[uXGC9gKcheI]_001160_77e22877_a_5_5a777130_aug_noise.png,1,player,1,0.602832,0.716071,0.105812,0.567858,party_girl_augmented__Party_Girl_Fortnite_Montage [uXGC9gKcheI],1160,38.666666,1.0000,False,manual_box,noise
party_girl_augmented_Party_Girl_Fortnite_Montage_[uXGC9gKcheI]_001160_77e22877_a_7ac6a713_aug_original.png,1,player,1,0.397168,0.716071,0.105812,0.567858,party_girl_augmented__Party_Girl_Fortnite_Montage [uXGC9gKcheI],1160,38.666666,1.0000,False,manual_box,original
party_girl_augmented_Party_Girl_Fortnite_Montage_[uXGC9gKcheI]_001160_77e22877_a_7ac6a713_aug_brightness_0.7.png,1,player,1,0.397168,0.716071,0.105812,0.567858,party_girl_augmented__Party_Girl_Fortnite_Montage [uXGC9gKcheI],1160,38.666666,1.0000,False,manual_box,brightness_0.7
party_girl_augmented_Party_Girl_Fortnite_Montage_[uXGC9gKcheI]_001160_77e22877_a_7ac6a713_aug_brightness_1.3.png,1,player,1,0.397168,0.716071,0.105812,0.567858,party_girl_augmented__Party_Girl_Fortnite_Montage [uXGC9gKcheI],1160,38.666666,1.0000,False,manual_box,brightness_1.3
party_girl_augmented_Party_Girl_Fortnite_Montage_[uXGC9gKcheI]_001160_77e22877_a_7ac6a713_aug_shift.png,1,player,1,0.384626,0.693182,0.105812,0.567858,party_girl_augmented__Party_Girl_Fortnite_Montage [uXGC9gKcheI],1160,38.666666,1.0000,False,manual_box,shift
party_girl_augmented_Party_Girl_Fortnite_Montage_[uXGC9gKcheI]_001160_77e22877_a_7ac6a713_aug_zoom.png,1,player,1,0.432702,0.632322,0.136807,0.735356,party_girl_augmented__Party_Girl_Fortnite_Montage [uXGC9gKcheI],1160,38.666666,1.0000,False,manual_box,zoom
party_girl_augmented_Party_Girl_Fortnite_Montage_[uXGC9gKcheI]_001182_b7fe58f3_a_2_2de32f38_aug_original.png,1,player,1,0.411823,0.690210,0.134128,0.440983,party_girl_augmented__Party_Girl_Fortnite_Montage [uXGC9gKcheI],1182,39.400000,1.0000,False,manual_box,original
party_girl_augmented_Party_Girl_Fortnite_Montage_[uXGC9gKcheI]_001182_b7fe58f3_a_2_2de32f38_aug_original.png,0,enemy,1,0.501490,0.260279,0.019374,0.056366,party_girl_augmented__Party_Girl_Fortnite_Montage [uXGC9gKcheI],1182,39.400000,1.0000,False,manual_box,original
party_girl_augmented_Party_Girl_Fortnite_Montage_[uXGC9gKcheI]_001182_b7fe58f3_a_2_2de32f38_aug_brightness_0.7.png,1,player,1,0.411823,0.690210,0.134128,0.440983,party_girl_augmented__Party_Girl_Fortnite_Montage [uXGC9gKcheI],1182,39.400000,1.0000,False,manual_box,brightness_0.7
party_girl_augmented_Party_Girl_Fortnite_Montage_[uXGC9gKcheI]_001182_b7fe58f3_a_2_2de32f38_aug_brightness_0.7.png,0,enemy,1,0.501490,0.260279,0.019374,0.056366,party_girl_augmented__Party_Girl_Fortnite_Montage [uXGC9gKcheI],1182,39.400000,1.0000,False,manual_box,brightness_0.7
party_girl_augmented_Party_Girl_Fortnite_Montage_[uXGC9gKcheI]_001182_b7fe58f3_a_2_2de32f38_aug_brightness_1.3.png,1,player,1,0.411823,0.690210,0.134128,0.440983,party_girl_augmented__Party_Girl_Fortnite_Montage [uXGC9gKcheI],1182,39.400000,1.0000,False,manual_box,brightness_1.3
party_girl_augmented_Party_Girl_Fortnite_Montage_[uXGC9gKcheI]_001182_b7fe58f3_a_2_2de32f38_aug_brightness_1.3.png,0,enemy,1,0.501490,0.260279,0.019374,0.056366,party_girl_augmented__Party_Girl_Fortnite_Montage [uXGC9gKcheI],1182,39.400000,1.0000,False,manual_box,brightness_1.3
party_girl_augmented_Party_Girl_Fortnite_Montage_[uXGC9gKcheI]_001182_b7fe58f3_a_2_2de32f38_aug_maskedpan.png,1,player,1,0.411823,0.690210,0.134128,0.440983,party_girl_augmented__Party_Girl_Fortnite_Montage [uXGC9gKcheI],1182,39.400000,1.0000,False,manual_box,maskedpan
party_girl_augmented_Party_Girl_Fortnite_Montage_[uXGC9gKcheI]_001182_b7fe58f3_a_2_2de32f38_aug_maskedpan.png,0,enemy,1,0.309302,0.140835,0.019374,0.056366,party_girl_augmented__Party_Girl_Fortnite_Montage [uXGC9gKcheI],1182,39.400000,1.0000,False,manual_box,maskedpan
party_girl_augmented_Party_Girl_Fortnite_Montage_[uXGC9gKcheI]_001182_b7fe58f3_a_3_75258ede_aug_original.png,1,player,1,0.411823,0.690210,0.134128,0.440983,party_girl_augmented__Party_Girl_Fortnite_Montage [uXGC9gKcheI],1182,39.400000,1.0000,False,manual_box,original
party_girl_augmented_Party_Girl_Fortnite_Montage_[uXGC9gKcheI]_001182_b7fe58f3_a_3_75258ede_aug_original.png,0,enemy,1,0.501490,0.260279,0.019374,0.056366,party_girl_augmented__Party_Girl_Fortnite_Montage [uXGC9gKcheI],1182,39.400000,1.0000,False,manual_box,original
party_girl_augmented_Party_Girl_Fortnite_Montage_[uXGC9gKcheI]_001182_b7fe58f3_a_3_75258ede_aug_brightness_0.7.png,1,player,1,0.411823,0.690210,0.134128,0.440983,party_girl_augmented__Party_Girl_Fortnite_Montage [uXGC9gKcheI],1182,39.400000,1.0000,False,manual_box,brightness_0.7
party_girl_augmented_Party_Girl_Fortnite_Montage_[uXGC9gKcheI]_001182_b7fe58f3_a_3_75258ede_aug_brightness_0.7.png,0,enemy,1,0.501490,0.260279,0.019374,0.056366,party_girl_augmented__Party_Girl_Fortnite_Montage [uXGC9gKcheI],1182,39.400000,1.0000,False,manual_box,brightness_0.7
party_girl_augmented_Party_Girl_Fortnite_Montage_[uXGC9gKcheI]_001182_b7fe58f3_a_3_75258ede_aug_brightness_1.3.png,1,player,1,0.411823,0.690210,0.134128,0.440983,party_girl_augmented__Party_Girl_Fortnite_Montage [uXGC9gKcheI],1182,39.400000,1.0000,False,manual_box,brightness_1.3
party_girl_augmented_Party_Girl_Fortnite_Montage_[uXGC9gKcheI]_001182_b7fe58f3_a_3_75258ede_aug_brightness_1.3.png,0,enemy,1,0.501490,0.260279,0.019374,0.056366,party_girl_augmented__Party_Girl_Fortnite_Montage [uXGC9gKcheI],1182,39.400000,1.0000,False,manual_box,brightness_1.3
party_girl_augmented_Party_Girl_Fortnite_Montage_[uXGC9gKcheI]_001182_b7fe58f3_a_3_75258ede_aug_flip.png,1,player,1,0.588177,0.690210,0.134128,0.440983,party_girl_augmented__Party_Girl_Fortnite_Montage [uXGC9gKcheI],1182,39.400000,1.0000,False,manual_box,flip
party_girl_augmented_Party_Girl_Fortnite_Montage_[uXGC9gKcheI]_001182_b7fe58f3_a_3_75258ede_aug_flip.png,0,enemy,1,0.498510,0.260279,0.019374,0.056366,party_girl_augmented__Party_Girl_Fortnite_Montage [uXGC9gKcheI],1182,39.400000,1.0000,False,manual_box,flip
party_girl_augmented_Party_Girl_Fortnite_Montage_[uXGC9gKcheI]_001182_b7fe58f3_a_3_75258ede_aug_shift.png,1,player,1,0.341342,0.601110,0.134128,0.440983,party_girl_augmented__Party_Girl_Fortnite_Montage [uXGC9gKcheI],1182,39.400000,1.0000,False,manual_box,shift
party_girl_augmented_Party_Girl_Fortnite_Montage_[uXGC9gKcheI]_001182_b7fe58f3_a_3_75258ede_aug_shift.png,0,enemy,1,0.431009,0.171179,0.019374,0.056366,party_girl_augmented__Party_Girl_Fortnite_Montage [uXGC9gKcheI],1182,39.400000,1.0000,False,manual_box,shift
party_girl_augmented_Party_Girl_Fortnite_Montage_[uXGC9gKcheI]_001182_b7fe58f3_a_4_49730154_aug_original.png,1,player,1,0.411823,0.690210,0.134128,0.440983,party_girl_augmented__Party_Girl_Fortnite_Montage [uXGC9gKcheI],1182,39.400000,1.0000,False,manual_box,original
party_girl_augmented_Party_Girl_Fortnite_Montage_[uXGC9gKcheI]_001182_b7fe58f3_a_4_49730154_aug_original.png,0,enemy,1,0.501490,0.260279,0.019374,0.056366,party_girl_augmented__Party_Girl_Fortnite_Montage [uXGC9gKcheI],1182,39.400000,1.0000,False,manual_box,original
party_girl_augmented_Party_Girl_Fortnite_Montage_[uXGC9gKcheI]_001182_b7fe58f3_a_4_49730154_aug_noise.png,1,player,1,0.411823,0.690210,0.134128,0.440983,party_girl_augmented__Party_Girl_Fortnite_Montage [uXGC9gKcheI],1182,39.400000,1.0000,False,manual_box,noise
party_girl_augmented_Party_Girl_Fortnite_Montage_[uXGC9gKcheI]_001182_b7fe58f3_a_4_49730154_aug_noise.png,0,enemy,1,0.501490,0.260279,0.019374,0.056366,party_girl_augmented__Party_Girl_Fortnite_Montage [uXGC9gKcheI],1182,39.400000,1.0000,False,manual_box,noise
party_girl_augmented_Party_Girl_Fortnite_Montage_[uXGC9gKcheI]_001182_b7fe58f3_a_4_49730154_aug_flip.png,1,player,1,0.588177,0.690210,0.134128,0.440983,party_girl_augmented__Party_Girl_Fortnite_Montage [uXGC9gKcheI],1182,39.400000,1.0000,False,manual_box,flip
party_girl_augmented_Party_Girl_Fortnite_Montage_[uXGC9gKcheI]_001182_b7fe58f3_a_4_49730154_aug_flip.png,0,enemy,1,0.498510,0.260279,0.019374,0.056366,party_girl_augmented__Party_Girl_Fortnite_Montage [uXGC9gKcheI],1182,39.400000,1.0000,False,manual_box,flip
party_girl_augmented_Party_Girl_Fortnite_Montage_[uXGC9gKcheI]_001182_b7fe58f3_a_4_49730154_aug_zoom.png,1,player,1,0.528190,0.800887,0.172028,0.398225,party_girl_augmented__Party_Girl_Fortnite_Montage [uXGC9gKcheI],1182,39.400000,1.0000,False,manual_box,zoom
party_girl_augmented_Party_Girl_Fortnite_Montage_[uXGC9gKcheI]_001182_b7fe58f3_a_4_49730154_aug_zoom.png,0,enemy,1,0.643194,0.333454,0.024848,0.072213,party_girl_augmented__Party_Girl_Fortnite_Montage [uXGC9gKcheI],1182,39.400000,1.0000,False,manual_box,zoom
party_girl_augmented_Party_Girl_Fortnite_Montage_[uXGC9gKcheI]_001182_b7fe58f3_a_4_49730154_aug_maskedpan.png,1,player,1,0.411823,0.690210,0.134128,0.440983,party_girl_augmented__Party_Girl_Fortnite_Montage [uXGC9gKcheI],1182,39.400000,1.0000,False,manual_box,maskedpan
party_girl_augmented_Party_Girl_Fortnite_Montage_[uXGC9gKcheI]_001182_b7fe58f3_a_4_49730154_aug_maskedpan.png,0,enemy,1,0.699928,0.168612,0.019374,0.056366,party_girl_augmented__Party_Girl_Fortnite_Montage [uXGC9gKcheI],1182,39.400000,1.0000,False,manual_box,maskedpan
party_girl_augmented_Party_Girl_Fortnite_Montage_[uXGC9gKcheI]_001182_b7fe58f3_a_5_e51def22_aug_original.png,1,player,1,0.588177,0.690210,0.134128,0.440983,party_girl_augmented__Party_Girl_Fortnite_Montage [uXGC9gKcheI],1182,39.400000,1.0000,False,manual_box,original
party_girl_augmented_Party_Girl_Fortnite_Montage_[uXGC9gKcheI]_001182_b7fe58f3_a_5_e51def22_aug_original.png,0,enemy,1,0.498510,0.260279,0.019374,0.056366,party_girl_augmented__Party_Girl_Fortnite_Montage [uXGC9gKcheI],1182,39.400000,1.0000,False,manual_box,original
party_girl_augmented_Party_Girl_Fortnite_Montage_[uXGC9gKcheI]_001182_b7fe58f3_a_5_e51def22_aug_shift.png,1,player,1,0.445409,0.690077,0.134128,0.440983,party_girl_augmented__Party_Girl_Fortnite_Montage [uXGC9gKcheI],1182,39.400000,1.0000,False,manual_box,shift
party_girl_augmented_Party_Girl_Fortnite_Montage_[uXGC9gKcheI]_001182_b7fe58f3_a_5_e51def22_aug_shift.png,0,enemy,1,0.355742,0.260146,0.019374,0.056366,party_girl_augmented__Party_Girl_Fortnite_Montage [uXGC9gKcheI],1182,39.400000,1.0000,False,manual_box,shift
party_girl_augmented_Party_Girl_Fortnite_Montage_[uXGC9gKcheI]_001182_b7fe58f3_a_5_e51def22_aug_zoom.png,1,player,1,0.650144,0.760152,0.148259,0.479696,party_girl_augmented__Party_Girl_Fortnite_Montage [uXGC9gKcheI],1182,39.400000,1.0000,False,manual_box,zoom
party_girl_augmented_Party_Girl_Fortnite_Montage_[uXGC9gKcheI]_001182_b7fe58f3_a_5_e51def22_aug_zoom.png,0,enemy,1,0.551030,0.288309,0.021415,0.062436,party_girl_augmented__Party_Girl_Fortnite_Montage [uXGC9gKcheI],1182,39.400000,1.0000,False,manual_box,zoom
party_girl_augmented_Party_Girl_Fortnite_Montage_[uXGC9gKcheI]_001182_b7fe58f3_a_5_e51def22_aug_maskedpan.png,1,player,1,0.588177,0.690210,0.134128,0.440983,party_girl_augmented__Party_Girl_Fortnite_Montage [uXGC9gKcheI],1182,39.400000,1.0000,False,manual_box,maskedpan
party_girl_augmented_Party_Girl_Fortnite_Montage_[uXGC9gKcheI]_001182_b7fe58f3_a_5_e51def22_aug_maskedpan.png,0,enemy,1,0.759448,0.121390,0.019374,0.056366,party_girl_augmented__Party_Girl_Fortnite_Montage [uXGC9gKcheI],1182,39.400000,1.0000,False,manual_box,maskedpan
party_girl_augmented_Party_Girl_Fortnite_Montage_[uXGC9gKcheI]_001182_b7fe58f3_a_acb275c1_aug_original.png,1,player,1,0.411823,0.690210,0.134128,0.440983,party_girl_augmented__Party_Girl_Fortnite_Montage [uXGC9gKcheI],1182,39.400000,1.0000,False,manual_box,original
party_girl_augmented_Party_Girl_Fortnite_Montage_[uXGC9gKcheI]_001182_b7fe58f3_a_acb275c1_aug_original.png,0,enemy,1,0.501490,0.260279,0.019374,0.056366,party_girl_augmented__Party_Girl_Fortnite_Montage [uXGC9gKcheI],1182,39.400000,1.0000,False,manual_box,original
party_girl_augmented_Party_Girl_Fortnite_Montage_[uXGC9gKcheI]_001182_b7fe58f3_a_acb275c1_aug_brightness_0.7.png,1,player,1,0.411823,0.690210,0.134128,0.440983,party_girl_augmented__Party_Girl_Fortnite_Montage [uXGC9gKcheI],1182,39.400000,1.0000,False,manual_box,brightness_0.7
party_girl_augmented_Party_Girl_Fortnite_Montage_[uXGC9gKcheI]_001182_b7fe58f3_a_acb275c1_aug_brightness_0.7.png,0,enemy,1,0.501490,0.260279,0.019374,0.056366,party_girl_augmented__Party_Girl_Fortnite_Montage [uXGC9gKcheI],1182,39.400000,1.0000,False,manual_box,brightness_0.7
party_girl_augmented_Party_Girl_Fortnite_Montage_[uXGC9gKcheI]_001182_b7fe58f3_a_acb275c1_aug_brightness_1.3.png,1,player,1,0.411823,0.690210,0.134128,0.440983,party_girl_augmented__Party_Girl_Fortnite_Montage [uXGC9gKcheI],1182,39.400000,1.0000,False,manual_box,brightness_1.3
party_girl_augmented_Party_Girl_Fortnite_Montage_[uXGC9gKcheI]_001182_b7fe58f3_a_acb275c1_aug_brightness_1.3.png,0,enemy,1,0.501490,0.260279,0.019374,0.056366,party_girl_augmented__Party_Girl_Fortnite_Montage [uXGC9gKcheI],1182,39.400000,1.0000,False,manual_box,brightness_1.3
party_girl_augmented_Party_Girl_Fortnite_Montage_[uXGC9gKcheI]_001182_b7fe58f3_a_acb275c1_aug_shift.png,1,player,1,0.340416,0.628774,0.134128,0.440983,party_girl_augmented__Party_Girl_Fortnite_Montage [uXGC9gKcheI],1182,39.400000,1.0000,False,manual_box,shift
party_girl_augmented_Party_Girl_Fortnite_Montage_[uXGC9gKcheI]_001182_b7fe58f3_a_acb275c1_aug_shift.png,0,enemy,1,0.430083,0.198843,0.019374,0.056366,party_girl_augmented__Party_Girl_Fortnite_Montage [uXGC9gKcheI],1182,39.400000,1.0000,False,manual_box,shift
party_girl_augmented_Party_Girl_Fortnite_Montage_[uXGC9gKcheI]_001182_b7fe58f3_a_acb275c1_aug_zoom.png,1,player,1,0.273295,0.791549,0.165718,0.416901,party_girl_augmented__Party_Girl_Fortnite_Montage [uXGC9gKcheI],1182,39.400000,1.0000,False,manual_box,zoom
party_girl_augmented_Party_Girl_Fortnite_Montage_[uXGC9gKcheI]_001182_b7fe58f3_a_acb275c1_aug_zoom.png,0,enemy,1,0.384080,0.323105,0.023937,0.069972,party_girl_augmented__Party_Girl_Fortnite_Montage [uXGC9gKcheI],1182,39.400000,1.0000,False,manual_box,zoom
party_girl_augmented_Party_Girl_Fortnite_Montage_[uXGC9gKcheI]_001224_8541d3b5_a_2_d107d4a3_aug_original.png,1,player,1,0.414059,0.737070,0.188276,0.525860,party_girl_augmented__Party_Girl_Fortnite_Montage [uXGC9gKcheI],1224,40.800000,1.0000,False,manual_box,original
party_girl_augmented_Party_Girl_Fortnite_Montage_[uXGC9gKcheI]_001224_8541d3b5_a_2_d107d4a3_aug_original.png,0,enemy,1,0.602335,0.254753,0.089916,0.500665,party_girl_augmented__Party_Girl_Fortnite_Montage [uXGC9gKcheI],1224,40.800000,1.0000,False,manual_box,original
party_girl_augmented_Party_Girl_Fortnite_Montage_[uXGC9gKcheI]_001224_8541d3b5_a_2_d107d4a3_aug_brightness_0.7.png,1,player,1,0.414059,0.737070,0.188276,0.525860,party_girl_augmented__Party_Girl_Fortnite_Montage [uXGC9gKcheI],1224,40.800000,1.0000,False,manual_box,brightness_0.7
party_girl_augmented_Party_Girl_Fortnite_Montage_[uXGC9gKcheI]_001224_8541d3b5_a_2_d107d4a3_aug_brightness_0.7.png,0,enemy,1,0.602335,0.254753,0.089916,0.500665,party_girl_augmented__Party_Girl_Fortnite_Montage [uXGC9gKcheI],1224,40.800000,1.0000,False,manual_box,brightness_0.7
party_girl_augmented_Party_Girl_Fortnite_Montage_[uXGC9gKcheI]_001224_8541d3b5_a_2_d107d4a3_aug_brightness_1.3.png,1,player,1,0.414059,0.737070,0.188276,0.525860,party_girl_augmented__Party_Girl_Fortnite_Montage [uXGC9gKcheI],1224,40.800000,1.0000,False,manual_box,brightness_1.3
party_girl_augmented_Party_Girl_Fortnite_Montage_[uXGC9gKcheI]_001224_8541d3b5_a_2_d107d4a3_aug_brightness_1.3.png,0,enemy,1,0.602335,0.254753,0.089916,0.500665,party_girl_augmented__Party_Girl_Fortnite_Montage [uXGC9gKcheI],1224,40.800000,1.0000,False,manual_box,brightness_1.3
party_girl_augmented_Party_Girl_Fortnite_Montage_[uXGC9gKcheI]_001224_8541d3b5_a_2_d107d4a3_aug_noise.png,1,player,1,0.414059,0.737070,0.188276,0.525860,party_girl_augmented__Party_Girl_Fortnite_Montage [uXGC9gKcheI],1224,40.800000,1.0000,False,manual_box,noise
party_girl_augmented_Party_Girl_Fortnite_Montage_[uXGC9gKcheI]_001224_8541d3b5_a_2_d107d4a3_aug_noise.png,0,enemy,1,0.602335,0.254753,0.089916,0.500665,party_girl_augmented__Party_Girl_Fortnite_Montage [uXGC9gKcheI],1224,40.800000,1.0000,False,manual_box,noise
party_girl_augmented_Party_Girl_Fortnite_Montage_[uXGC9gKcheI]_001224_8541d3b5_a_2_d107d4a3_aug_flip.png,1,player,1,0.585941,0.737070,0.188276,0.525860,party_girl_augmented__Party_Girl_Fortnite_Montage [uXGC9gKcheI],1224,40.800000,1.0000,False,manual_box,flip
party_girl_augmented_Party_Girl_Fortnite_Montage_[uXGC9gKcheI]_001224_8541d3b5_a_2_d107d4a3_aug_flip.png,0,enemy,1,0.397665,0.254753,0.089916,0.500665,party_girl_augmented__Party_Girl_Fortnite_Montage [uXGC9gKcheI],1224,40.800000,1.0000,False,manual_box,flip
party_girl_augmented_Party_Girl_Fortnite_Montage_[uXGC9gKcheI]_001224_8541d3b5_a_3_70cbaa51_aug_original.png,1,player,1,0.414059,0.737070,0.188276,0.525860,party_girl_augmented__Party_Girl_Fortnite_Montage [uXGC9gKcheI],1224,40.800000,1.0000,False,manual_box,original
party_girl_augmented_Party_Girl_Fortnite_Montage_[uXGC9gKcheI]_001224_8541d3b5_a_3_70cbaa51_aug_original.png,0,enemy,1,0.602335,0.254753,0.089916,0.500665,party_girl_augmented__Party_Girl_Fortnite_Montage [uXGC9gKcheI],1224,40.800000,1.0000,False,manual_box,original
party_girl_augmented_Party_Girl_Fortnite_Montage_[uXGC9gKcheI]_001224_8541d3b5_a_3_70cbaa51_aug_brightness_0.7.png,1,player,1,0.414059,0.737070,0.188276,0.525860,party_girl_augmented__Party_Girl_Fortnite_Montage [uXGC9gKcheI],1224,40.800000,1.0000,False,manual_box,brightness_0.7
party_girl_augmented_Party_Girl_Fortnite_Montage_[uXGC9gKcheI]_001224_8541d3b5_a_3_70cbaa51_aug_brightness_0.7.png,0,enemy,1,0.602335,0.254753,0.089916,0.500665,party_girl_augmented__Party_Girl_Fortnite_Montage [uXGC9gKcheI],1224,40.800000,1.0000,False,manual_box,brightness_0.7
party_girl_augmented_Party_Girl_Fortnite_Montage_[uXGC9gKcheI]_001224_8541d3b5_a_3_70cbaa51_aug_brightness_1.3.png,1,player,1,0.414059,0.737070,0.188276,0.525860,party_girl_augmented__Party_Girl_Fortnite_Montage [uXGC9gKcheI],1224,40.800000,1.0000,False,manual_box,brightness_1.3
party_girl_augmented_Party_Girl_Fortnite_Montage_[uXGC9gKcheI]_001224_8541d3b5_a_3_70cbaa51_aug_brightness_1.3.png,0,enemy,1,0.602335,0.254753,0.089916,0.500665,party_girl_augmented__Party_Girl_Fortnite_Montage [uXGC9gKcheI],1224,40.800000,1.0000,False,manual_box,brightness_1.3
party_girl_augmented_Party_Girl_Fortnite_Montage_[uXGC9gKcheI]_001224_8541d3b5_a_3_70cbaa51_aug_noise.png,1,player,1,0.414059,0.737070,0.188276,0.525860,party_girl_augmented__Party_Girl_Fortnite_Montage [uXGC9gKcheI],1224,40.800000,1.0000,False,manual_box,noise
party_girl_augmented_Party_Girl_Fortnite_Montage_[uXGC9gKcheI]_001224_8541d3b5_a_3_70cbaa51_aug_noise.png,0,enemy,1,0.602335,0.254753,0.089916,0.500665,party_girl_augmented__Party_Girl_Fortnite_Montage [uXGC9gKcheI],1224,40.800000,1.0000,False,manual_box,noise
party_girl_augmented_Party_Girl_Fortnite_Montage_[uXGC9gKcheI]_001224_8541d3b5_a_3_70cbaa51_aug_shift.png,1,player,1,0.559368,0.690559,0.188276,0.525860,party_girl_augmented__Party_Girl_Fortnite_Montage [uXGC9gKcheI],1224,40.800000,1.0000,False,manual_box,shift
party_girl_augmented_Party_Girl_Fortnite_Montage_[uXGC9gKcheI]_001224_8541d3b5_a_3_70cbaa51_aug_shift.png,0,enemy,1,0.747644,0.229287,0.089916,0.458574,party_girl_augmented__Party_Girl_Fortnite_Montage [uXGC9gKcheI],1224,40.800000,1.0000,False,manual_box,shift
party_girl_augmented_Party_Girl_Fortnite_Montage_[uXGC9gKcheI]_001224_8541d3b5_a_4_2dd0466a_aug_original.png,1,player,1,0.414059,0.737070,0.188276,0.525860,party_girl_augmented__Party_Girl_Fortnite_Montage [uXGC9gKcheI],1224,40.800000,1.0000,False,manual_box,original
party_girl_augmented_Party_Girl_Fortnite_Montage_[uXGC9gKcheI]_001224_8541d3b5_a_4_2dd0466a_aug_original.png,0,enemy,1,0.602335,0.254753,0.089916,0.500665,party_girl_augmented__Party_Girl_Fortnite_Montage [uXGC9gKcheI],1224,40.800000,1.0000,False,manual_box,original
party_girl_augmented_Party_Girl_Fortnite_Montage_[uXGC9gKcheI]_001224_8541d3b5_a_4_2dd0466a_aug_brightness_0.7.png,1,player,1,0.414059,0.737070,0.188276,0.525860,party_girl_augmented__Party_Girl_Fortnite_Montage [uXGC9gKcheI],1224,40.800000,1.0000,False,manual_box,brightness_0.7
party_girl_augmented_Party_Girl_Fortnite_Montage_[uXGC9gKcheI]_001224_8541d3b5_a_4_2dd0466a_aug_brightness_0.7.png,0,enemy,1,0.602335,0.254753,0.089916,0.500665,party_girl_augmented__Party_Girl_Fortnite_Montage [uXGC9gKcheI],1224,40.800000,1.0000,False,manual_box,brightness_0.7
party_girl_augmented_Party_Girl_Fortnite_Montage_[uXGC9gKcheI]_001224_8541d3b5_a_4_2dd0466a_aug_brightness_1.3.png,1,player,1,0.414059,0.737070,0.188276,0.525860,party_girl_augmented__Party_Girl_Fortnite_Montage [uXGC9gKcheI],1224,40.800000,1.0000,False,manual_box,brightness_1.3
party_girl_augmented_Party_Girl_Fortnite_Montage_[uXGC9gKcheI]_001224_8541d3b5_a_4_2dd0466a_aug_brightness_1.3.png,0,enemy,1,0.602335,0.254753,0.089916,0.500665,party_girl_augmented__Party_Girl_Fortnite_Montage [uXGC9gKcheI],1224,40.800000,1.0000,False,manual_box,brightness_1.3
party_girl_augmented_Party_Girl_Fortnite_Montage_[uXGC9gKcheI]_001224_8541d3b5_a_4_2dd0466a_aug_noise.png,1,player,1,0.414059,0.737070,0.188276,0.525860,party_girl_augmented__Party_Girl_Fortnite_Montage [uXGC9gKcheI],1224,40.800000,1.0000,False,manual_box,noise
party_girl_augmented_Party_Girl_Fortnite_Montage_[uXGC9gKcheI]_001224_8541d3b5_a_4_2dd0466a_aug_noise.png,0,enemy,1,0.602335,0.254753,0.089916,0.500665,party_girl_augmented__Party_Girl_Fortnite_Montage [uXGC9gKcheI],1224,40.800000,1.0000,False,manual_box,noise
party_girl_augmented_Party_Girl_Fortnite_Montage_[uXGC9gKcheI]_001224_8541d3b5_a_4_2dd0466a_aug_flip.png,1,player,1,0.585941,0.737070,0.188276,0.525860,party_girl_augmented__Party_Girl_Fortnite_Montage [uXGC9gKcheI],1224,40.800000,1.0000,False,manual_box,flip
party_girl_augmented_Party_Girl_Fortnite_Montage_[uXGC9gKcheI]_001224_8541d3b5_a_4_2dd0466a_aug_flip.png,0,enemy,1,0.397665,0.254753,0.089916,0.500665,party_girl_augmented__Party_Girl_Fortnite_Montage [uXGC9gKcheI],1224,40.800000,1.0000,False,manual_box,flip
party_girl_augmented_Party_Girl_Fortnite_Montage_[uXGC9gKcheI]_001224_8541d3b5_a_5_1e7c5ca9_aug_original.png,1,player,1,0.585941,0.737070,0.188276,0.525860,party_girl_augmented__Party_Girl_Fortnite_Montage [uXGC9gKcheI],1224,40.800000,1.0000,False,manual_box,original
party_girl_augmented_Party_Girl_Fortnite_Montage_[uXGC9gKcheI]_001224_8541d3b5_a_5_1e7c5ca9_aug_original.png,0,enemy,1,0.397665,0.254753,0.089916,0.500665,party_girl_augmented__Party_Girl_Fortnite_Montage [uXGC9gKcheI],1224,40.800000,1.0000,False,manual_box,original
party_girl_augmented_Party_Girl_Fortnite_Montage_[uXGC9gKcheI]_001224_8541d3b5_a_5_1e7c5ca9_aug_noise.png,1,player,1,0.585941,0.737070,0.188276,0.525860,party_girl_augmented__Party_Girl_Fortnite_Montage [uXGC9gKcheI],1224,40.800000,1.0000,False,manual_box,noise
party_girl_augmented_Party_Girl_Fortnite_Montage_[uXGC9gKcheI]_001224_8541d3b5_a_5_1e7c5ca9_aug_noise.png,0,enemy,1,0.397665,0.254753,0.089916,0.500665,party_girl_augmented__Party_Girl_Fortnite_Montage [uXGC9gKcheI],1224,40.800000,1.0000,False,manual_box,noise
party_girl_augmented_Party_Girl_Fortnite_Montage_[uXGC9gKcheI]_001224_8541d3b5_a_5_1e7c5ca9_aug_zoom.png,1,player,1,0.799578,0.823277,0.256922,0.353445,party_girl_augmented__Party_Girl_Fortnite_Montage [uXGC9gKcheI],1224,40.800000,1.0000,False,manual_box,zoom
party_girl_augmented_Party_Girl_Fortnite_Montage_[uXGC9gKcheI]_001224_8541d3b5_a_5_1e7c5ca9_aug_zoom.png,0,enemy,1,0.542656,0.347390,0.122700,0.682725,party_girl_augmented__Party_Girl_Fortnite_Montage [uXGC9gKcheI],1224,40.800000,1.0000,False,manual_box,zoom
party_girl_augmented_Party_Girl_Fortnite_Montage_[uXGC9gKcheI]_001224_8541d3b5_a_5_1e7c5ca9_aug_maskedpan.png,1,player,1,0.585941,0.737070,0.188276,0.525860,party_girl_augmented__Party_Girl_Fortnite_Montage [uXGC9gKcheI],1224,40.800000,1.0000,False,manual_box,maskedpan
party_girl_augmented_Party_Girl_Fortnite_Montage_[uXGC9gKcheI]_001224_8541d3b5_a_5_1e7c5ca9_aug_maskedpan.png,0,enemy,1,0.722665,0.241432,0.089916,0.482863,party_girl_augmented__Party_Girl_Fortnite_Montage [uXGC9gKcheI],1224,40.800000,1.0000,False,manual_box,maskedpan
party_girl_augmented_Party_Girl_Fortnite_Montage_[uXGC9gKcheI]_001224_8541d3b5_a_966663d9_aug_original.png,1,player,1,0.414059,0.737070,0.188276,0.525860,party_girl_augmented__Party_Girl_Fortnite_Montage [uXGC9gKcheI],1224,40.800000,1.0000,False,manual_box,original
party_girl_augmented_Party_Girl_Fortnite_Montage_[uXGC9gKcheI]_001224_8541d3b5_a_966663d9_aug_original.png,0,enemy,1,0.602335,0.254753,0.089916,0.500665,party_girl_augmented__Party_Girl_Fortnite_Montage [uXGC9gKcheI],1224,40.800000,1.0000,False,manual_box,original
party_girl_augmented_Party_Girl_Fortnite_Montage_[uXGC9gKcheI]_001224_8541d3b5_a_966663d9_aug_brightness_0.7.png,1,player,1,0.414059,0.737070,0.188276,0.525860,party_girl_augmented__Party_Girl_Fortnite_Montage [uXGC9gKcheI],1224,40.800000,1.0000,False,manual_box,brightness_0.7
party_girl_augmented_Party_Girl_Fortnite_Montage_[uXGC9gKcheI]_001224_8541d3b5_a_966663d9_aug_brightness_0.7.png,0,enemy,1,0.602335,0.254753,0.089916,0.500665,party_girl_augmented__Party_Girl_Fortnite_Montage [uXGC9gKcheI],1224,40.800000,1.0000,False,manual_box,brightness_0.7
party_girl_augmented_Party_Girl_Fortnite_Montage_[uXGC9gKcheI]_001224_8541d3b5_a_966663d9_aug_brightness_1.3.png,1,player,1,0.414059,0.737070,0.188276,0.525860,party_girl_augmented__Party_Girl_Fortnite_Montage [uXGC9gKcheI],1224,40.800000,1.0000,False,manual_box,brightness_1.3
party_girl_augmented_Party_Girl_Fortnite_Montage_[uXGC9gKcheI]_001224_8541d3b5_a_966663d9_aug_brightness_1.3.png,0,enemy,1,0.602335,0.254753,0.089916,0.500665,party_girl_augmented__Party_Girl_Fortnite_Montage [uXGC9gKcheI],1224,40.800000,1.0000,False,manual_box,brightness_1.3
party_girl_augmented_Party_Girl_Fortnite_Montage_[uXGC9gKcheI]_001224_8541d3b5_a_966663d9_aug_noise.png,1,player,1,0.414059,0.737070,0.188276,0.525860,party_girl_augmented__Party_Girl_Fortnite_Montage [uXGC9gKcheI],1224,40.800000,1.0000,False,manual_box,noise
party_girl_augmented_Party_Girl_Fortnite_Montage_[uXGC9gKcheI]_001224_8541d3b5_a_966663d9_aug_noise.png,0,enemy,1,0.602335,0.254753,0.089916,0.500665,party_girl_augmented__Party_Girl_Fortnite_Montage [uXGC9gKcheI],1224,40.800000,1.0000,False,manual_box,noise
party_girl_augmented_Party_Girl_Fortnite_Montage_[uXGC9gKcheI]_001224_8541d3b5_a_966663d9_aug_flip.png,1,player,1,0.585941,0.737070,0.188276,0.525860,party_girl_augmented__Party_Girl_Fortnite_Montage [uXGC9gKcheI],1224,40.800000,1.0000,False,manual_box,flip
party_girl_augmented_Party_Girl_Fortnite_Montage_[uXGC9gKcheI]_001224_8541d3b5_a_966663d9_aug_flip.png,0,enemy,1,0.397665,0.254753,0.089916,0.500665,party_girl_augmented__Party_Girl_Fortnite_Montage [uXGC9gKcheI],1224,40.800000,1.0000,False,manual_box,flip
party_girl_augmented_Party_Girl_Fortnite_Montage_[uXGC9gKcheI]_001287_7a9042b9_a_2_81f8f7d2_aug_original.png,1,player,1,0.435668,0.696729,0.141083,0.606542,party_girl_augmented__Party_Girl_Fortnite_Montage [uXGC9gKcheI],1287,42.900000,1.0000,False,manual_box,original
party_girl_augmented_Party_Girl_Fortnite_Montage_[uXGC9gKcheI]_001287_7a9042b9_a_2_81f8f7d2_aug_brightness_0.7.png,1,player,1,0.435668,0.696729,0.141083,0.606542,party_girl_augmented__Party_Girl_Fortnite_Montage [uXGC9gKcheI],1287,42.900000,1.0000,False,manual_box,brightness_0.7
party_girl_augmented_Party_Girl_Fortnite_Montage_[uXGC9gKcheI]_001287_7a9042b9_a_2_81f8f7d2_aug_brightness_1.3.png,1,player,1,0.435668,0.696729,0.141083,0.606542,party_girl_augmented__Party_Girl_Fortnite_Montage [uXGC9gKcheI],1287,42.900000,1.0000,False,manual_box,brightness_1.3
party_girl_augmented_Party_Girl_Fortnite_Montage_[uXGC9gKcheI]_001287_7a9042b9_a_2_81f8f7d2_aug_noise.png,1,player,1,0.435668,0.696729,0.141083,0.606542,party_girl_augmented__Party_Girl_Fortnite_Montage [uXGC9gKcheI],1287,42.900000,1.0000,False,manual_box,noise
party_girl_augmented_Party_Girl_Fortnite_Montage_[uXGC9gKcheI]_001287_7a9042b9_a_2_81f8f7d2_aug_zoom.png,1,player,1,0.368879,0.665876,0.117937,0.507137,party_girl_augmented__Party_Girl_Fortnite_Montage [uXGC9gKcheI],1287,42.900000,1.0000,False,manual_box,zoom
party_girl_augmented_Party_Girl_Fortnite_Montage_[uXGC9gKcheI]_001287_7a9042b9_a_3_44c868a6_aug_original.png,1,player,1,0.435668,0.696729,0.141083,0.606542,party_girl_augmented__Party_Girl_Fortnite_Montage [uXGC9gKcheI],1287,42.900000,1.0000,False,manual_box,original
party_girl_augmented_Party_Girl_Fortnite_Montage_[uXGC9gKcheI]_001287_7a9042b9_a_3_44c868a6_aug_noise.png,1,player,1,0.435668,0.696729,0.141083,0.606542,party_girl_augmented__Party_Girl_Fortnite_Montage [uXGC9gKcheI],1287,42.900000,1.0000,False,manual_box,noise
party_girl_augmented_Party_Girl_Fortnite_Montage_[uXGC9gKcheI]_001287_7a9042b9_a_3_44c868a6_aug_flip.png,1,player,1,0.564332,0.696729,0.141083,0.606542,party_girl_augmented__Party_Girl_Fortnite_Montage [uXGC9gKcheI],1287,42.900000,1.0000,False,manual_box,flip
party_girl_augmented_Party_Girl_Fortnite_Montage_[uXGC9gKcheI]_001287_7a9042b9_a_3_44c868a6_aug_shift.png,1,player,1,0.336305,0.613223,0.141083,0.606542,party_girl_augmented__Party_Girl_Fortnite_Montage [uXGC9gKcheI],1287,42.900000,1.0000,False,manual_box,shift
party_girl_augmented_Party_Girl_Fortnite_Montage_[uXGC9gKcheI]_001287_7a9042b9_a_3_44c868a6_aug_zoom.png,1,player,1,0.469286,0.607275,0.182780,0.785450,party_girl_augmented__Party_Girl_Fortnite_Montage [uXGC9gKcheI],1287,42.900000,1.0000,False,manual_box,zoom
party_girl_augmented_Party_Girl_Fortnite_Montage_[uXGC9gKcheI]_001287_7a9042b9_a_4_e20ff967_aug_original.png,1,player,1,0.564332,0.696729,0.141083,0.606542,party_girl_augmented__Party_Girl_Fortnite_Montage [uXGC9gKcheI],1287,42.900000,1.0000,False,manual_box,original
party_girl_augmented_Party_Girl_Fortnite_Montage_[uXGC9gKcheI]_001287_7a9042b9_a_4_e20ff967_aug_brightness_0.7.png,1,player,1,0.564332,0.696729,0.141083,0.606542,party_girl_augmented__Party_Girl_Fortnite_Montage [uXGC9gKcheI],1287,42.900000,1.0000,False,manual_box,brightness_0.7
party_girl_augmented_Party_Girl_Fortnite_Montage_[uXGC9gKcheI]_001287_7a9042b9_a_4_e20ff967_aug_brightness_1.3.png,1,player,1,0.564332,0.696729,0.141083,0.606542,party_girl_augmented__Party_Girl_Fortnite_Montage [uXGC9gKcheI],1287,42.900000,1.0000,False,manual_box,brightness_1.3
party_girl_augmented_Party_Girl_Fortnite_Montage_[uXGC9gKcheI]_001287_7a9042b9_a_4_e20ff967_aug_noise.png,1,player,1,0.564332,0.696729,0.141083,0.606542,party_girl_augmented__Party_Girl_Fortnite_Montage [uXGC9gKcheI],1287,42.900000,1.0000,False,manual_box,noise
party_girl_augmented_Party_Girl_Fortnite_Montage_[uXGC9gKcheI]_001287_7a9042b9_a_4_e20ff967_aug_zoom.png,1,player,1,0.539889,0.679831,0.148999,0.640338,party_girl_augmented__Party_Girl_Fortnite_Montage [uXGC9gKcheI],1287,42.900000,1.0000,False,manual_box,zoom
party_girl_augmented_Party_Girl_Fortnite_Montage_[uXGC9gKcheI]_001287_7a9042b9_a_5_f4902370_aug_original.png,1,player,1,0.567953,0.597273,0.141083,0.606542,party_girl_augmented__Party_Girl_Fortnite_Montage [uXGC9gKcheI],1287,42.900000,1.0000,False,manual_box,original
party_girl_augmented_Party_Girl_Fortnite_Montage_[uXGC9gKcheI]_001287_7a9042b9_a_0b37b3bd_aug_original.png,1,player,1,0.435668,0.696729,0.141083,0.606542,party_girl_augmented__Party_Girl_Fortnite_Montage [uXGC9gKcheI],1287,42.900000,1.0000,False,manual_box,original
party_girl_augmented_Party_Girl_Fortnite_Montage_[uXGC9gKcheI]_001287_7a9042b9_a_0b37b3bd_aug_brightness_0.7.png,1,player,1,0.435668,0.696729,0.141083,0.606542,party_girl_augmented__Party_Girl_Fortnite_Montage [uXGC9gKcheI],1287,42.900000,1.0000,False,manual_box,brightness_0.7
party_girl_augmented_Party_Girl_Fortnite_Montage_[uXGC9gKcheI]_001287_7a9042b9_a_0b37b3bd_aug_brightness_1.3.png,1,player,1,0.435668,0.696729,0.141083,0.606542,party_girl_augmented__Party_Girl_Fortnite_Montage [uXGC9gKcheI],1287,42.900000,1.0000,False,manual_box,brightness_1.3
party_girl_augmented_Party_Girl_Fortnite_Montage_[uXGC9gKcheI]_001287_7a9042b9_a_0b37b3bd_aug_noise.png,1,player,1,0.435668,0.696729,0.141083,0.606542,party_girl_augmented__Party_Girl_Fortnite_Montage [uXGC9gKcheI],1287,42.900000,1.0000,False,manual_box,noise
party_girl_augmented_Party_Girl_Fortnite_Montage_[uXGC9gKcheI]_001287_7a9042b9_a_0b37b3bd_aug_flip.png,1,player,1,0.564332,0.696729,0.141083,0.606542,party_girl_augmented__Party_Girl_Fortnite_Montage [uXGC9gKcheI],1287,42.900000,1.0000,False,manual_box,flip
party_girl_augmented_Party_Girl_Fortnite_Montage_[uXGC9gKcheI]_001292_e2795a69_a_2_15fcb4f6_aug_original.png,1,player,1,0.435917,0.681368,0.139593,0.505086,party_girl_augmented__Party_Girl_Fortnite_Montage [uXGC9gKcheI],1292,43.066666,1.0000,False,manual_box,original
party_girl_augmented_Party_Girl_Fortnite_Montage_[uXGC9gKcheI]_001292_e2795a69_a_2_15fcb4f6_aug_brightness_0.7.png,1,player,1,0.435917,0.681368,0.139593,0.505086,party_girl_augmented__Party_Girl_Fortnite_Montage [uXGC9gKcheI],1292,43.066666,1.0000,False,manual_box,brightness_0.7
party_girl_augmented_Party_Girl_Fortnite_Montage_[uXGC9gKcheI]_001292_e2795a69_a_2_15fcb4f6_aug_brightness_1.3.png,1,player,1,0.435917,0.681368,0.139593,0.505086,party_girl_augmented__Party_Girl_Fortnite_Montage [uXGC9gKcheI],1292,43.066666,1.0000,False,manual_box,brightness_1.3
party_girl_augmented_Party_Girl_Fortnite_Montage_[uXGC9gKcheI]_001292_e2795a69_a_2_15fcb4f6_aug_noise.png,1,player,1,0.435917,0.681368,0.139593,0.505086,party_girl_augmented__Party_Girl_Fortnite_Montage [uXGC9gKcheI],1292,43.066666,1.0000,False,manual_box,noise
party_girl_augmented_Party_Girl_Fortnite_Montage_[uXGC9gKcheI]_001292_e2795a69_a_2_15fcb4f6_aug_flip.png,1,player,1,0.564083,0.681368,0.139593,0.505086,party_girl_augmented__Party_Girl_Fortnite_Montage [uXGC9gKcheI],1292,43.066666,1.0000,False,manual_box,flip
party_girl_augmented_Party_Girl_Fortnite_Montage_[uXGC9gKcheI]_001292_e2795a69_a_3_ae6b6e11_aug_original.png,1,player,1,0.435917,0.681368,0.139593,0.505086,party_girl_augmented__Party_Girl_Fortnite_Montage [uXGC9gKcheI],1292,43.066666,1.0000,False,manual_box,original
party_girl_augmented_Party_Girl_Fortnite_Montage_[uXGC9gKcheI]_001292_e2795a69_a_3_ae6b6e11_aug_brightness_0.7.png,1,player,1,0.435917,0.681368,0.139593,0.505086,party_girl_augmented__Party_Girl_Fortnite_Montage [uXGC9gKcheI],1292,43.066666,1.0000,False,manual_box,brightness_0.7
party_girl_augmented_Party_Girl_Fortnite_Montage_[uXGC9gKcheI]_001292_e2795a69_a_3_ae6b6e11_aug_brightness_1.3.png,1,player,1,0.435917,0.681368,0.139593,0.505086,party_girl_augmented__Party_Girl_Fortnite_Montage [uXGC9gKcheI],1292,43.066666,1.0000,False,manual_box,brightness_1.3
party_girl_augmented_Party_Girl_Fortnite_Montage_[uXGC9gKcheI]_001292_e2795a69_a_3_ae6b6e11_aug_flip.png,1,player,1,0.564083,0.681368,0.139593,0.505086,party_girl_augmented__Party_Girl_Fortnite_Montage [uXGC9gKcheI],1292,43.066666,1.0000,False,manual_box,flip
party_girl_augmented_Party_Girl_Fortnite_Montage_[uXGC9gKcheI]_001292_e2795a69_a_3_ae6b6e11_aug_zoom.png,1,player,1,0.442596,0.582882,0.183073,0.661203,party_girl_augmented__Party_Girl_Fortnite_Montage [uXGC9gKcheI],1292,43.066666,1.0000,False,manual_box,zoom
party_girl_augmented_Party_Girl_Fortnite_Montage_[uXGC9gKcheI]_001292_e2795a69_a_4_48aebfd7_aug_original.png,1,player,1,0.349487,0.748532,0.139593,0.502935,party_girl_augmented__Party_Girl_Fortnite_Montage [uXGC9gKcheI],1292,43.066666,1.0000,False,manual_box,original
party_girl_augmented_Party_Girl_Fortnite_Montage_[uXGC9gKcheI]_001292_e2795a69_a_4_48aebfd7_aug_shift.png,1,player,1,0.252079,0.769532,0.139593,0.460935,party_girl_augmented__Party_Girl_Fortnite_Montage [uXGC9gKcheI],1292,43.066666,1.0000,False,manual_box,shift
party_girl_augmented_Party_Girl_Fortnite_Montage_[uXGC9gKcheI]_001292_e2795a69_a_4_48aebfd7_aug_zoom.png,1,player,1,0.390555,0.743822,0.125416,0.451244,party_girl_augmented__Party_Girl_Fortnite_Montage [uXGC9gKcheI],1292,43.066666,1.0000,False,manual_box,zoom
party_girl_augmented_Party_Girl_Fortnite_Montage_[uXGC9gKcheI]_001292_e2795a69_a_4_48aebfd7_aug_maskedpan.png,1,player,1,0.349487,0.748532,0.139593,0.502935,party_girl_augmented__Party_Girl_Fortnite_Montage [uXGC9gKcheI],1292,43.066666,1.0000,False,manual_box,maskedpan
party_girl_augmented_Party_Girl_Fortnite_Montage_[uXGC9gKcheI]_001292_e2795a69_a_5_f6642aac_aug_original.png,1,player,1,0.316211,0.565502,0.190896,0.688754,party_girl_augmented__Party_Girl_Fortnite_Montage [uXGC9gKcheI],1292,43.066666,1.0000,False,manual_box,original
party_girl_augmented_Party_Girl_Fortnite_Montage_[uXGC9gKcheI]_001292_e2795a69_a_5_f6642aac_aug_brightness_0.7.png,1,player,1,0.316211,0.565502,0.190896,0.688754,party_girl_augmented__Party_Girl_Fortnite_Montage [uXGC9gKcheI],1292,43.066666,1.0000,False,manual_box,brightness_0.7
party_girl_augmented_Party_Girl_Fortnite_Montage_[uXGC9gKcheI]_001292_e2795a69_a_5_f6642aac_aug_brightness_1.3.png,1,player,1,0.316211,0.565502,0.190896,0.688754,party_girl_augmented__Party_Girl_Fortnite_Montage [uXGC9gKcheI],1292,43.066666,1.0000,False,manual_box,brightness_1.3
party_girl_augmented_Party_Girl_Fortnite_Montage_[uXGC9gKcheI]_001292_e2795a69_a_5_f6642aac_aug_noise.png,1,player,1,0.316211,0.565502,0.190896,0.688754,party_girl_augmented__Party_Girl_Fortnite_Montage [uXGC9gKcheI],1292,43.066666,1.0000,False,manual_box,noise
party_girl_augmented_Party_Girl_Fortnite_Montage_[uXGC9gKcheI]_001292_e2795a69_a_5_f6642aac_aug_flip.png,1,player,1,0.683789,0.565502,0.190896,0.688754,party_girl_augmented__Party_Girl_Fortnite_Montage [uXGC9gKcheI],1292,43.066666,1.0000,False,manual_box,flip
party_girl_augmented_Party_Girl_Fortnite_Montage_[uXGC9gKcheI]_001292_e2795a69_a_da1d53a2_aug_original.png,1,player,1,0.435917,0.681368,0.139593,0.505086,party_girl_augmented__Party_Girl_Fortnite_Montage [uXGC9gKcheI],1292,43.066666,1.0000,False,manual_box,original
party_girl_augmented_Party_Girl_Fortnite_Montage_[uXGC9gKcheI]_001292_e2795a69_a_da1d53a2_aug_brightness_0.7.png,1,player,1,0.435917,0.681368,0.139593,0.505086,party_girl_augmented__Party_Girl_Fortnite_Montage [uXGC9gKcheI],1292,43.066666,1.0000,False,manual_box,brightness_0.7
party_girl_augmented_Party_Girl_Fortnite_Montage_[uXGC9gKcheI]_001292_e2795a69_a_da1d53a2_aug_brightness_1.3.png,1,player,1,0.435917,0.681368,0.139593,0.505086,party_girl_augmented__Party_Girl_Fortnite_Montage [uXGC9gKcheI],1292,43.066666,1.0000,False,manual_box,brightness_1.3
party_girl_augmented_Party_Girl_Fortnite_Montage_[uXGC9gKcheI]_001292_e2795a69_a_da1d53a2_aug_noise.png,1,player,1,0.435917,0.681368,0.139593,0.505086,party_girl_augmented__Party_Girl_Fortnite_Montage [uXGC9gKcheI],1292,43.066666,1.0000,False,manual_box,noise
party_girl_augmented_Party_Girl_Fortnite_Montage_[uXGC9gKcheI]_001292_e2795a69_a_da1d53a2_aug_flip.png,1,player,1,0.564083,0.681368,0.139593,0.505086,party_girl_augmented__Party_Girl_Fortnite_Montage [uXGC9gKcheI],1292,43.066666,1.0000,False,manual_box,flip
party_girl_augmented_Party_Girl_Fortnite_Montage_[uXGC9gKcheI]_001297_5b70a5e1_a_2_d6227ab8_aug_original.png,1,player,1,0.427471,0.695736,0.159463,0.458666,party_girl_augmented__Party_Girl_Fortnite_Montage [uXGC9gKcheI],1297,43.233333,1.0000,False,manual_box,original
party_girl_augmented_Party_Girl_Fortnite_Montage_[uXGC9gKcheI]_001297_5b70a5e1_a_2_d6227ab8_aug_flip.png,1,player,1,0.572529,0.695736,0.159463,0.458666,party_girl_augmented__Party_Girl_Fortnite_Montage [uXGC9gKcheI],1297,43.233333,1.0000,False,manual_box,flip
party_girl_augmented_Party_Girl_Fortnite_Montage_[uXGC9gKcheI]_001297_5b70a5e1_a_2_d6227ab8_aug_shift.png,1,player,1,0.414586,0.700521,0.159463,0.458666,party_girl_augmented__Party_Girl_Fortnite_Montage [uXGC9gKcheI],1297,43.233333,1.0000,False,manual_box,shift
party_girl_augmented_Party_Girl_Fortnite_Montage_[uXGC9gKcheI]_001297_5b70a5e1_a_2_d6227ab8_aug_zoom.png,1,player,1,0.317991,0.629949,0.193655,0.557837,party_girl_augmented__Party_Girl_Fortnite_Montage [uXGC9gKcheI],1297,43.233333,1.0000,False,manual_box,zoom
party_girl_augmented_Party_Girl_Fortnite_Montage_[uXGC9gKcheI]_001297_5b70a5e1_a_2_d6227ab8_aug_maskedpan.png,1,player,1,0.427471,0.695736,0.159463,0.458666,party_girl_augmented__Party_Girl_Fortnite_Montage [uXGC9gKcheI],1297,43.233333,1.0000,False,manual_box,maskedpan
party_girl_augmented_Party_Girl_Fortnite_Montage_[uXGC9gKcheI]_001297_5b70a5e1_a_3_855c2587_aug_original.png,1,player,1,0.427471,0.695736,0.159463,0.458666,party_girl_augmented__Party_Girl_Fortnite_Montage [uXGC9gKcheI],1297,43.233333,1.0000,False,manual_box,original
party_girl_augmented_Party_Girl_Fortnite_Montage_[uXGC9gKcheI]_001297_5b70a5e1_a_3_855c2587_aug_brightness_0.7.png,1,player,1,0.427471,0.695736,0.159463,0.458666,party_girl_augmented__Party_Girl_Fortnite_Montage [uXGC9gKcheI],1297,43.233333,1.0000,False,manual_box,brightness_0.7
party_girl_augmented_Party_Girl_Fortnite_Montage_[uXGC9gKcheI]_001297_5b70a5e1_a_3_855c2587_aug_brightness_1.3.png,1,player,1,0.427471,0.695736,0.159463,0.458666,party_girl_augmented__Party_Girl_Fortnite_Montage [uXGC9gKcheI],1297,43.233333,1.0000,False,manual_box,brightness_1.3
party_girl_augmented_Party_Girl_Fortnite_Montage_[uXGC9gKcheI]_001297_5b70a5e1_a_3_855c2587_aug_noise.png,1,player,1,0.427471,0.695736,0.159463,0.458666,party_girl_augmented__Party_Girl_Fortnite_Montage [uXGC9gKcheI],1297,43.233333,1.0000,False,manual_box,noise
party_girl_augmented_Party_Girl_Fortnite_Montage_[uXGC9gKcheI]_001297_5b70a5e1_a_3_855c2587_aug_flip.png,1,player,1,0.572529,0.695736,0.159463,0.458666,party_girl_augmented__Party_Girl_Fortnite_Montage [uXGC9gKcheI],1297,43.233333,1.0000,False,manual_box,flip
party_girl_augmented_Party_Girl_Fortnite_Montage_[uXGC9gKcheI]_001297_5b70a5e1_a_4_b66b2e30_aug_original.png,1,player,1,0.427471,0.695736,0.159463,0.458666,party_girl_augmented__Party_Girl_Fortnite_Montage [uXGC9gKcheI],1297,43.233333,1.0000,False,manual_box,original
party_girl_augmented_Party_Girl_Fortnite_Montage_[uXGC9gKcheI]_001297_5b70a5e1_a_4_b66b2e30_aug_noise.png,1,player,1,0.427471,0.695736,0.159463,0.458666,party_girl_augmented__Party_Girl_Fortnite_Montage [uXGC9gKcheI],1297,43.233333,1.0000,False,manual_box,noise
party_girl_augmented_Party_Girl_Fortnite_Montage_[uXGC9gKcheI]_001297_5b70a5e1_a_4_b66b2e30_aug_flip.png,1,player,1,0.572529,0.695736,0.159463,0.458666,party_girl_augmented__Party_Girl_Fortnite_Montage [uXGC9gKcheI],1297,43.233333,1.0000,False,manual_box,flip
party_girl_augmented_Party_Girl_Fortnite_Montage_[uXGC9gKcheI]_001297_5b70a5e1_a_4_b66b2e30_aug_shift.png,1,player,1,0.278139,0.652217,0.159463,0.458666,party_girl_augmented__Party_Girl_Fortnite_Montage [uXGC9gKcheI],1297,43.233333,1.0000,False,manual_box,shift
party_girl_augmented_Party_Girl_Fortnite_Montage_[uXGC9gKcheI]_001297_5b70a5e1_a_4_b66b2e30_aug_zoom.png,1,player,1,0.406224,0.594315,0.213061,0.611555,party_girl_augmented__Party_Girl_Fortnite_Montage [uXGC9gKcheI],1297,43.233333,1.0000,False,manual_box,zoom
party_girl_augmented_Party_Girl_Fortnite_Montage_[uXGC9gKcheI]_001297_5b70a5e1_a_5_04094cc6_aug_original.png,1,player,1,0.444848,0.684337,0.165945,0.475849,party_girl_augmented__Party_Girl_Fortnite_Montage [uXGC9gKcheI],1297,43.233333,1.0000,False,manual_box,original
party_girl_augmented_Party_Girl_Fortnite_Montage_[uXGC9gKcheI]_001297_5b70a5e1_a_5_04094cc6_aug_brightness_0.7.png,1,player,1,0.444848,0.684337,0.165945,0.475849,party_girl_augmented__Party_Girl_Fortnite_Montage [uXGC9gKcheI],1297,43.233333,1.0000,False,manual_box,brightness_0.7
party_girl_augmented_Party_Girl_Fortnite_Montage_[uXGC9gKcheI]_001297_5b70a5e1_a_5_04094cc6_aug_brightness_1.3.png,1,player,1,0.444848,0.684337,0.165945,0.475849,party_girl_augmented__Party_Girl_Fortnite_Montage [uXGC9gKcheI],1297,43.233333,1.0000,False,manual_box,brightness_1.3
party_girl_augmented_Party_Girl_Fortnite_Montage_[uXGC9gKcheI]_001297_5b70a5e1_a_5_04094cc6_aug_noise.png,1,player,1,0.444848,0.684337,0.165945,0.475849,party_girl_augmented__Party_Girl_Fortnite_Montage [uXGC9gKcheI],1297,43.233333,1.0000,False,manual_box,noise
party_girl_augmented_Party_Girl_Fortnite_Montage_[uXGC9gKcheI]_001297_5b70a5e1_a_5_04094cc6_aug_flip.png,1,player,1,0.555152,0.684337,0.165945,0.475849,party_girl_augmented__Party_Girl_Fortnite_Montage [uXGC9gKcheI],1297,43.233333,1.0000,False,manual_box,flip
party_girl_augmented_Party_Girl_Fortnite_Montage_[uXGC9gKcheI]_001297_5b70a5e1_a_b0d6ba6c_aug_original.png,1,player,1,0.427471,0.695736,0.159463,0.458666,party_girl_augmented__Party_Girl_Fortnite_Montage [uXGC9gKcheI],1297,43.233333,1.0000,False,manual_box,original
party_girl_augmented_Party_Girl_Fortnite_Montage_[uXGC9gKcheI]_001297_5b70a5e1_a_b0d6ba6c_aug_brightness_0.7.png,1,player,1,0.427471,0.695736,0.159463,0.458666,party_girl_augmented__Party_Girl_Fortnite_Montage [uXGC9gKcheI],1297,43.233333,1.0000,False,manual_box,brightness_0.7
party_girl_augmented_Party_Girl_Fortnite_Montage_[uXGC9gKcheI]_001297_5b70a5e1_a_b0d6ba6c_aug_brightness_1.3.png,1,player,1,0.427471,0.695736,0.159463,0.458666,party_girl_augmented__Party_Girl_Fortnite_Montage [uXGC9gKcheI],1297,43.233333,1.0000,False,manual_box,brightness_1.3
party_girl_augmented_Party_Girl_Fortnite_Montage_[uXGC9gKcheI]_001297_5b70a5e1_a_b0d6ba6c_aug_noise.png,1,player,1,0.427471,0.695736,0.159463,0.458666,party_girl_augmented__Party_Girl_Fortnite_Montage [uXGC9gKcheI],1297,43.233333,1.0000,False,manual_box,noise
party_girl_augmented_Party_Girl_Fortnite_Montage_[uXGC9gKcheI]_001297_5b70a5e1_a_b0d6ba6c_aug_flip.png,1,player,1,0.572529,0.695736,0.159463,0.458666,party_girl_augmented__Party_Girl_Fortnite_Montage [uXGC9gKcheI],1297,43.233333,1.0000,False,manual_box,flip
party_girl_augmented_Party_Girl_Fortnite_Montage_[uXGC9gKcheI]_001326_e6302c7b_a_74024e82_aug_original.png,1,player,1,0.420020,0.728781,0.158470,0.542438,party_girl_augmented__Party_Girl_Fortnite_Montage [uXGC9gKcheI],1326,44.200000,1.0000,False,manual_box,original
party_girl_augmented_Party_Girl_Fortnite_Montage_[uXGC9gKcheI]_001326_e6302c7b_a_74024e82_aug_original.png,0,enemy,1,0.527074,0.565320,0.051664,0.297304,party_girl_augmented__Party_Girl_Fortnite_Montage [uXGC9gKcheI],1326,44.200000,1.0000,False,manual_box,original
party_girl_augmented_Party_Girl_Fortnite_Montage_[uXGC9gKcheI]_001326_e6302c7b_a_74024e82_aug_noise.png,1,player,1,0.420020,0.728781,0.158470,0.542438,party_girl_augmented__Party_Girl_Fortnite_Montage [uXGC9gKcheI],1326,44.200000,1.0000,False,manual_box,noise
party_girl_augmented_Party_Girl_Fortnite_Montage_[uXGC9gKcheI]_001326_e6302c7b_a_74024e82_aug_noise.png,0,enemy,1,0.527074,0.565320,0.051664,0.297304,party_girl_augmented__Party_Girl_Fortnite_Montage [uXGC9gKcheI],1326,44.200000,1.0000,False,manual_box,noise
party_girl_augmented_Party_Girl_Fortnite_Montage_[uXGC9gKcheI]_001614_33b16db1_a_3371cc38_aug_original.png,1,player,1,0.435420,0.557584,0.140586,0.319409,party_girl_augmented__Party_Girl_Fortnite_Montage [uXGC9gKcheI],1614,53.800000,1.0000,False,manual_box,original
party_girl_augmented_Party_Girl_Fortnite_Montage_[uXGC9gKcheI]_001614_33b16db1_a_3371cc38_aug_noise.png,1,player,1,0.435420,0.557584,0.140586,0.319409,party_girl_augmented__Party_Girl_Fortnite_Montage [uXGC9gKcheI],1614,53.800000,1.0000,False,manual_box,noise
party_girl_augmented_Party_Girl_Fortnite_Montage_[uXGC9gKcheI]_001652_4eac1dfa_a_2_ed02c9cc_aug_original.png,1,player,1,0.432439,0.616160,0.159463,0.398985,party_girl_augmented__Party_Girl_Fortnite_Montage [uXGC9gKcheI],1652,55.066666,1.0000,False,manual_box,original
party_girl_augmented_Party_Girl_Fortnite_Montage_[uXGC9gKcheI]_001652_4eac1dfa_a_2_ed02c9cc_aug_original.png,0,enemy,1,0.617486,0.324382,0.101341,0.363618,party_girl_augmented__Party_Girl_Fortnite_Montage [uXGC9gKcheI],1652,55.066666,1.0000,False,manual_box,original
party_girl_augmented_Party_Girl_Fortnite_Montage_[uXGC9gKcheI]_001652_4eac1dfa_a_2_ed02c9cc_aug_brightness_0.7.png,1,player,1,0.432439,0.616160,0.159463,0.398985,party_girl_augmented__Party_Girl_Fortnite_Montage [uXGC9gKcheI],1652,55.066666,1.0000,False,manual_box,brightness_0.7
party_girl_augmented_Party_Girl_Fortnite_Montage_[uXGC9gKcheI]_001652_4eac1dfa_a_2_ed02c9cc_aug_brightness_0.7.png,0,enemy,1,0.617486,0.324382,0.101341,0.363618,party_girl_augmented__Party_Girl_Fortnite_Montage [uXGC9gKcheI],1652,55.066666,1.0000,False,manual_box,brightness_0.7
party_girl_augmented_Party_Girl_Fortnite_Montage_[uXGC9gKcheI]_001652_4eac1dfa_a_2_ed02c9cc_aug_brightness_1.3.png,1,player,1,0.432439,0.616160,0.159463,0.398985,party_girl_augmented__Party_Girl_Fortnite_Montage [uXGC9gKcheI],1652,55.066666,1.0000,False,manual_box,brightness_1.3
party_girl_augmented_Party_Girl_Fortnite_Montage_[uXGC9gKcheI]_001652_4eac1dfa_a_2_ed02c9cc_aug_brightness_1.3.png,0,enemy,1,0.617486,0.324382,0.101341,0.363618,party_girl_augmented__Party_Girl_Fortnite_Montage [uXGC9gKcheI],1652,55.066666,1.0000,False,manual_box,brightness_1.3
party_girl_augmented_Party_Girl_Fortnite_Montage_[uXGC9gKcheI]_001652_4eac1dfa_a_2_ed02c9cc_aug_noise.png,1,player,1,0.432439,0.616160,0.159463,0.398985,party_girl_augmented__Party_Girl_Fortnite_Montage [uXGC9gKcheI],1652,55.066666,1.0000,False,manual_box,noise
party_girl_augmented_Party_Girl_Fortnite_Montage_[uXGC9gKcheI]_001652_4eac1dfa_a_2_ed02c9cc_aug_noise.png,0,enemy,1,0.617486,0.324382,0.101341,0.363618,party_girl_augmented__Party_Girl_Fortnite_Montage [uXGC9gKcheI],1652,55.066666,1.0000,False,manual_box,noise
party_girl_augmented_Party_Girl_Fortnite_Montage_[uXGC9gKcheI]_001652_4eac1dfa_a_2_ed02c9cc_aug_shift.png,1,player,1,0.406603,0.721403,0.159463,0.398985,party_girl_augmented__Party_Girl_Fortnite_Montage [uXGC9gKcheI],1652,55.066666,1.0000,False,manual_box,shift
party_girl_augmented_Party_Girl_Fortnite_Montage_[uXGC9gKcheI]_001652_4eac1dfa_a_2_ed02c9cc_aug_shift.png,0,enemy,1,0.591650,0.429625,0.101341,0.363618,party_girl_augmented__Party_Girl_Fortnite_Montage [uXGC9gKcheI],1652,55.066666,1.0000,False,manual_box,shift
party_girl_augmented_Party_Girl_Fortnite_Montage_[uXGC9gKcheI]_001652_4eac1dfa_a_3_7ccce5d1_aug_original.png,1,player,1,0.567561,0.616160,0.159463,0.398985,party_girl_augmented__Party_Girl_Fortnite_Montage [uXGC9gKcheI],1652,55.066666,1.0000,False,manual_box,original
party_girl_augmented_Party_Girl_Fortnite_Montage_[uXGC9gKcheI]_001652_4eac1dfa_a_3_7ccce5d1_aug_original.png,0,enemy,1,0.382514,0.324382,0.101341,0.363618,party_girl_augmented__Party_Girl_Fortnite_Montage [uXGC9gKcheI],1652,55.066666,1.0000,False,manual_box,original
party_girl_augmented_Party_Girl_Fortnite_Montage_[uXGC9gKcheI]_001652_4eac1dfa_a_3_7ccce5d1_aug_noise.png,1,player,1,0.567561,0.616160,0.159463,0.398985,party_girl_augmented__Party_Girl_Fortnite_Montage [uXGC9gKcheI],1652,55.066666,1.0000,False,manual_box,noise
party_girl_augmented_Party_Girl_Fortnite_Montage_[uXGC9gKcheI]_001652_4eac1dfa_a_3_7ccce5d1_aug_noise.png,0,enemy,1,0.382514,0.324382,0.101341,0.363618,party_girl_augmented__Party_Girl_Fortnite_Montage [uXGC9gKcheI],1652,55.066666,1.0000,False,manual_box,noise
party_girl_augmented_Party_Girl_Fortnite_Montage_[uXGC9gKcheI]_001652_4eac1dfa_a_3_7ccce5d1_aug_zoom.png,1,player,1,0.539690,0.619527,0.148998,0.372386,party_girl_augmented__Party_Girl_Fortnite_Montage [uXGC9gKcheI],1652,55.066666,1.0000,False,manual_box,zoom
party_girl_augmented_Party_Girl_Fortnite_Montage_[uXGC9gKcheI]_001652_4eac1dfa_a_3_7ccce5d1_aug_zoom.png,0,enemy,1,0.366787,0.347201,0.094690,0.339377,party_girl_augmented__Party_Girl_Fortnite_Montage [uXGC9gKcheI],1652,55.066666,1.0000,False,manual_box,zoom
party_girl_augmented_Party_Girl_Fortnite_Montage_[uXGC9gKcheI]_001652_4eac1dfa_a_4_b3cf681c_aug_original.png,1,player,1,0.310668,0.685759,0.159463,0.398985,party_girl_augmented__Party_Girl_Fortnite_Montage [uXGC9gKcheI],1652,55.066666,1.0000,False,manual_box,original
party_girl_augmented_Party_Girl_Fortnite_Montage_[uXGC9gKcheI]_001652_4eac1dfa_a_4_b3cf681c_aug_original.png,0,enemy,1,0.495715,0.393981,0.101341,0.363618,party_girl_augmented__Party_Girl_Fortnite_Montage [uXGC9gKcheI],1652,55.066666,1.0000,False,manual_box,original
party_girl_augmented_Party_Girl_Fortnite_Montage_[uXGC9gKcheI]_001652_4eac1dfa_a_4_b3cf681c_aug_noise.png,1,player,1,0.310668,0.685759,0.159463,0.398985,party_girl_augmented__Party_Girl_Fortnite_Montage [uXGC9gKcheI],1652,55.066666,1.0000,False,manual_box,noise
party_girl_augmented_Party_Girl_Fortnite_Montage_[uXGC9gKcheI]_001652_4eac1dfa_a_4_b3cf681c_aug_noise.png,0,enemy,1,0.495715,0.393981,0.101341,0.363618,party_girl_augmented__Party_Girl_Fortnite_Montage [uXGC9gKcheI],1652,55.066666,1.0000,False,manual_box,noise
party_girl_augmented_Party_Girl_Fortnite_Montage_[uXGC9gKcheI]_001652_4eac1dfa_a_5_79625076_aug_original.png,1,player,1,0.298766,0.757732,0.197020,0.484535,party_girl_augmented__Party_Girl_Fortnite_Montage [uXGC9gKcheI],1652,55.066666,1.0000,False,manual_box,original
party_girl_augmented_Party_Girl_Fortnite_Montage_[uXGC9gKcheI]_001652_4eac1dfa_a_5_79625076_aug_original.png,0,enemy,1,0.527396,0.401297,0.125209,0.449837,party_girl_augmented__Party_Girl_Fortnite_Montage [uXGC9gKcheI],1652,55.066666,1.0000,False,manual_box,original
party_girl_augmented_Party_Girl_Fortnite_Montage_[uXGC9gKcheI]_001652_4eac1dfa_a_e9f05162_aug_original.png,1,player,1,0.432439,0.616160,0.159463,0.398985,party_girl_augmented__Party_Girl_Fortnite_Montage [uXGC9gKcheI],1652,55.066666,1.0000,False,manual_box,original
party_girl_augmented_Party_Girl_Fortnite_Montage_[uXGC9gKcheI]_001652_4eac1dfa_a_e9f05162_aug_original.png,0,enemy,1,0.617486,0.324382,0.101341,0.363618,party_girl_augmented__Party_Girl_Fortnite_Montage [uXGC9gKcheI],1652,55.066666,1.0000,False,manual_box,original
party_girl_augmented_Party_Girl_Fortnite_Montage_[uXGC9gKcheI]_001652_4eac1dfa_a_e9f05162_aug_brightness_0.7.png,1,player,1,0.432439,0.616160,0.159463,0.398985,party_girl_augmented__Party_Girl_Fortnite_Montage [uXGC9gKcheI],1652,55.066666,1.0000,False,manual_box,brightness_0.7
party_girl_augmented_Party_Girl_Fortnite_Montage_[uXGC9gKcheI]_001652_4eac1dfa_a_e9f05162_aug_brightness_0.7.png,0,enemy,1,0.617486,0.324382,0.101341,0.363618,party_girl_augmented__Party_Girl_Fortnite_Montage [uXGC9gKcheI],1652,55.066666,1.0000,False,manual_box,brightness_0.7
party_girl_augmented_Party_Girl_Fortnite_Montage_[uXGC9gKcheI]_001652_4eac1dfa_a_e9f05162_aug_brightness_1.3.png,1,player,1,0.432439,0.616160,0.159463,0.398985,party_girl_augmented__Party_Girl_Fortnite_Montage [uXGC9gKcheI],1652,55.066666,1.0000,False,manual_box,brightness_1.3
party_girl_augmented_Party_Girl_Fortnite_Montage_[uXGC9gKcheI]_001652_4eac1dfa_a_e9f05162_aug_brightness_1.3.png,0,enemy,1,0.617486,0.324382,0.101341,0.363618,party_girl_augmented__Party_Girl_Fortnite_Montage [uXGC9gKcheI],1652,55.066666,1.0000,False,manual_box,brightness_1.3
party_girl_augmented_Party_Girl_Fortnite_Montage_[uXGC9gKcheI]_001652_4eac1dfa_a_e9f05162_aug_noise.png,1,player,1,0.432439,0.616160,0.159463,0.398985,party_girl_augmented__Party_Girl_Fortnite_Montage [uXGC9gKcheI],1652,55.066666,1.0000,False,manual_box,noise
party_girl_augmented_Party_Girl_Fortnite_Montage_[uXGC9gKcheI]_001652_4eac1dfa_a_e9f05162_aug_noise.png,0,enemy,1,0.617486,0.324382,0.101341,0.363618,party_girl_augmented__Party_Girl_Fortnite_Montage [uXGC9gKcheI],1652,55.066666,1.0000,False,manual_box,noise
party_girl_augmented_Party_Girl_Fortnite_Montage_[uXGC9gKcheI]_001652_4eac1dfa_a_e9f05162_aug_maskedpan.png,1,player,1,0.432439,0.616160,0.159463,0.398985,party_girl_augmented__Party_Girl_Fortnite_Montage [uXGC9gKcheI],1652,55.066666,1.0000,False,manual_box,maskedpan
party_girl_augmented_Party_Girl_Fortnite_Montage_[uXGC9gKcheI]_001652_4eac1dfa_a_e9f05162_aug_maskedpan.png,0,enemy,1,0.865923,0.363271,0.101341,0.363618,party_girl_augmented__Party_Girl_Fortnite_Montage [uXGC9gKcheI],1652,55.066666,1.0000,False,manual_box,maskedpan
party_girl_augmented_Party_Girl_Fortnite_Montage_[uXGC9gKcheI]_001950_1f3bb69c_a_2_a28e22d9_aug_original.png,1,player,1,0.411078,0.721044,0.146547,0.557912,party_girl_augmented__Party_Girl_Fortnite_Montage [uXGC9gKcheI],1950,65.000000,1.0000,False,manual_box,original
party_girl_augmented_Party_Girl_Fortnite_Montage_[uXGC9gKcheI]_001950_1f3bb69c_a_2_a28e22d9_aug_noise.png,1,player,1,0.411078,0.721044,0.146547,0.557912,party_girl_augmented__Party_Girl_Fortnite_Montage [uXGC9gKcheI],1950,65.000000,1.0000,False,manual_box,noise
party_girl_augmented_Party_Girl_Fortnite_Montage_[uXGC9gKcheI]_001950_1f3bb69c_a_2_a28e22d9_aug_flip.png,1,player,1,0.588922,0.721044,0.146547,0.557912,party_girl_augmented__Party_Girl_Fortnite_Montage [uXGC9gKcheI],1950,65.000000,1.0000,False,manual_box,flip
party_girl_augmented_Party_Girl_Fortnite_Montage_[uXGC9gKcheI]_001950_1f3bb69c_a_2_a28e22d9_aug_zoom.png,1,player,1,0.492369,0.705841,0.118154,0.449429,party_girl_augmented__Party_Girl_Fortnite_Montage [uXGC9gKcheI],1950,65.000000,1.0000,False,manual_box,zoom
party_girl_augmented_Party_Girl_Fortnite_Montage_[uXGC9gKcheI]_001950_1f3bb69c_a_2_a28e22d9_aug_maskedpan.png,1,player,1,0.411078,0.721044,0.146547,0.557912,party_girl_augmented__Party_Girl_Fortnite_Montage [uXGC9gKcheI],1950,65.000000,1.0000,False,manual_box,maskedpan
party_girl_augmented_Party_Girl_Fortnite_Montage_[uXGC9gKcheI]_001950_1f3bb69c_a_3_1400c507_aug_original.png,1,player,1,0.411078,0.721044,0.146547,0.557912,party_girl_augmented__Party_Girl_Fortnite_Montage [uXGC9gKcheI],1950,65.000000,1.0000,False,manual_box,original
party_girl_augmented_Party_Girl_Fortnite_Montage_[uXGC9gKcheI]_001950_1f3bb69c_a_3_1400c507_aug_flip.png,1,player,1,0.588922,0.721044,0.146547,0.557912,party_girl_augmented__Party_Girl_Fortnite_Montage [uXGC9gKcheI],1950,65.000000,1.0000,False,manual_box,flip
party_girl_augmented_Party_Girl_Fortnite_Montage_[uXGC9gKcheI]_001950_1f3bb69c_a_3_1400c507_aug_shift.png,1,player,1,0.428375,0.743517,0.146547,0.512965,party_girl_augmented__Party_Girl_Fortnite_Montage [uXGC9gKcheI],1950,65.000000,1.0000,False,manual_box,shift
party_girl_augmented_Party_Girl_Fortnite_Montage_[uXGC9gKcheI]_001950_1f3bb69c_a_3_1400c507_aug_maskedpan.png,1,player,1,0.411078,0.721044,0.146547,0.557912,party_girl_augmented__Party_Girl_Fortnite_Montage [uXGC9gKcheI],1950,65.000000,1.0000,False,manual_box,maskedpan
party_girl_augmented_Party_Girl_Fortnite_Montage_[uXGC9gKcheI]_001950_1f3bb69c_a_4_40fc4f73_aug_original.png,1,player,1,0.543792,0.635943,0.146547,0.557912,party_girl_augmented__Party_Girl_Fortnite_Montage [uXGC9gKcheI],1950,65.000000,1.0000,False,manual_box,original
party_girl_augmented_Party_Girl_Fortnite_Montage_[uXGC9gKcheI]_001950_1f3bb69c_a_13128b98_aug_original.png,1,player,1,0.411078,0.721044,0.146547,0.557912,party_girl_augmented__Party_Girl_Fortnite_Montage [uXGC9gKcheI],1950,65.000000,1.0000,False,manual_box,original
party_girl_augmented_Party_Girl_Fortnite_Montage_[uXGC9gKcheI]_001950_1f3bb69c_a_13128b98_aug_flip.png,1,player,1,0.588922,0.721044,0.146547,0.557912,party_girl_augmented__Party_Girl_Fortnite_Montage [uXGC9gKcheI],1950,65.000000,1.0000,False,manual_box,flip
party_girl_augmented_Party_Girl_Fortnite_Montage_[uXGC9gKcheI]_001950_1f3bb69c_a_13128b98_aug_shift.png,1,player,1,0.341208,0.606462,0.146547,0.557912,party_girl_augmented__Party_Girl_Fortnite_Montage [uXGC9gKcheI],1950,65.000000,1.0000,False,manual_box,shift
party_girl_augmented_Party_Girl_Fortnite_Montage_[uXGC9gKcheI]_001950_1f3bb69c_a_13128b98_aug_zoom.png,1,player,1,0.412367,0.720267,0.147006,0.559466,party_girl_augmented__Party_Girl_Fortnite_Montage [uXGC9gKcheI],1950,65.000000,1.0000,False,manual_box,zoom
party_girl_augmented_Party_Girl_Fortnite_Montage_[uXGC9gKcheI]_001950_1f3bb69c_a_13128b98_aug_maskedpan.png,1,player,1,0.411078,0.721044,0.146547,0.557912,party_girl_augmented__Party_Girl_Fortnite_Montage [uXGC9gKcheI],1950,65.000000,1.0000,False,manual_box,maskedpan
party_girl_augmented_Party_Girl_Fortnite_Montage_[uXGC9gKcheI]_002108_3ae30b8f_a_2_4e806a7c_aug_original.png,1,player,1,0.336314,0.618811,0.311972,0.762378,party_girl_augmented__Party_Girl_Fortnite_Montage [uXGC9gKcheI],2108,70.266666,1.0000,False,manual_box,original
party_girl_augmented_Party_Girl_Fortnite_Montage_[uXGC9gKcheI]_002108_3ae30b8f_a_2_4e806a7c_aug_original.png,0,enemy,1,0.595628,0.531611,0.095380,0.466403,party_girl_augmented__Party_Girl_Fortnite_Montage [uXGC9gKcheI],2108,70.266666,1.0000,False,manual_box,original
party_girl_augmented_Party_Girl_Fortnite_Montage_[uXGC9gKcheI]_002108_3ae30b8f_a_2eef94bf_aug_original.png,1,player,1,0.336314,0.618811,0.311972,0.762378,party_girl_augmented__Party_Girl_Fortnite_Montage [uXGC9gKcheI],2108,70.266666,1.0000,False,manual_box,original
party_girl_augmented_Party_Girl_Fortnite_Montage_[uXGC9gKcheI]_002108_3ae30b8f_a_2eef94bf_aug_original.png,0,enemy,1,0.595628,0.531611,0.095380,0.466403,party_girl_augmented__Party_Girl_Fortnite_Montage [uXGC9gKcheI],2108,70.266666,1.0000,False,manual_box,original
party_girl_augmented_Party_Girl_Fortnite_Montage_[uXGC9gKcheI]_002108_3ae30b8f_a_2eef94bf_aug_brightness_0.7.png,1,player,1,0.336314,0.618811,0.311972,0.762378,party_girl_augmented__Party_Girl_Fortnite_Montage [uXGC9gKcheI],2108,70.266666,1.0000,False,manual_box,brightness_0.7
party_girl_augmented_Party_Girl_Fortnite_Montage_[uXGC9gKcheI]_002108_3ae30b8f_a_2eef94bf_aug_brightness_0.7.png,0,enemy,1,0.595628,0.531611,0.095380,0.466403,party_girl_augmented__Party_Girl_Fortnite_Montage [uXGC9gKcheI],2108,70.266666,1.0000,False,manual_box,brightness_0.7
party_girl_augmented_Party_Girl_Fortnite_Montage_[uXGC9gKcheI]_002108_3ae30b8f_a_2eef94bf_aug_brightness_1.3.png,1,player,1,0.336314,0.618811,0.311972,0.762378,party_girl_augmented__Party_Girl_Fortnite_Montage [uXGC9gKcheI],2108,70.266666,1.0000,False,manual_box,brightness_1.3
party_girl_augmented_Party_Girl_Fortnite_Montage_[uXGC9gKcheI]_002108_3ae30b8f_a_2eef94bf_aug_brightness_1.3.png,0,enemy,1,0.595628,0.531611,0.095380,0.466403,party_girl_augmented__Party_Girl_Fortnite_Montage [uXGC9gKcheI],2108,70.266666,1.0000,False,manual_box,brightness_1.3
party_girl_augmented_Party_Girl_Fortnite_Montage_[uXGC9gKcheI]_002110_d8ce9d90_a_531f0e00_aug_original.png,0,enemy,1,0.561600,0.528295,0.086935,0.373565,party_girl_augmented__Party_Girl_Fortnite_Montage [uXGC9gKcheI],2110,70.333333,1.0000,False,manual_box,original
party_girl_augmented_Party_Girl_Fortnite_Montage_[uXGC9gKcheI]_002110_d8ce9d90_a_531f0e00_aug_original.png,1,player,1,0.396423,0.647547,0.178838,0.704906,party_girl_augmented__Party_Girl_Fortnite_Montage [uXGC9gKcheI],2110,70.333333,1.0000,False,manual_box,original
party_girl_augmented_Party_Girl_Fortnite_Montage_[uXGC9gKcheI]_002110_d8ce9d90_a_531f0e00_aug_noise.png,0,enemy,1,0.561600,0.528295,0.086935,0.373565,party_girl_augmented__Party_Girl_Fortnite_Montage [uXGC9gKcheI],2110,70.333333,1.0000,False,manual_box,noise
party_girl_augmented_Party_Girl_Fortnite_Montage_[uXGC9gKcheI]_002110_d8ce9d90_a_531f0e00_aug_noise.png,1,player,1,0.396423,0.647547,0.178838,0.704906,party_girl_augmented__Party_Girl_Fortnite_Montage [uXGC9gKcheI],2110,70.333333,1.0000,False,manual_box,noise
party_girl_augmented_Party_Girl_Fortnite_Montage_[uXGC9gKcheI]_002113_f4b096c2_a_2_ebeda596_aug_original.png,1,player,1,0.409836,0.680704,0.181818,0.638593,party_girl_augmented__Party_Girl_Fortnite_Montage [uXGC9gKcheI],2113,70.433333,1.0000,False,manual_box,original
party_girl_augmented_Party_Girl_Fortnite_Montage_[uXGC9gKcheI]_002113_f4b096c2_a_2_ebeda596_aug_original.png,0,enemy,1,0.534277,0.809574,0.066071,0.356986,party_girl_augmented__Party_Girl_Fortnite_Montage [uXGC9gKcheI],2113,70.433333,1.0000,False,manual_box,original
party_girl_augmented_Party_Girl_Fortnite_Montage_[uXGC9gKcheI]_002113_f4b096c2_a_2_ebeda596_aug_noise.png,1,player,1,0.409836,0.680704,0.181818,0.638593,party_girl_augmented__Party_Girl_Fortnite_Montage [uXGC9gKcheI],2113,70.433333,1.0000,False,manual_box,noise
party_girl_augmented_Party_Girl_Fortnite_Montage_[uXGC9gKcheI]_002113_f4b096c2_a_2_ebeda596_aug_noise.png,0,enemy,1,0.534277,0.809574,0.066071,0.356986,party_girl_augmented__Party_Girl_Fortnite_Montage [uXGC9gKcheI],2113,70.433333,1.0000,False,manual_box,noise
party_girl_augmented_Party_Girl_Fortnite_Montage_[uXGC9gKcheI]_002113_f4b096c2_a_2_ebeda596_aug_shift.png,1,player,1,0.459034,0.639107,0.181818,0.638592,party_girl_augmented__Party_Girl_Fortnite_Montage [uXGC9gKcheI],2113,70.433333,1.0000,False,manual_box,shift
party_girl_augmented_Party_Girl_Fortnite_Montage_[uXGC9gKcheI]_002113_f4b096c2_a_2_ebeda596_aug_shift.png,0,enemy,1,0.583475,0.767977,0.066071,0.356986,party_girl_augmented__Party_Girl_Fortnite_Montage [uXGC9gKcheI],2113,70.433333,1.0000,False,manual_box,shift
party_girl_augmented_Party_Girl_Fortnite_Montage_[uXGC9gKcheI]_002113_f4b096c2_a_2_ebeda596_aug_zoom.png,1,player,1,0.310726,0.593828,0.231339,0.812344,party_girl_augmented__Party_Girl_Fortnite_Montage [uXGC9gKcheI],2113,70.433333,1.0000,False,manual_box,zoom
party_girl_augmented_Party_Girl_Fortnite_Montage_[uXGC9gKcheI]_002113_f4b096c2_a_2_ebeda596_aug_zoom.png,0,enemy,1,0.469060,0.757762,0.084066,0.454116,party_girl_augmented__Party_Girl_Fortnite_Montage [uXGC9gKcheI],2113,70.433333,1.0000,False,manual_box,zoom
party_girl_augmented_Party_Girl_Fortnite_Montage_[uXGC9gKcheI]_002113_f4b096c2_a_2_ebeda596_aug_maskedpan.png,1,player,1,0.409836,0.680704,0.181818,0.638593,party_girl_augmented__Party_Girl_Fortnite_Montage [uXGC9gKcheI],2113,70.433333,1.0000,False,manual_box,maskedpan
party_girl_augmented_Party_Girl_Fortnite_Montage_[uXGC9gKcheI]_002113_f4b096c2_a_3_96b27cf8_aug_original.png,1,player,1,0.409836,0.680704,0.181818,0.638593,party_girl_augmented__Party_Girl_Fortnite_Montage [uXGC9gKcheI],2113,70.433333,1.0000,False,manual_box,original
party_girl_augmented_Party_Girl_Fortnite_Montage_[uXGC9gKcheI]_002113_f4b096c2_a_3_96b27cf8_aug_original.png,0,enemy,1,0.534277,0.809574,0.066071,0.356986,party_girl_augmented__Party_Girl_Fortnite_Montage [uXGC9gKcheI],2113,70.433333,1.0000,False,manual_box,original
party_girl_augmented_Party_Girl_Fortnite_Montage_[uXGC9gKcheI]_002113_f4b096c2_a_3_96b27cf8_aug_noise.png,1,player,1,0.409836,0.680704,0.181818,0.638593,party_girl_augmented__Party_Girl_Fortnite_Montage [uXGC9gKcheI],2113,70.433333,1.0000,False,manual_box,noise
party_girl_augmented_Party_Girl_Fortnite_Montage_[uXGC9gKcheI]_002113_f4b096c2_a_3_96b27cf8_aug_noise.png,0,enemy,1,0.534277,0.809574,0.066071,0.356986,party_girl_augmented__Party_Girl_Fortnite_Montage [uXGC9gKcheI],2113,70.433333,1.0000,False,manual_box,noise
party_girl_augmented_Party_Girl_Fortnite_Montage_[uXGC9gKcheI]_002113_f4b096c2_a_3_96b27cf8_aug_zoom.png,1,player,1,0.318057,0.628004,0.212342,0.743991,party_girl_augmented__Party_Girl_Fortnite_Montage [uXGC9gKcheI],2113,70.433333,1.0000,False,manual_box,zoom
party_girl_augmented_Party_Girl_Fortnite_Montage_[uXGC9gKcheI]_002113_f4b096c2_a_3_96b27cf8_aug_zoom.png,0,enemy,1,0.463389,0.778144,0.077163,0.415906,party_girl_augmented__Party_Girl_Fortnite_Montage [uXGC9gKcheI],2113,70.433333,1.0000,False,manual_box,zoom
party_girl_augmented_Party_Girl_Fortnite_Montage_[uXGC9gKcheI]_002113_f4b096c2_a_4_d973ebc4_aug_original.png,1,player,1,0.409836,0.680704,0.181818,0.638593,party_girl_augmented__Party_Girl_Fortnite_Montage [uXGC9gKcheI],2113,70.433333,1.0000,False,manual_box,original
party_girl_augmented_Party_Girl_Fortnite_Montage_[uXGC9gKcheI]_002113_f4b096c2_a_4_d973ebc4_aug_original.png,0,enemy,1,0.534277,0.809574,0.066071,0.356986,party_girl_augmented__Party_Girl_Fortnite_Montage [uXGC9gKcheI],2113,70.433333,1.0000,False,manual_box,original
party_girl_augmented_Party_Girl_Fortnite_Montage_[uXGC9gKcheI]_002113_f4b096c2_a_4_d973ebc4_aug_brightness_0.7.png,1,player,1,0.409836,0.680704,0.181818,0.638593,party_girl_augmented__Party_Girl_Fortnite_Montage [uXGC9gKcheI],2113,70.433333,1.0000,False,manual_box,brightness_0.7
party_girl_augmented_Party_Girl_Fortnite_Montage_[uXGC9gKcheI]_002113_f4b096c2_a_4_d973ebc4_aug_brightness_0.7.png,0,enemy,1,0.534277,0.809574,0.066071,0.356986,party_girl_augmented__Party_Girl_Fortnite_Montage [uXGC9gKcheI],2113,70.433333,1.0000,False,manual_box,brightness_0.7
party_girl_augmented_Party_Girl_Fortnite_Montage_[uXGC9gKcheI]_002113_f4b096c2_a_4_d973ebc4_aug_brightness_1.3.png,1,player,1,0.409836,0.680704,0.181818,0.638593,party_girl_augmented__Party_Girl_Fortnite_Montage [uXGC9gKcheI],2113,70.433333,1.0000,False,manual_box,brightness_1.3
party_girl_augmented_Party_Girl_Fortnite_Montage_[uXGC9gKcheI]_002113_f4b096c2_a_4_d973ebc4_aug_brightness_1.3.png,0,enemy,1,0.534277,0.809574,0.066071,0.356986,party_girl_augmented__Party_Girl_Fortnite_Montage [uXGC9gKcheI],2113,70.433333,1.0000,False,manual_box,brightness_1.3
party_girl_augmented_Party_Girl_Fortnite_Montage_[uXGC9gKcheI]_002113_f4b096c2_a_4_d973ebc4_aug_noise.png,1,player,1,0.409836,0.680704,0.181818,0.638593,party_girl_augmented__Party_Girl_Fortnite_Montage [uXGC9gKcheI],2113,70.433333,1.0000,False,manual_box,noise
party_girl_augmented_Party_Girl_Fortnite_Montage_[uXGC9gKcheI]_002113_f4b096c2_a_4_d973ebc4_aug_noise.png,0,enemy,1,0.534277,0.809574,0.066071,0.356986,party_girl_augmented__Party_Girl_Fortnite_Montage [uXGC9gKcheI],2113,70.433333,1.0000,False,manual_box,noise
party_girl_augmented_Party_Girl_Fortnite_Montage_[uXGC9gKcheI]_002113_f4b096c2_a_4_d973ebc4_aug_shift.png,1,player,1,0.435989,0.747742,0.181818,0.504515,party_girl_augmented__Party_Girl_Fortnite_Montage [uXGC9gKcheI],2113,70.433333,1.0000,False,manual_box,shift
party_girl_augmented_Party_Girl_Fortnite_Montage_[uXGC9gKcheI]_002113_f4b096c2_a_4_d973ebc4_aug_shift.png,0,enemy,1,0.560430,0.882579,0.066071,0.234842,party_girl_augmented__Party_Girl_Fortnite_Montage [uXGC9gKcheI],2113,70.433333,1.0000,False,manual_box,shift
party_girl_augmented_Party_Girl_Fortnite_Montage_[uXGC9gKcheI]_002113_f4b096c2_a_5_dc56c9a2_aug_original.png,1,player,1,0.590164,0.680704,0.181818,0.638593,party_girl_augmented__Party_Girl_Fortnite_Montage [uXGC9gKcheI],2113,70.433333,1.0000,False,manual_box,original
party_girl_augmented_Party_Girl_Fortnite_Montage_[uXGC9gKcheI]_002113_f4b096c2_a_5_dc56c9a2_aug_original.png,0,enemy,1,0.465723,0.809574,0.066071,0.356986,party_girl_augmented__Party_Girl_Fortnite_Montage [uXGC9gKcheI],2113,70.433333,1.0000,False,manual_box,original
party_girl_augmented_Party_Girl_Fortnite_Montage_[uXGC9gKcheI]_002113_f4b096c2_a_5_dc56c9a2_aug_flip.png,1,player,1,0.409836,0.680704,0.181818,0.638593,party_girl_augmented__Party_Girl_Fortnite_Montage [uXGC9gKcheI],2113,70.433333,1.0000,False,manual_box,flip
party_girl_augmented_Party_Girl_Fortnite_Montage_[uXGC9gKcheI]_002113_f4b096c2_a_5_dc56c9a2_aug_flip.png,0,enemy,1,0.534277,0.809574,0.066071,0.356986,party_girl_augmented__Party_Girl_Fortnite_Montage [uXGC9gKcheI],2113,70.433333,1.0000,False,manual_box,flip
party_girl_augmented_Party_Girl_Fortnite_Montage_[uXGC9gKcheI]_002113_f4b096c2_a_5_dc56c9a2_aug_shift.png,1,player,1,0.565693,0.740211,0.181818,0.519578,party_girl_augmented__Party_Girl_Fortnite_Montage [uXGC9gKcheI],2113,70.433333,1.0000,False,manual_box,shift
party_girl_augmented_Party_Girl_Fortnite_Montage_[uXGC9gKcheI]_002113_f4b096c2_a_5_dc56c9a2_aug_shift.png,0,enemy,1,0.441252,0.875048,0.066071,0.249905,party_girl_augmented__Party_Girl_Fortnite_Montage [uXGC9gKcheI],2113,70.433333,1.0000,False,manual_box,shift
party_girl_augmented_Party_Girl_Fortnite_Montage_[uXGC9gKcheI]_002113_f4b096c2_a_5_dc56c9a2_aug_zoom.png,1,player,1,0.768261,0.557897,0.251325,0.884205,party_girl_augmented__Party_Girl_Fortnite_Montage [uXGC9gKcheI],2113,70.433333,1.0000,False,manual_box,zoom
party_girl_augmented_Party_Girl_Fortnite_Montage_[uXGC9gKcheI]_002113_f4b096c2_a_5_dc56c9a2_aug_zoom.png,0,enemy,1,0.596248,0.736333,0.091329,0.494288,party_girl_augmented__Party_Girl_Fortnite_Montage [uXGC9gKcheI],2113,70.433333,1.0000,False,manual_box,zoom
party_girl_augmented_Party_Girl_Fortnite_Montage_[uXGC9gKcheI]_002113_f4b096c2_a_cbe2f104_aug_original.png,1,player,1,0.409836,0.680704,0.181818,0.638593,party_girl_augmented__Party_Girl_Fortnite_Montage [uXGC9gKcheI],2113,70.433333,1.0000,False,manual_box,original
party_girl_augmented_Party_Girl_Fortnite_Montage_[uXGC9gKcheI]_002113_f4b096c2_a_cbe2f104_aug_original.png,0,enemy,1,0.534277,0.809574,0.066071,0.356986,party_girl_augmented__Party_Girl_Fortnite_Montage [uXGC9gKcheI],2113,70.433333,1.0000,False,manual_box,original
party_girl_augmented_Party_Girl_Fortnite_Montage_[uXGC9gKcheI]_002113_f4b096c2_a_cbe2f104_aug_brightness_0.7.png,1,player,1,0.409836,0.680704,0.181818,0.638593,party_girl_augmented__Party_Girl_Fortnite_Montage [uXGC9gKcheI],2113,70.433333,1.0000,False,manual_box,brightness_0.7
party_girl_augmented_Party_Girl_Fortnite_Montage_[uXGC9gKcheI]_002113_f4b096c2_a_cbe2f104_aug_brightness_0.7.png,0,enemy,1,0.534277,0.809574,0.066071,0.356986,party_girl_augmented__Party_Girl_Fortnite_Montage [uXGC9gKcheI],2113,70.433333,1.0000,False,manual_box,brightness_0.7
party_girl_augmented_Party_Girl_Fortnite_Montage_[uXGC9gKcheI]_002113_f4b096c2_a_cbe2f104_aug_brightness_1.3.png,1,player,1,0.409836,0.680704,0.181818,0.638593,party_girl_augmented__Party_Girl_Fortnite_Montage [uXGC9gKcheI],2113,70.433333,1.0000,False,manual_box,brightness_1.3
party_girl_augmented_Party_Girl_Fortnite_Montage_[uXGC9gKcheI]_002113_f4b096c2_a_cbe2f104_aug_brightness_1.3.png,0,enemy,1,0.534277,0.809574,0.066071,0.356986,party_girl_augmented__Party_Girl_Fortnite_Montage [uXGC9gKcheI],2113,70.433333,1.0000,False,manual_box,brightness_1.3
party_girl_augmented_Party_Girl_Fortnite_Montage_[uXGC9gKcheI]_002113_f4b096c2_a_cbe2f104_aug_noise.png,1,player,1,0.409836,0.680704,0.181818,0.638593,party_girl_augmented__Party_Girl_Fortnite_Montage [uXGC9gKcheI],2113,70.433333,1.0000,False,manual_box,noise
party_girl_augmented_Party_Girl_Fortnite_Montage_[uXGC9gKcheI]_002113_f4b096c2_a_cbe2f104_aug_noise.png,0,enemy,1,0.534277,0.809574,0.066071,0.356986,party_girl_augmented__Party_Girl_Fortnite_Montage [uXGC9gKcheI],2113,70.433333,1.0000,False,manual_box,noise
party_girl_augmented_Party_Girl_Fortnite_Montage_[uXGC9gKcheI]_002113_f4b096c2_a_cbe2f104_aug_flip.png,1,player,1,0.590164,0.680704,0.181818,0.638593,party_girl_augmented__Party_Girl_Fortnite_Montage [uXGC9gKcheI],2113,70.433333,1.0000,False,manual_box,flip
party_girl_augmented_Party_Girl_Fortnite_Montage_[uXGC9gKcheI]_002113_f4b096c2_a_cbe2f104_aug_flip.png,0,enemy,1,0.465723,0.809574,0.066071,0.356986,party_girl_augmented__Party_Girl_Fortnite_Montage [uXGC9gKcheI],2113,70.433333,1.0000,False,manual_box,flip
party_girl_augmented_Party_Girl_Fortnite_Montage_[uXGC9gKcheI]_002114_f2f393b5_a_2_e1283c36_aug_original.png,0,enemy,1,0.421013,0.814988,0.089916,0.370024,party_girl_augmented__Party_Girl_Fortnite_Montage [uXGC9gKcheI],2114,70.466666,1.0000,False,manual_box,original
party_girl_augmented_Party_Girl_Fortnite_Montage_[uXGC9gKcheI]_002114_f2f393b5_a_2_e1283c36_aug_original.png,1,player,1,0.569796,0.687335,0.162941,0.625330,party_girl_augmented__Party_Girl_Fortnite_Montage [uXGC9gKcheI],2114,70.466666,1.0000,False,manual_box,original
party_girl_augmented_Party_Girl_Fortnite_Montage_[uXGC9gKcheI]_002114_f2f393b5_a_2_e1283c36_aug_brightness_0.7.png,0,enemy,1,0.421013,0.814988,0.089916,0.370024,party_girl_augmented__Party_Girl_Fortnite_Montage [uXGC9gKcheI],2114,70.466666,1.0000,False,manual_box,brightness_0.7
party_girl_augmented_Party_Girl_Fortnite_Montage_[uXGC9gKcheI]_002114_f2f393b5_a_2_e1283c36_aug_brightness_0.7.png,1,player,1,0.569796,0.687335,0.162941,0.625330,party_girl_augmented__Party_Girl_Fortnite_Montage [uXGC9gKcheI],2114,70.466666,1.0000,False,manual_box,brightness_0.7
party_girl_augmented_Party_Girl_Fortnite_Montage_[uXGC9gKcheI]_002114_f2f393b5_a_2_e1283c36_aug_brightness_1.3.png,0,enemy,1,0.421013,0.814988,0.089916,0.370024,party_girl_augmented__Party_Girl_Fortnite_Montage [uXGC9gKcheI],2114,70.466666,1.0000,False,manual_box,brightness_1.3
party_girl_augmented_Party_Girl_Fortnite_Montage_[uXGC9gKcheI]_002114_f2f393b5_a_2_e1283c36_aug_brightness_1.3.png,1,player,1,0.569796,0.687335,0.162941,0.625330,party_girl_augmented__Party_Girl_Fortnite_Montage [uXGC9gKcheI],2114,70.466666,1.0000,False,manual_box,brightness_1.3
party_girl_augmented_Party_Girl_Fortnite_Montage_[uXGC9gKcheI]_002114_f2f393b5_a_2_e1283c36_aug_noise.png,0,enemy,1,0.421013,0.814988,0.089916,0.370024,party_girl_augmented__Party_Girl_Fortnite_Montage [uXGC9gKcheI],2114,70.466666,1.0000,False,manual_box,noise
party_girl_augmented_Party_Girl_Fortnite_Montage_[uXGC9gKcheI]_002114_f2f393b5_a_2_e1283c36_aug_noise.png,1,player,1,0.569796,0.687335,0.162941,0.625330,party_girl_augmented__Party_Girl_Fortnite_Montage [uXGC9gKcheI],2114,70.466666,1.0000,False,manual_box,noise
party_girl_augmented_Party_Girl_Fortnite_Montage_[uXGC9gKcheI]_002114_f2f393b5_a_2_e1283c36_aug_flip.png,0,enemy,1,0.578987,0.814988,0.089916,0.370024,party_girl_augmented__Party_Girl_Fortnite_Montage [uXGC9gKcheI],2114,70.466666,1.0000,False,manual_box,flip
party_girl_augmented_Party_Girl_Fortnite_Montage_[uXGC9gKcheI]_002114_f2f393b5_a_2_e1283c36_aug_flip.png,1,player,1,0.430204,0.687335,0.162941,0.625330,party_girl_augmented__Party_Girl_Fortnite_Montage [uXGC9gKcheI],2114,70.466666,1.0000,False,manual_box,flip
party_girl_augmented_Party_Girl_Fortnite_Montage_[uXGC9gKcheI]_002114_f2f393b5_a_3_c9fa08cb_aug_original.png,0,enemy,1,0.492273,0.767929,0.112615,0.464142,party_girl_augmented__Party_Girl_Fortnite_Montage [uXGC9gKcheI],2114,70.466666,1.0000,False,manual_box,original
party_girl_augmented_Party_Girl_Fortnite_Montage_[uXGC9gKcheI]_002114_f2f393b5_a_3_c9fa08cb_aug_original.png,1,player,1,0.305931,0.607807,0.204075,0.784386,party_girl_augmented__Party_Girl_Fortnite_Montage [uXGC9gKcheI],2114,70.466666,1.0000,False,manual_box,original
party_girl_augmented_Party_Girl_Fortnite_Montage_[uXGC9gKcheI]_002114_f2f393b5_a_3_c9fa08cb_aug_brightness_0.7.png,0,enemy,1,0.492273,0.767929,0.112615,0.464142,party_girl_augmented__Party_Girl_Fortnite_Montage [uXGC9gKcheI],2114,70.466666,1.0000,False,manual_box,brightness_0.7
party_girl_augmented_Party_Girl_Fortnite_Montage_[uXGC9gKcheI]_002114_f2f393b5_a_3_c9fa08cb_aug_brightness_0.7.png,1,player,1,0.305931,0.607807,0.204075,0.784386,party_girl_augmented__Party_Girl_Fortnite_Montage [uXGC9gKcheI],2114,70.466666,1.0000,False,manual_box,brightness_0.7
party_girl_augmented_Party_Girl_Fortnite_Montage_[uXGC9gKcheI]_002114_f2f393b5_a_3_c9fa08cb_aug_brightness_1.3.png,0,enemy,1,0.492273,0.767929,0.112615,0.464142,party_girl_augmented__Party_Girl_Fortnite_Montage [uXGC9gKcheI],2114,70.466666,1.0000,False,manual_box,brightness_1.3
party_girl_augmented_Party_Girl_Fortnite_Montage_[uXGC9gKcheI]_002114_f2f393b5_a_3_c9fa08cb_aug_brightness_1.3.png,1,player,1,0.305931,0.607807,0.204075,0.784386,party_girl_augmented__Party_Girl_Fortnite_Montage [uXGC9gKcheI],2114,70.466666,1.0000,False,manual_box,brightness_1.3
party_girl_augmented_Party_Girl_Fortnite_Montage_[uXGC9gKcheI]_002114_f2f393b5_a_3_c9fa08cb_aug_noise.png,0,enemy,1,0.492273,0.767929,0.112615,0.464142,party_girl_augmented__Party_Girl_Fortnite_Montage [uXGC9gKcheI],2114,70.466666,1.0000,False,manual_box,noise
party_girl_augmented_Party_Girl_Fortnite_Montage_[uXGC9gKcheI]_002114_f2f393b5_a_3_c9fa08cb_aug_noise.png,1,player,1,0.305931,0.607807,0.204075,0.784386,party_girl_augmented__Party_Girl_Fortnite_Montage [uXGC9gKcheI],2114,70.466666,1.0000,False,manual_box,noise
party_girl_augmented_Party_Girl_Fortnite_Montage_[uXGC9gKcheI]_002114_f2f393b5_a_3_c9fa08cb_aug_flip.png,0,enemy,1,0.507727,0.767929,0.112615,0.464142,party_girl_augmented__Party_Girl_Fortnite_Montage [uXGC9gKcheI],2114,70.466666,1.0000,False,manual_box,flip
party_girl_augmented_Party_Girl_Fortnite_Montage_[uXGC9gKcheI]_002114_f2f393b5_a_3_c9fa08cb_aug_flip.png,1,player,1,0.694069,0.607807,0.204075,0.784386,party_girl_augmented__Party_Girl_Fortnite_Montage [uXGC9gKcheI],2114,70.466666,1.0000,False,manual_box,flip
party_girl_augmented_Party_Girl_Fortnite_Montage_[uXGC9gKcheI]_002114_f2f393b5_a_4_b66316aa_aug_original.png,1,player,1,0.430204,0.687335,0.162941,0.625330,party_girl_augmented__Party_Girl_Fortnite_Montage [uXGC9gKcheI],2114,70.466666,1.0000,False,manual_box,original
party_girl_augmented_Party_Girl_Fortnite_Montage_[uXGC9gKcheI]_002114_f2f393b5_a_4_b66316aa_aug_brightness_0.7.png,1,player,1,0.430204,0.687335,0.162941,0.625330,party_girl_augmented__Party_Girl_Fortnite_Montage [uXGC9gKcheI],2114,70.466666,1.0000,False,manual_box,brightness_0.7
party_girl_augmented_Party_Girl_Fortnite_Montage_[uXGC9gKcheI]_002114_f2f393b5_a_4_b66316aa_aug_brightness_1.3.png,1,player,1,0.430204,0.687335,0.162941,0.625330,party_girl_augmented__Party_Girl_Fortnite_Montage [uXGC9gKcheI],2114,70.466666,1.0000,False,manual_box,brightness_1.3
party_girl_augmented_Party_Girl_Fortnite_Montage_[uXGC9gKcheI]_002114_f2f393b5_a_4_b66316aa_aug_noise.png,1,player,1,0.430204,0.687335,0.162941,0.625330,party_girl_augmented__Party_Girl_Fortnite_Montage [uXGC9gKcheI],2114,70.466666,1.0000,False,manual_box,noise
party_girl_augmented_Party_Girl_Fortnite_Montage_[uXGC9gKcheI]_002114_f2f393b5_a_4_b66316aa_aug_shift.png,1,player,1,0.423848,0.537472,0.162941,0.625330,party_girl_augmented__Party_Girl_Fortnite_Montage [uXGC9gKcheI],2114,70.466666,1.0000,False,manual_box,shift
party_girl_augmented_Party_Girl_Fortnite_Montage_[uXGC9gKcheI]_002114_f2f393b5_a_ff555eb6_aug_original.png,0,enemy,1,0.578987,0.814988,0.089916,0.370024,party_girl_augmented__Party_Girl_Fortnite_Montage [uXGC9gKcheI],2114,70.466666,1.0000,False,manual_box,original
party_girl_augmented_Party_Girl_Fortnite_Montage_[uXGC9gKcheI]_002114_f2f393b5_a_ff555eb6_aug_original.png,1,player,1,0.430204,0.687335,0.162941,0.625330,party_girl_augmented__Party_Girl_Fortnite_Montage [uXGC9gKcheI],2114,70.466666,1.0000,False,manual_box,original
party_girl_augmented_Party_Girl_Fortnite_Montage_[uXGC9gKcheI]_002114_f2f393b5_a_ff555eb6_aug_brightness_0.7.png,0,enemy,1,0.578987,0.814988,0.089916,0.370024,party_girl_augmented__Party_Girl_Fortnite_Montage [uXGC9gKcheI],2114,70.466666,1.0000,False,manual_box,brightness_0.7
party_girl_augmented_Party_Girl_Fortnite_Montage_[uXGC9gKcheI]_002114_f2f393b5_a_ff555eb6_aug_brightness_0.7.png,1,player,1,0.430204,0.687335,0.162941,0.625330,party_girl_augmented__Party_Girl_Fortnite_Montage [uXGC9gKcheI],2114,70.466666,1.0000,False,manual_box,brightness_0.7
party_girl_augmented_Party_Girl_Fortnite_Montage_[uXGC9gKcheI]_002114_f2f393b5_a_ff555eb6_aug_brightness_1.3.png,0,enemy,1,0.578987,0.814988,0.089916,0.370024,party_girl_augmented__Party_Girl_Fortnite_Montage [uXGC9gKcheI],2114,70.466666,1.0000,False,manual_box,brightness_1.3
party_girl_augmented_Party_Girl_Fortnite_Montage_[uXGC9gKcheI]_002114_f2f393b5_a_ff555eb6_aug_brightness_1.3.png,1,player,1,0.430204,0.687335,0.162941,0.625330,party_girl_augmented__Party_Girl_Fortnite_Montage [uXGC9gKcheI],2114,70.466666,1.0000,False,manual_box,brightness_1.3
party_girl_augmented_Party_Girl_Fortnite_Montage_[uXGC9gKcheI]_002114_f2f393b5_a_ff555eb6_aug_shift.png,0,enemy,1,0.466253,0.866080,0.089916,0.267840,party_girl_augmented__Party_Girl_Fortnite_Montage [uXGC9gKcheI],2114,70.466666,1.0000,False,manual_box,shift
party_girl_augmented_Party_Girl_Fortnite_Montage_[uXGC9gKcheI]_002114_f2f393b5_a_ff555eb6_aug_shift.png,1,player,1,0.317470,0.738427,0.162941,0.523146,party_girl_augmented__Party_Girl_Fortnite_Montage [uXGC9gKcheI],2114,70.466666,1.0000,False,manual_box,shift
party_girl_augmented_Party_Girl_Fortnite_Montage_[uXGC9gKcheI]_002114_f2f393b5_a_ff555eb6_aug_zoom.png,0,enemy,1,0.488713,0.775743,0.109196,0.448514,party_girl_augmented__Party_Girl_Fortnite_Montage [uXGC9gKcheI],2114,70.466666,1.0000,False,manual_box,zoom
party_girl_augmented_Party_Girl_Fortnite_Montage_[uXGC9gKcheI]_002114_f2f393b5_a_ff555eb6_aug_zoom.png,1,player,1,0.308028,0.621012,0.197879,0.757976,party_girl_augmented__Party_Girl_Fortnite_Montage [uXGC9gKcheI],2114,70.466666,1.0000,False,manual_box,zoom
party_girl_augmented_Party_Girl_Fortnite_Montage_[uXGC9gKcheI]_002115_59b95941_a_2_fc1c0505_aug_original.png,1,player,1,0.419523,0.693966,0.158470,0.612068,party_girl_augmented__Party_Girl_Fortnite_Montage [uXGC9gKcheI],2115,70.500000,1.0000,False,manual_box,original
party_girl_augmented_Party_Girl_Fortnite_Montage_[uXGC9gKcheI]_002115_59b95941_a_2_fc1c0505_aug_original.png,0,enemy,1,0.573522,0.812777,0.077000,0.374445,party_girl_augmented__Party_Girl_Fortnite_Montage [uXGC9gKcheI],2115,70.500000,1.0000,False,manual_box,original
party_girl_augmented_Party_Girl_Fortnite_Montage_[uXGC9gKcheI]_002115_59b95941_a_2_fc1c0505_aug_shift.png,1,player,1,0.423222,0.573754,0.158470,0.612068,party_girl_augmented__Party_Girl_Fortnite_Montage [uXGC9gKcheI],2115,70.500000,1.0000,False,manual_box,shift
party_girl_augmented_Party_Girl_Fortnite_Montage_[uXGC9gKcheI]_002115_59b95941_a_2_fc1c0505_aug_shift.png,0,enemy,1,0.577221,0.692565,0.077000,0.374445,party_girl_augmented__Party_Girl_Fortnite_Montage [uXGC9gKcheI],2115,70.500000,1.0000,False,manual_box,shift
party_girl_augmented_Party_Girl_Fortnite_Montage_[uXGC9gKcheI]_002115_59b95941_a_2_fc1c0505_aug_zoom.png,1,player,1,0.221163,0.590438,0.212622,0.819124,party_girl_augmented__Party_Girl_Fortnite_Montage [uXGC9gKcheI],2115,70.500000,1.0000,False,manual_box,zoom
party_girl_augmented_Party_Girl_Fortnite_Montage_[uXGC9gKcheI]_002115_59b95941_a_2_fc1c0505_aug_zoom.png,0,enemy,1,0.427786,0.749441,0.103312,0.501116,party_girl_augmented__Party_Girl_Fortnite_Montage [uXGC9gKcheI],2115,70.500000,1.0000,False,manual_box,zoom
party_girl_augmented_Party_Girl_Fortnite_Montage_[uXGC9gKcheI]_002115_59b95941_a_3_2248b653_aug_original.png,1,player,1,0.419523,0.693966,0.158470,0.612068,party_girl_augmented__Party_Girl_Fortnite_Montage [uXGC9gKcheI],2115,70.500000,1.0000,False,manual_box,original
party_girl_augmented_Party_Girl_Fortnite_Montage_[uXGC9gKcheI]_002115_59b95941_a_3_2248b653_aug_original.png,0,enemy,1,0.573522,0.812777,0.077000,0.374445,party_girl_augmented__Party_Girl_Fortnite_Montage [uXGC9gKcheI],2115,70.500000,1.0000,False,manual_box,original
party_girl_augmented_Party_Girl_Fortnite_Montage_[uXGC9gKcheI]_002115_59b95941_a_3_2248b653_aug_brightness_0.7.png,1,player,1,0.419523,0.693966,0.158470,0.612068,party_girl_augmented__Party_Girl_Fortnite_Montage [uXGC9gKcheI],2115,70.500000,1.0000,False,manual_box,brightness_0.7
party_girl_augmented_Party_Girl_Fortnite_Montage_[uXGC9gKcheI]_002115_59b95941_a_3_2248b653_aug_brightness_0.7.png,0,enemy,1,0.573522,0.812777,0.077000,0.374445,party_girl_augmented__Party_Girl_Fortnite_Montage [uXGC9gKcheI],2115,70.500000,1.0000,False,manual_box,brightness_0.7
party_girl_augmented_Party_Girl_Fortnite_Montage_[uXGC9gKcheI]_002115_59b95941_a_3_2248b653_aug_brightness_1.3.png,1,player,1,0.419523,0.693966,0.158470,0.612068,party_girl_augmented__Party_Girl_Fortnite_Montage [uXGC9gKcheI],2115,70.500000,1.0000,False,manual_box,brightness_1.3
party_girl_augmented_Party_Girl_Fortnite_Montage_[uXGC9gKcheI]_002115_59b95941_a_3_2248b653_aug_brightness_1.3.png,0,enemy,1,0.573522,0.812777,0.077000,0.374445,party_girl_augmented__Party_Girl_Fortnite_Montage [uXGC9gKcheI],2115,70.500000,1.0000,False,manual_box,brightness_1.3
party_girl_augmented_Party_Girl_Fortnite_Montage_[uXGC9gKcheI]_002115_59b95941_a_3_2248b653_aug_noise.png,1,player,1,0.419523,0.693966,0.158470,0.612068,party_girl_augmented__Party_Girl_Fortnite_Montage [uXGC9gKcheI],2115,70.500000,1.0000,False,manual_box,noise
party_girl_augmented_Party_Girl_Fortnite_Montage_[uXGC9gKcheI]_002115_59b95941_a_3_2248b653_aug_noise.png,0,enemy,1,0.573522,0.812777,0.077000,0.374445,party_girl_augmented__Party_Girl_Fortnite_Montage [uXGC9gKcheI],2115,70.500000,1.0000,False,manual_box,noise
party_girl_augmented_Party_Girl_Fortnite_Montage_[uXGC9gKcheI]_002115_59b95941_a_3_2248b653_aug_flip.png,1,player,1,0.580477,0.693966,0.158470,0.612068,party_girl_augmented__Party_Girl_Fortnite_Montage [uXGC9gKcheI],2115,70.500000,1.0000,False,manual_box,flip
party_girl_augmented_Party_Girl_Fortnite_Montage_[uXGC9gKcheI]_002115_59b95941_a_3_2248b653_aug_flip.png,0,enemy,1,0.426478,0.812777,0.077000,0.374445,party_girl_augmented__Party_Girl_Fortnite_Montage [uXGC9gKcheI],2115,70.500000,1.0000,False,manual_box,flip
party_girl_augmented_Party_Girl_Fortnite_Montage_[uXGC9gKcheI]_002115_59b95941_a_4_ebd662d0_aug_original.png,1,player,1,0.580477,0.693966,0.158470,0.612068,party_girl_augmented__Party_Girl_Fortnite_Montage [uXGC9gKcheI],2115,70.500000,1.0000,False,manual_box,original
party_girl_augmented_Party_Girl_Fortnite_Montage_[uXGC9gKcheI]_002115_59b95941_a_4_ebd662d0_aug_original.png,0,enemy,1,0.426478,0.812777,0.077000,0.374445,party_girl_augmented__Party_Girl_Fortnite_Montage [uXGC9gKcheI],2115,70.500000,1.0000,False,manual_box,original
party_girl_augmented_Party_Girl_Fortnite_Montage_[uXGC9gKcheI]_002115_59b95941_a_4_ebd662d0_aug_brightness_0.7.png,1,player,1,0.580477,0.693966,0.158470,0.612068,party_girl_augmented__Party_Girl_Fortnite_Montage [uXGC9gKcheI],2115,70.500000,1.0000,False,manual_box,brightness_0.7
party_girl_augmented_Party_Girl_Fortnite_Montage_[uXGC9gKcheI]_002115_59b95941_a_4_ebd662d0_aug_brightness_0.7.png,0,enemy,1,0.426478,0.812777,0.077000,0.374445,party_girl_augmented__Party_Girl_Fortnite_Montage [uXGC9gKcheI],2115,70.500000,1.0000,False,manual_box,brightness_0.7
party_girl_augmented_Party_Girl_Fortnite_Montage_[uXGC9gKcheI]_002115_59b95941_a_4_ebd662d0_aug_brightness_1.3.png,1,player,1,0.580477,0.693966,0.158470,0.612068,party_girl_augmented__Party_Girl_Fortnite_Montage [uXGC9gKcheI],2115,70.500000,1.0000,False,manual_box,brightness_1.3
party_girl_augmented_Party_Girl_Fortnite_Montage_[uXGC9gKcheI]_002115_59b95941_a_4_ebd662d0_aug_brightness_1.3.png,0,enemy,1,0.426478,0.812777,0.077000,0.374445,party_girl_augmented__Party_Girl_Fortnite_Montage [uXGC9gKcheI],2115,70.500000,1.0000,False,manual_box,brightness_1.3
party_girl_augmented_Party_Girl_Fortnite_Montage_[uXGC9gKcheI]_002115_59b95941_a_4_ebd662d0_aug_noise.png,1,player,1,0.580477,0.693966,0.158470,0.612068,party_girl_augmented__Party_Girl_Fortnite_Montage [uXGC9gKcheI],2115,70.500000,1.0000,False,manual_box,noise
party_girl_augmented_Party_Girl_Fortnite_Montage_[uXGC9gKcheI]_002115_59b95941_a_4_ebd662d0_aug_noise.png,0,enemy,1,0.426478,0.812777,0.077000,0.374445,party_girl_augmented__Party_Girl_Fortnite_Montage [uXGC9gKcheI],2115,70.500000,1.0000,False,manual_box,noise
party_girl_augmented_Party_Girl_Fortnite_Montage_[uXGC9gKcheI]_002115_59b95941_a_4_ebd662d0_aug_flip.png,1,player,1,0.419523,0.693966,0.158470,0.612068,party_girl_augmented__Party_Girl_Fortnite_Montage [uXGC9gKcheI],2115,70.500000,1.0000,False,manual_box,flip
party_girl_augmented_Party_Girl_Fortnite_Montage_[uXGC9gKcheI]_002115_59b95941_a_4_ebd662d0_aug_flip.png,0,enemy,1,0.573522,0.812777,0.077000,0.374445,party_girl_augmented__Party_Girl_Fortnite_Montage [uXGC9gKcheI],2115,70.500000,1.0000,False,manual_box,flip
party_girl_augmented_Party_Girl_Fortnite_Montage_[uXGC9gKcheI]_002115_59b95941_a_5_2f49d1ee_aug_original.png,1,player,1,0.398665,0.720917,0.158470,0.558165,party_girl_augmented__Party_Girl_Fortnite_Montage [uXGC9gKcheI],2115,70.500000,1.0000,False,manual_box,original
party_girl_augmented_Party_Girl_Fortnite_Montage_[uXGC9gKcheI]_002115_59b95941_a_5_2f49d1ee_aug_original.png,0,enemy,1,0.552664,0.839729,0.077000,0.320543,party_girl_augmented__Party_Girl_Fortnite_Montage [uXGC9gKcheI],2115,70.500000,1.0000,False,manual_box,original
party_girl_augmented_Party_Girl_Fortnite_Montage_[uXGC9gKcheI]_002115_59b95941_a_5_2f49d1ee_aug_noise.png,1,player,1,0.398665,0.720917,0.158470,0.558165,party_girl_augmented__Party_Girl_Fortnite_Montage [uXGC9gKcheI],2115,70.500000,1.0000,False,manual_box,noise
party_girl_augmented_Party_Girl_Fortnite_Montage_[uXGC9gKcheI]_002115_59b95941_a_5_2f49d1ee_aug_noise.png,0,enemy,1,0.552664,0.839729,0.077000,0.320543,party_girl_augmented__Party_Girl_Fortnite_Montage [uXGC9gKcheI],2115,70.500000,1.0000,False,manual_box,noise
party_girl_augmented_Party_Girl_Fortnite_Montage_[uXGC9gKcheI]_002115_59b95941_a_5_2f49d1ee_aug_flip.png,1,player,1,0.601335,0.720917,0.158470,0.558165,party_girl_augmented__Party_Girl_Fortnite_Montage [uXGC9gKcheI],2115,70.500000,1.0000,False,manual_box,flip
party_girl_augmented_Party_Girl_Fortnite_Montage_[uXGC9gKcheI]_002115_59b95941_a_5_2f49d1ee_aug_flip.png,0,enemy,1,0.447336,0.839729,0.077000,0.320543,party_girl_augmented__Party_Girl_Fortnite_Montage [uXGC9gKcheI],2115,70.500000,1.0000,False,manual_box,flip
party_girl_augmented_Party_Girl_Fortnite_Montage_[uXGC9gKcheI]_002115_59b95941_a_5_2f49d1ee_aug_zoom.png,1,player,1,0.212977,0.634655,0.207404,0.730689,party_girl_augmented__Party_Girl_Fortnite_Montage [uXGC9gKcheI],2115,70.500000,1.0000,False,manual_box,zoom
party_girl_augmented_Party_Girl_Fortnite_Montage_[uXGC9gKcheI]_002115_59b95941_a_5_2f49d1ee_aug_zoom.png,0,enemy,1,0.414530,0.790190,0.100777,0.419619,party_girl_augmented__Party_Girl_Fortnite_Montage [uXGC9gKcheI],2115,70.500000,1.0000,False,manual_box,zoom
party_girl_augmented_Party_Girl_Fortnite_Montage_[uXGC9gKcheI]_002115_59b95941_a_5_2f49d1ee_aug_maskedpan.png,1,player,1,0.398665,0.720917,0.158470,0.558165,party_girl_augmented__Party_Girl_Fortnite_Montage [uXGC9gKcheI],2115,70.500000,1.0000,False,manual_box,maskedpan
party_girl_augmented_Party_Girl_Fortnite_Montage_[uXGC9gKcheI]_002115_59b95941_a_5d6f18ab_aug_original.png,1,player,1,0.419523,0.693966,0.158470,0.612068,party_girl_augmented__Party_Girl_Fortnite_Montage [uXGC9gKcheI],2115,70.500000,1.0000,False,manual_box,original
party_girl_augmented_Party_Girl_Fortnite_Montage_[uXGC9gKcheI]_002115_59b95941_a_5d6f18ab_aug_original.png,0,enemy,1,0.573522,0.812777,0.077000,0.374445,party_girl_augmented__Party_Girl_Fortnite_Montage [uXGC9gKcheI],2115,70.500000,1.0000,False,manual_box,original
party_girl_augmented_Party_Girl_Fortnite_Montage_[uXGC9gKcheI]_002115_59b95941_a_5d6f18ab_aug_brightness_0.7.png,1,player,1,0.419523,0.693966,0.158470,0.612068,party_girl_augmented__Party_Girl_Fortnite_Montage [uXGC9gKcheI],2115,70.500000,1.0000,False,manual_box,brightness_0.7
party_girl_augmented_Party_Girl_Fortnite_Montage_[uXGC9gKcheI]_002115_59b95941_a_5d6f18ab_aug_brightness_0.7.png,0,enemy,1,0.573522,0.812777,0.077000,0.374445,party_girl_augmented__Party_Girl_Fortnite_Montage [uXGC9gKcheI],2115,70.500000,1.0000,False,manual_box,brightness_0.7
party_girl_augmented_Party_Girl_Fortnite_Montage_[uXGC9gKcheI]_002115_59b95941_a_5d6f18ab_aug_brightness_1.3.png,1,player,1,0.419523,0.693966,0.158470,0.612068,party_girl_augmented__Party_Girl_Fortnite_Montage [uXGC9gKcheI],2115,70.500000,1.0000,False,manual_box,brightness_1.3
party_girl_augmented_Party_Girl_Fortnite_Montage_[uXGC9gKcheI]_002115_59b95941_a_5d6f18ab_aug_brightness_1.3.png,0,enemy,1,0.573522,0.812777,0.077000,0.374445,party_girl_augmented__Party_Girl_Fortnite_Montage [uXGC9gKcheI],2115,70.500000,1.0000,False,manual_box,brightness_1.3
party_girl_augmented_Party_Girl_Fortnite_Montage_[uXGC9gKcheI]_002115_59b95941_a_5d6f18ab_aug_noise.png,1,player,1,0.419523,0.693966,0.158470,0.612068,party_girl_augmented__Party_Girl_Fortnite_Montage [uXGC9gKcheI],2115,70.500000,1.0000,False,manual_box,noise
party_girl_augmented_Party_Girl_Fortnite_Montage_[uXGC9gKcheI]_002115_59b95941_a_5d6f18ab_aug_noise.png,0,enemy,1,0.573522,0.812777,0.077000,0.374445,party_girl_augmented__Party_Girl_Fortnite_Montage [uXGC9gKcheI],2115,70.500000,1.0000,False,manual_box,noise
party_girl_augmented_Party_Girl_Fortnite_Montage_[uXGC9gKcheI]_002115_59b95941_a_5d6f18ab_aug_zoom.png,1,player,1,0.444865,0.691296,0.148566,0.572964,party_girl_augmented__Party_Girl_Fortnite_Montage [uXGC9gKcheI],2115,70.500000,1.0000,False,manual_box,zoom
party_girl_augmented_Party_Girl_Fortnite_Montage_[uXGC9gKcheI]_002115_59b95941_a_5d6f18ab_aug_zoom.png,0,enemy,1,0.589239,0.802516,0.072188,0.350522,party_girl_augmented__Party_Girl_Fortnite_Montage [uXGC9gKcheI],2115,70.500000,1.0000,False,manual_box,zoom
party_girl_augmented_Party_Girl_Fortnite_Montage_[uXGC9gKcheI]_002211_25fd5322_a_2_d71678d4_aug_original.png,1,player,1,0.430949,0.717841,0.152509,0.513928,party_girl_augmented__Party_Girl_Fortnite_Montage [uXGC9gKcheI],2211,73.700000,1.0000,False,manual_box,original
party_girl_augmented_Party_Girl_Fortnite_Montage_[uXGC9gKcheI]_002211_25fd5322_a_2_d71678d4_aug_noise.png,1,player,1,0.430949,0.717841,0.152509,0.513928,party_girl_augmented__Party_Girl_Fortnite_Montage [uXGC9gKcheI],2211,73.700000,1.0000,False,manual_box,noise
party_girl_augmented_Party_Girl_Fortnite_Montage_[uXGC9gKcheI]_002211_25fd5322_a_2_d71678d4_aug_flip.png,1,player,1,0.569051,0.717841,0.152509,0.513928,party_girl_augmented__Party_Girl_Fortnite_Montage [uXGC9gKcheI],2211,73.700000,1.0000,False,manual_box,flip
party_girl_augmented_Party_Girl_Fortnite_Montage_[uXGC9gKcheI]_002211_25fd5322_a_2_d71678d4_aug_shift.png,1,player,1,0.512852,0.704377,0.152509,0.513928,party_girl_augmented__Party_Girl_Fortnite_Montage [uXGC9gKcheI],2211,73.700000,1.0000,False,manual_box,shift
party_girl_augmented_Party_Girl_Fortnite_Montage_[uXGC9gKcheI]_002211_25fd5322_a_3_677ef431_aug_original.png,1,player,1,0.430949,0.717841,0.152509,0.513928,party_girl_augmented__Party_Girl_Fortnite_Montage [uXGC9gKcheI],2211,73.700000,1.0000,False,manual_box,original
party_girl_augmented_Party_Girl_Fortnite_Montage_[uXGC9gKcheI]_002211_25fd5322_a_3_677ef431_aug_noise.png,1,player,1,0.430949,0.717841,0.152509,0.513928,party_girl_augmented__Party_Girl_Fortnite_Montage [uXGC9gKcheI],2211,73.700000,1.0000,False,manual_box,noise
party_girl_augmented_Party_Girl_Fortnite_Montage_[uXGC9gKcheI]_002211_25fd5322_a_3_677ef431_aug_flip.png,1,player,1,0.569051,0.717841,0.152509,0.513928,party_girl_augmented__Party_Girl_Fortnite_Montage [uXGC9gKcheI],2211,73.700000,1.0000,False,manual_box,flip
party_girl_augmented_Party_Girl_Fortnite_Montage_[uXGC9gKcheI]_002211_25fd5322_a_3_677ef431_aug_shift.png,1,player,1,0.304196,0.743530,0.152509,0.512940,party_girl_augmented__Party_Girl_Fortnite_Montage [uXGC9gKcheI],2211,73.700000,1.0000,False,manual_box,shift
party_girl_augmented_Party_Girl_Fortnite_Montage_[uXGC9gKcheI]_002211_25fd5322_a_3_677ef431_aug_zoom.png,1,player,1,0.388837,0.639797,0.194822,0.656078,party_girl_augmented__Party_Girl_Fortnite_Montage [uXGC9gKcheI],2211,73.700000,1.0000,False,manual_box,zoom
party_girl_augmented_Party_Girl_Fortnite_Montage_[uXGC9gKcheI]_002211_25fd5322_a_4_d34a59a6_aug_original.png,1,player,1,0.430949,0.717841,0.152509,0.513928,party_girl_augmented__Party_Girl_Fortnite_Montage [uXGC9gKcheI],2211,73.700000,1.0000,False,manual_box,original
party_girl_augmented_Party_Girl_Fortnite_Montage_[uXGC9gKcheI]_002211_25fd5322_a_4_d34a59a6_aug_brightness_0.7.png,1,player,1,0.430949,0.717841,0.152509,0.513928,party_girl_augmented__Party_Girl_Fortnite_Montage [uXGC9gKcheI],2211,73.700000,1.0000,False,manual_box,brightness_0.7
party_girl_augmented_Party_Girl_Fortnite_Montage_[uXGC9gKcheI]_002211_25fd5322_a_4_d34a59a6_aug_brightness_1.3.png,1,player,1,0.430949,0.717841,0.152509,0.513928,party_girl_augmented__Party_Girl_Fortnite_Montage [uXGC9gKcheI],2211,73.700000,1.0000,False,manual_box,brightness_1.3
party_girl_augmented_Party_Girl_Fortnite_Montage_[uXGC9gKcheI]_002211_25fd5322_a_4_d34a59a6_aug_noise.png,1,player,1,0.430949,0.717841,0.152509,0.513928,party_girl_augmented__Party_Girl_Fortnite_Montage [uXGC9gKcheI],2211,73.700000,1.0000,False,manual_box,noise
party_girl_augmented_Party_Girl_Fortnite_Montage_[uXGC9gKcheI]_002211_25fd5322_a_4_d34a59a6_aug_shift.png,1,player,1,0.441201,0.761241,0.152509,0.477518,party_girl_augmented__Party_Girl_Fortnite_Montage [uXGC9gKcheI],2211,73.700000,1.0000,False,manual_box,shift
party_girl_augmented_Party_Girl_Fortnite_Montage_[uXGC9gKcheI]_002211_25fd5322_a_5_58799477_aug_original.png,1,player,1,0.485729,0.642334,0.193662,0.651458,party_girl_augmented__Party_Girl_Fortnite_Montage [uXGC9gKcheI],2211,73.700000,1.0000,False,manual_box,original
party_girl_augmented_Party_Girl_Fortnite_Montage_[uXGC9gKcheI]_002211_25fd5322_a_62a05fd9_aug_original.png,1,player,1,0.430949,0.717841,0.152509,0.513928,party_girl_augmented__Party_Girl_Fortnite_Montage [uXGC9gKcheI],2211,73.700000,1.0000,False,manual_box,original
party_girl_augmented_Party_Girl_Fortnite_Montage_[uXGC9gKcheI]_002211_25fd5322_a_62a05fd9_aug_flip.png,1,player,1,0.569051,0.717841,0.152509,0.513928,party_girl_augmented__Party_Girl_Fortnite_Montage [uXGC9gKcheI],2211,73.700000,1.0000,False,manual_box,flip
party_girl_augmented_Party_Girl_Fortnite_Montage_[uXGC9gKcheI]_002211_25fd5322_a_62a05fd9_aug_shift.png,1,player,1,0.440279,0.642984,0.152509,0.513928,party_girl_augmented__Party_Girl_Fortnite_Montage [uXGC9gKcheI],2211,73.700000,1.0000,False,manual_box,shift
party_girl_augmented_Party_Girl_Fortnite_Montage_[uXGC9gKcheI]_002211_25fd5322_a_62a05fd9_aug_zoom.png,1,player,1,0.486433,0.682571,0.172144,0.578169,party_girl_augmented__Party_Girl_Fortnite_Montage [uXGC9gKcheI],2211,73.700000,1.0000,False,manual_box,zoom
party_girl_augmented_Party_Girl_Fortnite_Montage_[uXGC9gKcheI]_002211_25fd5322_a_62a05fd9_aug_maskedpan.png,1,player,1,0.430949,0.717841,0.152509,0.513928,party_girl_augmented__Party_Girl_Fortnite_Montage [uXGC9gKcheI],2211,73.700000,1.0000,False,manual_box,maskedpan
party_girl_augmented_Party_Girl_Fortnite_Montage_[uXGC9gKcheI]_002217_95f5b9e0_a_2_cd6b5635_aug_original.png,1,player,1,0.438400,0.724472,0.123696,0.496244,party_girl_augmented__Party_Girl_Fortnite_Montage [uXGC9gKcheI],2217,73.900000,1.0000,False,manual_box,original
party_girl_augmented_Party_Girl_Fortnite_Montage_[uXGC9gKcheI]_002217_95f5b9e0_a_2_cd6b5635_aug_original.png,0,enemy,1,0.496026,0.473587,0.029309,0.078471,party_girl_augmented__Party_Girl_Fortnite_Montage [uXGC9gKcheI],2217,73.900000,1.0000,False,manual_box,original
party_girl_augmented_Party_Girl_Fortnite_Montage_[uXGC9gKcheI]_002217_95f5b9e0_a_5083d8ba_aug_original.png,1,player,1,0.438400,0.724472,0.123696,0.496244,party_girl_augmented__Party_Girl_Fortnite_Montage [uXGC9gKcheI],2217,73.900000,1.0000,False,manual_box,original
party_girl_augmented_Party_Girl_Fortnite_Montage_[uXGC9gKcheI]_002217_95f5b9e0_a_5083d8ba_aug_original.png,0,enemy,1,0.496026,0.473587,0.029309,0.078471,party_girl_augmented__Party_Girl_Fortnite_Montage [uXGC9gKcheI],2217,73.900000,1.0000,False,manual_box,original
party_girl_augmented_Party_Girl_Fortnite_Montage_[uXGC9gKcheI]_002218_da45b5b5_a_8f72d114_aug_original.png,0,enemy,1,0.497516,0.473034,0.026329,0.075155,party_girl_augmented__Party_Girl_Fortnite_Montage [uXGC9gKcheI],2218,73.933333,1.0000,False,manual_box,original
party_girl_augmented_Party_Girl_Fortnite_Montage_[uXGC9gKcheI]_002218_da45b5b5_a_8f72d114_aug_original.png,1,player,1,0.425981,0.721156,0.147541,0.496244,party_girl_augmented__Party_Girl_Fortnite_Montage [uXGC9gKcheI],2218,73.933333,1.0000,False,manual_box,original
party_girl_augmented_Party_Girl_Fortnite_Montage_[uXGC9gKcheI]_002218_da45b5b5_a_8f72d114_aug_noise.png,0,enemy,1,0.497516,0.473034,0.026329,0.075155,party_girl_augmented__Party_Girl_Fortnite_Montage [uXGC9gKcheI],2218,73.933333,1.0000,False,manual_box,noise
party_girl_augmented_Party_Girl_Fortnite_Montage_[uXGC9gKcheI]_002218_da45b5b5_a_8f72d114_aug_noise.png,1,player,1,0.425981,0.721156,0.147541,0.496244,party_girl_augmented__Party_Girl_Fortnite_Montage [uXGC9gKcheI],2218,73.933333,1.0000,False,manual_box,noise
party_girl_augmented_Party_Girl_Fortnite_Montage_[uXGC9gKcheI]_002227_55be685f_a_2_99be6134_aug_original.png,1,player,1,0.405614,0.723919,0.187283,0.550400,party_girl_augmented__Party_Girl_Fortnite_Montage [uXGC9gKcheI],2227,74.233333,1.0000,False,manual_box,original
party_girl_augmented_Party_Girl_Fortnite_Montage_[uXGC9gKcheI]_002227_55be685f_a_2_99be6134_aug_original.png,0,enemy,1,0.515648,0.462535,0.022851,0.080681,party_girl_augmented__Party_Girl_Fortnite_Montage [uXGC9gKcheI],2227,74.233333,1.0000,False,manual_box,original
party_girl_augmented_Party_Girl_Fortnite_Montage_[uXGC9gKcheI]_002227_55be685f_a_04c9c4f5_aug_original.png,1,player,1,0.405614,0.723919,0.187283,0.550400,party_girl_augmented__Party_Girl_Fortnite_Montage [uXGC9gKcheI],2227,74.233333,1.0000,False,manual_box,original
party_girl_augmented_Party_Girl_Fortnite_Montage_[uXGC9gKcheI]_002227_55be685f_a_04c9c4f5_aug_original.png,0,enemy,1,0.515648,0.462535,0.022851,0.080681,party_girl_augmented__Party_Girl_Fortnite_Montage [uXGC9gKcheI],2227,74.233333,1.0000,False,manual_box,original
party_girl_augmented_Party_Girl_Fortnite_Montage_[uXGC9gKcheI]_002227_55be685f_a_04c9c4f5_aug_noise.png,1,player,1,0.405614,0.723919,0.187283,0.550400,party_girl_augmented__Party_Girl_Fortnite_Montage [uXGC9gKcheI],2227,74.233333,1.0000,False,manual_box,noise
party_girl_augmented_Party_Girl_Fortnite_Montage_[uXGC9gKcheI]_002227_55be685f_a_04c9c4f5_aug_noise.png,0,enemy,1,0.515648,0.462535,0.022851,0.080681,party_girl_augmented__Party_Girl_Fortnite_Montage [uXGC9gKcheI],2227,74.233333,1.0000,False,manual_box,noise
party_girl_augmented_Party_Girl_Fortnite_Montage_[uXGC9gKcheI]_003250_9f4de690_a_2_002fe574_aug_original.png,1,player,1,0.417536,0.736517,0.178341,0.526966,party_girl_augmented__Party_Girl_Fortnite_Montage [uXGC9gKcheI],3250,108.333333,1.0000,False,manual_box,original
party_girl_augmented_Party_Girl_Fortnite_Montage_[uXGC9gKcheI]_003250_9f4de690_a_2_002fe574_aug_noise.png,1,player,1,0.417536,0.736517,0.178341,0.526966,party_girl_augmented__Party_Girl_Fortnite_Montage [uXGC9gKcheI],3250,108.333333,1.0000,False,manual_box,noise
party_girl_augmented_Party_Girl_Fortnite_Montage_[uXGC9gKcheI]_003250_9f4de690_a_2_002fe574_aug_flip.png,1,player,1,0.582464,0.736517,0.178341,0.526966,party_girl_augmented__Party_Girl_Fortnite_Montage [uXGC9gKcheI],3250,108.333333,1.0000,False,manual_box,flip
party_girl_augmented_Party_Girl_Fortnite_Montage_[uXGC9gKcheI]_003250_9f4de690_a_2_002fe574_aug_shift.png,1,player,1,0.420346,0.795953,0.178341,0.408093,party_girl_augmented__Party_Girl_Fortnite_Montage [uXGC9gKcheI],3250,108.333333,1.0000,False,manual_box,shift
party_girl_augmented_Party_Girl_Fortnite_Montage_[uXGC9gKcheI]_003250_9f4de690_a_2_002fe574_aug_zoom.png,1,player,1,0.347151,0.705423,0.199892,0.589155,party_girl_augmented__Party_Girl_Fortnite_Montage [uXGC9gKcheI],3250,108.333333,1.0000,False,manual_box,zoom
party_girl_augmented_Party_Girl_Fortnite_Montage_[uXGC9gKcheI]_003250_9f4de690_a_3_58f24c2d_aug_original.png,1,player,1,0.417536,0.736517,0.178341,0.526966,party_girl_augmented__Party_Girl_Fortnite_Montage [uXGC9gKcheI],3250,108.333333,1.0000,False,manual_box,original
party_girl_augmented_Party_Girl_Fortnite_Montage_[uXGC9gKcheI]_003250_9f4de690_a_3_58f24c2d_aug_brightness_0.7.png,1,player,1,0.417536,0.736517,0.178341,0.526966,party_girl_augmented__Party_Girl_Fortnite_Montage [uXGC9gKcheI],3250,108.333333,1.0000,False,manual_box,brightness_0.7
party_girl_augmented_Party_Girl_Fortnite_Montage_[uXGC9gKcheI]_003250_9f4de690_a_3_58f24c2d_aug_brightness_1.3.png,1,player,1,0.417536,0.736517,0.178341,0.526966,party_girl_augmented__Party_Girl_Fortnite_Montage [uXGC9gKcheI],3250,108.333333,1.0000,False,manual_box,brightness_1.3
party_girl_augmented_Party_Girl_Fortnite_Montage_[uXGC9gKcheI]_003250_9f4de690_a_3_58f24c2d_aug_flip.png,1,player,1,0.582464,0.736517,0.178341,0.526966,party_girl_augmented__Party_Girl_Fortnite_Montage [uXGC9gKcheI],3250,108.333333,1.0000,False,manual_box,flip
party_girl_augmented_Party_Girl_Fortnite_Montage_[uXGC9gKcheI]_003250_9f4de690_a_3_58f24c2d_aug_shift.png,1,player,1,0.488047,0.802086,0.178341,0.395829,party_girl_augmented__Party_Girl_Fortnite_Montage [uXGC9gKcheI],3250,108.333333,1.0000,False,manual_box,shift
party_girl_augmented_Party_Girl_Fortnite_Montage_[uXGC9gKcheI]_003250_9f4de690_a_4_fedd7ead_aug_original.png,1,player,1,0.417536,0.736517,0.178341,0.526966,party_girl_augmented__Party_Girl_Fortnite_Montage [uXGC9gKcheI],3250,108.333333,1.0000,False,manual_box,original
party_girl_augmented_Party_Girl_Fortnite_Montage_[uXGC9gKcheI]_003250_9f4de690_a_4_fedd7ead_aug_brightness_0.7.png,1,player,1,0.417536,0.736517,0.178341,0.526966,party_girl_augmented__Party_Girl_Fortnite_Montage [uXGC9gKcheI],3250,108.333333,1.0000,False,manual_box,brightness_0.7
party_girl_augmented_Party_Girl_Fortnite_Montage_[uXGC9gKcheI]_003250_9f4de690_a_4_fedd7ead_aug_brightness_1.3.png,1,player,1,0.417536,0.736517,0.178341,0.526966,party_girl_augmented__Party_Girl_Fortnite_Montage [uXGC9gKcheI],3250,108.333333,1.0000,False,manual_box,brightness_1.3
party_girl_augmented_Party_Girl_Fortnite_Montage_[uXGC9gKcheI]_003250_9f4de690_a_4_fedd7ead_aug_noise.png,1,player,1,0.417536,0.736517,0.178341,0.526966,party_girl_augmented__Party_Girl_Fortnite_Montage [uXGC9gKcheI],3250,108.333333,1.0000,False,manual_box,noise
party_girl_augmented_Party_Girl_Fortnite_Montage_[uXGC9gKcheI]_003250_9f4de690_a_4_fedd7ead_aug_flip.png,1,player,1,0.582464,0.736517,0.178341,0.526966,party_girl_augmented__Party_Girl_Fortnite_Montage [uXGC9gKcheI],3250,108.333333,1.0000,False,manual_box,flip
party_girl_augmented_Party_Girl_Fortnite_Montage_[uXGC9gKcheI]_003250_9f4de690_a_5_34e0035e_aug_original.png,1,player,1,0.528096,0.680745,0.178341,0.526966,party_girl_augmented__Party_Girl_Fortnite_Montage [uXGC9gKcheI],3250,108.333333,1.0000,False,manual_box,original
party_girl_augmented_Party_Girl_Fortnite_Montage_[uXGC9gKcheI]_003250_9f4de690_a_5_34e0035e_aug_brightness_0.7.png,1,player,1,0.528096,0.680745,0.178341,0.526966,party_girl_augmented__Party_Girl_Fortnite_Montage [uXGC9gKcheI],3250,108.333333,1.0000,False,manual_box,brightness_0.7
party_girl_augmented_Party_Girl_Fortnite_Montage_[uXGC9gKcheI]_003250_9f4de690_a_5_34e0035e_aug_brightness_1.3.png,1,player,1,0.528096,0.680745,0.178341,0.526966,party_girl_augmented__Party_Girl_Fortnite_Montage [uXGC9gKcheI],3250,108.333333,1.0000,False,manual_box,brightness_1.3
party_girl_augmented_Party_Girl_Fortnite_Montage_[uXGC9gKcheI]_003250_9f4de690_a_5_34e0035e_aug_noise.png,1,player,1,0.528096,0.680745,0.178341,0.526966,party_girl_augmented__Party_Girl_Fortnite_Montage [uXGC9gKcheI],3250,108.333333,1.0000,False,manual_box,noise
party_girl_augmented_Party_Girl_Fortnite_Montage_[uXGC9gKcheI]_003250_9f4de690_a_5_34e0035e_aug_flip.png,1,player,1,0.471904,0.680745,0.178341,0.526966,party_girl_augmented__Party_Girl_Fortnite_Montage [uXGC9gKcheI],3250,108.333333,1.0000,False,manual_box,flip
party_girl_augmented_Party_Girl_Fortnite_Montage_[uXGC9gKcheI]_003250_9f4de690_a_7235582a_aug_original.png,1,player,1,0.417536,0.736517,0.178341,0.526966,party_girl_augmented__Party_Girl_Fortnite_Montage [uXGC9gKcheI],3250,108.333333,1.0000,False,manual_box,original
party_girl_augmented_Party_Girl_Fortnite_Montage_[uXGC9gKcheI]_003250_9f4de690_a_7235582a_aug_flip.png,1,player,1,0.582464,0.736517,0.178341,0.526966,party_girl_augmented__Party_Girl_Fortnite_Montage [uXGC9gKcheI],3250,108.333333,1.0000,False,manual_box,flip
party_girl_augmented_Party_Girl_Fortnite_Montage_[uXGC9gKcheI]_003250_9f4de690_a_7235582a_aug_shift.png,1,player,1,0.486108,0.716946,0.178341,0.526966,party_girl_augmented__Party_Girl_Fortnite_Montage [uXGC9gKcheI],3250,108.333333,1.0000,False,manual_box,shift
party_girl_augmented_Party_Girl_Fortnite_Montage_[uXGC9gKcheI]_003250_9f4de690_a_7235582a_aug_zoom.png,1,player,1,0.376015,0.637962,0.244932,0.724075,party_girl_augmented__Party_Girl_Fortnite_Montage [uXGC9gKcheI],3250,108.333333,1.0000,False,manual_box,zoom
party_girl_augmented_Party_Girl_Fortnite_Montage_[uXGC9gKcheI]_003318_114975e3_a_2_f41b25a3_aug_original.png,1,player,1,0.415052,0.707781,0.133631,0.584437,party_girl_augmented__Party_Girl_Fortnite_Montage [uXGC9gKcheI],3318,110.600000,1.0000,False,manual_box,original
party_girl_augmented_Party_Girl_Fortnite_Montage_[uXGC9gKcheI]_003318_114975e3_a_2_f41b25a3_aug_original.png,0,enemy,1,0.729508,0.434904,0.118728,0.467508,party_girl_augmented__Party_Girl_Fortnite_Montage [uXGC9gKcheI],3318,110.600000,1.0000,False,manual_box,original
party_girl_augmented_Party_Girl_Fortnite_Montage_[uXGC9gKcheI]_003318_114975e3_a_2_f41b25a3_aug_noise.png,1,player,1,0.415052,0.707781,0.133631,0.584437,party_girl_augmented__Party_Girl_Fortnite_Montage [uXGC9gKcheI],3318,110.600000,1.0000,False,manual_box,noise
party_girl_augmented_Party_Girl_Fortnite_Montage_[uXGC9gKcheI]_003318_114975e3_a_2_f41b25a3_aug_noise.png,0,enemy,1,0.729508,0.434904,0.118728,0.467508,party_girl_augmented__Party_Girl_Fortnite_Montage [uXGC9gKcheI],3318,110.600000,1.0000,False,manual_box,noise
party_girl_augmented_Party_Girl_Fortnite_Montage_[uXGC9gKcheI]_003318_114975e3_a_2_f41b25a3_aug_flip.png,1,player,1,0.584948,0.707781,0.133631,0.584437,party_girl_augmented__Party_Girl_Fortnite_Montage [uXGC9gKcheI],3318,110.600000,1.0000,False,manual_box,flip
party_girl_augmented_Party_Girl_Fortnite_Montage_[uXGC9gKcheI]_003318_114975e3_a_2_f41b25a3_aug_flip.png,0,enemy,1,0.270492,0.434904,0.118728,0.467508,party_girl_augmented__Party_Girl_Fortnite_Montage [uXGC9gKcheI],3318,110.600000,1.0000,False,manual_box,flip
party_girl_augmented_Party_Girl_Fortnite_Montage_[uXGC9gKcheI]_003318_114975e3_a_2_f41b25a3_aug_shift.png,1,player,1,0.385435,0.628741,0.133631,0.584437,party_girl_augmented__Party_Girl_Fortnite_Montage [uXGC9gKcheI],3318,110.600000,1.0000,False,manual_box,shift
party_girl_augmented_Party_Girl_Fortnite_Montage_[uXGC9gKcheI]_003318_114975e3_a_2_f41b25a3_aug_shift.png,0,enemy,1,0.699891,0.355864,0.118728,0.467508,party_girl_augmented__Party_Girl_Fortnite_Montage [uXGC9gKcheI],3318,110.600000,1.0000,False,manual_box,shift
party_girl_augmented_Party_Girl_Fortnite_Montage_[uXGC9gKcheI]_003318_114975e3_a_2_f41b25a3_aug_zoom.png,1,player,1,0.442650,0.699954,0.123400,0.538981,party_girl_augmented__Party_Girl_Fortnite_Montage [uXGC9gKcheI],3318,110.600000,1.0000,False,manual_box,zoom
party_girl_augmented_Party_Girl_Fortnite_Montage_[uXGC9gKcheI]_003318_114975e3_a_2_f41b25a3_aug_zoom.png,0,enemy,1,0.733030,0.448300,0.109638,0.431146,party_girl_augmented__Party_Girl_Fortnite_Montage [uXGC9gKcheI],3318,110.600000,1.0000,False,manual_box,zoom
party_girl_augmented_Party_Girl_Fortnite_Montage_[uXGC9gKcheI]_003318_114975e3_a_3_4568ce1a_aug_original.png,1,player,1,0.415052,0.707781,0.133631,0.584437,party_girl_augmented__Party_Girl_Fortnite_Montage [uXGC9gKcheI],3318,110.600000,1.0000,False,manual_box,original
party_girl_augmented_Party_Girl_Fortnite_Montage_[uXGC9gKcheI]_003318_114975e3_a_3_4568ce1a_aug_original.png,0,enemy,1,0.729508,0.434904,0.118728,0.467508,party_girl_augmented__Party_Girl_Fortnite_Montage [uXGC9gKcheI],3318,110.600000,1.0000,False,manual_box,original
party_girl_augmented_Party_Girl_Fortnite_Montage_[uXGC9gKcheI]_003318_114975e3_a_3_4568ce1a_aug_noise.png,1,player,1,0.415052,0.707781,0.133631,0.584437,party_girl_augmented__Party_Girl_Fortnite_Montage [uXGC9gKcheI],3318,110.600000,1.0000,False,manual_box,noise
party_girl_augmented_Party_Girl_Fortnite_Montage_[uXGC9gKcheI]_003318_114975e3_a_3_4568ce1a_aug_noise.png,0,enemy,1,0.729508,0.434904,0.118728,0.467508,party_girl_augmented__Party_Girl_Fortnite_Montage [uXGC9gKcheI],3318,110.600000,1.0000,False,manual_box,noise
party_girl_augmented_Party_Girl_Fortnite_Montage_[uXGC9gKcheI]_003318_114975e3_a_3_4568ce1a_aug_zoom.png,1,player,1,0.470630,0.614691,0.113795,0.498395,party_girl_augmented__Party_Girl_Fortnite_Montage [uXGC9gKcheI],3318,110.600000,1.0000,False,manual_box,zoom
party_girl_augmented_Party_Girl_Fortnite_Montage_[uXGC9gKcheI]_003318_114975e3_a_3_4568ce1a_aug_zoom.png,0,enemy,1,0.738409,0.381988,0.101104,0.398680,party_girl_augmented__Party_Girl_Fortnite_Montage [uXGC9gKcheI],3318,110.600000,1.0000,False,manual_box,zoom
party_girl_augmented_Party_Girl_Fortnite_Montage_[uXGC9gKcheI]_003318_114975e3_a_4_3458d2e6_aug_original.png,1,player,1,0.415052,0.707781,0.133631,0.584437,party_girl_augmented__Party_Girl_Fortnite_Montage [uXGC9gKcheI],3318,110.600000,1.0000,False,manual_box,original
party_girl_augmented_Party_Girl_Fortnite_Montage_[uXGC9gKcheI]_003318_114975e3_a_4_3458d2e6_aug_original.png,0,enemy,1,0.729508,0.434904,0.118728,0.467508,party_girl_augmented__Party_Girl_Fortnite_Montage [uXGC9gKcheI],3318,110.600000,1.0000,False,manual_box,original
party_girl_augmented_Party_Girl_Fortnite_Montage_[uXGC9gKcheI]_003318_114975e3_a_4_3458d2e6_aug_brightness_0.7.png,1,player,1,0.415052,0.707781,0.133631,0.584437,party_girl_augmented__Party_Girl_Fortnite_Montage [uXGC9gKcheI],3318,110.600000,1.0000,False,manual_box,brightness_0.7
party_girl_augmented_Party_Girl_Fortnite_Montage_[uXGC9gKcheI]_003318_114975e3_a_4_3458d2e6_aug_brightness_0.7.png,0,enemy,1,0.729508,0.434904,0.118728,0.467508,party_girl_augmented__Party_Girl_Fortnite_Montage [uXGC9gKcheI],3318,110.600000,1.0000,False,manual_box,brightness_0.7
party_girl_augmented_Party_Girl_Fortnite_Montage_[uXGC9gKcheI]_003318_114975e3_a_4_3458d2e6_aug_brightness_1.3.png,1,player,1,0.415052,0.707781,0.133631,0.584437,party_girl_augmented__Party_Girl_Fortnite_Montage [uXGC9gKcheI],3318,110.600000,1.0000,False,manual_box,brightness_1.3
party_girl_augmented_Party_Girl_Fortnite_Montage_[uXGC9gKcheI]_003318_114975e3_a_4_3458d2e6_aug_brightness_1.3.png,0,enemy,1,0.729508,0.434904,0.118728,0.467508,party_girl_augmented__Party_Girl_Fortnite_Montage [uXGC9gKcheI],3318,110.600000,1.0000,False,manual_box,brightness_1.3
party_girl_augmented_Party_Girl_Fortnite_Montage_[uXGC9gKcheI]_003318_114975e3_a_4_3458d2e6_aug_noise.png,1,player,1,0.415052,0.707781,0.133631,0.584437,party_girl_augmented__Party_Girl_Fortnite_Montage [uXGC9gKcheI],3318,110.600000,1.0000,False,manual_box,noise
party_girl_augmented_Party_Girl_Fortnite_Montage_[uXGC9gKcheI]_003318_114975e3_a_4_3458d2e6_aug_noise.png,0,enemy,1,0.729508,0.434904,0.118728,0.467508,party_girl_augmented__Party_Girl_Fortnite_Montage [uXGC9gKcheI],3318,110.600000,1.0000,False,manual_box,noise
party_girl_augmented_Party_Girl_Fortnite_Montage_[uXGC9gKcheI]_003318_114975e3_a_4_3458d2e6_aug_flip.png,1,player,1,0.584948,0.707781,0.133631,0.584437,party_girl_augmented__Party_Girl_Fortnite_Montage [uXGC9gKcheI],3318,110.600000,1.0000,False,manual_box,flip
party_girl_augmented_Party_Girl_Fortnite_Montage_[uXGC9gKcheI]_003318_114975e3_a_4_3458d2e6_aug_flip.png,0,enemy,1,0.270492,0.434904,0.118728,0.467508,party_girl_augmented__Party_Girl_Fortnite_Montage [uXGC9gKcheI],3318,110.600000,1.0000,False,manual_box,flip
party_girl_augmented_Party_Girl_Fortnite_Montage_[uXGC9gKcheI]_003318_114975e3_a_5_462d12bc_aug_original.png,1,player,1,0.491126,0.622718,0.133631,0.584437,party_girl_augmented__Party_Girl_Fortnite_Montage [uXGC9gKcheI],3318,110.600000,1.0000,False,manual_box,original
party_girl_augmented_Party_Girl_Fortnite_Montage_[uXGC9gKcheI]_003318_114975e3_a_5_462d12bc_aug_original.png,0,enemy,1,0.805582,0.349841,0.118728,0.467508,party_girl_augmented__Party_Girl_Fortnite_Montage [uXGC9gKcheI],3318,110.600000,1.0000,False,manual_box,original
party_girl_augmented_Party_Girl_Fortnite_Montage_[uXGC9gKcheI]_003318_114975e3_a_5_462d12bc_aug_brightness_0.7.png,1,player,1,0.491126,0.622718,0.133631,0.584437,party_girl_augmented__Party_Girl_Fortnite_Montage [uXGC9gKcheI],3318,110.600000,1.0000,False,manual_box,brightness_0.7
party_girl_augmented_Party_Girl_Fortnite_Montage_[uXGC9gKcheI]_003318_114975e3_a_5_462d12bc_aug_brightness_0.7.png,0,enemy,1,0.805582,0.349841,0.118728,0.467508,party_girl_augmented__Party_Girl_Fortnite_Montage [uXGC9gKcheI],3318,110.600000,1.0000,False,manual_box,brightness_0.7
party_girl_augmented_Party_Girl_Fortnite_Montage_[uXGC9gKcheI]_003318_114975e3_a_5_462d12bc_aug_brightness_1.3.png,1,player,1,0.491126,0.622718,0.133631,0.584437,party_girl_augmented__Party_Girl_Fortnite_Montage [uXGC9gKcheI],3318,110.600000,1.0000,False,manual_box,brightness_1.3
party_girl_augmented_Party_Girl_Fortnite_Montage_[uXGC9gKcheI]_003318_114975e3_a_5_462d12bc_aug_brightness_1.3.png,0,enemy,1,0.805582,0.349841,0.118728,0.467508,party_girl_augmented__Party_Girl_Fortnite_Montage [uXGC9gKcheI],3318,110.600000,1.0000,False,manual_box,brightness_1.3
party_girl_augmented_Party_Girl_Fortnite_Montage_[uXGC9gKcheI]_003318_114975e3_a_5_462d12bc_aug_noise.png,1,player,1,0.491126,0.622718,0.133631,0.584437,party_girl_augmented__Party_Girl_Fortnite_Montage [uXGC9gKcheI],3318,110.600000,1.0000,False,manual_box,noise
party_girl_augmented_Party_Girl_Fortnite_Montage_[uXGC9gKcheI]_003318_114975e3_a_5_462d12bc_aug_noise.png,0,enemy,1,0.805582,0.349841,0.118728,0.467508,party_girl_augmented__Party_Girl_Fortnite_Montage [uXGC9gKcheI],3318,110.600000,1.0000,False,manual_box,noise
party_girl_augmented_Party_Girl_Fortnite_Montage_[uXGC9gKcheI]_003318_114975e3_a_5_462d12bc_aug_maskedpan.png,1,player,1,0.491126,0.622718,0.133631,0.584437,party_girl_augmented__Party_Girl_Fortnite_Montage [uXGC9gKcheI],3318,110.600000,1.0000,False,manual_box,maskedpan
party_girl_augmented_Party_Girl_Fortnite_Montage_[uXGC9gKcheI]_003318_114975e3_a_5_462d12bc_aug_maskedpan.png,0,enemy,1,0.538394,0.474841,0.118728,0.467508,party_girl_augmented__Party_Girl_Fortnite_Montage [uXGC9gKcheI],3318,110.600000,1.0000,False,manual_box,maskedpan
party_girl_augmented_Party_Girl_Fortnite_Montage_[uXGC9gKcheI]_003318_114975e3_a_70b58390_aug_original.png,1,player,1,0.415052,0.707781,0.133631,0.584437,party_girl_augmented__Party_Girl_Fortnite_Montage [uXGC9gKcheI],3318,110.600000,1.0000,False,manual_box,original
party_girl_augmented_Party_Girl_Fortnite_Montage_[uXGC9gKcheI]_003318_114975e3_a_70b58390_aug_original.png,0,enemy,1,0.729508,0.434904,0.118728,0.467508,party_girl_augmented__Party_Girl_Fortnite_Montage [uXGC9gKcheI],3318,110.600000,1.0000,False,manual_box,original
party_girl_augmented_Party_Girl_Fortnite_Montage_[uXGC9gKcheI]_003318_114975e3_a_70b58390_aug_brightness_0.7.png,1,player,1,0.415052,0.707781,0.133631,0.584437,party_girl_augmented__Party_Girl_Fortnite_Montage [uXGC9gKcheI],3318,110.600000,1.0000,False,manual_box,brightness_0.7
party_girl_augmented_Party_Girl_Fortnite_Montage_[uXGC9gKcheI]_003318_114975e3_a_70b58390_aug_brightness_0.7.png,0,enemy,1,0.729508,0.434904,0.118728,0.467508,party_girl_augmented__Party_Girl_Fortnite_Montage [uXGC9gKcheI],3318,110.600000,1.0000,False,manual_box,brightness_0.7
party_girl_augmented_Party_Girl_Fortnite_Montage_[uXGC9gKcheI]_003318_114975e3_a_70b58390_aug_brightness_1.3.png,1,player,1,0.415052,0.707781,0.133631,0.584437,party_girl_augmented__Party_Girl_Fortnite_Montage [uXGC9gKcheI],3318,110.600000,1.0000,False,manual_box,brightness_1.3
party_girl_augmented_Party_Girl_Fortnite_Montage_[uXGC9gKcheI]_003318_114975e3_a_70b58390_aug_brightness_1.3.png,0,enemy,1,0.729508,0.434904,0.118728,0.467508,party_girl_augmented__Party_Girl_Fortnite_Montage [uXGC9gKcheI],3318,110.600000,1.0000,False,manual_box,brightness_1.3
party_girl_augmented_Party_Girl_Fortnite_Montage_[uXGC9gKcheI]_003318_114975e3_a_70b58390_aug_noise.png,1,player,1,0.415052,0.707781,0.133631,0.584437,party_girl_augmented__Party_Girl_Fortnite_Montage [uXGC9gKcheI],3318,110.600000,1.0000,False,manual_box,noise
party_girl_augmented_Party_Girl_Fortnite_Montage_[uXGC9gKcheI]_003318_114975e3_a_70b58390_aug_noise.png,0,enemy,1,0.729508,0.434904,0.118728,0.467508,party_girl_augmented__Party_Girl_Fortnite_Montage [uXGC9gKcheI],3318,110.600000,1.0000,False,manual_box,noise
party_girl_augmented_Party_Girl_Fortnite_Montage_[uXGC9gKcheI]_003318_114975e3_a_70b58390_aug_flip.png,1,player,1,0.584948,0.707781,0.133631,0.584437,party_girl_augmented__Party_Girl_Fortnite_Montage [uXGC9gKcheI],3318,110.600000,1.0000,False,manual_box,flip
party_girl_augmented_Party_Girl_Fortnite_Montage_[uXGC9gKcheI]_003318_114975e3_a_70b58390_aug_flip.png,0,enemy,1,0.270492,0.434904,0.118728,0.467508,party_girl_augmented__Party_Girl_Fortnite_Montage [uXGC9gKcheI],3318,110.600000,1.0000,False,manual_box,flip
party_girl_augmented_Party_Girl_Fortnite_Montage_[uXGC9gKcheI]_003430_64ce4563_a_6e36f8dc_aug_original.png,1,player,1,0.417536,0.732649,0.163438,0.534702,party_girl_augmented__Party_Girl_Fortnite_Montage [uXGC9gKcheI],3430,114.333333,1.0000,False,manual_box,original
party_girl_augmented_Party_Girl_Fortnite_Montage_[uXGC9gKcheI]_003430_64ce4563_a_6e36f8dc_aug_original.png,0,enemy,1,0.511923,0.440430,0.052161,0.155836,party_girl_augmented__Party_Girl_Fortnite_Montage [uXGC9gKcheI],3430,114.333333,1.0000,False,manual_box,original
party_girl_augmented_Party_Girl_Fortnite_Montage_[uXGC9gKcheI]_003430_64ce4563_a_6e36f8dc_aug_noise.png,1,player,1,0.417536,0.732649,0.163438,0.534702,party_girl_augmented__Party_Girl_Fortnite_Montage [uXGC9gKcheI],3430,114.333333,1.0000,False,manual_box,noise
party_girl_augmented_Party_Girl_Fortnite_Montage_[uXGC9gKcheI]_003430_64ce4563_a_6e36f8dc_aug_noise.png,0,enemy,1,0.511923,0.440430,0.052161,0.155836,party_girl_augmented__Party_Girl_Fortnite_Montage [uXGC9gKcheI],3430,114.333333,1.0000,False,manual_box,noise
party_girl_augmented_Party_Girl_Fortnite_Montage_[uXGC9gKcheI]_003593_21e524c1_a_2_73e7eb64_aug_original.png,1,player,1,0.424739,0.717728,0.161947,0.564543,party_girl_augmented__Party_Girl_Fortnite_Montage [uXGC9gKcheI],3593,119.766666,1.0000,False,manual_box,original
party_girl_augmented_Party_Girl_Fortnite_Montage_[uXGC9gKcheI]_003593_21e524c1_a_2_73e7eb64_aug_brightness_0.7.png,1,player,1,0.424739,0.717728,0.161947,0.564543,party_girl_augmented__Party_Girl_Fortnite_Montage [uXGC9gKcheI],3593,119.766666,1.0000,False,manual_box,brightness_0.7
party_girl_augmented_Party_Girl_Fortnite_Montage_[uXGC9gKcheI]_003593_21e524c1_a_2_73e7eb64_aug_brightness_1.3.png,1,player,1,0.424739,0.717728,0.161947,0.564543,party_girl_augmented__Party_Girl_Fortnite_Montage [uXGC9gKcheI],3593,119.766666,1.0000,False,manual_box,brightness_1.3
party_girl_augmented_Party_Girl_Fortnite_Montage_[uXGC9gKcheI]_003593_21e524c1_a_2_73e7eb64_aug_noise.png,1,player,1,0.424739,0.717728,0.161947,0.564543,party_girl_augmented__Party_Girl_Fortnite_Montage [uXGC9gKcheI],3593,119.766666,1.0000,False,manual_box,noise
party_girl_augmented_Party_Girl_Fortnite_Montage_[uXGC9gKcheI]_003593_21e524c1_a_2_73e7eb64_aug_flip.png,1,player,1,0.575261,0.717728,0.161947,0.564543,party_girl_augmented__Party_Girl_Fortnite_Montage [uXGC9gKcheI],3593,119.766666,1.0000,False,manual_box,flip
party_girl_augmented_Party_Girl_Fortnite_Montage_[uXGC9gKcheI]_003593_21e524c1_a_3_fc40e7e1_aug_original.png,1,player,1,0.424739,0.717728,0.161947,0.564543,party_girl_augmented__Party_Girl_Fortnite_Montage [uXGC9gKcheI],3593,119.766666,1.0000,False,manual_box,original
party_girl_augmented_Party_Girl_Fortnite_Montage_[uXGC9gKcheI]_003593_21e524c1_a_3_fc40e7e1_aug_brightness_0.7.png,1,player,1,0.424739,0.717728,0.161947,0.564543,party_girl_augmented__Party_Girl_Fortnite_Montage [uXGC9gKcheI],3593,119.766666,1.0000,False,manual_box,brightness_0.7
party_girl_augmented_Party_Girl_Fortnite_Montage_[uXGC9gKcheI]_003593_21e524c1_a_3_fc40e7e1_aug_brightness_1.3.png,1,player,1,0.424739,0.717728,0.161947,0.564543,party_girl_augmented__Party_Girl_Fortnite_Montage [uXGC9gKcheI],3593,119.766666,1.0000,False,manual_box,brightness_1.3
party_girl_augmented_Party_Girl_Fortnite_Montage_[uXGC9gKcheI]_003593_21e524c1_a_3_fc40e7e1_aug_noise.png,1,player,1,0.424739,0.717728,0.161947,0.564543,party_girl_augmented__Party_Girl_Fortnite_Montage [uXGC9gKcheI],3593,119.766666,1.0000,False,manual_box,noise
party_girl_augmented_Party_Girl_Fortnite_Montage_[uXGC9gKcheI]_003593_21e524c1_a_3_fc40e7e1_aug_maskedpan.png,1,player,1,0.424739,0.717728,0.161947,0.564543,party_girl_augmented__Party_Girl_Fortnite_Montage [uXGC9gKcheI],3593,119.766666,1.0000,False,manual_box,maskedpan
party_girl_augmented_Party_Girl_Fortnite_Montage_[uXGC9gKcheI]_003593_21e524c1_a_4_1b964282_aug_original.png,1,player,1,0.424739,0.717728,0.161947,0.564543,party_girl_augmented__Party_Girl_Fortnite_Montage [uXGC9gKcheI],3593,119.766666,1.0000,False,manual_box,original
party_girl_augmented_Party_Girl_Fortnite_Montage_[uXGC9gKcheI]_003593_21e524c1_a_4_1b964282_aug_brightness_0.7.png,1,player,1,0.424739,0.717728,0.161947,0.564543,party_girl_augmented__Party_Girl_Fortnite_Montage [uXGC9gKcheI],3593,119.766666,1.0000,False,manual_box,brightness_0.7
party_girl_augmented_Party_Girl_Fortnite_Montage_[uXGC9gKcheI]_003593_21e524c1_a_4_1b964282_aug_brightness_1.3.png,1,player,1,0.424739,0.717728,0.161947,0.564543,party_girl_augmented__Party_Girl_Fortnite_Montage [uXGC9gKcheI],3593,119.766666,1.0000,False,manual_box,brightness_1.3
party_girl_augmented_Party_Girl_Fortnite_Montage_[uXGC9gKcheI]_003593_21e524c1_a_4_1b964282_aug_noise.png,1,player,1,0.424739,0.717728,0.161947,0.564543,party_girl_augmented__Party_Girl_Fortnite_Montage [uXGC9gKcheI],3593,119.766666,1.0000,False,manual_box,noise
party_girl_augmented_Party_Girl_Fortnite_Montage_[uXGC9gKcheI]_003593_21e524c1_a_4_1b964282_aug_flip.png,1,player,1,0.575261,0.717728,0.161947,0.564543,party_girl_augmented__Party_Girl_Fortnite_Montage [uXGC9gKcheI],3593,119.766666,1.0000,False,manual_box,flip
party_girl_augmented_Party_Girl_Fortnite_Montage_[uXGC9gKcheI]_003593_21e524c1_a_5_7998727c_aug_original.png,1,player,1,0.575261,0.717728,0.161947,0.564543,party_girl_augmented__Party_Girl_Fortnite_Montage [uXGC9gKcheI],3593,119.766666,1.0000,False,manual_box,original
party_girl_augmented_Party_Girl_Fortnite_Montage_[uXGC9gKcheI]_003593_21e524c1_a_5_7998727c_aug_flip.png,1,player,1,0.424739,0.717728,0.161947,0.564543,party_girl_augmented__Party_Girl_Fortnite_Montage [uXGC9gKcheI],3593,119.766666,1.0000,False,manual_box,flip
party_girl_augmented_Party_Girl_Fortnite_Montage_[uXGC9gKcheI]_003593_21e524c1_a_5_7998727c_aug_shift.png,1,player,1,0.677682,0.670571,0.161947,0.564543,party_girl_augmented__Party_Girl_Fortnite_Montage [uXGC9gKcheI],3593,119.766666,1.0000,False,manual_box,shift
party_girl_augmented_Party_Girl_Fortnite_Montage_[uXGC9gKcheI]_003593_21e524c1_a_5_7998727c_aug_zoom.png,1,player,1,0.525741,0.726085,0.144487,0.503384,party_girl_augmented__Party_Girl_Fortnite_Montage [uXGC9gKcheI],3593,119.766666,1.0000,False,manual_box,zoom
party_girl_augmented_Party_Girl_Fortnite_Montage_[uXGC9gKcheI]_003593_21e524c1_a_5_7998727c_aug_maskedpan.png,1,player,1,0.575261,0.717728,0.161947,0.564543,party_girl_augmented__Party_Girl_Fortnite_Montage [uXGC9gKcheI],3593,119.766666,1.0000,False,manual_box,maskedpan
party_girl_augmented_Party_Girl_Fortnite_Montage_[uXGC9gKcheI]_003593_21e524c1_a_a0c8049b_aug_original.png,1,player,1,0.424739,0.717728,0.161947,0.564543,party_girl_augmented__Party_Girl_Fortnite_Montage [uXGC9gKcheI],3593,119.766666,1.0000,False,manual_box,original
party_girl_augmented_Party_Girl_Fortnite_Montage_[uXGC9gKcheI]_003593_21e524c1_a_a0c8049b_aug_noise.png,1,player,1,0.424739,0.717728,0.161947,0.564543,party_girl_augmented__Party_Girl_Fortnite_Montage [uXGC9gKcheI],3593,119.766666,1.0000,False,manual_box,noise
party_girl_augmented_Party_Girl_Fortnite_Montage_[uXGC9gKcheI]_003593_21e524c1_a_a0c8049b_aug_flip.png,1,player,1,0.575261,0.717728,0.161947,0.564543,party_girl_augmented__Party_Girl_Fortnite_Montage [uXGC9gKcheI],3593,119.766666,1.0000,False,manual_box,flip
party_girl_augmented_Party_Girl_Fortnite_Montage_[uXGC9gKcheI]_003593_21e524c1_a_a0c8049b_aug_shift.png,1,player,1,0.376768,0.635629,0.161947,0.564543,party_girl_augmented__Party_Girl_Fortnite_Montage [uXGC9gKcheI],3593,119.766666,1.0000,False,manual_box,shift
party_girl_augmented_Party_Girl_Fortnite_Montage_[uXGC9gKcheI]_003593_21e524c1_a_a0c8049b_aug_zoom.png,1,player,1,0.495409,0.617978,0.219589,0.764043,party_girl_augmented__Party_Girl_Fortnite_Montage [uXGC9gKcheI],3593,119.766666,1.0000,False,manual_box,zoom
party_girl_augmented_Party_Girl_Fortnite_Montage_[uXGC9gKcheI]_003597_8fea0455_a_2_6d1cdcca_aug_original.png,1,player,1,0.436165,0.692861,0.133135,0.614278,party_girl_augmented__Party_Girl_Fortnite_Montage [uXGC9gKcheI],3597,119.900000,1.0000,False,manual_box,original
party_girl_augmented_Party_Girl_Fortnite_Montage_[uXGC9gKcheI]_003597_8fea0455_a_2_6d1cdcca_aug_brightness_0.7.png,1,player,1,0.436165,0.692861,0.133135,0.614278,party_girl_augmented__Party_Girl_Fortnite_Montage [uXGC9gKcheI],3597,119.900000,1.0000,False,manual_box,brightness_0.7
party_girl_augmented_Party_Girl_Fortnite_Montage_[uXGC9gKcheI]_003597_8fea0455_a_2_6d1cdcca_aug_brightness_1.3.png,1,player,1,0.436165,0.692861,0.133135,0.614278,party_girl_augmented__Party_Girl_Fortnite_Montage [uXGC9gKcheI],3597,119.900000,1.0000,False,manual_box,brightness_1.3
party_girl_augmented_Party_Girl_Fortnite_Montage_[uXGC9gKcheI]_003597_8fea0455_a_2_6d1cdcca_aug_noise.png,1,player,1,0.436165,0.692861,0.133135,0.614278,party_girl_augmented__Party_Girl_Fortnite_Montage [uXGC9gKcheI],3597,119.900000,1.0000,False,manual_box,noise
party_girl_augmented_Party_Girl_Fortnite_Montage_[uXGC9gKcheI]_003597_8fea0455_a_2_6d1cdcca_aug_zoom.png,1,player,1,0.463697,0.674794,0.141539,0.650412,party_girl_augmented__Party_Girl_Fortnite_Montage [uXGC9gKcheI],3597,119.900000,1.0000,False,manual_box,zoom
party_girl_augmented_Party_Girl_Fortnite_Montage_[uXGC9gKcheI]_003597_8fea0455_a_3_79379ca6_aug_original.png,1,player,1,0.436165,0.692861,0.133135,0.614278,party_girl_augmented__Party_Girl_Fortnite_Montage [uXGC9gKcheI],3597,119.900000,1.0000,False,manual_box,original
party_girl_augmented_Party_Girl_Fortnite_Montage_[uXGC9gKcheI]_003597_8fea0455_a_3_79379ca6_aug_noise.png,1,player,1,0.436165,0.692861,0.133135,0.614278,party_girl_augmented__Party_Girl_Fortnite_Montage [uXGC9gKcheI],3597,119.900000,1.0000,False,manual_box,noise
party_girl_augmented_Party_Girl_Fortnite_Montage_[uXGC9gKcheI]_003597_8fea0455_a_3_79379ca6_aug_flip.png,1,player,1,0.563835,0.692861,0.133135,0.614278,party_girl_augmented__Party_Girl_Fortnite_Montage [uXGC9gKcheI],3597,119.900000,1.0000,False,manual_box,flip
party_girl_augmented_Party_Girl_Fortnite_Montage_[uXGC9gKcheI]_003597_8fea0455_a_3_79379ca6_aug_maskedpan.png,1,player,1,0.436165,0.692861,0.133135,0.614278,party_girl_augmented__Party_Girl_Fortnite_Montage [uXGC9gKcheI],3597,119.900000,1.0000,False,manual_box,maskedpan
party_girl_augmented_Party_Girl_Fortnite_Montage_[uXGC9gKcheI]_003597_8fea0455_a_4_3aeacc08_aug_original.png,1,player,1,0.436165,0.692861,0.133135,0.614278,party_girl_augmented__Party_Girl_Fortnite_Montage [uXGC9gKcheI],3597,119.900000,1.0000,False,manual_box,original
party_girl_augmented_Party_Girl_Fortnite_Montage_[uXGC9gKcheI]_003597_8fea0455_a_4_3aeacc08_aug_noise.png,1,player,1,0.436165,0.692861,0.133135,0.614278,party_girl_augmented__Party_Girl_Fortnite_Montage [uXGC9gKcheI],3597,119.900000,1.0000,False,manual_box,noise
party_girl_augmented_Party_Girl_Fortnite_Montage_[uXGC9gKcheI]_003597_8fea0455_a_5_1766ecbf_aug_original.png,1,player,1,0.563835,0.692861,0.133135,0.614278,party_girl_augmented__Party_Girl_Fortnite_Montage [uXGC9gKcheI],3597,119.900000,1.0000,False,manual_box,original
party_girl_augmented_Party_Girl_Fortnite_Montage_[uXGC9gKcheI]_003597_8fea0455_a_5_1766ecbf_aug_brightness_0.7.png,1,player,1,0.563835,0.692861,0.133135,0.614278,party_girl_augmented__Party_Girl_Fortnite_Montage [uXGC9gKcheI],3597,119.900000,1.0000,False,manual_box,brightness_0.7
party_girl_augmented_Party_Girl_Fortnite_Montage_[uXGC9gKcheI]_003597_8fea0455_a_5_1766ecbf_aug_brightness_1.3.png,1,player,1,0.563835,0.692861,0.133135,0.614278,party_girl_augmented__Party_Girl_Fortnite_Montage [uXGC9gKcheI],3597,119.900000,1.0000,False,manual_box,brightness_1.3
party_girl_augmented_Party_Girl_Fortnite_Montage_[uXGC9gKcheI]_003597_8fea0455_a_5_1766ecbf_aug_noise.png,1,player,1,0.563835,0.692861,0.133135,0.614278,party_girl_augmented__Party_Girl_Fortnite_Montage [uXGC9gKcheI],3597,119.900000,1.0000,False,manual_box,noise
party_girl_augmented_Party_Girl_Fortnite_Montage_[uXGC9gKcheI]_003597_8fea0455_a_5_1766ecbf_aug_flip.png,1,player,1,0.436165,0.692861,0.133135,0.614278,party_girl_augmented__Party_Girl_Fortnite_Montage [uXGC9gKcheI],3597,119.900000,1.0000,False,manual_box,flip
party_girl_augmented_Party_Girl_Fortnite_Montage_[uXGC9gKcheI]_003597_8fea0455_a_3b56fa48_aug_original.png,1,player,1,0.436165,0.692861,0.133135,0.614278,party_girl_augmented__Party_Girl_Fortnite_Montage [uXGC9gKcheI],3597,119.900000,1.0000,False,manual_box,original
party_girl_augmented_Party_Girl_Fortnite_Montage_[uXGC9gKcheI]_003597_8fea0455_a_3b56fa48_aug_shift.png,1,player,1,0.500744,0.727324,0.133135,0.545353,party_girl_augmented__Party_Girl_Fortnite_Montage [uXGC9gKcheI],3597,119.900000,1.0000,False,manual_box,shift
party_girl_augmented_Party_Girl_Fortnite_Montage_[uXGC9gKcheI]_003597_8fea0455_a_3b56fa48_aug_zoom.png,1,player,1,0.533074,0.709646,0.110252,0.508486,party_girl_augmented__Party_Girl_Fortnite_Montage [uXGC9gKcheI],3597,119.900000,1.0000,False,manual_box,zoom
party_girl_augmented_Party_Girl_Fortnite_Montage_[uXGC9gKcheI]_003597_8fea0455_a_3b56fa48_aug_maskedpan.png,1,player,1,0.436165,0.692861,0.133135,0.614278,party_girl_augmented__Party_Girl_Fortnite_Montage [uXGC9gKcheI],3597,119.900000,1.0000,False,manual_box,maskedpan
party_girl_augmented_Party_Girl_Fortnite_Montage_[uXGC9gKcheI]_003601_88e9127e_a_2_2a02ebed_aug_original.png,1,player,1,0.637357,0.689545,0.250373,0.620909,party_girl_augmented__Party_Girl_Fortnite_Montage [uXGC9gKcheI],3601,120.033333,1.0000,False,manual_box,original
party_girl_augmented_Party_Girl_Fortnite_Montage_[uXGC9gKcheI]_003601_88e9127e_a_2_2a02ebed_aug_noise.png,1,player,1,0.637357,0.689545,0.250373,0.620909,party_girl_augmented__Party_Girl_Fortnite_Montage [uXGC9gKcheI],3601,120.033333,1.0000,False,manual_box,noise
party_girl_augmented_Party_Girl_Fortnite_Montage_[uXGC9gKcheI]_003601_88e9127e_a_2_2a02ebed_aug_flip.png,1,player,1,0.362643,0.689545,0.250373,0.620909,party_girl_augmented__Party_Girl_Fortnite_Montage [uXGC9gKcheI],3601,120.033333,1.0000,False,manual_box,flip
party_girl_augmented_Party_Girl_Fortnite_Montage_[uXGC9gKcheI]_003601_88e9127e_a_2_2a02ebed_aug_zoom.png,1,player,1,0.637924,0.687630,0.249982,0.619184,party_girl_augmented__Party_Girl_Fortnite_Montage [uXGC9gKcheI],3601,120.033333,1.0000,False,manual_box,zoom
party_girl_augmented_Party_Girl_Fortnite_Montage_[uXGC9gKcheI]_003601_88e9127e_a_2_2a02ebed_aug_maskedpan.png,1,player,1,0.637357,0.689545,0.250373,0.620909,party_girl_augmented__Party_Girl_Fortnite_Montage [uXGC9gKcheI],3601,120.033333,1.0000,False,manual_box,maskedpan
party_girl_augmented_Party_Girl_Fortnite_Montage_[uXGC9gKcheI]_003601_88e9127e_a_3_b4f90da2_aug_original.png,1,player,1,0.428868,0.679986,0.206558,0.512250,party_girl_augmented__Party_Girl_Fortnite_Montage [uXGC9gKcheI],3601,120.033333,1.0000,False,manual_box,original
party_girl_augmented_Party_Girl_Fortnite_Montage_[uXGC9gKcheI]_003601_88e9127e_a_3_b4f90da2_aug_noise.png,1,player,1,0.428868,0.679986,0.206558,0.512250,party_girl_augmented__Party_Girl_Fortnite_Montage [uXGC9gKcheI],3601,120.033333,1.0000,False,manual_box,noise
party_girl_augmented_Party_Girl_Fortnite_Montage_[uXGC9gKcheI]_003601_88e9127e_a_3_b4f90da2_aug_flip.png,1,player,1,0.571132,0.679986,0.206558,0.512250,party_girl_augmented__Party_Girl_Fortnite_Montage [uXGC9gKcheI],3601,120.033333,1.0000,False,manual_box,flip
party_girl_augmented_Party_Girl_Fortnite_Montage_[uXGC9gKcheI]_003601_88e9127e_a_3_b4f90da2_aug_shift.png,1,player,1,0.292520,0.689407,0.206558,0.512250,party_girl_augmented__Party_Girl_Fortnite_Montage [uXGC9gKcheI],3601,120.033333,1.0000,False,manual_box,shift
party_girl_augmented_Party_Girl_Fortnite_Montage_[uXGC9gKcheI]_003601_88e9127e_a_3_b4f90da2_aug_zoom.png,1,player,1,0.475024,0.630544,0.172347,0.426875,party_girl_augmented__Party_Girl_Fortnite_Montage [uXGC9gKcheI],3601,120.033333,1.0000,False,manual_box,zoom
party_girl_augmented_Party_Girl_Fortnite_Montage_[uXGC9gKcheI]_003601_88e9127e_a_bae9dd60_aug_original.png,1,player,1,0.362643,0.689545,0.250373,0.620909,party_girl_augmented__Party_Girl_Fortnite_Montage [uXGC9gKcheI],3601,120.033333,1.0000,False,manual_box,original
party_girl_augmented_Party_Girl_Fortnite_Montage_[uXGC9gKcheI]_003601_88e9127e_a_bae9dd60_aug_brightness_0.7.png,1,player,1,0.362643,0.689545,0.250373,0.620909,party_girl_augmented__Party_Girl_Fortnite_Montage [uXGC9gKcheI],3601,120.033333,1.0000,False,manual_box,brightness_0.7
party_girl_augmented_Party_Girl_Fortnite_Montage_[uXGC9gKcheI]_003601_88e9127e_a_bae9dd60_aug_brightness_1.3.png,1,player,1,0.362643,0.689545,0.250373,0.620909,party_girl_augmented__Party_Girl_Fortnite_Montage [uXGC9gKcheI],3601,120.033333,1.0000,False,manual_box,brightness_1.3
party_girl_augmented_Party_Girl_Fortnite_Montage_[uXGC9gKcheI]_003601_88e9127e_a_bae9dd60_aug_flip.png,1,player,1,0.637357,0.689545,0.250373,0.620909,party_girl_augmented__Party_Girl_Fortnite_Montage [uXGC9gKcheI],3601,120.033333,1.0000,False,manual_box,flip
party_girl_augmented_Party_Girl_Fortnite_Montage_[uXGC9gKcheI]_003601_88e9127e_a_bae9dd60_aug_shift.png,1,player,1,0.303516,0.621413,0.250373,0.620909,party_girl_augmented__Party_Girl_Fortnite_Montage [uXGC9gKcheI],3601,120.033333,1.0000,False,manual_box,shift
party_girl_augmented_Party_Girl_Fortnite_Montage_[uXGC9gKcheI]_003602_bd4d9941_a_2_e30a0c12_aug_original.png,1,player,1,0.290611,0.685124,0.362643,0.629751,party_girl_augmented__Party_Girl_Fortnite_Montage [uXGC9gKcheI],3602,120.066666,1.0000,False,manual_box,original
party_girl_augmented_Party_Girl_Fortnite_Montage_[uXGC9gKcheI]_003602_bd4d9941_a_2_e30a0c12_aug_brightness_0.7.png,1,player,1,0.290611,0.685124,0.362643,0.629751,party_girl_augmented__Party_Girl_Fortnite_Montage [uXGC9gKcheI],3602,120.066666,1.0000,False,manual_box,brightness_0.7
party_girl_augmented_Party_Girl_Fortnite_Montage_[uXGC9gKcheI]_003602_bd4d9941_a_2_e30a0c12_aug_brightness_1.3.png,1,player,1,0.290611,0.685124,0.362643,0.629751,party_girl_augmented__Party_Girl_Fortnite_Montage [uXGC9gKcheI],3602,120.066666,1.0000,False,manual_box,brightness_1.3
party_girl_augmented_Party_Girl_Fortnite_Montage_[uXGC9gKcheI]_003602_bd4d9941_a_2_e30a0c12_aug_noise.png,1,player,1,0.290611,0.685124,0.362643,0.629751,party_girl_augmented__Party_Girl_Fortnite_Montage [uXGC9gKcheI],3602,120.066666,1.0000,False,manual_box,noise
party_girl_augmented_Party_Girl_Fortnite_Montage_[uXGC9gKcheI]_003602_bd4d9941_a_2_e30a0c12_aug_flip.png,1,player,1,0.709389,0.685124,0.362643,0.629751,party_girl_augmented__Party_Girl_Fortnite_Montage [uXGC9gKcheI],3602,120.066666,1.0000,False,manual_box,flip
party_girl_augmented_Party_Girl_Fortnite_Montage_[uXGC9gKcheI]_003602_bd4d9941_a_3_dca9b094_aug_original.png,1,player,1,0.290611,0.685124,0.362643,0.629751,party_girl_augmented__Party_Girl_Fortnite_Montage [uXGC9gKcheI],3602,120.066666,1.0000,False,manual_box,original
party_girl_augmented_Party_Girl_Fortnite_Montage_[uXGC9gKcheI]_003602_bd4d9941_a_3_dca9b094_aug_brightness_0.7.png,1,player,1,0.290611,0.685124,0.362643,0.629751,party_girl_augmented__Party_Girl_Fortnite_Montage [uXGC9gKcheI],3602,120.066666,1.0000,False,manual_box,brightness_0.7
party_girl_augmented_Party_Girl_Fortnite_Montage_[uXGC9gKcheI]_003602_bd4d9941_a_3_dca9b094_aug_brightness_1.3.png,1,player,1,0.290611,0.685124,0.362643,0.629751,party_girl_augmented__Party_Girl_Fortnite_Montage [uXGC9gKcheI],3602,120.066666,1.0000,False,manual_box,brightness_1.3
party_girl_augmented_Party_Girl_Fortnite_Montage_[uXGC9gKcheI]_003602_bd4d9941_a_3_dca9b094_aug_noise.png,1,player,1,0.290611,0.685124,0.362643,0.629751,party_girl_augmented__Party_Girl_Fortnite_Montage [uXGC9gKcheI],3602,120.066666,1.0000,False,manual_box,noise
party_girl_augmented_Party_Girl_Fortnite_Montage_[uXGC9gKcheI]_003602_bd4d9941_a_3_dca9b094_aug_flip.png,1,player,1,0.709389,0.685124,0.362643,0.629751,party_girl_augmented__Party_Girl_Fortnite_Montage [uXGC9gKcheI],3602,120.066666,1.0000,False,manual_box,flip
party_girl_augmented_Party_Girl_Fortnite_Montage_[uXGC9gKcheI]_003602_bd4d9941_a_4_f5593d39_aug_original.png,1,player,1,0.290611,0.685124,0.362643,0.629751,party_girl_augmented__Party_Girl_Fortnite_Montage [uXGC9gKcheI],3602,120.066666,1.0000,False,manual_box,original
party_girl_augmented_Party_Girl_Fortnite_Montage_[uXGC9gKcheI]_003602_bd4d9941_a_4_f5593d39_aug_brightness_0.7.png,1,player,1,0.290611,0.685124,0.362643,0.629751,party_girl_augmented__Party_Girl_Fortnite_Montage [uXGC9gKcheI],3602,120.066666,1.0000,False,manual_box,brightness_0.7
party_girl_augmented_Party_Girl_Fortnite_Montage_[uXGC9gKcheI]_003602_bd4d9941_a_4_f5593d39_aug_brightness_1.3.png,1,player,1,0.290611,0.685124,0.362643,0.629751,party_girl_augmented__Party_Girl_Fortnite_Montage [uXGC9gKcheI],3602,120.066666,1.0000,False,manual_box,brightness_1.3
party_girl_augmented_Party_Girl_Fortnite_Montage_[uXGC9gKcheI]_003602_bd4d9941_a_4_f5593d39_aug_noise.png,1,player,1,0.290611,0.685124,0.362643,0.629751,party_girl_augmented__Party_Girl_Fortnite_Montage [uXGC9gKcheI],3602,120.066666,1.0000,False,manual_box,noise
party_girl_augmented_Party_Girl_Fortnite_Montage_[uXGC9gKcheI]_003602_bd4d9941_a_4_f5593d39_aug_flip.png,1,player,1,0.709389,0.685124,0.362643,0.629751,party_girl_augmented__Party_Girl_Fortnite_Montage [uXGC9gKcheI],3602,120.066666,1.0000,False,manual_box,flip
party_girl_augmented_Party_Girl_Fortnite_Montage_[uXGC9gKcheI]_003602_bd4d9941_a_5_31bd1967_aug_original.png,1,player,1,0.709389,0.685124,0.362643,0.629751,party_girl_augmented__Party_Girl_Fortnite_Montage [uXGC9gKcheI],3602,120.066666,1.0000,False,manual_box,original
party_girl_augmented_Party_Girl_Fortnite_Montage_[uXGC9gKcheI]_003602_bd4d9941_a_5_31bd1967_aug_brightness_0.7.png,1,player,1,0.709389,0.685124,0.362643,0.629751,party_girl_augmented__Party_Girl_Fortnite_Montage [uXGC9gKcheI],3602,120.066666,1.0000,False,manual_box,brightness_0.7
party_girl_augmented_Party_Girl_Fortnite_Montage_[uXGC9gKcheI]_003602_bd4d9941_a_5_31bd1967_aug_brightness_1.3.png,1,player,1,0.709389,0.685124,0.362643,0.629751,party_girl_augmented__Party_Girl_Fortnite_Montage [uXGC9gKcheI],3602,120.066666,1.0000,False,manual_box,brightness_1.3
party_girl_augmented_Party_Girl_Fortnite_Montage_[uXGC9gKcheI]_003602_bd4d9941_a_5_31bd1967_aug_noise.png,1,player,1,0.709389,0.685124,0.362643,0.629751,party_girl_augmented__Party_Girl_Fortnite_Montage [uXGC9gKcheI],3602,120.066666,1.0000,False,manual_box,noise
party_girl_augmented_Party_Girl_Fortnite_Montage_[uXGC9gKcheI]_003602_bd4d9941_a_5_31bd1967_aug_shift.png,1,player,1,0.825224,0.736531,0.349551,0.526937,party_girl_augmented__Party_Girl_Fortnite_Montage [uXGC9gKcheI],3602,120.066666,1.0000,False,manual_box,shift
party_girl_augmented_Party_Girl_Fortnite_Montage_[uXGC9gKcheI]_003602_bd4d9941_a_a4c4bbe7_aug_original.png,1,player,1,0.290611,0.685124,0.362643,0.629751,party_girl_augmented__Party_Girl_Fortnite_Montage [uXGC9gKcheI],3602,120.066666,1.0000,False,manual_box,original
party_girl_augmented_Party_Girl_Fortnite_Montage_[uXGC9gKcheI]_003602_bd4d9941_a_a4c4bbe7_aug_brightness_0.7.png,1,player,1,0.290611,0.685124,0.362643,0.629751,party_girl_augmented__Party_Girl_Fortnite_Montage [uXGC9gKcheI],3602,120.066666,1.0000,False,manual_box,brightness_0.7
party_girl_augmented_Party_Girl_Fortnite_Montage_[uXGC9gKcheI]_003602_bd4d9941_a_a4c4bbe7_aug_brightness_1.3.png,1,player,1,0.290611,0.685124,0.362643,0.629751,party_girl_augmented__Party_Girl_Fortnite_Montage [uXGC9gKcheI],3602,120.066666,1.0000,False,manual_box,brightness_1.3
party_girl_augmented_Party_Girl_Fortnite_Montage_[uXGC9gKcheI]_003602_bd4d9941_a_a4c4bbe7_aug_noise.png,1,player,1,0.290611,0.685124,0.362643,0.629751,party_girl_augmented__Party_Girl_Fortnite_Montage [uXGC9gKcheI],3602,120.066666,1.0000,False,manual_box,noise
party_girl_augmented_Party_Girl_Fortnite_Montage_[uXGC9gKcheI]_003602_bd4d9941_a_a4c4bbe7_aug_flip.png,1,player,1,0.709389,0.685124,0.362643,0.629751,party_girl_augmented__Party_Girl_Fortnite_Montage [uXGC9gKcheI],3602,120.066666,1.0000,False,manual_box,flip
party_girl_augmented_Party_Girl_Fortnite_Montage_[uXGC9gKcheI]_003603_dd06a8dc_a_2_86805222_aug_original.png,1,player,1,0.769250,0.690763,0.459513,0.610082,party_girl_augmented__Party_Girl_Fortnite_Montage [uXGC9gKcheI],3603,120.100000,1.0000,False,manual_box,original
party_girl_augmented_Party_Girl_Fortnite_Montage_[uXGC9gKcheI]_003603_dd06a8dc_a_2_86805222_aug_brightness_0.7.png,1,player,1,0.769250,0.690763,0.459513,0.610082,party_girl_augmented__Party_Girl_Fortnite_Montage [uXGC9gKcheI],3603,120.100000,1.0000,False,manual_box,brightness_0.7
party_girl_augmented_Party_Girl_Fortnite_Montage_[uXGC9gKcheI]_003603_dd06a8dc_a_2_86805222_aug_brightness_1.3.png,1,player,1,0.769250,0.690763,0.459513,0.610082,party_girl_augmented__Party_Girl_Fortnite_Montage [uXGC9gKcheI],3603,120.100000,1.0000,False,manual_box,brightness_1.3
party_girl_augmented_Party_Girl_Fortnite_Montage_[uXGC9gKcheI]_003603_dd06a8dc_a_2_86805222_aug_noise.png,1,player,1,0.769250,0.690763,0.459513,0.610082,party_girl_augmented__Party_Girl_Fortnite_Montage [uXGC9gKcheI],3603,120.100000,1.0000,False,manual_box,noise
party_girl_augmented_Party_Girl_Fortnite_Montage_[uXGC9gKcheI]_003603_dd06a8dc_a_2_86805222_aug_flip.png,1,player,1,0.230750,0.690763,0.459513,0.610082,party_girl_augmented__Party_Girl_Fortnite_Montage [uXGC9gKcheI],3603,120.100000,1.0000,False,manual_box,flip
party_girl_augmented_Party_Girl_Fortnite_Montage_[uXGC9gKcheI]_003603_dd06a8dc_a_3_7a558ebd_aug_original.png,1,player,1,0.359325,0.754470,0.459513,0.491060,party_girl_augmented__Party_Girl_Fortnite_Montage [uXGC9gKcheI],3603,120.100000,1.0000,False,manual_box,original
party_girl_augmented_Party_Girl_Fortnite_Montage_[uXGC9gKcheI]_003603_dd06a8dc_a_3_7a558ebd_aug_brightness_0.7.png,1,player,1,0.359325,0.754470,0.459513,0.491060,party_girl_augmented__Party_Girl_Fortnite_Montage [uXGC9gKcheI],3603,120.100000,1.0000,False,manual_box,brightness_0.7
party_girl_augmented_Party_Girl_Fortnite_Montage_[uXGC9gKcheI]_003603_dd06a8dc_a_3_7a558ebd_aug_brightness_1.3.png,1,player,1,0.359325,0.754470,0.459513,0.491060,party_girl_augmented__Party_Girl_Fortnite_Montage [uXGC9gKcheI],3603,120.100000,1.0000,False,manual_box,brightness_1.3
party_girl_augmented_Party_Girl_Fortnite_Montage_[uXGC9gKcheI]_003603_dd06a8dc_a_3_7a558ebd_aug_noise.png,1,player,1,0.359325,0.754470,0.459513,0.491060,party_girl_augmented__Party_Girl_Fortnite_Montage [uXGC9gKcheI],3603,120.100000,1.0000,False,manual_box,noise
party_girl_augmented_Party_Girl_Fortnite_Montage_[uXGC9gKcheI]_003603_dd06a8dc_a_4_717eee75_aug_original.png,1,player,1,0.303108,0.683054,0.401356,0.532127,party_girl_augmented__Party_Girl_Fortnite_Montage [uXGC9gKcheI],3603,120.100000,1.0000,False,manual_box,original
party_girl_augmented_Party_Girl_Fortnite_Montage_[uXGC9gKcheI]_003603_dd06a8dc_a_4_717eee75_aug_flip.png,1,player,1,0.696892,0.683054,0.401356,0.532127,party_girl_augmented__Party_Girl_Fortnite_Montage [uXGC9gKcheI],3603,120.100000,1.0000,False,manual_box,flip
party_girl_augmented_Party_Girl_Fortnite_Montage_[uXGC9gKcheI]_003603_dd06a8dc_a_4_717eee75_aug_maskedpan.png,1,player,1,0.303108,0.683054,0.401356,0.532127,party_girl_augmented__Party_Girl_Fortnite_Montage [uXGC9gKcheI],3603,120.100000,1.0000,False,manual_box,maskedpan
party_girl_augmented_Party_Girl_Fortnite_Montage_[uXGC9gKcheI]_003603_dd06a8dc_a_5_62b2400a_aug_original.png,1,player,1,0.230750,0.690763,0.459513,0.610082,party_girl_augmented__Party_Girl_Fortnite_Montage [uXGC9gKcheI],3603,120.100000,1.0000,False,manual_box,original
party_girl_augmented_Party_Girl_Fortnite_Montage_[uXGC9gKcheI]_003603_dd06a8dc_a_5_62b2400a_aug_brightness_0.7.png,1,player,1,0.230750,0.690763,0.459513,0.610082,party_girl_augmented__Party_Girl_Fortnite_Montage [uXGC9gKcheI],3603,120.100000,1.0000,False,manual_box,brightness_0.7
party_girl_augmented_Party_Girl_Fortnite_Montage_[uXGC9gKcheI]_003603_dd06a8dc_a_5_62b2400a_aug_brightness_1.3.png,1,player,1,0.230750,0.690763,0.459513,0.610082,party_girl_augmented__Party_Girl_Fortnite_Montage [uXGC9gKcheI],3603,120.100000,1.0000,False,manual_box,brightness_1.3
party_girl_augmented_Party_Girl_Fortnite_Montage_[uXGC9gKcheI]_003603_dd06a8dc_a_5_62b2400a_aug_noise.png,1,player,1,0.230750,0.690763,0.459513,0.610082,party_girl_augmented__Party_Girl_Fortnite_Montage [uXGC9gKcheI],3603,120.100000,1.0000,False,manual_box,noise
party_girl_augmented_Party_Girl_Fortnite_Montage_[uXGC9gKcheI]_003603_dd06a8dc_a_5_62b2400a_aug_flip.png,1,player,1,0.769250,0.690763,0.459513,0.610082,party_girl_augmented__Party_Girl_Fortnite_Montage [uXGC9gKcheI],3603,120.100000,1.0000,False,manual_box,flip
party_girl_augmented_Party_Girl_Fortnite_Montage_[uXGC9gKcheI]_003603_dd06a8dc_a_7a82000a_aug_original.png,1,player,1,0.230750,0.690763,0.459513,0.610082,party_girl_augmented__Party_Girl_Fortnite_Montage [uXGC9gKcheI],3603,120.100000,1.0000,False,manual_box,original
party_girl_augmented_Party_Girl_Fortnite_Montage_[uXGC9gKcheI]_003603_dd06a8dc_a_7a82000a_aug_brightness_0.7.png,1,player,1,0.230750,0.690763,0.459513,0.610082,party_girl_augmented__Party_Girl_Fortnite_Montage [uXGC9gKcheI],3603,120.100000,1.0000,False,manual_box,brightness_0.7
party_girl_augmented_Party_Girl_Fortnite_Montage_[uXGC9gKcheI]_003603_dd06a8dc_a_7a82000a_aug_brightness_1.3.png,1,player,1,0.230750,0.690763,0.459513,0.610082,party_girl_augmented__Party_Girl_Fortnite_Montage [uXGC9gKcheI],3603,120.100000,1.0000,False,manual_box,brightness_1.3
party_girl_augmented_Party_Girl_Fortnite_Montage_[uXGC9gKcheI]_003603_dd06a8dc_a_7a82000a_aug_noise.png,1,player,1,0.230750,0.690763,0.459513,0.610082,party_girl_augmented__Party_Girl_Fortnite_Montage [uXGC9gKcheI],3603,120.100000,1.0000,False,manual_box,noise
party_girl_augmented_Party_Girl_Fortnite_Montage_[uXGC9gKcheI]_003603_dd06a8dc_a_7a82000a_aug_shift.png,1,player,1,0.213577,0.717182,0.427154,0.565636,party_girl_augmented__Party_Girl_Fortnite_Montage [uXGC9gKcheI],3603,120.100000,1.0000,False,manual_box,shift
party_girl_augmented_Party_Girl_Fortnite_Montage_[uXGC9gKcheI]_003604_2848213a_a_2_3ba9b634_aug_original.png,1,player,1,0.234228,0.684019,0.456533,0.631962,party_girl_augmented__Party_Girl_Fortnite_Montage [uXGC9gKcheI],3604,120.133333,1.0000,False,manual_box,original
party_girl_augmented_Party_Girl_Fortnite_Montage_[uXGC9gKcheI]_003604_2848213a_a_2_3ba9b634_aug_shift.png,1,player,1,0.221246,0.726360,0.442491,0.547280,party_girl_augmented__Party_Girl_Fortnite_Montage [uXGC9gKcheI],3604,120.133333,1.0000,False,manual_box,shift
party_girl_augmented_Party_Girl_Fortnite_Montage_[uXGC9gKcheI]_003604_2848213a_a_2_3ba9b634_aug_zoom.png,1,player,1,0.302230,0.593739,0.589075,0.812523,party_girl_augmented__Party_Girl_Fortnite_Montage [uXGC9gKcheI],3604,120.133333,1.0000,False,manual_box,zoom
party_girl_augmented_Party_Girl_Fortnite_Montage_[uXGC9gKcheI]_003604_2848213a_a_3_e61b1f20_aug_original.png,1,player,1,0.234228,0.684019,0.456533,0.631962,party_girl_augmented__Party_Girl_Fortnite_Montage [uXGC9gKcheI],3604,120.133333,1.0000,False,manual_box,original
party_girl_augmented_Party_Girl_Fortnite_Montage_[uXGC9gKcheI]_003604_2848213a_a_3_e61b1f20_aug_brightness_0.7.png,1,player,1,0.234228,0.684019,0.456533,0.631962,party_girl_augmented__Party_Girl_Fortnite_Montage [uXGC9gKcheI],3604,120.133333,1.0000,False,manual_box,brightness_0.7
party_girl_augmented_Party_Girl_Fortnite_Montage_[uXGC9gKcheI]_003604_2848213a_a_3_e61b1f20_aug_brightness_1.3.png,1,player,1,0.234228,0.684019,0.456533,0.631962,party_girl_augmented__Party_Girl_Fortnite_Montage [uXGC9gKcheI],3604,120.133333,1.0000,False,manual_box,brightness_1.3
party_girl_augmented_Party_Girl_Fortnite_Montage_[uXGC9gKcheI]_003604_2848213a_a_3_e61b1f20_aug_noise.png,1,player,1,0.234228,0.684019,0.456533,0.631962,party_girl_augmented__Party_Girl_Fortnite_Montage [uXGC9gKcheI],3604,120.133333,1.0000,False,manual_box,noise
party_girl_augmented_Party_Girl_Fortnite_Montage_[uXGC9gKcheI]_003604_2848213a_a_3_e61b1f20_aug_zoom.png,1,player,1,0.224910,0.675696,0.432280,0.598608,party_girl_augmented__Party_Girl_Fortnite_Montage [uXGC9gKcheI],3604,120.133333,1.0000,False,manual_box,zoom
party_girl_augmented_Party_Girl_Fortnite_Montage_[uXGC9gKcheI]_003604_2848213a_a_4_370a163d_aug_original.png,1,player,1,0.234228,0.684019,0.456533,0.631962,party_girl_augmented__Party_Girl_Fortnite_Montage [uXGC9gKcheI],3604,120.133333,1.0000,False,manual_box,original
party_girl_augmented_Party_Girl_Fortnite_Montage_[uXGC9gKcheI]_003604_2848213a_a_4_370a163d_aug_zoom.png,1,player,1,0.275290,0.690627,0.387340,0.535412,party_girl_augmented__Party_Girl_Fortnite_Montage [uXGC9gKcheI],3604,120.133333,1.0000,False,manual_box,zoom
party_girl_augmented_Party_Girl_Fortnite_Montage_[uXGC9gKcheI]_003604_2848213a_a_4_370a163d_aug_maskedpan.png,1,player,1,0.234228,0.684019,0.456533,0.631962,party_girl_augmented__Party_Girl_Fortnite_Montage [uXGC9gKcheI],3604,120.133333,1.0000,False,manual_box,maskedpan
party_girl_augmented_Party_Girl_Fortnite_Montage_[uXGC9gKcheI]_003604_2848213a_a_5_e47ba24f_aug_original.png,1,player,1,0.765772,0.684019,0.456533,0.631962,party_girl_augmented__Party_Girl_Fortnite_Montage [uXGC9gKcheI],3604,120.133333,1.0000,False,manual_box,original
party_girl_augmented_Party_Girl_Fortnite_Montage_[uXGC9gKcheI]_003604_2848213a_a_5_e47ba24f_aug_brightness_0.7.png,1,player,1,0.765772,0.684019,0.456533,0.631962,party_girl_augmented__Party_Girl_Fortnite_Montage [uXGC9gKcheI],3604,120.133333,1.0000,False,manual_box,brightness_0.7
party_girl_augmented_Party_Girl_Fortnite_Montage_[uXGC9gKcheI]_003604_2848213a_a_5_e47ba24f_aug_brightness_1.3.png,1,player,1,0.765772,0.684019,0.456533,0.631962,party_girl_augmented__Party_Girl_Fortnite_Montage [uXGC9gKcheI],3604,120.133333,1.0000,False,manual_box,brightness_1.3
party_girl_augmented_Party_Girl_Fortnite_Montage_[uXGC9gKcheI]_003604_2848213a_a_5_e47ba24f_aug_noise.png,1,player,1,0.765772,0.684019,0.456533,0.631962,party_girl_augmented__Party_Girl_Fortnite_Montage [uXGC9gKcheI],3604,120.133333,1.0000,False,manual_box,noise
party_girl_augmented_Party_Girl_Fortnite_Montage_[uXGC9gKcheI]_003604_2848213a_a_5_e47ba24f_aug_flip.png,1,player,1,0.234228,0.684019,0.456533,0.631962,party_girl_augmented__Party_Girl_Fortnite_Montage [uXGC9gKcheI],3604,120.133333,1.0000,False,manual_box,flip
party_girl_augmented_Party_Girl_Fortnite_Montage_[uXGC9gKcheI]_003604_2848213a_a_0e0193cb_aug_original.png,1,player,1,0.234228,0.684019,0.456533,0.631962,party_girl_augmented__Party_Girl_Fortnite_Montage [uXGC9gKcheI],3604,120.133333,1.0000,False,manual_box,original
party_girl_augmented_Party_Girl_Fortnite_Montage_[uXGC9gKcheI]_003604_2848213a_a_0e0193cb_aug_brightness_0.7.png,1,player,1,0.234228,0.684019,0.456533,0.631962,party_girl_augmented__Party_Girl_Fortnite_Montage [uXGC9gKcheI],3604,120.133333,1.0000,False,manual_box,brightness_0.7
party_girl_augmented_Party_Girl_Fortnite_Montage_[uXGC9gKcheI]_003604_2848213a_a_0e0193cb_aug_brightness_1.3.png,1,player,1,0.234228,0.684019,0.456533,0.631962,party_girl_augmented__Party_Girl_Fortnite_Montage [uXGC9gKcheI],3604,120.133333,1.0000,False,manual_box,brightness_1.3
party_girl_augmented_Party_Girl_Fortnite_Montage_[uXGC9gKcheI]_003604_2848213a_a_0e0193cb_aug_noise.png,1,player,1,0.234228,0.684019,0.456533,0.631962,party_girl_augmented__Party_Girl_Fortnite_Montage [uXGC9gKcheI],3604,120.133333,1.0000,False,manual_box,noise
party_girl_augmented_Party_Girl_Fortnite_Montage_[uXGC9gKcheI]_003604_2848213a_a_0e0193cb_aug_shift.png,1,player,1,0.170714,0.676492,0.341428,0.631962,party_girl_augmented__Party_Girl_Fortnite_Montage [uXGC9gKcheI],3604,120.133333,1.0000,False,manual_box,shift
party_girl_augmented_Party_Girl_Fortnite_Montage_[uXGC9gKcheI]_003606_eaf74d29_a_2_883e97c8_aug_original.png,1,player,1,0.218331,0.706236,0.418778,0.585767,party_girl_augmented__Party_Girl_Fortnite_Montage [uXGC9gKcheI],3606,120.200000,1.0000,False,manual_box,original
party_girl_augmented_Party_Girl_Fortnite_Montage_[uXGC9gKcheI]_003606_eaf74d29_a_2_883e97c8_aug_flip.png,1,player,1,0.781669,0.706236,0.418778,0.585767,party_girl_augmented__Party_Girl_Fortnite_Montage [uXGC9gKcheI],3606,120.200000,1.0000,False,manual_box,flip
party_girl_augmented_Party_Girl_Fortnite_Montage_[uXGC9gKcheI]_003606_eaf74d29_a_2_883e97c8_aug_shift.png,1,player,1,0.314990,0.593709,0.418778,0.585767,party_girl_augmented__Party_Girl_Fortnite_Montage [uXGC9gKcheI],3606,120.200000,1.0000,False,manual_box,shift
party_girl_augmented_Party_Girl_Fortnite_Montage_[uXGC9gKcheI]_003606_eaf74d29_a_2_883e97c8_aug_zoom.png,1,player,1,0.261670,0.648654,0.501906,0.700585,party_girl_augmented__Party_Girl_Fortnite_Montage [uXGC9gKcheI],3606,120.200000,1.0000,False,manual_box,zoom
party_girl_augmented_Party_Girl_Fortnite_Montage_[uXGC9gKcheI]_003606_eaf74d29_a_2_883e97c8_aug_maskedpan.png,1,player,1,0.218331,0.706236,0.418778,0.585767,party_girl_augmented__Party_Girl_Fortnite_Montage [uXGC9gKcheI],3606,120.200000,1.0000,False,manual_box,maskedpan
party_girl_augmented_Party_Girl_Fortnite_Montage_[uXGC9gKcheI]_003606_eaf74d29_a_3_8eb0d054_aug_original.png,1,player,1,0.218331,0.706236,0.418778,0.585767,party_girl_augmented__Party_Girl_Fortnite_Montage [uXGC9gKcheI],3606,120.200000,1.0000,False,manual_box,original
party_girl_augmented_Party_Girl_Fortnite_Montage_[uXGC9gKcheI]_003606_eaf74d29_a_3_8eb0d054_aug_noise.png,1,player,1,0.218331,0.706236,0.418778,0.585767,party_girl_augmented__Party_Girl_Fortnite_Montage [uXGC9gKcheI],3606,120.200000,1.0000,False,manual_box,noise
party_girl_augmented_Party_Girl_Fortnite_Montage_[uXGC9gKcheI]_003606_eaf74d29_a_4_47698fc7_aug_original.png,1,player,1,0.781669,0.706236,0.418778,0.585767,party_girl_augmented__Party_Girl_Fortnite_Montage [uXGC9gKcheI],3606,120.200000,1.0000,False,manual_box,original
party_girl_augmented_Party_Girl_Fortnite_Montage_[uXGC9gKcheI]_003606_eaf74d29_a_4_47698fc7_aug_brightness_0.7.png,1,player,1,0.781669,0.706236,0.418778,0.585767,party_girl_augmented__Party_Girl_Fortnite_Montage [uXGC9gKcheI],3606,120.200000,1.0000,False,manual_box,brightness_0.7
party_girl_augmented_Party_Girl_Fortnite_Montage_[uXGC9gKcheI]_003606_eaf74d29_a_4_47698fc7_aug_brightness_1.3.png,1,player,1,0.781669,0.706236,0.418778,0.585767,party_girl_augmented__Party_Girl_Fortnite_Montage [uXGC9gKcheI],3606,120.200000,1.0000,False,manual_box,brightness_1.3
party_girl_augmented_Party_Girl_Fortnite_Montage_[uXGC9gKcheI]_003606_eaf74d29_a_4_47698fc7_aug_noise.png,1,player,1,0.781669,0.706236,0.418778,0.585767,party_girl_augmented__Party_Girl_Fortnite_Montage [uXGC9gKcheI],3606,120.200000,1.0000,False,manual_box,noise
party_girl_augmented_Party_Girl_Fortnite_Montage_[uXGC9gKcheI]_003606_eaf74d29_a_4_47698fc7_aug_flip.png,1,player,1,0.218331,0.706236,0.418778,0.585767,party_girl_augmented__Party_Girl_Fortnite_Montage [uXGC9gKcheI],3606,120.200000,1.0000,False,manual_box,flip
party_girl_augmented_Party_Girl_Fortnite_Montage_[uXGC9gKcheI]_003606_eaf74d29_a_5_c577a7cf_aug_original.png,1,player,1,0.181841,0.586496,0.363681,0.585767,party_girl_augmented__Party_Girl_Fortnite_Montage [uXGC9gKcheI],3606,120.200000,1.0000,False,manual_box,original
party_girl_augmented_Party_Girl_Fortnite_Montage_[uXGC9gKcheI]_003606_eaf74d29_a_5_c577a7cf_aug_brightness_0.7.png,1,player,1,0.181841,0.586496,0.363681,0.585767,party_girl_augmented__Party_Girl_Fortnite_Montage [uXGC9gKcheI],3606,120.200000,1.0000,False,manual_box,brightness_0.7
party_girl_augmented_Party_Girl_Fortnite_Montage_[uXGC9gKcheI]_003606_eaf74d29_a_5_c577a7cf_aug_brightness_1.3.png,1,player,1,0.181841,0.586496,0.363681,0.585767,party_girl_augmented__Party_Girl_Fortnite_Montage [uXGC9gKcheI],3606,120.200000,1.0000,False,manual_box,brightness_1.3
party_girl_augmented_Party_Girl_Fortnite_Montage_[uXGC9gKcheI]_003606_eaf74d29_a_5_c577a7cf_aug_noise.png,1,player,1,0.181841,0.586496,0.363681,0.585767,party_girl_augmented__Party_Girl_Fortnite_Montage [uXGC9gKcheI],3606,120.200000,1.0000,False,manual_box,noise
party_girl_augmented_Party_Girl_Fortnite_Montage_[uXGC9gKcheI]_003606_eaf74d29_a_5_c577a7cf_aug_shift.png,1,player,1,0.228625,0.525439,0.363681,0.585767,party_girl_augmented__Party_Girl_Fortnite_Montage [uXGC9gKcheI],3606,120.200000,1.0000,False,manual_box,shift
party_girl_augmented_Party_Girl_Fortnite_Montage_[uXGC9gKcheI]_003606_eaf74d29_a_8154777c_aug_original.png,1,player,1,0.218331,0.706236,0.418778,0.585767,party_girl_augmented__Party_Girl_Fortnite_Montage [uXGC9gKcheI],3606,120.200000,1.0000,False,manual_box,original
party_girl_augmented_Party_Girl_Fortnite_Montage_[uXGC9gKcheI]_003606_eaf74d29_a_8154777c_aug_brightness_0.7.png,1,player,1,0.218331,0.706236,0.418778,0.585767,party_girl_augmented__Party_Girl_Fortnite_Montage [uXGC9gKcheI],3606,120.200000,1.0000,False,manual_box,brightness_0.7
party_girl_augmented_Party_Girl_Fortnite_Montage_[uXGC9gKcheI]_003606_eaf74d29_a_8154777c_aug_brightness_1.3.png,1,player,1,0.218331,0.706236,0.418778,0.585767,party_girl_augmented__Party_Girl_Fortnite_Montage [uXGC9gKcheI],3606,120.200000,1.0000,False,manual_box,brightness_1.3
party_girl_augmented_Party_Girl_Fortnite_Montage_[uXGC9gKcheI]_003606_eaf74d29_a_8154777c_aug_noise.png,1,player,1,0.218331,0.706236,0.418778,0.585767,party_girl_augmented__Party_Girl_Fortnite_Montage [uXGC9gKcheI],3606,120.200000,1.0000,False,manual_box,noise
party_girl_augmented_Party_Girl_Fortnite_Montage_[uXGC9gKcheI]_003606_eaf74d29_a_8154777c_aug_shift.png,1,player,1,0.143588,0.626776,0.287175,0.585767,party_girl_augmented__Party_Girl_Fortnite_Montage [uXGC9gKcheI],3606,120.200000,1.0000,False,manual_box,shift
party_girl_augmented_Party_Girl_Fortnite_Montage_[uXGC9gKcheI]_003618_84b4bbac_a_2_e9df3c15_aug_original.png,1,player,1,0.225534,0.730438,0.433184,0.539123,party_girl_augmented__Party_Girl_Fortnite_Montage [uXGC9gKcheI],3618,120.600000,1.0000,False,manual_box,original
party_girl_augmented_Party_Girl_Fortnite_Montage_[uXGC9gKcheI]_003618_84b4bbac_a_2_e9df3c15_aug_brightness_0.7.png,1,player,1,0.225534,0.730438,0.433184,0.539123,party_girl_augmented__Party_Girl_Fortnite_Montage [uXGC9gKcheI],3618,120.600000,1.0000,False,manual_box,brightness_0.7
party_girl_augmented_Party_Girl_Fortnite_Montage_[uXGC9gKcheI]_003618_84b4bbac_a_2_e9df3c15_aug_brightness_1.3.png,1,player,1,0.225534,0.730438,0.433184,0.539123,party_girl_augmented__Party_Girl_Fortnite_Montage [uXGC9gKcheI],3618,120.600000,1.0000,False,manual_box,brightness_1.3
party_girl_augmented_Party_Girl_Fortnite_Montage_[uXGC9gKcheI]_003618_84b4bbac_a_2_e9df3c15_aug_noise.png,1,player,1,0.225534,0.730438,0.433184,0.539123,party_girl_augmented__Party_Girl_Fortnite_Montage [uXGC9gKcheI],3618,120.600000,1.0000,False,manual_box,noise
party_girl_augmented_Party_Girl_Fortnite_Montage_[uXGC9gKcheI]_003618_84b4bbac_a_2_e9df3c15_aug_flip.png,1,player,1,0.774466,0.730438,0.433184,0.539123,party_girl_augmented__Party_Girl_Fortnite_Montage [uXGC9gKcheI],3618,120.600000,1.0000,False,manual_box,flip
party_girl_augmented_Party_Girl_Fortnite_Montage_[uXGC9gKcheI]_003618_84b4bbac_a_3_81368116_aug_original.png,1,player,1,0.225534,0.730438,0.433184,0.539123,party_girl_augmented__Party_Girl_Fortnite_Montage [uXGC9gKcheI],3618,120.600000,1.0000,False,manual_box,original
party_girl_augmented_Party_Girl_Fortnite_Montage_[uXGC9gKcheI]_003618_84b4bbac_a_3_81368116_aug_brightness_0.7.png,1,player,1,0.225534,0.730438,0.433184,0.539123,party_girl_augmented__Party_Girl_Fortnite_Montage [uXGC9gKcheI],3618,120.600000,1.0000,False,manual_box,brightness_0.7
party_girl_augmented_Party_Girl_Fortnite_Montage_[uXGC9gKcheI]_003618_84b4bbac_a_3_81368116_aug_brightness_1.3.png,1,player,1,0.225534,0.730438,0.433184,0.539123,party_girl_augmented__Party_Girl_Fortnite_Montage [uXGC9gKcheI],3618,120.600000,1.0000,False,manual_box,brightness_1.3
party_girl_augmented_Party_Girl_Fortnite_Montage_[uXGC9gKcheI]_003618_84b4bbac_a_3_81368116_aug_noise.png,1,player,1,0.225534,0.730438,0.433184,0.539123,party_girl_augmented__Party_Girl_Fortnite_Montage [uXGC9gKcheI],3618,120.600000,1.0000,False,manual_box,noise
party_girl_augmented_Party_Girl_Fortnite_Montage_[uXGC9gKcheI]_003618_84b4bbac_a_3_81368116_aug_maskedpan.png,1,player,1,0.225534,0.730438,0.433184,0.539123,party_girl_augmented__Party_Girl_Fortnite_Montage [uXGC9gKcheI],3618,120.600000,1.0000,False,manual_box,maskedpan
party_girl_augmented_Party_Girl_Fortnite_Montage_[uXGC9gKcheI]_003618_84b4bbac_a_4_5c47effc_aug_original.png,1,player,1,0.774466,0.730438,0.433184,0.539123,party_girl_augmented__Party_Girl_Fortnite_Montage [uXGC9gKcheI],3618,120.600000,1.0000,False,manual_box,original
party_girl_augmented_Party_Girl_Fortnite_Montage_[uXGC9gKcheI]_003618_84b4bbac_a_4_5c47effc_aug_brightness_0.7.png,1,player,1,0.774466,0.730438,0.433184,0.539123,party_girl_augmented__Party_Girl_Fortnite_Montage [uXGC9gKcheI],3618,120.600000,1.0000,False,manual_box,brightness_0.7
party_girl_augmented_Party_Girl_Fortnite_Montage_[uXGC9gKcheI]_003618_84b4bbac_a_4_5c47effc_aug_brightness_1.3.png,1,player,1,0.774466,0.730438,0.433184,0.539123,party_girl_augmented__Party_Girl_Fortnite_Montage [uXGC9gKcheI],3618,120.600000,1.0000,False,manual_box,brightness_1.3
party_girl_augmented_Party_Girl_Fortnite_Montage_[uXGC9gKcheI]_003618_84b4bbac_a_4_5c47effc_aug_noise.png,1,player,1,0.774466,0.730438,0.433184,0.539123,party_girl_augmented__Party_Girl_Fortnite_Montage [uXGC9gKcheI],3618,120.600000,1.0000,False,manual_box,noise
party_girl_augmented_Party_Girl_Fortnite_Montage_[uXGC9gKcheI]_003618_84b4bbac_a_4_5c47effc_aug_zoom.png,1,player,1,0.813276,0.600051,0.352639,0.438786,party_girl_augmented__Party_Girl_Fortnite_Montage [uXGC9gKcheI],3618,120.600000,1.0000,False,manual_box,zoom
party_girl_augmented_Party_Girl_Fortnite_Montage_[uXGC9gKcheI]_003618_84b4bbac_a_5_6413844c_aug_original.png,1,player,1,0.208728,0.789981,0.417456,0.420038,party_girl_augmented__Party_Girl_Fortnite_Montage [uXGC9gKcheI],3618,120.600000,1.0000,False,manual_box,original
party_girl_augmented_Party_Girl_Fortnite_Montage_[uXGC9gKcheI]_003618_84b4bbac_a_5_6413844c_aug_brightness_0.7.png,1,player,1,0.208728,0.789981,0.417456,0.420038,party_girl_augmented__Party_Girl_Fortnite_Montage [uXGC9gKcheI],3618,120.600000,1.0000,False,manual_box,brightness_0.7
party_girl_augmented_Party_Girl_Fortnite_Montage_[uXGC9gKcheI]_003618_84b4bbac_a_5_6413844c_aug_brightness_1.3.png,1,player,1,0.208728,0.789981,0.417456,0.420038,party_girl_augmented__Party_Girl_Fortnite_Montage [uXGC9gKcheI],3618,120.600000,1.0000,False,manual_box,brightness_1.3
party_girl_augmented_Party_Girl_Fortnite_Montage_[uXGC9gKcheI]_003618_84b4bbac_a_5_6413844c_aug_noise.png,1,player,1,0.208728,0.789981,0.417456,0.420038,party_girl_augmented__Party_Girl_Fortnite_Montage [uXGC9gKcheI],3618,120.600000,1.0000,False,manual_box,noise
party_girl_augmented_Party_Girl_Fortnite_Montage_[uXGC9gKcheI]_003618_84b4bbac_a_5_6413844c_aug_flip.png,1,player,1,0.791272,0.789981,0.417456,0.420038,party_girl_augmented__Party_Girl_Fortnite_Montage [uXGC9gKcheI],3618,120.600000,1.0000,False,manual_box,flip
party_girl_augmented_Party_Girl_Fortnite_Montage_[uXGC9gKcheI]_003618_84b4bbac_a_ac7f0bd1_aug_original.png,1,player,1,0.225534,0.730438,0.433184,0.539123,party_girl_augmented__Party_Girl_Fortnite_Montage [uXGC9gKcheI],3618,120.600000,1.0000,False,manual_box,original
party_girl_augmented_Party_Girl_Fortnite_Montage_[uXGC9gKcheI]_003618_84b4bbac_a_ac7f0bd1_aug_flip.png,1,player,1,0.774466,0.730438,0.433184,0.539123,party_girl_augmented__Party_Girl_Fortnite_Montage [uXGC9gKcheI],3618,120.600000,1.0000,False,manual_box,flip
party_girl_augmented_Party_Girl_Fortnite_Montage_[uXGC9gKcheI]_003618_84b4bbac_a_ac7f0bd1_aug_shift.png,1,player,1,0.273229,0.759983,0.433184,0.480034,party_girl_augmented__Party_Girl_Fortnite_Montage [uXGC9gKcheI],3618,120.600000,1.0000,False,manual_box,shift
party_girl_augmented_Party_Girl_Fortnite_Montage_[uXGC9gKcheI]_003618_84b4bbac_a_ac7f0bd1_aug_zoom.png,1,player,1,0.255021,0.695792,0.489819,0.608415,party_girl_augmented__Party_Girl_Fortnite_Montage [uXGC9gKcheI],3618,120.600000,1.0000,False,manual_box,zoom
party_girl_augmented_Party_Girl_Fortnite_Montage_[uXGC9gKcheI]_003618_84b4bbac_a_ac7f0bd1_aug_maskedpan.png,1,player,1,0.225534,0.730438,0.433184,0.539123,party_girl_augmented__Party_Girl_Fortnite_Montage [uXGC9gKcheI],3618,120.600000,1.0000,False,manual_box,maskedpan
party_girl_augmented_Party_Girl_Fortnite_Montage_[uXGC9gKcheI]_003641_ebb4dc10_a_a434b8e7_aug_original.png,0,enemy,1,0.502484,0.506191,0.020368,0.039788,party_girl_augmented__Party_Girl_Fortnite_Montage [uXGC9gKcheI],3641,121.366666,1.0000,False,manual_box,original
party_girl_augmented_Party_Girl_Fortnite_Montage_[uXGC9gKcheI]_003641_ebb4dc10_a_a434b8e7_aug_original.png,1,player,1,0.225037,0.703361,0.420268,0.593278,party_girl_augmented__Party_Girl_Fortnite_Montage [uXGC9gKcheI],3641,121.366666,1.0000,False,manual_box,original
party_girl_augmented_Party_Girl_Fortnite_Montage_[uXGC9gKcheI]_003702_f88d8154_a_2_b975a37a_aug_original.png,1,player,1,0.519622,0.686342,0.108296,0.415563,party_girl_augmented__Party_Girl_Fortnite_Montage [uXGC9gKcheI],3702,123.400000,1.0000,False,manual_box,original
party_girl_augmented_Party_Girl_Fortnite_Montage_[uXGC9gKcheI]_003702_f88d8154_a_2_b975a37a_aug_original.png,0,enemy,1,0.385494,0.694631,0.079483,0.228781,party_girl_augmented__Party_Girl_Fortnite_Montage [uXGC9gKcheI],3702,123.400000,1.0000,False,manual_box,original
party_girl_augmented_Party_Girl_Fortnite_Montage_[uXGC9gKcheI]_003702_f88d8154_a_2_b975a37a_aug_brightness_0.7.png,1,player,1,0.519622,0.686342,0.108296,0.415563,party_girl_augmented__Party_Girl_Fortnite_Montage [uXGC9gKcheI],3702,123.400000,1.0000,False,manual_box,brightness_0.7
party_girl_augmented_Party_Girl_Fortnite_Montage_[uXGC9gKcheI]_003702_f88d8154_a_2_b975a37a_aug_brightness_0.7.png,0,enemy,1,0.385494,0.694631,0.079483,0.228781,party_girl_augmented__Party_Girl_Fortnite_Montage [uXGC9gKcheI],3702,123.400000,1.0000,False,manual_box,brightness_0.7
party_girl_augmented_Party_Girl_Fortnite_Montage_[uXGC9gKcheI]_003702_f88d8154_a_2_b975a37a_aug_brightness_1.3.png,1,player,1,0.519622,0.686342,0.108296,0.415563,party_girl_augmented__Party_Girl_Fortnite_Montage [uXGC9gKcheI],3702,123.400000,1.0000,False,manual_box,brightness_1.3
party_girl_augmented_Party_Girl_Fortnite_Montage_[uXGC9gKcheI]_003702_f88d8154_a_2_b975a37a_aug_brightness_1.3.png,0,enemy,1,0.385494,0.694631,0.079483,0.228781,party_girl_augmented__Party_Girl_Fortnite_Montage [uXGC9gKcheI],3702,123.400000,1.0000,False,manual_box,brightness_1.3
party_girl_augmented_Party_Girl_Fortnite_Montage_[uXGC9gKcheI]_003702_f88d8154_a_2_b975a37a_aug_noise.png,1,player,1,0.519622,0.686342,0.108296,0.415563,party_girl_augmented__Party_Girl_Fortnite_Montage [uXGC9gKcheI],3702,123.400000,1.0000,False,manual_box,noise
party_girl_augmented_Party_Girl_Fortnite_Montage_[uXGC9gKcheI]_003702_f88d8154_a_2_b975a37a_aug_noise.png,0,enemy,1,0.385494,0.694631,0.079483,0.228781,party_girl_augmented__Party_Girl_Fortnite_Montage [uXGC9gKcheI],3702,123.400000,1.0000,False,manual_box,noise
party_girl_augmented_Party_Girl_Fortnite_Montage_[uXGC9gKcheI]_003702_f88d8154_a_2_b975a37a_aug_flip.png,1,player,1,0.480378,0.686342,0.108296,0.415563,party_girl_augmented__Party_Girl_Fortnite_Montage [uXGC9gKcheI],3702,123.400000,1.0000,False,manual_box,flip
party_girl_augmented_Party_Girl_Fortnite_Montage_[uXGC9gKcheI]_003702_f88d8154_a_2_b975a37a_aug_flip.png,0,enemy,1,0.614506,0.694631,0.079483,0.228781,party_girl_augmented__Party_Girl_Fortnite_Montage [uXGC9gKcheI],3702,123.400000,1.0000,False,manual_box,flip
party_girl_augmented_Party_Girl_Fortnite_Montage_[uXGC9gKcheI]_003702_f88d8154_a_3_abdece38_aug_original.png,1,player,1,0.336770,0.754445,0.108296,0.415563,party_girl_augmented__Party_Girl_Fortnite_Montage [uXGC9gKcheI],3702,123.400000,1.0000,False,manual_box,original
party_girl_augmented_Party_Girl_Fortnite_Montage_[uXGC9gKcheI]_003702_f88d8154_a_3_abdece38_aug_original.png,0,enemy,1,0.470898,0.762734,0.079483,0.228781,party_girl_augmented__Party_Girl_Fortnite_Montage [uXGC9gKcheI],3702,123.400000,1.0000,False,manual_box,original
party_girl_augmented_Party_Girl_Fortnite_Montage_[uXGC9gKcheI]_003702_f88d8154_a_3_abdece38_aug_brightness_0.7.png,1,player,1,0.336770,0.754445,0.108296,0.415563,party_girl_augmented__Party_Girl_Fortnite_Montage [uXGC9gKcheI],3702,123.400000,1.0000,False,manual_box,brightness_0.7
party_girl_augmented_Party_Girl_Fortnite_Montage_[uXGC9gKcheI]_003702_f88d8154_a_3_abdece38_aug_brightness_0.7.png,0,enemy,1,0.470898,0.762734,0.079483,0.228781,party_girl_augmented__Party_Girl_Fortnite_Montage [uXGC9gKcheI],3702,123.400000,1.0000,False,manual_box,brightness_0.7
party_girl_augmented_Party_Girl_Fortnite_Montage_[uXGC9gKcheI]_003702_f88d8154_a_3_abdece38_aug_brightness_1.3.png,1,player,1,0.336770,0.754445,0.108296,0.415563,party_girl_augmented__Party_Girl_Fortnite_Montage [uXGC9gKcheI],3702,123.400000,1.0000,False,manual_box,brightness_1.3
party_girl_augmented_Party_Girl_Fortnite_Montage_[uXGC9gKcheI]_003702_f88d8154_a_3_abdece38_aug_brightness_1.3.png,0,enemy,1,0.470898,0.762734,0.079483,0.228781,party_girl_augmented__Party_Girl_Fortnite_Montage [uXGC9gKcheI],3702,123.400000,1.0000,False,manual_box,brightness_1.3
party_girl_augmented_Party_Girl_Fortnite_Montage_[uXGC9gKcheI]_003702_f88d8154_a_3_abdece38_aug_noise.png,1,player,1,0.336770,0.754445,0.108296,0.415563,party_girl_augmented__Party_Girl_Fortnite_Montage [uXGC9gKcheI],3702,123.400000,1.0000,False,manual_box,noise
party_girl_augmented_Party_Girl_Fortnite_Montage_[uXGC9gKcheI]_003702_f88d8154_a_3_abdece38_aug_noise.png,0,enemy,1,0.470898,0.762734,0.079483,0.228781,party_girl_augmented__Party_Girl_Fortnite_Montage [uXGC9gKcheI],3702,123.400000,1.0000,False,manual_box,noise
party_girl_augmented_Party_Girl_Fortnite_Montage_[uXGC9gKcheI]_003702_f88d8154_a_3_abdece38_aug_flip.png,1,player,1,0.663230,0.754445,0.108296,0.415563,party_girl_augmented__Party_Girl_Fortnite_Montage [uXGC9gKcheI],3702,123.400000,1.0000,False,manual_box,flip
party_girl_augmented_Party_Girl_Fortnite_Montage_[uXGC9gKcheI]_003702_f88d8154_a_3_abdece38_aug_flip.png,0,enemy,1,0.529102,0.762734,0.079483,0.228781,party_girl_augmented__Party_Girl_Fortnite_Montage [uXGC9gKcheI],3702,123.400000,1.0000,False,manual_box,flip
party_girl_augmented_Party_Girl_Fortnite_Montage_[uXGC9gKcheI]_003702_f88d8154_a_4_42c3f27b_aug_original.png,1,player,1,0.384152,0.628563,0.128351,0.492114,party_girl_augmented__Party_Girl_Fortnite_Montage [uXGC9gKcheI],3702,123.400000,1.0000,False,manual_box,original
party_girl_augmented_Party_Girl_Fortnite_Montage_[uXGC9gKcheI]_003702_f88d8154_a_4_42c3f27b_aug_original.png,0,enemy,1,0.543118,0.638379,0.094202,0.270925,party_girl_augmented__Party_Girl_Fortnite_Montage [uXGC9gKcheI],3702,123.400000,1.0000,False,manual_box,original
party_girl_augmented_Party_Girl_Fortnite_Montage_[uXGC9gKcheI]_003702_f88d8154_a_4_42c3f27b_aug_noise.png,1,player,1,0.384152,0.628563,0.128351,0.492114,party_girl_augmented__Party_Girl_Fortnite_Montage [uXGC9gKcheI],3702,123.400000,1.0000,False,manual_box,noise
party_girl_augmented_Party_Girl_Fortnite_Montage_[uXGC9gKcheI]_003702_f88d8154_a_4_42c3f27b_aug_noise.png,0,enemy,1,0.543118,0.638379,0.094202,0.270925,party_girl_augmented__Party_Girl_Fortnite_Montage [uXGC9gKcheI],3702,123.400000,1.0000,False,manual_box,noise
party_girl_augmented_Party_Girl_Fortnite_Montage_[uXGC9gKcheI]_003702_f88d8154_a_5_dfdedfdd_aug_original.png,1,player,1,0.480378,0.686342,0.108296,0.415563,party_girl_augmented__Party_Girl_Fortnite_Montage [uXGC9gKcheI],3702,123.400000,1.0000,False,manual_box,original
party_girl_augmented_Party_Girl_Fortnite_Montage_[uXGC9gKcheI]_003702_f88d8154_a_5_dfdedfdd_aug_original.png,0,enemy,1,0.900443,0.736298,0.079483,0.228781,party_girl_augmented__Party_Girl_Fortnite_Montage [uXGC9gKcheI],3702,123.400000,1.0000,False,manual_box,original
party_girl_augmented_Party_Girl_Fortnite_Montage_[uXGC9gKcheI]_003702_f88d8154_a_5_dfdedfdd_aug_brightness_0.7.png,1,player,1,0.480378,0.686342,0.108296,0.415563,party_girl_augmented__Party_Girl_Fortnite_Montage [uXGC9gKcheI],3702,123.400000,1.0000,False,manual_box,brightness_0.7
party_girl_augmented_Party_Girl_Fortnite_Montage_[uXGC9gKcheI]_003702_f88d8154_a_5_dfdedfdd_aug_brightness_0.7.png,0,enemy,1,0.900443,0.736298,0.079483,0.228781,party_girl_augmented__Party_Girl_Fortnite_Montage [uXGC9gKcheI],3702,123.400000,1.0000,False,manual_box,brightness_0.7
party_girl_augmented_Party_Girl_Fortnite_Montage_[uXGC9gKcheI]_003702_f88d8154_a_5_dfdedfdd_aug_brightness_1.3.png,1,player,1,0.480378,0.686342,0.108296,0.415563,party_girl_augmented__Party_Girl_Fortnite_Montage [uXGC9gKcheI],3702,123.400000,1.0000,False,manual_box,brightness_1.3
party_girl_augmented_Party_Girl_Fortnite_Montage_[uXGC9gKcheI]_003702_f88d8154_a_5_dfdedfdd_aug_brightness_1.3.png,0,enemy,1,0.900443,0.736298,0.079483,0.228781,party_girl_augmented__Party_Girl_Fortnite_Montage [uXGC9gKcheI],3702,123.400000,1.0000,False,manual_box,brightness_1.3
party_girl_augmented_Party_Girl_Fortnite_Montage_[uXGC9gKcheI]_003702_f88d8154_a_5_dfdedfdd_aug_noise.png,1,player,1,0.480378,0.686342,0.108296,0.415563,party_girl_augmented__Party_Girl_Fortnite_Montage [uXGC9gKcheI],3702,123.400000,1.0000,False,manual_box,noise
party_girl_augmented_Party_Girl_Fortnite_Montage_[uXGC9gKcheI]_003702_f88d8154_a_5_dfdedfdd_aug_noise.png,0,enemy,1,0.900443,0.736298,0.079483,0.228781,party_girl_augmented__Party_Girl_Fortnite_Montage [uXGC9gKcheI],3702,123.400000,1.0000,False,manual_box,noise
party_girl_augmented_Party_Girl_Fortnite_Montage_[uXGC9gKcheI]_003702_f88d8154_a_5_dfdedfdd_aug_flip.png,1,player,1,0.519622,0.686342,0.108296,0.415563,party_girl_augmented__Party_Girl_Fortnite_Montage [uXGC9gKcheI],3702,123.400000,1.0000,False,manual_box,flip
party_girl_augmented_Party_Girl_Fortnite_Montage_[uXGC9gKcheI]_003702_f88d8154_a_5_dfdedfdd_aug_flip.png,0,enemy,1,0.099557,0.736298,0.079483,0.228781,party_girl_augmented__Party_Girl_Fortnite_Montage [uXGC9gKcheI],3702,123.400000,1.0000,False,manual_box,flip
party_girl_augmented_Party_Girl_Fortnite_Montage_[uXGC9gKcheI]_003702_f88d8154_a_143790e8_aug_original.png,1,player,1,0.480378,0.686342,0.108296,0.415563,party_girl_augmented__Party_Girl_Fortnite_Montage [uXGC9gKcheI],3702,123.400000,1.0000,False,manual_box,original
party_girl_augmented_Party_Girl_Fortnite_Montage_[uXGC9gKcheI]_003702_f88d8154_a_143790e8_aug_original.png,0,enemy,1,0.614506,0.694631,0.079483,0.228781,party_girl_augmented__Party_Girl_Fortnite_Montage [uXGC9gKcheI],3702,123.400000,1.0000,False,manual_box,original
party_girl_augmented_Party_Girl_Fortnite_Montage_[uXGC9gKcheI]_003702_f88d8154_a_143790e8_aug_brightness_0.7.png,1,player,1,0.480378,0.686342,0.108296,0.415563,party_girl_augmented__Party_Girl_Fortnite_Montage [uXGC9gKcheI],3702,123.400000,1.0000,False,manual_box,brightness_0.7
party_girl_augmented_Party_Girl_Fortnite_Montage_[uXGC9gKcheI]_003702_f88d8154_a_143790e8_aug_brightness_0.7.png,0,enemy,1,0.614506,0.694631,0.079483,0.228781,party_girl_augmented__Party_Girl_Fortnite_Montage [uXGC9gKcheI],3702,123.400000,1.0000,False,manual_box,brightness_0.7
party_girl_augmented_Party_Girl_Fortnite_Montage_[uXGC9gKcheI]_003702_f88d8154_a_143790e8_aug_brightness_1.3.png,1,player,1,0.480378,0.686342,0.108296,0.415563,party_girl_augmented__Party_Girl_Fortnite_Montage [uXGC9gKcheI],3702,123.400000,1.0000,False,manual_box,brightness_1.3
party_girl_augmented_Party_Girl_Fortnite_Montage_[uXGC9gKcheI]_003702_f88d8154_a_143790e8_aug_brightness_1.3.png,0,enemy,1,0.614506,0.694631,0.079483,0.228781,party_girl_augmented__Party_Girl_Fortnite_Montage [uXGC9gKcheI],3702,123.400000,1.0000,False,manual_box,brightness_1.3
party_girl_augmented_Party_Girl_Fortnite_Montage_[uXGC9gKcheI]_003702_f88d8154_a_143790e8_aug_shift.png,1,player,1,0.558574,0.737030,0.108296,0.415563,party_girl_augmented__Party_Girl_Fortnite_Montage [uXGC9gKcheI],3702,123.400000,1.0000,False,manual_box,shift
party_girl_augmented_Party_Girl_Fortnite_Montage_[uXGC9gKcheI]_003702_f88d8154_a_143790e8_aug_shift.png,0,enemy,1,0.692702,0.745319,0.079483,0.228781,party_girl_augmented__Party_Girl_Fortnite_Montage [uXGC9gKcheI],3702,123.400000,1.0000,False,manual_box,shift
party_girl_augmented_Party_Girl_Fortnite_Montage_[uXGC9gKcheI]_003702_f88d8154_a_143790e8_aug_zoom.png,1,player,1,0.383009,0.630637,0.128589,0.493738,party_girl_augmented__Party_Girl_Fortnite_Montage [uXGC9gKcheI],3702,123.400000,1.0000,False,manual_box,zoom
party_girl_augmented_Party_Girl_Fortnite_Montage_[uXGC9gKcheI]_003702_f88d8154_a_143790e8_aug_zoom.png,0,enemy,1,0.542271,0.640486,0.094377,0.271819,party_girl_augmented__Party_Girl_Fortnite_Montage [uXGC9gKcheI],3702,123.400000,1.0000,False,manual_box,zoom
party_girl_augmented_Party_Girl_Fortnite_Montage_[uXGC9gKcheI]_003703_8853df7b_a_2_2ee6d2e8_aug_original.png,0,enemy,1,0.606806,0.679158,0.087928,0.235412,party_girl_augmented__Party_Girl_Fortnite_Montage [uXGC9gKcheI],3703,123.433333,1.0000,False,manual_box,original
party_girl_augmented_Party_Girl_Fortnite_Montage_[uXGC9gKcheI]_003703_8853df7b_a_2_2ee6d2e8_aug_original.png,1,player,1,0.491058,0.681921,0.111773,0.433246,party_girl_augmented__Party_Girl_Fortnite_Montage [uXGC9gKcheI],3703,123.433333,1.0000,False,manual_box,original
party_girl_augmented_Party_Girl_Fortnite_Montage_[uXGC9gKcheI]_003703_8853df7b_a_2_2ee6d2e8_aug_brightness_0.7.png,0,enemy,1,0.606806,0.679158,0.087928,0.235412,party_girl_augmented__Party_Girl_Fortnite_Montage [uXGC9gKcheI],3703,123.433333,1.0000,False,manual_box,brightness_0.7
party_girl_augmented_Party_Girl_Fortnite_Montage_[uXGC9gKcheI]_003703_8853df7b_a_2_2ee6d2e8_aug_brightness_0.7.png,1,player,1,0.491058,0.681921,0.111773,0.433246,party_girl_augmented__Party_Girl_Fortnite_Montage [uXGC9gKcheI],3703,123.433333,1.0000,False,manual_box,brightness_0.7
party_girl_augmented_Party_Girl_Fortnite_Montage_[uXGC9gKcheI]_003703_8853df7b_a_2_2ee6d2e8_aug_brightness_1.3.png,0,enemy,1,0.606806,0.679158,0.087928,0.235412,party_girl_augmented__Party_Girl_Fortnite_Montage [uXGC9gKcheI],3703,123.433333,1.0000,False,manual_box,brightness_1.3
party_girl_augmented_Party_Girl_Fortnite_Montage_[uXGC9gKcheI]_003703_8853df7b_a_2_2ee6d2e8_aug_brightness_1.3.png,1,player,1,0.491058,0.681921,0.111773,0.433246,party_girl_augmented__Party_Girl_Fortnite_Montage [uXGC9gKcheI],3703,123.433333,1.0000,False,manual_box,brightness_1.3
party_girl_augmented_Party_Girl_Fortnite_Montage_[uXGC9gKcheI]_003703_8853df7b_a_2_2ee6d2e8_aug_noise.png,0,enemy,1,0.606806,0.679158,0.087928,0.235412,party_girl_augmented__Party_Girl_Fortnite_Montage [uXGC9gKcheI],3703,123.433333,1.0000,False,manual_box,noise
party_girl_augmented_Party_Girl_Fortnite_Montage_[uXGC9gKcheI]_003703_8853df7b_a_2_2ee6d2e8_aug_noise.png,1,player,1,0.491058,0.681921,0.111773,0.433246,party_girl_augmented__Party_Girl_Fortnite_Montage [uXGC9gKcheI],3703,123.433333,1.0000,False,manual_box,noise
party_girl_augmented_Party_Girl_Fortnite_Montage_[uXGC9gKcheI]_003703_8853df7b_a_2_2ee6d2e8_aug_flip.png,0,enemy,1,0.393194,0.679158,0.087928,0.235412,party_girl_augmented__Party_Girl_Fortnite_Montage [uXGC9gKcheI],3703,123.433333,1.0000,False,manual_box,flip
party_girl_augmented_Party_Girl_Fortnite_Montage_[uXGC9gKcheI]_003703_8853df7b_a_2_2ee6d2e8_aug_flip.png,1,player,1,0.508942,0.681921,0.111773,0.433246,party_girl_augmented__Party_Girl_Fortnite_Montage [uXGC9gKcheI],3703,123.433333,1.0000,False,manual_box,flip
party_girl_augmented_Party_Girl_Fortnite_Montage_[uXGC9gKcheI]_003703_8853df7b_a_3_c3086f1a_aug_original.png,0,enemy,1,0.606806,0.679158,0.087928,0.235412,party_girl_augmented__Party_Girl_Fortnite_Montage [uXGC9gKcheI],3703,123.433333,1.0000,False,manual_box,original
party_girl_augmented_Party_Girl_Fortnite_Montage_[uXGC9gKcheI]_003703_8853df7b_a_3_c3086f1a_aug_original.png,1,player,1,0.491058,0.681921,0.111773,0.433246,party_girl_augmented__Party_Girl_Fortnite_Montage [uXGC9gKcheI],3703,123.433333,1.0000,False,manual_box,original
party_girl_augmented_Party_Girl_Fortnite_Montage_[uXGC9gKcheI]_003703_8853df7b_a_3_c3086f1a_aug_brightness_0.7.png,0,enemy,1,0.606806,0.679158,0.087928,0.235412,party_girl_augmented__Party_Girl_Fortnite_Montage [uXGC9gKcheI],3703,123.433333,1.0000,False,manual_box,brightness_0.7
party_girl_augmented_Party_Girl_Fortnite_Montage_[uXGC9gKcheI]_003703_8853df7b_a_3_c3086f1a_aug_brightness_0.7.png,1,player,1,0.491058,0.681921,0.111773,0.433246,party_girl_augmented__Party_Girl_Fortnite_Montage [uXGC9gKcheI],3703,123.433333,1.0000,False,manual_box,brightness_0.7
party_girl_augmented_Party_Girl_Fortnite_Montage_[uXGC9gKcheI]_003703_8853df7b_a_3_c3086f1a_aug_brightness_1.3.png,0,enemy,1,0.606806,0.679158,0.087928,0.235412,party_girl_augmented__Party_Girl_Fortnite_Montage [uXGC9gKcheI],3703,123.433333,1.0000,False,manual_box,brightness_1.3
party_girl_augmented_Party_Girl_Fortnite_Montage_[uXGC9gKcheI]_003703_8853df7b_a_3_c3086f1a_aug_brightness_1.3.png,1,player,1,0.491058,0.681921,0.111773,0.433246,party_girl_augmented__Party_Girl_Fortnite_Montage [uXGC9gKcheI],3703,123.433333,1.0000,False,manual_box,brightness_1.3
party_girl_augmented_Party_Girl_Fortnite_Montage_[uXGC9gKcheI]_003703_8853df7b_a_3_c3086f1a_aug_noise.png,0,enemy,1,0.606806,0.679158,0.087928,0.235412,party_girl_augmented__Party_Girl_Fortnite_Montage [uXGC9gKcheI],3703,123.433333,1.0000,False,manual_box,noise
party_girl_augmented_Party_Girl_Fortnite_Montage_[uXGC9gKcheI]_003703_8853df7b_a_3_c3086f1a_aug_noise.png,1,player,1,0.491058,0.681921,0.111773,0.433246,party_girl_augmented__Party_Girl_Fortnite_Montage [uXGC9gKcheI],3703,123.433333,1.0000,False,manual_box,noise
party_girl_augmented_Party_Girl_Fortnite_Montage_[uXGC9gKcheI]_003703_8853df7b_a_3_c3086f1a_aug_flip.png,0,enemy,1,0.393194,0.679158,0.087928,0.235412,party_girl_augmented__Party_Girl_Fortnite_Montage [uXGC9gKcheI],3703,123.433333,1.0000,False,manual_box,flip
party_girl_augmented_Party_Girl_Fortnite_Montage_[uXGC9gKcheI]_003703_8853df7b_a_3_c3086f1a_aug_flip.png,1,player,1,0.508942,0.681921,0.111773,0.433246,party_girl_augmented__Party_Girl_Fortnite_Montage [uXGC9gKcheI],3703,123.433333,1.0000,False,manual_box,flip
party_girl_augmented_Party_Girl_Fortnite_Montage_[uXGC9gKcheI]_003703_8853df7b_a_4_dffaaf75_aug_original.png,0,enemy,1,0.606806,0.679158,0.087928,0.235412,party_girl_augmented__Party_Girl_Fortnite_Montage [uXGC9gKcheI],3703,123.433333,1.0000,False,manual_box,original
party_girl_augmented_Party_Girl_Fortnite_Montage_[uXGC9gKcheI]_003703_8853df7b_a_4_dffaaf75_aug_original.png,1,player,1,0.491058,0.681921,0.111773,0.433246,party_girl_augmented__Party_Girl_Fortnite_Montage [uXGC9gKcheI],3703,123.433333,1.0000,False,manual_box,original
party_girl_augmented_Party_Girl_Fortnite_Montage_[uXGC9gKcheI]_003703_8853df7b_a_4_dffaaf75_aug_brightness_0.7.png,0,enemy,1,0.606806,0.679158,0.087928,0.235412,party_girl_augmented__Party_Girl_Fortnite_Montage [uXGC9gKcheI],3703,123.433333,1.0000,False,manual_box,brightness_0.7
party_girl_augmented_Party_Girl_Fortnite_Montage_[uXGC9gKcheI]_003703_8853df7b_a_4_dffaaf75_aug_brightness_0.7.png,1,player,1,0.491058,0.681921,0.111773,0.433246,party_girl_augmented__Party_Girl_Fortnite_Montage [uXGC9gKcheI],3703,123.433333,1.0000,False,manual_box,brightness_0.7
party_girl_augmented_Party_Girl_Fortnite_Montage_[uXGC9gKcheI]_003703_8853df7b_a_4_dffaaf75_aug_brightness_1.3.png,0,enemy,1,0.606806,0.679158,0.087928,0.235412,party_girl_augmented__Party_Girl_Fortnite_Montage [uXGC9gKcheI],3703,123.433333,1.0000,False,manual_box,brightness_1.3
party_girl_augmented_Party_Girl_Fortnite_Montage_[uXGC9gKcheI]_003703_8853df7b_a_4_dffaaf75_aug_brightness_1.3.png,1,player,1,0.491058,0.681921,0.111773,0.433246,party_girl_augmented__Party_Girl_Fortnite_Montage [uXGC9gKcheI],3703,123.433333,1.0000,False,manual_box,brightness_1.3
party_girl_augmented_Party_Girl_Fortnite_Montage_[uXGC9gKcheI]_003703_8853df7b_a_4_dffaaf75_aug_noise.png,0,enemy,1,0.606806,0.679158,0.087928,0.235412,party_girl_augmented__Party_Girl_Fortnite_Montage [uXGC9gKcheI],3703,123.433333,1.0000,False,manual_box,noise
party_girl_augmented_Party_Girl_Fortnite_Montage_[uXGC9gKcheI]_003703_8853df7b_a_4_dffaaf75_aug_noise.png,1,player,1,0.491058,0.681921,0.111773,0.433246,party_girl_augmented__Party_Girl_Fortnite_Montage [uXGC9gKcheI],3703,123.433333,1.0000,False,manual_box,noise
party_girl_augmented_Party_Girl_Fortnite_Montage_[uXGC9gKcheI]_003703_8853df7b_a_4_dffaaf75_aug_maskedpan.png,0,enemy,1,0.484931,0.573602,0.087928,0.235412,party_girl_augmented__Party_Girl_Fortnite_Montage [uXGC9gKcheI],3703,123.433333,1.0000,False,manual_box,maskedpan
party_girl_augmented_Party_Girl_Fortnite_Montage_[uXGC9gKcheI]_003703_8853df7b_a_4_dffaaf75_aug_maskedpan.png,1,player,1,0.491058,0.681921,0.111773,0.433246,party_girl_augmented__Party_Girl_Fortnite_Montage [uXGC9gKcheI],3703,123.433333,1.0000,False,manual_box,maskedpan
party_girl_augmented_Party_Girl_Fortnite_Montage_[uXGC9gKcheI]_003703_8853df7b_a_5_e97f1487_aug_original.png,0,enemy,1,0.393194,0.679158,0.087928,0.235412,party_girl_augmented__Party_Girl_Fortnite_Montage [uXGC9gKcheI],3703,123.433333,1.0000,False,manual_box,original
party_girl_augmented_Party_Girl_Fortnite_Montage_[uXGC9gKcheI]_003703_8853df7b_a_5_e97f1487_aug_original.png,1,player,1,0.508942,0.681921,0.111773,0.433246,party_girl_augmented__Party_Girl_Fortnite_Montage [uXGC9gKcheI],3703,123.433333,1.0000,False,manual_box,original
party_girl_augmented_Party_Girl_Fortnite_Montage_[uXGC9gKcheI]_003703_8853df7b_a_5_e97f1487_aug_brightness_0.7.png,0,enemy,1,0.393194,0.679158,0.087928,0.235412,party_girl_augmented__Party_Girl_Fortnite_Montage [uXGC9gKcheI],3703,123.433333,1.0000,False,manual_box,brightness_0.7
party_girl_augmented_Party_Girl_Fortnite_Montage_[uXGC9gKcheI]_003703_8853df7b_a_5_e97f1487_aug_brightness_0.7.png,1,player,1,0.508942,0.681921,0.111773,0.433246,party_girl_augmented__Party_Girl_Fortnite_Montage [uXGC9gKcheI],3703,123.433333,1.0000,False,manual_box,brightness_0.7
party_girl_augmented_Party_Girl_Fortnite_Montage_[uXGC9gKcheI]_003703_8853df7b_a_5_e97f1487_aug_brightness_1.3.png,0,enemy,1,0.393194,0.679158,0.087928,0.235412,party_girl_augmented__Party_Girl_Fortnite_Montage [uXGC9gKcheI],3703,123.433333,1.0000,False,manual_box,brightness_1.3
party_girl_augmented_Party_Girl_Fortnite_Montage_[uXGC9gKcheI]_003703_8853df7b_a_5_e97f1487_aug_brightness_1.3.png,1,player,1,0.508942,0.681921,0.111773,0.433246,party_girl_augmented__Party_Girl_Fortnite_Montage [uXGC9gKcheI],3703,123.433333,1.0000,False,manual_box,brightness_1.3
party_girl_augmented_Party_Girl_Fortnite_Montage_[uXGC9gKcheI]_003703_8853df7b_a_5_e97f1487_aug_noise.png,0,enemy,1,0.393194,0.679158,0.087928,0.235412,party_girl_augmented__Party_Girl_Fortnite_Montage [uXGC9gKcheI],3703,123.433333,1.0000,False,manual_box,noise
party_girl_augmented_Party_Girl_Fortnite_Montage_[uXGC9gKcheI]_003703_8853df7b_a_5_e97f1487_aug_noise.png,1,player,1,0.508942,0.681921,0.111773,0.433246,party_girl_augmented__Party_Girl_Fortnite_Montage [uXGC9gKcheI],3703,123.433333,1.0000,False,manual_box,noise
party_girl_augmented_Party_Girl_Fortnite_Montage_[uXGC9gKcheI]_003703_8853df7b_a_5_e97f1487_aug_flip.png,0,enemy,1,0.606806,0.679158,0.087928,0.235412,party_girl_augmented__Party_Girl_Fortnite_Montage [uXGC9gKcheI],3703,123.433333,1.0000,False,manual_box,flip
party_girl_augmented_Party_Girl_Fortnite_Montage_[uXGC9gKcheI]_003703_8853df7b_a_5_e97f1487_aug_flip.png,1,player,1,0.491058,0.681921,0.111773,0.433246,party_girl_augmented__Party_Girl_Fortnite_Montage [uXGC9gKcheI],3703,123.433333,1.0000,False,manual_box,flip
party_girl_augmented_Party_Girl_Fortnite_Montage_[uXGC9gKcheI]_003703_8853df7b_a_6d428221_aug_original.png,0,enemy,1,0.606806,0.679158,0.087928,0.235412,party_girl_augmented__Party_Girl_Fortnite_Montage [uXGC9gKcheI],3703,123.433333,1.0000,False,manual_box,original
party_girl_augmented_Party_Girl_Fortnite_Montage_[uXGC9gKcheI]_003703_8853df7b_a_6d428221_aug_original.png,1,player,1,0.491058,0.681921,0.111773,0.433246,party_girl_augmented__Party_Girl_Fortnite_Montage [uXGC9gKcheI],3703,123.433333,1.0000,False,manual_box,original
party_girl_augmented_Party_Girl_Fortnite_Montage_[uXGC9gKcheI]_003703_8853df7b_a_6d428221_aug_flip.png,0,enemy,1,0.393194,0.679158,0.087928,0.235412,party_girl_augmented__Party_Girl_Fortnite_Montage [uXGC9gKcheI],3703,123.433333,1.0000,False,manual_box,flip
party_girl_augmented_Party_Girl_Fortnite_Montage_[uXGC9gKcheI]_003703_8853df7b_a_6d428221_aug_flip.png,1,player,1,0.508942,0.681921,0.111773,0.433246,party_girl_augmented__Party_Girl_Fortnite_Montage [uXGC9gKcheI],3703,123.433333,1.0000,False,manual_box,flip
party_girl_augmented_Party_Girl_Fortnite_Montage_[uXGC9gKcheI]_003703_8853df7b_a_6d428221_aug_shift.png,0,enemy,1,0.668168,0.745796,0.087928,0.235412,party_girl_augmented__Party_Girl_Fortnite_Montage [uXGC9gKcheI],3703,123.433333,1.0000,False,manual_box,shift
party_girl_augmented_Party_Girl_Fortnite_Montage_[uXGC9gKcheI]_003703_8853df7b_a_6d428221_aug_shift.png,1,player,1,0.552420,0.748559,0.111773,0.433246,party_girl_augmented__Party_Girl_Fortnite_Montage [uXGC9gKcheI],3703,123.433333,1.0000,False,manual_box,shift
party_girl_augmented_Party_Girl_Fortnite_Montage_[uXGC9gKcheI]_003704_29dde6bf_a_2_17ad50e1_aug_original.png,0,enemy,1,0.670710,0.530685,0.087928,0.267463,party_girl_augmented__Party_Girl_Fortnite_Montage [uXGC9gKcheI],3704,123.466666,1.0000,False,manual_box,original
party_girl_augmented_Party_Girl_Fortnite_Montage_[uXGC9gKcheI]_003704_29dde6bf_a_2_17ad50e1_aug_original.png,1,player,1,0.558937,0.558868,0.123696,0.471929,party_girl_augmented__Party_Girl_Fortnite_Montage [uXGC9gKcheI],3704,123.466666,1.0000,False,manual_box,original
party_girl_augmented_Party_Girl_Fortnite_Montage_[uXGC9gKcheI]_003704_29dde6bf_a_2_17ad50e1_aug_brightness_0.7.png,0,enemy,1,0.670710,0.530685,0.087928,0.267463,party_girl_augmented__Party_Girl_Fortnite_Montage [uXGC9gKcheI],3704,123.466666,1.0000,False,manual_box,brightness_0.7
party_girl_augmented_Party_Girl_Fortnite_Montage_[uXGC9gKcheI]_003704_29dde6bf_a_2_17ad50e1_aug_brightness_0.7.png,1,player,1,0.558937,0.558868,0.123696,0.471929,party_girl_augmented__Party_Girl_Fortnite_Montage [uXGC9gKcheI],3704,123.466666,1.0000,False,manual_box,brightness_0.7
party_girl_augmented_Party_Girl_Fortnite_Montage_[uXGC9gKcheI]_003704_29dde6bf_a_2_17ad50e1_aug_brightness_1.3.png,0,enemy,1,0.670710,0.530685,0.087928,0.267463,party_girl_augmented__Party_Girl_Fortnite_Montage [uXGC9gKcheI],3704,123.466666,1.0000,False,manual_box,brightness_1.3
party_girl_augmented_Party_Girl_Fortnite_Montage_[uXGC9gKcheI]_003704_29dde6bf_a_2_17ad50e1_aug_brightness_1.3.png,1,player,1,0.558937,0.558868,0.123696,0.471929,party_girl_augmented__Party_Girl_Fortnite_Montage [uXGC9gKcheI],3704,123.466666,1.0000,False,manual_box,brightness_1.3
party_girl_augmented_Party_Girl_Fortnite_Montage_[uXGC9gKcheI]_003704_29dde6bf_a_2_17ad50e1_aug_noise.png,0,enemy,1,0.670710,0.530685,0.087928,0.267463,party_girl_augmented__Party_Girl_Fortnite_Montage [uXGC9gKcheI],3704,123.466666,1.0000,False,manual_box,noise
party_girl_augmented_Party_Girl_Fortnite_Montage_[uXGC9gKcheI]_003704_29dde6bf_a_2_17ad50e1_aug_noise.png,1,player,1,0.558937,0.558868,0.123696,0.471929,party_girl_augmented__Party_Girl_Fortnite_Montage [uXGC9gKcheI],3704,123.466666,1.0000,False,manual_box,noise
party_girl_augmented_Party_Girl_Fortnite_Montage_[uXGC9gKcheI]_003704_29dde6bf_a_2_17ad50e1_aug_flip.png,0,enemy,1,0.329290,0.530685,0.087928,0.267463,party_girl_augmented__Party_Girl_Fortnite_Montage [uXGC9gKcheI],3704,123.466666,1.0000,False,manual_box,flip
party_girl_augmented_Party_Girl_Fortnite_Montage_[uXGC9gKcheI]_003704_29dde6bf_a_2_17ad50e1_aug_flip.png,1,player,1,0.441063,0.558868,0.123696,0.471929,party_girl_augmented__Party_Girl_Fortnite_Montage [uXGC9gKcheI],3704,123.466666,1.0000,False,manual_box,flip
party_girl_augmented_Party_Girl_Fortnite_Montage_[uXGC9gKcheI]_003704_29dde6bf_a_3_524e3e7e_aug_original.png,0,enemy,1,0.603457,0.682776,0.082845,0.251861,party_girl_augmented__Party_Girl_Fortnite_Montage [uXGC9gKcheI],3704,123.466666,1.0000,False,manual_box,original
party_girl_augmented_Party_Girl_Fortnite_Montage_[uXGC9gKcheI]_003704_29dde6bf_a_3_524e3e7e_aug_original.png,1,player,1,0.498146,0.709315,0.116545,0.444400,party_girl_augmented__Party_Girl_Fortnite_Montage [uXGC9gKcheI],3704,123.466666,1.0000,False,manual_box,original
party_girl_augmented_Party_Girl_Fortnite_Montage_[uXGC9gKcheI]_003704_29dde6bf_a_3_524e3e7e_aug_flip.png,0,enemy,1,0.396543,0.682776,0.082845,0.251861,party_girl_augmented__Party_Girl_Fortnite_Montage [uXGC9gKcheI],3704,123.466666,1.0000,False,manual_box,flip
party_girl_augmented_Party_Girl_Fortnite_Montage_[uXGC9gKcheI]_003704_29dde6bf_a_3_524e3e7e_aug_flip.png,1,player,1,0.501854,0.709315,0.116545,0.444400,party_girl_augmented__Party_Girl_Fortnite_Montage [uXGC9gKcheI],3704,123.466666,1.0000,False,manual_box,flip
party_girl_augmented_Party_Girl_Fortnite_Montage_[uXGC9gKcheI]_003704_29dde6bf_a_3_524e3e7e_aug_shift.png,0,enemy,1,0.635582,0.788731,0.082845,0.251861,party_girl_augmented__Party_Girl_Fortnite_Montage [uXGC9gKcheI],3704,123.466666,1.0000,False,manual_box,shift
party_girl_augmented_Party_Girl_Fortnite_Montage_[uXGC9gKcheI]_003704_29dde6bf_a_3_524e3e7e_aug_shift.png,1,player,1,0.530271,0.796535,0.116545,0.406930,party_girl_augmented__Party_Girl_Fortnite_Montage [uXGC9gKcheI],3704,123.466666,1.0000,False,manual_box,shift
party_girl_augmented_Party_Girl_Fortnite_Montage_[uXGC9gKcheI]_003704_29dde6bf_a_3_524e3e7e_aug_maskedpan.png,0,enemy,1,0.290957,0.610554,0.082845,0.251861,party_girl_augmented__Party_Girl_Fortnite_Montage [uXGC9gKcheI],3704,123.466666,1.0000,False,manual_box,maskedpan
party_girl_augmented_Party_Girl_Fortnite_Montage_[uXGC9gKcheI]_003704_29dde6bf_a_3_524e3e7e_aug_maskedpan.png,1,player,1,0.498146,0.709315,0.116545,0.444400,party_girl_augmented__Party_Girl_Fortnite_Montage [uXGC9gKcheI],3704,123.466666,1.0000,False,manual_box,maskedpan
party_girl_augmented_Party_Girl_Fortnite_Montage_[uXGC9gKcheI]_003704_29dde6bf_a_4_1800eeab_aug_original.png,0,enemy,1,0.897367,0.608085,0.087928,0.267463,party_girl_augmented__Party_Girl_Fortnite_Montage [uXGC9gKcheI],3704,123.466666,1.0000,False,manual_box,original
party_girl_augmented_Party_Girl_Fortnite_Montage_[uXGC9gKcheI]_003704_29dde6bf_a_4_1800eeab_aug_original.png,1,player,1,0.485594,0.700157,0.123696,0.471929,party_girl_augmented__Party_Girl_Fortnite_Montage [uXGC9gKcheI],3704,123.466666,1.0000,False,manual_box,original
party_girl_augmented_Party_Girl_Fortnite_Montage_[uXGC9gKcheI]_003704_29dde6bf_a_4_1800eeab_aug_brightness_0.7.png,0,enemy,1,0.897367,0.608085,0.087928,0.267463,party_girl_augmented__Party_Girl_Fortnite_Montage [uXGC9gKcheI],3704,123.466666,1.0000,False,manual_box,brightness_0.7
party_girl_augmented_Party_Girl_Fortnite_Montage_[uXGC9gKcheI]_003704_29dde6bf_a_4_1800eeab_aug_brightness_0.7.png,1,player,1,0.485594,0.700157,0.123696,0.471929,party_girl_augmented__Party_Girl_Fortnite_Montage [uXGC9gKcheI],3704,123.466666,1.0000,False,manual_box,brightness_0.7
party_girl_augmented_Party_Girl_Fortnite_Montage_[uXGC9gKcheI]_003704_29dde6bf_a_4_1800eeab_aug_brightness_1.3.png,0,enemy,1,0.897367,0.608085,0.087928,0.267463,party_girl_augmented__Party_Girl_Fortnite_Montage [uXGC9gKcheI],3704,123.466666,1.0000,False,manual_box,brightness_1.3
party_girl_augmented_Party_Girl_Fortnite_Montage_[uXGC9gKcheI]_003704_29dde6bf_a_4_1800eeab_aug_brightness_1.3.png,1,player,1,0.485594,0.700157,0.123696,0.471929,party_girl_augmented__Party_Girl_Fortnite_Montage [uXGC9gKcheI],3704,123.466666,1.0000,False,manual_box,brightness_1.3
party_girl_augmented_Party_Girl_Fortnite_Montage_[uXGC9gKcheI]_003704_29dde6bf_a_4_1800eeab_aug_noise.png,0,enemy,1,0.897367,0.608085,0.087928,0.267463,party_girl_augmented__Party_Girl_Fortnite_Montage [uXGC9gKcheI],3704,123.466666,1.0000,False,manual_box,noise
party_girl_augmented_Party_Girl_Fortnite_Montage_[uXGC9gKcheI]_003704_29dde6bf_a_4_1800eeab_aug_noise.png,1,player,1,0.485594,0.700157,0.123696,0.471929,party_girl_augmented__Party_Girl_Fortnite_Montage [uXGC9gKcheI],3704,123.466666,1.0000,False,manual_box,noise
party_girl_augmented_Party_Girl_Fortnite_Montage_[uXGC9gKcheI]_003704_29dde6bf_a_4_1800eeab_aug_flip.png,0,enemy,1,0.102633,0.608085,0.087928,0.267463,party_girl_augmented__Party_Girl_Fortnite_Montage [uXGC9gKcheI],3704,123.466666,1.0000,False,manual_box,flip
party_girl_augmented_Party_Girl_Fortnite_Montage_[uXGC9gKcheI]_003704_29dde6bf_a_4_1800eeab_aug_flip.png,1,player,1,0.514406,0.700157,0.123696,0.471929,party_girl_augmented__Party_Girl_Fortnite_Montage [uXGC9gKcheI],3704,123.466666,1.0000,False,manual_box,flip
party_girl_augmented_Party_Girl_Fortnite_Montage_[uXGC9gKcheI]_003704_29dde6bf_a_5f3f5cdc_aug_original.png,0,enemy,1,0.597367,0.671974,0.087928,0.267463,party_girl_augmented__Party_Girl_Fortnite_Montage [uXGC9gKcheI],3704,123.466666,1.0000,False,manual_box,original
party_girl_augmented_Party_Girl_Fortnite_Montage_[uXGC9gKcheI]_003704_29dde6bf_a_5f3f5cdc_aug_original.png,1,player,1,0.485594,0.700157,0.123696,0.471929,party_girl_augmented__Party_Girl_Fortnite_Montage [uXGC9gKcheI],3704,123.466666,1.0000,False,manual_box,original
party_girl_augmented_Party_Girl_Fortnite_Montage_[uXGC9gKcheI]_003704_29dde6bf_a_5f3f5cdc_aug_noise.png,0,enemy,1,0.597367,0.671974,0.087928,0.267463,party_girl_augmented__Party_Girl_Fortnite_Montage [uXGC9gKcheI],3704,123.466666,1.0000,False,manual_box,noise
party_girl_augmented_Party_Girl_Fortnite_Montage_[uXGC9gKcheI]_003704_29dde6bf_a_5f3f5cdc_aug_noise.png,1,player,1,0.485594,0.700157,0.123696,0.471929,party_girl_augmented__Party_Girl_Fortnite_Montage [uXGC9gKcheI],3704,123.466666,1.0000,False,manual_box,noise
party_girl_augmented_Party_Girl_Fortnite_Montage_[uXGC9gKcheI]_003704_29dde6bf_a_5f3f5cdc_aug_flip.png,0,enemy,1,0.402633,0.671974,0.087928,0.267463,party_girl_augmented__Party_Girl_Fortnite_Montage [uXGC9gKcheI],3704,123.466666,1.0000,False,manual_box,flip
party_girl_augmented_Party_Girl_Fortnite_Montage_[uXGC9gKcheI]_003704_29dde6bf_a_5f3f5cdc_aug_flip.png,1,player,1,0.514406,0.700157,0.123696,0.471929,party_girl_augmented__Party_Girl_Fortnite_Montage [uXGC9gKcheI],3704,123.466666,1.0000,False,manual_box,flip
party_girl_augmented_Party_Girl_Fortnite_Montage_[uXGC9gKcheI]_003704_29dde6bf_a_5f3f5cdc_aug_shift.png,0,enemy,1,0.706116,0.630132,0.087928,0.267463,party_girl_augmented__Party_Girl_Fortnite_Montage [uXGC9gKcheI],3704,123.466666,1.0000,False,manual_box,shift
party_girl_augmented_Party_Girl_Fortnite_Montage_[uXGC9gKcheI]_003704_29dde6bf_a_5f3f5cdc_aug_shift.png,1,player,1,0.594343,0.658315,0.123696,0.471929,party_girl_augmented__Party_Girl_Fortnite_Montage [uXGC9gKcheI],3704,123.466666,1.0000,False,manual_box,shift
party_girl_augmented_Party_Girl_Fortnite_Montage_[uXGC9gKcheI]_003704_29dde6bf_a_5f3f5cdc_aug_zoom.png,0,enemy,1,0.535702,0.622718,0.101394,0.307625,party_girl_augmented__Party_Girl_Fortnite_Montage [uXGC9gKcheI],3704,123.466666,1.0000,False,manual_box,zoom
party_girl_augmented_Party_Girl_Fortnite_Montage_[uXGC9gKcheI]_003704_29dde6bf_a_5f3f5cdc_aug_zoom.png,1,player,1,0.406811,0.655133,0.142640,0.542794,party_girl_augmented__Party_Girl_Fortnite_Montage [uXGC9gKcheI],3704,123.466666,1.0000,False,manual_box,zoom
party_girl_augmented_Party_Girl_Fortnite_Montage_[uXGC9gKcheI]_003710_8e9a5d84_a_2_a585236d_aug_original.png,0,enemy,1,0.395678,0.654843,0.076006,0.244254,party_girl_augmented__Party_Girl_Fortnite_Montage [uXGC9gKcheI],3710,123.666666,1.0000,False,manual_box,original
party_girl_augmented_Party_Girl_Fortnite_Montage_[uXGC9gKcheI]_003710_8e9a5d84_a_2_a585236d_aug_original.png,1,player,1,0.516642,0.718393,0.107303,0.459772,party_girl_augmented__Party_Girl_Fortnite_Montage [uXGC9gKcheI],3710,123.666666,1.0000,False,manual_box,original
party_girl_augmented_Party_Girl_Fortnite_Montage_[uXGC9gKcheI]_003710_8e9a5d84_a_2_a585236d_aug_brightness_0.7.png,0,enemy,1,0.395678,0.654843,0.076006,0.244254,party_girl_augmented__Party_Girl_Fortnite_Montage [uXGC9gKcheI],3710,123.666666,1.0000,False,manual_box,brightness_0.7
party_girl_augmented_Party_Girl_Fortnite_Montage_[uXGC9gKcheI]_003710_8e9a5d84_a_2_a585236d_aug_brightness_0.7.png,1,player,1,0.516642,0.718393,0.107303,0.459772,party_girl_augmented__Party_Girl_Fortnite_Montage [uXGC9gKcheI],3710,123.666666,1.0000,False,manual_box,brightness_0.7
party_girl_augmented_Party_Girl_Fortnite_Montage_[uXGC9gKcheI]_003710_8e9a5d84_a_2_a585236d_aug_brightness_1.3.png,0,enemy,1,0.395678,0.654843,0.076006,0.244254,party_girl_augmented__Party_Girl_Fortnite_Montage [uXGC9gKcheI],3710,123.666666,1.0000,False,manual_box,brightness_1.3
party_girl_augmented_Party_Girl_Fortnite_Montage_[uXGC9gKcheI]_003710_8e9a5d84_a_2_a585236d_aug_brightness_1.3.png,1,player,1,0.516642,0.718393,0.107303,0.459772,party_girl_augmented__Party_Girl_Fortnite_Montage [uXGC9gKcheI],3710,123.666666,1.0000,False,manual_box,brightness_1.3
party_girl_augmented_Party_Girl_Fortnite_Montage_[uXGC9gKcheI]_003710_8e9a5d84_a_2_a585236d_aug_noise.png,0,enemy,1,0.395678,0.654843,0.076006,0.244254,party_girl_augmented__Party_Girl_Fortnite_Montage [uXGC9gKcheI],3710,123.666666,1.0000,False,manual_box,noise
party_girl_augmented_Party_Girl_Fortnite_Montage_[uXGC9gKcheI]_003710_8e9a5d84_a_2_a585236d_aug_noise.png,1,player,1,0.516642,0.718393,0.107303,0.459772,party_girl_augmented__Party_Girl_Fortnite_Montage [uXGC9gKcheI],3710,123.666666,1.0000,False,manual_box,noise
party_girl_augmented_Party_Girl_Fortnite_Montage_[uXGC9gKcheI]_003710_8e9a5d84_a_2_a585236d_aug_shift.png,0,enemy,1,0.269009,0.623633,0.076006,0.244254,party_girl_augmented__Party_Girl_Fortnite_Montage [uXGC9gKcheI],3710,123.666666,1.0000,False,manual_box,shift
party_girl_augmented_Party_Girl_Fortnite_Montage_[uXGC9gKcheI]_003710_8e9a5d84_a_2_a585236d_aug_shift.png,1,player,1,0.389973,0.687183,0.107303,0.459772,party_girl_augmented__Party_Girl_Fortnite_Montage [uXGC9gKcheI],3710,123.666666,1.0000,False,manual_box,shift
party_girl_augmented_Party_Girl_Fortnite_Montage_[uXGC9gKcheI]_003710_8e9a5d84_a_3_90b76a42_aug_original.png,0,enemy,1,0.474618,0.541489,0.100921,0.324470,party_girl_augmented__Party_Girl_Fortnite_Montage [uXGC9gKcheI],3710,123.666666,1.0000,False,manual_box,original
party_girl_augmented_Party_Girl_Fortnite_Montage_[uXGC9gKcheI]_003710_8e9a5d84_a_3_90b76a42_aug_original.png,1,player,1,0.314002,0.625910,0.142477,0.610767,party_girl_augmented__Party_Girl_Fortnite_Montage [uXGC9gKcheI],3710,123.666666,1.0000,False,manual_box,original
party_girl_augmented_Party_Girl_Fortnite_Montage_[uXGC9gKcheI]_003710_8e9a5d84_a_1c8bce36_aug_original.png,0,enemy,1,0.604322,0.654843,0.076006,0.244254,party_girl_augmented__Party_Girl_Fortnite_Montage [uXGC9gKcheI],3710,123.666666,1.0000,False,manual_box,original
party_girl_augmented_Party_Girl_Fortnite_Montage_[uXGC9gKcheI]_003710_8e9a5d84_a_1c8bce36_aug_original.png,1,player,1,0.483358,0.718393,0.107303,0.459772,party_girl_augmented__Party_Girl_Fortnite_Montage [uXGC9gKcheI],3710,123.666666,1.0000,False,manual_box,original
party_girl_augmented_Party_Girl_Fortnite_Montage_[uXGC9gKcheI]_003710_8e9a5d84_a_1c8bce36_aug_brightness_0.7.png,0,enemy,1,0.604322,0.654843,0.076006,0.244254,party_girl_augmented__Party_Girl_Fortnite_Montage [uXGC9gKcheI],3710,123.666666,1.0000,False,manual_box,brightness_0.7
party_girl_augmented_Party_Girl_Fortnite_Montage_[uXGC9gKcheI]_003710_8e9a5d84_a_1c8bce36_aug_brightness_0.7.png,1,player,1,0.483358,0.718393,0.107303,0.459772,party_girl_augmented__Party_Girl_Fortnite_Montage [uXGC9gKcheI],3710,123.666666,1.0000,False,manual_box,brightness_0.7
party_girl_augmented_Party_Girl_Fortnite_Montage_[uXGC9gKcheI]_003710_8e9a5d84_a_1c8bce36_aug_brightness_1.3.png,0,enemy,1,0.604322,0.654843,0.076006,0.244254,party_girl_augmented__Party_Girl_Fortnite_Montage [uXGC9gKcheI],3710,123.666666,1.0000,False,manual_box,brightness_1.3
party_girl_augmented_Party_Girl_Fortnite_Montage_[uXGC9gKcheI]_003710_8e9a5d84_a_1c8bce36_aug_brightness_1.3.png,1,player,1,0.483358,0.718393,0.107303,0.459772,party_girl_augmented__Party_Girl_Fortnite_Montage [uXGC9gKcheI],3710,123.666666,1.0000,False,manual_box,brightness_1.3
party_girl_augmented_Party_Girl_Fortnite_Montage_[uXGC9gKcheI]_003710_8e9a5d84_a_1c8bce36_aug_noise.png,0,enemy,1,0.604322,0.654843,0.076006,0.244254,party_girl_augmented__Party_Girl_Fortnite_Montage [uXGC9gKcheI],3710,123.666666,1.0000,False,manual_box,noise
party_girl_augmented_Party_Girl_Fortnite_Montage_[uXGC9gKcheI]_003710_8e9a5d84_a_1c8bce36_aug_noise.png,1,player,1,0.483358,0.718393,0.107303,0.459772,party_girl_augmented__Party_Girl_Fortnite_Montage [uXGC9gKcheI],3710,123.666666,1.0000,False,manual_box,noise
party_girl_augmented_Party_Girl_Fortnite_Montage_[uXGC9gKcheI]_003710_8e9a5d84_a_1c8bce36_aug_flip.png,0,enemy,1,0.395678,0.654843,0.076006,0.244254,party_girl_augmented__Party_Girl_Fortnite_Montage [uXGC9gKcheI],3710,123.666666,1.0000,False,manual_box,flip
party_girl_augmented_Party_Girl_Fortnite_Montage_[uXGC9gKcheI]_003710_8e9a5d84_a_1c8bce36_aug_flip.png,1,player,1,0.516642,0.718393,0.107303,0.459772,party_girl_augmented__Party_Girl_Fortnite_Montage [uXGC9gKcheI],3710,123.666666,1.0000,False,manual_box,flip
party_girl_augmented_Party_Girl_Fortnite_Montage_[uXGC9gKcheI]_003724_1165f057_a_2_5fdbc8d6_aug_original.png,0,enemy,1,0.358172,0.734419,0.135122,0.498454,party_girl_augmented__Party_Girl_Fortnite_Montage [uXGC9gKcheI],3724,124.133333,1.0000,False,manual_box,original
party_girl_augmented_Party_Girl_Fortnite_Montage_[uXGC9gKcheI]_003724_1165f057_a_2_5fdbc8d6_aug_original.png,1,player,1,0.558867,0.749780,0.129160,0.500440,party_girl_augmented__Party_Girl_Fortnite_Montage [uXGC9gKcheI],3724,124.133333,1.0000,False,manual_box,original
party_girl_augmented_Party_Girl_Fortnite_Montage_[uXGC9gKcheI]_003724_1165f057_a_2_5fdbc8d6_aug_brightness_0.7.png,0,enemy,1,0.358172,0.734419,0.135122,0.498454,party_girl_augmented__Party_Girl_Fortnite_Montage [uXGC9gKcheI],3724,124.133333,1.0000,False,manual_box,brightness_0.7
party_girl_augmented_Party_Girl_Fortnite_Montage_[uXGC9gKcheI]_003724_1165f057_a_2_5fdbc8d6_aug_brightness_0.7.png,1,player,1,0.558867,0.749780,0.129160,0.500440,party_girl_augmented__Party_Girl_Fortnite_Montage [uXGC9gKcheI],3724,124.133333,1.0000,False,manual_box,brightness_0.7
party_girl_augmented_Party_Girl_Fortnite_Montage_[uXGC9gKcheI]_003724_1165f057_a_2_5fdbc8d6_aug_brightness_1.3.png,0,enemy,1,0.358172,0.734419,0.135122,0.498454,party_girl_augmented__Party_Girl_Fortnite_Montage [uXGC9gKcheI],3724,124.133333,1.0000,False,manual_box,brightness_1.3
party_girl_augmented_Party_Girl_Fortnite_Montage_[uXGC9gKcheI]_003724_1165f057_a_2_5fdbc8d6_aug_brightness_1.3.png,1,player,1,0.558867,0.749780,0.129160,0.500440,party_girl_augmented__Party_Girl_Fortnite_Montage [uXGC9gKcheI],3724,124.133333,1.0000,False,manual_box,brightness_1.3
party_girl_augmented_Party_Girl_Fortnite_Montage_[uXGC9gKcheI]_003724_1165f057_a_2_5fdbc8d6_aug_flip.png,0,enemy,1,0.641828,0.734419,0.135122,0.498454,party_girl_augmented__Party_Girl_Fortnite_Montage [uXGC9gKcheI],3724,124.133333,1.0000,False,manual_box,flip
party_girl_augmented_Party_Girl_Fortnite_Montage_[uXGC9gKcheI]_003724_1165f057_a_2_5fdbc8d6_aug_flip.png,1,player,1,0.441133,0.749780,0.129160,0.500440,party_girl_augmented__Party_Girl_Fortnite_Montage [uXGC9gKcheI],3724,124.133333,1.0000,False,manual_box,flip
party_girl_augmented_Party_Girl_Fortnite_Montage_[uXGC9gKcheI]_003724_1165f057_a_2_5fdbc8d6_aug_shift.png,0,enemy,1,0.386633,0.797993,0.135122,0.404013,party_girl_augmented__Party_Girl_Fortnite_Montage [uXGC9gKcheI],3724,124.133333,1.0000,False,manual_box,shift
party_girl_augmented_Party_Girl_Fortnite_Montage_[uXGC9gKcheI]_003724_1165f057_a_2_5fdbc8d6_aug_shift.png,1,player,1,0.587328,0.805177,0.129160,0.389645,party_girl_augmented__Party_Girl_Fortnite_Montage [uXGC9gKcheI],3724,124.133333,1.0000,False,manual_box,shift
party_girl_augmented_Party_Girl_Fortnite_Montage_[uXGC9gKcheI]_003724_1165f057_a_3_a7db07fd_aug_original.png,0,enemy,1,0.582459,0.690585,0.157519,0.580723,party_girl_augmented__Party_Girl_Fortnite_Montage [uXGC9gKcheI],3724,124.133333,1.0000,False,manual_box,original
party_girl_augmented_Party_Girl_Fortnite_Montage_[uXGC9gKcheI]_003724_1165f057_a_3_a7db07fd_aug_original.png,1,player,1,0.348497,0.708482,0.150569,0.583036,party_girl_augmented__Party_Girl_Fortnite_Montage [uXGC9gKcheI],3724,124.133333,1.0000,False,manual_box,original
party_girl_augmented_Party_Girl_Fortnite_Montage_[uXGC9gKcheI]_003724_1165f057_a_3_a7db07fd_aug_brightness_0.7.png,0,enemy,1,0.582459,0.690585,0.157519,0.580723,party_girl_augmented__Party_Girl_Fortnite_Montage [uXGC9gKcheI],3724,124.133333,1.0000,False,manual_box,brightness_0.7
party_girl_augmented_Party_Girl_Fortnite_Montage_[uXGC9gKcheI]_003724_1165f057_a_3_a7db07fd_aug_brightness_0.7.png,1,player,1,0.348497,0.708482,0.150569,0.583036,party_girl_augmented__Party_Girl_Fortnite_Montage [uXGC9gKcheI],3724,124.133333,1.0000,False,manual_box,brightness_0.7
party_girl_augmented_Party_Girl_Fortnite_Montage_[uXGC9gKcheI]_003724_1165f057_a_3_a7db07fd_aug_brightness_1.3.png,0,enemy,1,0.582459,0.690585,0.157519,0.580723,party_girl_augmented__Party_Girl_Fortnite_Montage [uXGC9gKcheI],3724,124.133333,1.0000,False,manual_box,brightness_1.3
party_girl_augmented_Party_Girl_Fortnite_Montage_[uXGC9gKcheI]_003724_1165f057_a_3_a7db07fd_aug_brightness_1.3.png,1,player,1,0.348497,0.708482,0.150569,0.583036,party_girl_augmented__Party_Girl_Fortnite_Montage [uXGC9gKcheI],3724,124.133333,1.0000,False,manual_box,brightness_1.3
party_girl_augmented_Party_Girl_Fortnite_Montage_[uXGC9gKcheI]_003724_1165f057_a_3_a7db07fd_aug_shift.png,0,enemy,1,0.596933,0.731311,0.157519,0.537379,party_girl_augmented__Party_Girl_Fortnite_Montage [uXGC9gKcheI],3724,124.133333,1.0000,False,manual_box,shift
party_girl_augmented_Party_Girl_Fortnite_Montage_[uXGC9gKcheI]_003724_1165f057_a_3_a7db07fd_aug_shift.png,1,player,1,0.362971,0.739681,0.150569,0.520639,party_girl_augmented__Party_Girl_Fortnite_Montage [uXGC9gKcheI],3724,124.133333,1.0000,False,manual_box,shift
party_girl_augmented_Party_Girl_Fortnite_Montage_[uXGC9gKcheI]_003724_1165f057_a_3_a7db07fd_aug_maskedpan.png,1,player,1,0.348497,0.708482,0.150569,0.583036,party_girl_augmented__Party_Girl_Fortnite_Montage [uXGC9gKcheI],3724,124.133333,1.0000,False,manual_box,maskedpan
party_girl_augmented_Party_Girl_Fortnite_Montage_[uXGC9gKcheI]_003724_1165f057_a_c9cdcc39_aug_original.png,0,enemy,1,0.641828,0.734419,0.135122,0.498454,party_girl_augmented__Party_Girl_Fortnite_Montage [uXGC9gKcheI],3724,124.133333,1.0000,False,manual_box,original
party_girl_augmented_Party_Girl_Fortnite_Montage_[uXGC9gKcheI]_003724_1165f057_a_c9cdcc39_aug_original.png,1,player,1,0.441133,0.749780,0.129160,0.500440,party_girl_augmented__Party_Girl_Fortnite_Montage [uXGC9gKcheI],3724,124.133333,1.0000,False,manual_box,original
party_girl_augmented_Party_Girl_Fortnite_Montage_[uXGC9gKcheI]_003724_1165f057_a_c9cdcc39_aug_brightness_0.7.png,0,enemy,1,0.641828,0.734419,0.135122,0.498454,party_girl_augmented__Party_Girl_Fortnite_Montage [uXGC9gKcheI],3724,124.133333,1.0000,False,manual_box,brightness_0.7
party_girl_augmented_Party_Girl_Fortnite_Montage_[uXGC9gKcheI]_003724_1165f057_a_c9cdcc39_aug_brightness_0.7.png,1,player,1,0.441133,0.749780,0.129160,0.500440,party_girl_augmented__Party_Girl_Fortnite_Montage [uXGC9gKcheI],3724,124.133333,1.0000,False,manual_box,brightness_0.7
party_girl_augmented_Party_Girl_Fortnite_Montage_[uXGC9gKcheI]_003724_1165f057_a_c9cdcc39_aug_brightness_1.3.png,0,enemy,1,0.641828,0.734419,0.135122,0.498454,party_girl_augmented__Party_Girl_Fortnite_Montage [uXGC9gKcheI],3724,124.133333,1.0000,False,manual_box,brightness_1.3
party_girl_augmented_Party_Girl_Fortnite_Montage_[uXGC9gKcheI]_003724_1165f057_a_c9cdcc39_aug_brightness_1.3.png,1,player,1,0.441133,0.749780,0.129160,0.500440,party_girl_augmented__Party_Girl_Fortnite_Montage [uXGC9gKcheI],3724,124.133333,1.0000,False,manual_box,brightness_1.3
party_girl_augmented_Party_Girl_Fortnite_Montage_[uXGC9gKcheI]_003724_1165f057_a_c9cdcc39_aug_noise.png,0,enemy,1,0.641828,0.734419,0.135122,0.498454,party_girl_augmented__Party_Girl_Fortnite_Montage [uXGC9gKcheI],3724,124.133333,1.0000,False,manual_box,noise
party_girl_augmented_Party_Girl_Fortnite_Montage_[uXGC9gKcheI]_003724_1165f057_a_c9cdcc39_aug_noise.png,1,player,1,0.441133,0.749780,0.129160,0.500440,party_girl_augmented__Party_Girl_Fortnite_Montage [uXGC9gKcheI],3724,124.133333,1.0000,False,manual_box,noise
party_girl_augmented_Party_Girl_Fortnite_Montage_[uXGC9gKcheI]_003724_1165f057_a_c9cdcc39_aug_flip.png,0,enemy,1,0.358172,0.734419,0.135122,0.498454,party_girl_augmented__Party_Girl_Fortnite_Montage [uXGC9gKcheI],3724,124.133333,1.0000,False,manual_box,flip
party_girl_augmented_Party_Girl_Fortnite_Montage_[uXGC9gKcheI]_003724_1165f057_a_c9cdcc39_aug_flip.png,1,player,1,0.558867,0.749780,0.129160,0.500440,party_girl_augmented__Party_Girl_Fortnite_Montage [uXGC9gKcheI],3724,124.133333,1.0000,False,manual_box,flip
party_girl_augmented_Party_Girl_Fortnite_Montage_[uXGC9gKcheI]_003731_47746a73_a_2_9d4c0960_aug_original.png,0,enemy,1,0.602306,0.802201,0.215102,0.395597,party_girl_augmented__Party_Girl_Fortnite_Montage [uXGC9gKcheI],3731,124.366666,1.0000,False,manual_box,original
party_girl_augmented_Party_Girl_Fortnite_Montage_[uXGC9gKcheI]_003731_47746a73_a_2_9d4c0960_aug_original.png,1,player,1,0.324114,0.748046,0.133631,0.503908,party_girl_augmented__Party_Girl_Fortnite_Montage [uXGC9gKcheI],3731,124.366666,1.0000,False,manual_box,original
party_girl_augmented_Party_Girl_Fortnite_Montage_[uXGC9gKcheI]_003731_47746a73_a_2_9d4c0960_aug_brightness_0.7.png,0,enemy,1,0.602306,0.802201,0.215102,0.395597,party_girl_augmented__Party_Girl_Fortnite_Montage [uXGC9gKcheI],3731,124.366666,1.0000,False,manual_box,brightness_0.7
party_girl_augmented_Party_Girl_Fortnite_Montage_[uXGC9gKcheI]_003731_47746a73_a_2_9d4c0960_aug_brightness_0.7.png,1,player,1,0.324114,0.748046,0.133631,0.503908,party_girl_augmented__Party_Girl_Fortnite_Montage [uXGC9gKcheI],3731,124.366666,1.0000,False,manual_box,brightness_0.7
party_girl_augmented_Party_Girl_Fortnite_Montage_[uXGC9gKcheI]_003731_47746a73_a_2_9d4c0960_aug_brightness_1.3.png,0,enemy,1,0.602306,0.802201,0.215102,0.395597,party_girl_augmented__Party_Girl_Fortnite_Montage [uXGC9gKcheI],3731,124.366666,1.0000,False,manual_box,brightness_1.3
party_girl_augmented_Party_Girl_Fortnite_Montage_[uXGC9gKcheI]_003731_47746a73_a_2_9d4c0960_aug_brightness_1.3.png,1,player,1,0.324114,0.748046,0.133631,0.503908,party_girl_augmented__Party_Girl_Fortnite_Montage [uXGC9gKcheI],3731,124.366666,1.0000,False,manual_box,brightness_1.3
party_girl_augmented_Party_Girl_Fortnite_Montage_[uXGC9gKcheI]_003731_47746a73_a_2_9d4c0960_aug_shift.png,0,enemy,1,0.485761,0.845315,0.215102,0.309371,party_girl_augmented__Party_Girl_Fortnite_Montage [uXGC9gKcheI],3731,124.366666,1.0000,False,manual_box,shift
party_girl_augmented_Party_Girl_Fortnite_Montage_[uXGC9gKcheI]_003731_47746a73_a_2_9d4c0960_aug_shift.png,1,player,1,0.207569,0.791159,0.133631,0.417681,party_girl_augmented__Party_Girl_Fortnite_Montage [uXGC9gKcheI],3731,124.366666,1.0000,False,manual_box,shift
party_girl_augmented_Party_Girl_Fortnite_Montage_[uXGC9gKcheI]_003731_47746a73_a_2_9d4c0960_aug_zoom.png,0,enemy,1,0.601365,0.802750,0.214766,0.394498,party_girl_augmented__Party_Girl_Fortnite_Montage [uXGC9gKcheI],3731,124.366666,1.0000,False,manual_box,zoom
party_girl_augmented_Party_Girl_Fortnite_Montage_[uXGC9gKcheI]_003731_47746a73_a_2_9d4c0960_aug_zoom.png,1,player,1,0.323608,0.748746,0.133422,0.502508,party_girl_augmented__Party_Girl_Fortnite_Montage [uXGC9gKcheI],3731,124.366666,1.0000,False,manual_box,zoom
party_girl_augmented_Party_Girl_Fortnite_Montage_[uXGC9gKcheI]_003731_47746a73_a_3_f4cd914c_aug_original.png,0,enemy,1,0.724771,0.772084,0.194600,0.411345,party_girl_augmented__Party_Girl_Fortnite_Montage [uXGC9gKcheI],3731,124.366666,1.0000,False,manual_box,original
party_girl_augmented_Party_Girl_Fortnite_Montage_[uXGC9gKcheI]_003731_47746a73_a_3_f4cd914c_aug_original.png,1,player,1,0.473094,0.724443,0.120894,0.512226,party_girl_augmented__Party_Girl_Fortnite_Montage [uXGC9gKcheI],3731,124.366666,1.0000,False,manual_box,original
party_girl_augmented_Party_Girl_Fortnite_Montage_[uXGC9gKcheI]_003731_47746a73_a_3_f4cd914c_aug_noise.png,0,enemy,1,0.724771,0.772084,0.194600,0.411345,party_girl_augmented__Party_Girl_Fortnite_Montage [uXGC9gKcheI],3731,124.366666,1.0000,False,manual_box,noise
party_girl_augmented_Party_Girl_Fortnite_Montage_[uXGC9gKcheI]_003731_47746a73_a_3_f4cd914c_aug_noise.png,1,player,1,0.473094,0.724443,0.120894,0.512226,party_girl_augmented__Party_Girl_Fortnite_Montage [uXGC9gKcheI],3731,124.366666,1.0000,False,manual_box,noise
party_girl_augmented_Party_Girl_Fortnite_Montage_[uXGC9gKcheI]_003731_47746a73_a_3_f4cd914c_aug_shift.png,0,enemy,1,0.872053,0.744432,0.194600,0.411345,party_girl_augmented__Party_Girl_Fortnite_Montage [uXGC9gKcheI],3731,124.366666,1.0000,False,manual_box,shift
party_girl_augmented_Party_Girl_Fortnite_Montage_[uXGC9gKcheI]_003731_47746a73_a_3_f4cd914c_aug_shift.png,1,player,1,0.620376,0.696791,0.120894,0.512226,party_girl_augmented__Party_Girl_Fortnite_Montage [uXGC9gKcheI],3731,124.366666,1.0000,False,manual_box,shift
party_girl_augmented_Party_Girl_Fortnite_Montage_[uXGC9gKcheI]_003731_47746a73_a_3_f4cd914c_aug_zoom.png,0,enemy,1,0.759805,0.797938,0.165410,0.349643,party_girl_augmented__Party_Girl_Fortnite_Montage [uXGC9gKcheI],3731,124.366666,1.0000,False,manual_box,zoom
party_girl_augmented_Party_Girl_Fortnite_Montage_[uXGC9gKcheI]_003731_47746a73_a_3_f4cd914c_aug_zoom.png,1,player,1,0.545880,0.757443,0.102760,0.435392,party_girl_augmented__Party_Girl_Fortnite_Montage [uXGC9gKcheI],3731,124.366666,1.0000,False,manual_box,zoom
party_girl_augmented_Party_Girl_Fortnite_Montage_[uXGC9gKcheI]_003731_47746a73_a_3_f4cd914c_aug_maskedpan.png,0,enemy,1,0.845084,0.780417,0.194600,0.411345,party_girl_augmented__Party_Girl_Fortnite_Montage [uXGC9gKcheI],3731,124.366666,1.0000,False,manual_box,maskedpan
party_girl_augmented_Party_Girl_Fortnite_Montage_[uXGC9gKcheI]_003731_47746a73_a_3_f4cd914c_aug_maskedpan.png,1,player,1,0.473094,0.724443,0.120894,0.512226,party_girl_augmented__Party_Girl_Fortnite_Montage [uXGC9gKcheI],3731,124.366666,1.0000,False,manual_box,maskedpan
party_girl_augmented_Party_Girl_Fortnite_Montage_[uXGC9gKcheI]_003731_47746a73_a_65e9baaa_aug_original.png,0,enemy,1,0.702683,0.769786,0.215102,0.454246,party_girl_augmented__Party_Girl_Fortnite_Montage [uXGC9gKcheI],3731,124.366666,1.0000,False,manual_box,original
party_girl_augmented_Party_Girl_Fortnite_Montage_[uXGC9gKcheI]_003731_47746a73_a_65e9baaa_aug_original.png,1,player,1,0.424491,0.717176,0.133631,0.565648,party_girl_augmented__Party_Girl_Fortnite_Montage [uXGC9gKcheI],3731,124.366666,1.0000,False,manual_box,original
party_girl_augmented_Party_Girl_Fortnite_Montage_[uXGC9gKcheI]_003731_47746a73_a_65e9baaa_aug_brightness_0.7.png,0,enemy,1,0.702683,0.769786,0.215102,0.454246,party_girl_augmented__Party_Girl_Fortnite_Montage [uXGC9gKcheI],3731,124.366666,1.0000,False,manual_box,brightness_0.7
party_girl_augmented_Party_Girl_Fortnite_Montage_[uXGC9gKcheI]_003731_47746a73_a_65e9baaa_aug_brightness_0.7.png,1,player,1,0.424491,0.717176,0.133631,0.565648,party_girl_augmented__Party_Girl_Fortnite_Montage [uXGC9gKcheI],3731,124.366666,1.0000,False,manual_box,brightness_0.7
party_girl_augmented_Party_Girl_Fortnite_Montage_[uXGC9gKcheI]_003731_47746a73_a_65e9baaa_aug_brightness_1.3.png,0,enemy,1,0.702683,0.769786,0.215102,0.454246,party_girl_augmented__Party_Girl_Fortnite_Montage [uXGC9gKcheI],3731,124.366666,1.0000,False,manual_box,brightness_1.3
party_girl_augmented_Party_Girl_Fortnite_Montage_[uXGC9gKcheI]_003731_47746a73_a_65e9baaa_aug_brightness_1.3.png,1,player,1,0.424491,0.717176,0.133631,0.565648,party_girl_augmented__Party_Girl_Fortnite_Montage [uXGC9gKcheI],3731,124.366666,1.0000,False,manual_box,brightness_1.3
party_girl_augmented_Party_Girl_Fortnite_Montage_[uXGC9gKcheI]_003731_47746a73_a_65e9baaa_aug_noise.png,0,enemy,1,0.702683,0.769786,0.215102,0.454246,party_girl_augmented__Party_Girl_Fortnite_Montage [uXGC9gKcheI],3731,124.366666,1.0000,False,manual_box,noise
party_girl_augmented_Party_Girl_Fortnite_Montage_[uXGC9gKcheI]_003731_47746a73_a_65e9baaa_aug_noise.png,1,player,1,0.424491,0.717176,0.133631,0.565648,party_girl_augmented__Party_Girl_Fortnite_Montage [uXGC9gKcheI],3731,124.366666,1.0000,False,manual_box,noise
party_girl_augmented_Party_Girl_Fortnite_Montage_[uXGC9gKcheI]_003731_47746a73_a_65e9baaa_aug_flip.png,0,enemy,1,0.297317,0.769786,0.215102,0.454246,party_girl_augmented__Party_Girl_Fortnite_Montage [uXGC9gKcheI],3731,124.366666,1.0000,False,manual_box,flip
party_girl_augmented_Party_Girl_Fortnite_Montage_[uXGC9gKcheI]_003731_47746a73_a_65e9baaa_aug_flip.png,1,player,1,0.575509,0.717176,0.133631,0.565648,party_girl_augmented__Party_Girl_Fortnite_Montage [uXGC9gKcheI],3731,124.366666,1.0000,False,manual_box,flip
party_girl_augmented_Party_Girl_Fortnite_Montage_[uXGC9gKcheI]_003757_15c20fb5_a_2_841545e5_aug_original.png,1,player,1,0.414555,0.706676,0.209141,0.586648,party_girl_augmented__Party_Girl_Fortnite_Montage [uXGC9gKcheI],3757,125.233333,1.0000,False,manual_box,original
party_girl_augmented_Party_Girl_Fortnite_Montage_[uXGC9gKcheI]_003757_15c20fb5_a_2_841545e5_aug_original.png,0,enemy,1,0.631148,0.492376,0.119722,0.387932,party_girl_augmented__Party_Girl_Fortnite_Montage [uXGC9gKcheI],3757,125.233333,1.0000,False,manual_box,original
party_girl_augmented_Party_Girl_Fortnite_Montage_[uXGC9gKcheI]_003757_15c20fb5_a_5da11527_aug_original.png,1,player,1,0.414555,0.706676,0.209141,0.586648,party_girl_augmented__Party_Girl_Fortnite_Montage [uXGC9gKcheI],3757,125.233333,1.0000,False,manual_box,original
party_girl_augmented_Party_Girl_Fortnite_Montage_[uXGC9gKcheI]_003757_15c20fb5_a_5da11527_aug_original.png,0,enemy,1,0.631148,0.492376,0.119722,0.387932,party_girl_augmented__Party_Girl_Fortnite_Montage [uXGC9gKcheI],3757,125.233333,1.0000,False,manual_box,original
party_girl_augmented_Party_Girl_Fortnite_Montage_[uXGC9gKcheI]_003757_15c20fb5_a_5da11527_aug_brightness_0.7.png,1,player,1,0.414555,0.706676,0.209141,0.586648,party_girl_augmented__Party_Girl_Fortnite_Montage [uXGC9gKcheI],3757,125.233333,1.0000,False,manual_box,brightness_0.7
party_girl_augmented_Party_Girl_Fortnite_Montage_[uXGC9gKcheI]_003757_15c20fb5_a_5da11527_aug_brightness_0.7.png,0,enemy,1,0.631148,0.492376,0.119722,0.387932,party_girl_augmented__Party_Girl_Fortnite_Montage [uXGC9gKcheI],3757,125.233333,1.0000,False,manual_box,brightness_0.7
party_girl_augmented_Party_Girl_Fortnite_Montage_[uXGC9gKcheI]_003757_15c20fb5_a_5da11527_aug_brightness_1.3.png,1,player,1,0.414555,0.706676,0.209141,0.586648,party_girl_augmented__Party_Girl_Fortnite_Montage [uXGC9gKcheI],3757,125.233333,1.0000,False,manual_box,brightness_1.3
party_girl_augmented_Party_Girl_Fortnite_Montage_[uXGC9gKcheI]_003757_15c20fb5_a_5da11527_aug_brightness_1.3.png,0,enemy,1,0.631148,0.492376,0.119722,0.387932,party_girl_augmented__Party_Girl_Fortnite_Montage [uXGC9gKcheI],3757,125.233333,1.0000,False,manual_box,brightness_1.3
party_girl_augmented_Party_Girl_Fortnite_Montage_[uXGC9gKcheI]_003758_cc987b50_a_2eaceb7e_aug_original.png,0,enemy,1,0.640089,0.480218,0.120715,0.383511,party_girl_augmented__Party_Girl_Fortnite_Montage [uXGC9gKcheI],3758,125.266666,1.0000,False,manual_box,original
party_girl_augmented_Party_Girl_Fortnite_Montage_[uXGC9gKcheI]_003758_cc987b50_a_2eaceb7e_aug_original.png,1,player,1,0.423249,0.695071,0.191754,0.609857,party_girl_augmented__Party_Girl_Fortnite_Montage [uXGC9gKcheI],3758,125.266666,1.0000,False,manual_box,original
party_girl_augmented_Party_Girl_Fortnite_Montage_[uXGC9gKcheI]_003758_cc987b50_a_2eaceb7e_aug_noise.png,0,enemy,1,0.640089,0.480218,0.120715,0.383511,party_girl_augmented__Party_Girl_Fortnite_Montage [uXGC9gKcheI],3758,125.266666,1.0000,False,manual_box,noise
party_girl_augmented_Party_Girl_Fortnite_Montage_[uXGC9gKcheI]_003758_cc987b50_a_2eaceb7e_aug_noise.png,1,player,1,0.423249,0.695071,0.191754,0.609857,party_girl_augmented__Party_Girl_Fortnite_Montage [uXGC9gKcheI],3758,125.266666,1.0000,False,manual_box,noise
party_girl_augmented_Party_Girl_Fortnite_Montage_[uXGC9gKcheI]_003759_2e35a03e_a_22348ad1_aug_original.png,1,player,1,0.409091,0.712755,0.165425,0.574490,party_girl_augmented__Party_Girl_Fortnite_Montage [uXGC9gKcheI],3759,125.300000,1.0000,False,manual_box,original
party_girl_augmented_Party_Girl_Fortnite_Montage_[uXGC9gKcheI]_003759_2e35a03e_a_22348ad1_aug_original.png,0,enemy,1,0.648535,0.469719,0.134625,0.375775,party_girl_augmented__Party_Girl_Fortnite_Montage [uXGC9gKcheI],3759,125.300000,1.0000,False,manual_box,original
party_girl_augmented_Party_Girl_Fortnite_Montage_[uXGC9gKcheI]_003759_2e35a03e_a_22348ad1_aug_noise.png,1,player,1,0.409091,0.712755,0.165425,0.574490,party_girl_augmented__Party_Girl_Fortnite_Montage [uXGC9gKcheI],3759,125.300000,1.0000,False,manual_box,noise
party_girl_augmented_Party_Girl_Fortnite_Montage_[uXGC9gKcheI]_003759_2e35a03e_a_22348ad1_aug_noise.png,0,enemy,1,0.648535,0.469719,0.134625,0.375775,party_girl_augmented__Party_Girl_Fortnite_Montage [uXGC9gKcheI],3759,125.300000,1.0000,False,manual_box,noise
party_girl_augmented_Party_Girl_Fortnite_Montage_[uXGC9gKcheI]_003760_cfcd9d50_a_2_f1a5af89_aug_original.png,0,enemy,1,0.653005,0.463640,0.114754,0.368038,party_girl_augmented__Party_Girl_Fortnite_Montage [uXGC9gKcheI],3760,125.333333,1.0000,False,manual_box,original
party_girl_augmented_Party_Girl_Fortnite_Montage_[uXGC9gKcheI]_003760_cfcd9d50_a_2_f1a5af89_aug_original.png,1,player,1,0.435420,0.704466,0.140586,0.591068,party_girl_augmented__Party_Girl_Fortnite_Montage [uXGC9gKcheI],3760,125.333333,1.0000,False,manual_box,original
party_girl_augmented_Party_Girl_Fortnite_Montage_[uXGC9gKcheI]_003760_cfcd9d50_a_2_f1a5af89_aug_brightness_0.7.png,0,enemy,1,0.653005,0.463640,0.114754,0.368038,party_girl_augmented__Party_Girl_Fortnite_Montage [uXGC9gKcheI],3760,125.333333,1.0000,False,manual_box,brightness_0.7
party_girl_augmented_Party_Girl_Fortnite_Montage_[uXGC9gKcheI]_003760_cfcd9d50_a_2_f1a5af89_aug_brightness_0.7.png,1,player,1,0.435420,0.704466,0.140586,0.591068,party_girl_augmented__Party_Girl_Fortnite_Montage [uXGC9gKcheI],3760,125.333333,1.0000,False,manual_box,brightness_0.7
party_girl_augmented_Party_Girl_Fortnite_Montage_[uXGC9gKcheI]_003760_cfcd9d50_a_2_f1a5af89_aug_brightness_1.3.png,0,enemy,1,0.653005,0.463640,0.114754,0.368038,party_girl_augmented__Party_Girl_Fortnite_Montage [uXGC9gKcheI],3760,125.333333,1.0000,False,manual_box,brightness_1.3
party_girl_augmented_Party_Girl_Fortnite_Montage_[uXGC9gKcheI]_003760_cfcd9d50_a_2_f1a5af89_aug_brightness_1.3.png,1,player,1,0.435420,0.704466,0.140586,0.591068,party_girl_augmented__Party_Girl_Fortnite_Montage [uXGC9gKcheI],3760,125.333333,1.0000,False,manual_box,brightness_1.3
party_girl_augmented_Party_Girl_Fortnite_Montage_[uXGC9gKcheI]_003760_cfcd9d50_a_2_f1a5af89_aug_noise.png,0,enemy,1,0.653005,0.463640,0.114754,0.368038,party_girl_augmented__Party_Girl_Fortnite_Montage [uXGC9gKcheI],3760,125.333333,1.0000,False,manual_box,noise
party_girl_augmented_Party_Girl_Fortnite_Montage_[uXGC9gKcheI]_003760_cfcd9d50_a_2_f1a5af89_aug_noise.png,1,player,1,0.435420,0.704466,0.140586,0.591068,party_girl_augmented__Party_Girl_Fortnite_Montage [uXGC9gKcheI],3760,125.333333,1.0000,False,manual_box,noise
party_girl_augmented_Party_Girl_Fortnite_Montage_[uXGC9gKcheI]_003760_cfcd9d50_a_2_f1a5af89_aug_flip.png,0,enemy,1,0.346995,0.463640,0.114754,0.368038,party_girl_augmented__Party_Girl_Fortnite_Montage [uXGC9gKcheI],3760,125.333333,1.0000,False,manual_box,flip
party_girl_augmented_Party_Girl_Fortnite_Montage_[uXGC9gKcheI]_003760_cfcd9d50_a_2_f1a5af89_aug_flip.png,1,player,1,0.564580,0.704466,0.140586,0.591068,party_girl_augmented__Party_Girl_Fortnite_Montage [uXGC9gKcheI],3760,125.333333,1.0000,False,manual_box,flip
party_girl_augmented_Party_Girl_Fortnite_Montage_[uXGC9gKcheI]_003760_cfcd9d50_a_3_6424d9b8_aug_original.png,0,enemy,1,0.346995,0.463640,0.114754,0.368038,party_girl_augmented__Party_Girl_Fortnite_Montage [uXGC9gKcheI],3760,125.333333,1.0000,False,manual_box,original
party_girl_augmented_Party_Girl_Fortnite_Montage_[uXGC9gKcheI]_003760_cfcd9d50_a_3_6424d9b8_aug_original.png,1,player,1,0.564580,0.704466,0.140586,0.591068,party_girl_augmented__Party_Girl_Fortnite_Montage [uXGC9gKcheI],3760,125.333333,1.0000,False,manual_box,original
party_girl_augmented_Party_Girl_Fortnite_Montage_[uXGC9gKcheI]_003760_cfcd9d50_a_3_6424d9b8_aug_brightness_0.7.png,0,enemy,1,0.346995,0.463640,0.114754,0.368038,party_girl_augmented__Party_Girl_Fortnite_Montage [uXGC9gKcheI],3760,125.333333,1.0000,False,manual_box,brightness_0.7
party_girl_augmented_Party_Girl_Fortnite_Montage_[uXGC9gKcheI]_003760_cfcd9d50_a_3_6424d9b8_aug_brightness_0.7.png,1,player,1,0.564580,0.704466,0.140586,0.591068,party_girl_augmented__Party_Girl_Fortnite_Montage [uXGC9gKcheI],3760,125.333333,1.0000,False,manual_box,brightness_0.7
party_girl_augmented_Party_Girl_Fortnite_Montage_[uXGC9gKcheI]_003760_cfcd9d50_a_3_6424d9b8_aug_brightness_1.3.png,0,enemy,1,0.346995,0.463640,0.114754,0.368038,party_girl_augmented__Party_Girl_Fortnite_Montage [uXGC9gKcheI],3760,125.333333,1.0000,False,manual_box,brightness_1.3
party_girl_augmented_Party_Girl_Fortnite_Montage_[uXGC9gKcheI]_003760_cfcd9d50_a_3_6424d9b8_aug_brightness_1.3.png,1,player,1,0.564580,0.704466,0.140586,0.591068,party_girl_augmented__Party_Girl_Fortnite_Montage [uXGC9gKcheI],3760,125.333333,1.0000,False,manual_box,brightness_1.3
party_girl_augmented_Party_Girl_Fortnite_Montage_[uXGC9gKcheI]_003760_cfcd9d50_a_3_6424d9b8_aug_noise.png,0,enemy,1,0.346995,0.463640,0.114754,0.368038,party_girl_augmented__Party_Girl_Fortnite_Montage [uXGC9gKcheI],3760,125.333333,1.0000,False,manual_box,noise
party_girl_augmented_Party_Girl_Fortnite_Montage_[uXGC9gKcheI]_003760_cfcd9d50_a_3_6424d9b8_aug_noise.png,1,player,1,0.564580,0.704466,0.140586,0.591068,party_girl_augmented__Party_Girl_Fortnite_Montage [uXGC9gKcheI],3760,125.333333,1.0000,False,manual_box,noise
party_girl_augmented_Party_Girl_Fortnite_Montage_[uXGC9gKcheI]_003760_cfcd9d50_a_3_6424d9b8_aug_flip.png,0,enemy,1,0.653005,0.463640,0.114754,0.368038,party_girl_augmented__Party_Girl_Fortnite_Montage [uXGC9gKcheI],3760,125.333333,1.0000,False,manual_box,flip
party_girl_augmented_Party_Girl_Fortnite_Montage_[uXGC9gKcheI]_003760_cfcd9d50_a_3_6424d9b8_aug_flip.png,1,player,1,0.435420,0.704466,0.140586,0.591068,party_girl_augmented__Party_Girl_Fortnite_Montage [uXGC9gKcheI],3760,125.333333,1.0000,False,manual_box,flip
party_girl_augmented_Party_Girl_Fortnite_Montage_[uXGC9gKcheI]_003760_cfcd9d50_a_4_d44ce23e_aug_original.png,0,enemy,1,0.650999,0.462478,0.109734,0.351681,party_girl_augmented__Party_Girl_Fortnite_Montage [uXGC9gKcheI],3760,125.333333,1.0000,False,manual_box,original
party_girl_augmented_Party_Girl_Fortnite_Montage_[uXGC9gKcheI]_003760_cfcd9d50_a_4_d44ce23e_aug_original.png,1,player,1,0.442933,0.692601,0.134435,0.564798,party_girl_augmented__Party_Girl_Fortnite_Montage [uXGC9gKcheI],3760,125.333333,1.0000,False,manual_box,original
party_girl_augmented_Party_Girl_Fortnite_Montage_[uXGC9gKcheI]_003760_cfcd9d50_a_4_d44ce23e_aug_brightness_0.7.png,0,enemy,1,0.650999,0.462478,0.109734,0.351681,party_girl_augmented__Party_Girl_Fortnite_Montage [uXGC9gKcheI],3760,125.333333,1.0000,False,manual_box,brightness_0.7
party_girl_augmented_Party_Girl_Fortnite_Montage_[uXGC9gKcheI]_003760_cfcd9d50_a_4_d44ce23e_aug_brightness_0.7.png,1,player,1,0.442933,0.692601,0.134435,0.564798,party_girl_augmented__Party_Girl_Fortnite_Montage [uXGC9gKcheI],3760,125.333333,1.0000,False,manual_box,brightness_0.7
party_girl_augmented_Party_Girl_Fortnite_Montage_[uXGC9gKcheI]_003760_cfcd9d50_a_4_d44ce23e_aug_brightness_1.3.png,0,enemy,1,0.650999,0.462478,0.109734,0.351681,party_girl_augmented__Party_Girl_Fortnite_Montage [uXGC9gKcheI],3760,125.333333,1.0000,False,manual_box,brightness_1.3
party_girl_augmented_Party_Girl_Fortnite_Montage_[uXGC9gKcheI]_003760_cfcd9d50_a_4_d44ce23e_aug_brightness_1.3.png,1,player,1,0.442933,0.692601,0.134435,0.564798,party_girl_augmented__Party_Girl_Fortnite_Montage [uXGC9gKcheI],3760,125.333333,1.0000,False,manual_box,brightness_1.3
party_girl_augmented_Party_Girl_Fortnite_Montage_[uXGC9gKcheI]_003760_cfcd9d50_a_4_d44ce23e_aug_noise.png,0,enemy,1,0.650999,0.462478,0.109734,0.351681,party_girl_augmented__Party_Girl_Fortnite_Montage [uXGC9gKcheI],3760,125.333333,1.0000,False,manual_box,noise
party_girl_augmented_Party_Girl_Fortnite_Montage_[uXGC9gKcheI]_003760_cfcd9d50_a_4_d44ce23e_aug_noise.png,1,player,1,0.442933,0.692601,0.134435,0.564798,party_girl_augmented__Party_Girl_Fortnite_Montage [uXGC9gKcheI],3760,125.333333,1.0000,False,manual_box,noise
party_girl_augmented_Party_Girl_Fortnite_Montage_[uXGC9gKcheI]_003760_cfcd9d50_a_4_d44ce23e_aug_flip.png,0,enemy,1,0.349001,0.462478,0.109734,0.351681,party_girl_augmented__Party_Girl_Fortnite_Montage [uXGC9gKcheI],3760,125.333333,1.0000,False,manual_box,flip
party_girl_augmented_Party_Girl_Fortnite_Montage_[uXGC9gKcheI]_003760_cfcd9d50_a_4_d44ce23e_aug_flip.png,1,player,1,0.557067,0.692601,0.134435,0.564798,party_girl_augmented__Party_Girl_Fortnite_Montage [uXGC9gKcheI],3760,125.333333,1.0000,False,manual_box,flip
party_girl_augmented_Party_Girl_Fortnite_Montage_[uXGC9gKcheI]_003760_cfcd9d50_a_5_fa538915_aug_original.png,0,enemy,1,0.621755,0.488640,0.114754,0.368038,party_girl_augmented__Party_Girl_Fortnite_Montage [uXGC9gKcheI],3760,125.333333,1.0000,False,manual_box,original
party_girl_augmented_Party_Girl_Fortnite_Montage_[uXGC9gKcheI]_003760_cfcd9d50_a_5_fa538915_aug_original.png,1,player,1,0.435420,0.704466,0.140586,0.591068,party_girl_augmented__Party_Girl_Fortnite_Montage [uXGC9gKcheI],3760,125.333333,1.0000,False,manual_box,original
party_girl_augmented_Party_Girl_Fortnite_Montage_[uXGC9gKcheI]_003760_cfcd9d50_a_5_fa538915_aug_noise.png,0,enemy,1,0.621755,0.488640,0.114754,0.368038,party_girl_augmented__Party_Girl_Fortnite_Montage [uXGC9gKcheI],3760,125.333333,1.0000,False,manual_box,noise
party_girl_augmented_Party_Girl_Fortnite_Montage_[uXGC9gKcheI]_003760_cfcd9d50_a_5_fa538915_aug_noise.png,1,player,1,0.435420,0.704466,0.140586,0.591068,party_girl_augmented__Party_Girl_Fortnite_Montage [uXGC9gKcheI],3760,125.333333,1.0000,False,manual_box,noise
party_girl_augmented_Party_Girl_Fortnite_Montage_[uXGC9gKcheI]_003760_cfcd9d50_a_c4bba97d_aug_original.png,0,enemy,1,0.653005,0.463640,0.114754,0.368038,party_girl_augmented__Party_Girl_Fortnite_Montage [uXGC9gKcheI],3760,125.333333,1.0000,False,manual_box,original
party_girl_augmented_Party_Girl_Fortnite_Montage_[uXGC9gKcheI]_003760_cfcd9d50_a_c4bba97d_aug_original.png,1,player,1,0.435420,0.704466,0.140586,0.591068,party_girl_augmented__Party_Girl_Fortnite_Montage [uXGC9gKcheI],3760,125.333333,1.0000,False,manual_box,original
party_girl_augmented_Party_Girl_Fortnite_Montage_[uXGC9gKcheI]_003760_cfcd9d50_a_c4bba97d_aug_brightness_0.7.png,0,enemy,1,0.653005,0.463640,0.114754,0.368038,party_girl_augmented__Party_Girl_Fortnite_Montage [uXGC9gKcheI],3760,125.333333,1.0000,False,manual_box,brightness_0.7
party_girl_augmented_Party_Girl_Fortnite_Montage_[uXGC9gKcheI]_003760_cfcd9d50_a_c4bba97d_aug_brightness_0.7.png,1,player,1,0.435420,0.704466,0.140586,0.591068,party_girl_augmented__Party_Girl_Fortnite_Montage [uXGC9gKcheI],3760,125.333333,1.0000,False,manual_box,brightness_0.7
party_girl_augmented_Party_Girl_Fortnite_Montage_[uXGC9gKcheI]_003760_cfcd9d50_a_c4bba97d_aug_brightness_1.3.png,0,enemy,1,0.653005,0.463640,0.114754,0.368038,party_girl_augmented__Party_Girl_Fortnite_Montage [uXGC9gKcheI],3760,125.333333,1.0000,False,manual_box,brightness_1.3
party_girl_augmented_Party_Girl_Fortnite_Montage_[uXGC9gKcheI]_003760_cfcd9d50_a_c4bba97d_aug_brightness_1.3.png,1,player,1,0.435420,0.704466,0.140586,0.591068,party_girl_augmented__Party_Girl_Fortnite_Montage [uXGC9gKcheI],3760,125.333333,1.0000,False,manual_box,brightness_1.3
party_girl_augmented_Party_Girl_Fortnite_Montage_[uXGC9gKcheI]_003760_cfcd9d50_a_c4bba97d_aug_noise.png,0,enemy,1,0.653005,0.463640,0.114754,0.368038,party_girl_augmented__Party_Girl_Fortnite_Montage [uXGC9gKcheI],3760,125.333333,1.0000,False,manual_box,noise
party_girl_augmented_Party_Girl_Fortnite_Montage_[uXGC9gKcheI]_003760_cfcd9d50_a_c4bba97d_aug_noise.png,1,player,1,0.435420,0.704466,0.140586,0.591068,party_girl_augmented__Party_Girl_Fortnite_Montage [uXGC9gKcheI],3760,125.333333,1.0000,False,manual_box,noise
party_girl_augmented_Party_Girl_Fortnite_Montage_[uXGC9gKcheI]_003760_cfcd9d50_a_c4bba97d_aug_shift.png,0,enemy,1,0.657505,0.353846,0.114754,0.368038,party_girl_augmented__Party_Girl_Fortnite_Montage [uXGC9gKcheI],3760,125.333333,1.0000,False,manual_box,shift
party_girl_augmented_Party_Girl_Fortnite_Montage_[uXGC9gKcheI]_003760_cfcd9d50_a_c4bba97d_aug_shift.png,1,player,1,0.439920,0.594672,0.140586,0.591068,party_girl_augmented__Party_Girl_Fortnite_Montage [uXGC9gKcheI],3760,125.333333,1.0000,False,manual_box,shift
party_girl_augmented_Party_Girl_Fortnite_Montage_[uXGC9gKcheI]_003761_56bcd4e4_a_2_0e48e351_aug_original.png,0,enemy,1,0.653254,0.473034,0.109290,0.366933,party_girl_augmented__Party_Girl_Fortnite_Montage [uXGC9gKcheI],3761,125.366666,1.0000,False,manual_box,original
party_girl_augmented_Party_Girl_Fortnite_Montage_[uXGC9gKcheI]_003761_56bcd4e4_a_2_0e48e351_aug_original.png,1,player,1,0.433681,0.711650,0.155986,0.576700,party_girl_augmented__Party_Girl_Fortnite_Montage [uXGC9gKcheI],3761,125.366666,1.0000,False,manual_box,original
party_girl_augmented_Party_Girl_Fortnite_Montage_[uXGC9gKcheI]_003761_56bcd4e4_a_2_0e48e351_aug_brightness_0.7.png,0,enemy,1,0.653254,0.473034,0.109290,0.366933,party_girl_augmented__Party_Girl_Fortnite_Montage [uXGC9gKcheI],3761,125.366666,1.0000,False,manual_box,brightness_0.7
party_girl_augmented_Party_Girl_Fortnite_Montage_[uXGC9gKcheI]_003761_56bcd4e4_a_2_0e48e351_aug_brightness_0.7.png,1,player,1,0.433681,0.711650,0.155986,0.576700,party_girl_augmented__Party_Girl_Fortnite_Montage [uXGC9gKcheI],3761,125.366666,1.0000,False,manual_box,brightness_0.7
party_girl_augmented_Party_Girl_Fortnite_Montage_[uXGC9gKcheI]_003761_56bcd4e4_a_2_0e48e351_aug_brightness_1.3.png,0,enemy,1,0.653254,0.473034,0.109290,0.366933,party_girl_augmented__Party_Girl_Fortnite_Montage [uXGC9gKcheI],3761,125.366666,1.0000,False,manual_box,brightness_1.3
party_girl_augmented_Party_Girl_Fortnite_Montage_[uXGC9gKcheI]_003761_56bcd4e4_a_2_0e48e351_aug_brightness_1.3.png,1,player,1,0.433681,0.711650,0.155986,0.576700,party_girl_augmented__Party_Girl_Fortnite_Montage [uXGC9gKcheI],3761,125.366666,1.0000,False,manual_box,brightness_1.3
party_girl_augmented_Party_Girl_Fortnite_Montage_[uXGC9gKcheI]_003761_56bcd4e4_a_2_0e48e351_aug_noise.png,0,enemy,1,0.653254,0.473034,0.109290,0.366933,party_girl_augmented__Party_Girl_Fortnite_Montage [uXGC9gKcheI],3761,125.366666,1.0000,False,manual_box,noise
party_girl_augmented_Party_Girl_Fortnite_Montage_[uXGC9gKcheI]_003761_56bcd4e4_a_2_0e48e351_aug_noise.png,1,player,1,0.433681,0.711650,0.155986,0.576700,party_girl_augmented__Party_Girl_Fortnite_Montage [uXGC9gKcheI],3761,125.366666,1.0000,False,manual_box,noise
party_girl_augmented_Party_Girl_Fortnite_Montage_[uXGC9gKcheI]_003761_56bcd4e4_a_2_0e48e351_aug_flip.png,0,enemy,1,0.346746,0.473034,0.109290,0.366933,party_girl_augmented__Party_Girl_Fortnite_Montage [uXGC9gKcheI],3761,125.366666,1.0000,False,manual_box,flip
party_girl_augmented_Party_Girl_Fortnite_Montage_[uXGC9gKcheI]_003761_56bcd4e4_a_2_0e48e351_aug_flip.png,1,player,1,0.566319,0.711650,0.155986,0.576700,party_girl_augmented__Party_Girl_Fortnite_Montage [uXGC9gKcheI],3761,125.366666,1.0000,False,manual_box,flip
party_girl_augmented_Party_Girl_Fortnite_Montage_[uXGC9gKcheI]_003761_56bcd4e4_a_3_1ba6e9a4_aug_original.png,0,enemy,1,0.705848,0.609310,0.109290,0.366933,party_girl_augmented__Party_Girl_Fortnite_Montage [uXGC9gKcheI],3761,125.366666,1.0000,False,manual_box,original
party_girl_augmented_Party_Girl_Fortnite_Montage_[uXGC9gKcheI]_003761_56bcd4e4_a_3_1ba6e9a4_aug_original.png,1,player,1,0.486275,0.779788,0.155986,0.440424,party_girl_augmented__Party_Girl_Fortnite_Montage [uXGC9gKcheI],3761,125.366666,1.0000,False,manual_box,original
party_girl_augmented_Party_Girl_Fortnite_Montage_[uXGC9gKcheI]_003761_56bcd4e4_a_3_1ba6e9a4_aug_noise.png,0,enemy,1,0.705848,0.609310,0.109290,0.366933,party_girl_augmented__Party_Girl_Fortnite_Montage [uXGC9gKcheI],3761,125.366666,1.0000,False,manual_box,noise
party_girl_augmented_Party_Girl_Fortnite_Montage_[uXGC9gKcheI]_003761_56bcd4e4_a_3_1ba6e9a4_aug_noise.png,1,player,1,0.486275,0.779788,0.155986,0.440424,party_girl_augmented__Party_Girl_Fortnite_Montage [uXGC9gKcheI],3761,125.366666,1.0000,False,manual_box,noise
party_girl_augmented_Party_Girl_Fortnite_Montage_[uXGC9gKcheI]_003761_56bcd4e4_a_3_1ba6e9a4_aug_flip.png,0,enemy,1,0.294152,0.609310,0.109290,0.366933,party_girl_augmented__Party_Girl_Fortnite_Montage [uXGC9gKcheI],3761,125.366666,1.0000,False,manual_box,flip
party_girl_augmented_Party_Girl_Fortnite_Montage_[uXGC9gKcheI]_003761_56bcd4e4_a_3_1ba6e9a4_aug_flip.png,1,player,1,0.513725,0.779788,0.155986,0.440424,party_girl_augmented__Party_Girl_Fortnite_Montage [uXGC9gKcheI],3761,125.366666,1.0000,False,manual_box,flip
party_girl_augmented_Party_Girl_Fortnite_Montage_[uXGC9gKcheI]_003761_56bcd4e4_a_3_1ba6e9a4_aug_shift.png,0,enemy,1,0.657884,0.494931,0.109290,0.366933,party_girl_augmented__Party_Girl_Fortnite_Montage [uXGC9gKcheI],3761,125.366666,1.0000,False,manual_box,shift
party_girl_augmented_Party_Girl_Fortnite_Montage_[uXGC9gKcheI]_003761_56bcd4e4_a_3_1ba6e9a4_aug_shift.png,1,player,1,0.438311,0.665409,0.155986,0.440424,party_girl_augmented__Party_Girl_Fortnite_Montage [uXGC9gKcheI],3761,125.366666,1.0000,False,manual_box,shift
party_girl_augmented_Party_Girl_Fortnite_Montage_[uXGC9gKcheI]_003761_56bcd4e4_a_3_1ba6e9a4_aug_zoom.png,0,enemy,1,0.714044,0.595307,0.147877,0.496601,party_girl_augmented__Party_Girl_Fortnite_Montage [uXGC9gKcheI],3761,125.366666,1.0000,False,manual_box,zoom
party_girl_augmented_Party_Girl_Fortnite_Montage_[uXGC9gKcheI]_003761_56bcd4e4_a_3_1ba6e9a4_aug_zoom.png,1,player,1,0.416947,0.763998,0.211059,0.472003,party_girl_augmented__Party_Girl_Fortnite_Montage [uXGC9gKcheI],3761,125.366666,1.0000,False,manual_box,zoom
party_girl_augmented_Party_Girl_Fortnite_Montage_[uXGC9gKcheI]_003761_56bcd4e4_a_4_d679cda4_aug_original.png,0,enemy,1,0.613746,0.405156,0.091701,0.307816,party_girl_augmented__Party_Girl_Fortnite_Montage [uXGC9gKcheI],3761,125.366666,1.0000,False,manual_box,original
party_girl_augmented_Party_Girl_Fortnite_Montage_[uXGC9gKcheI]_003761_56bcd4e4_a_4_d679cda4_aug_original.png,1,player,1,0.429510,0.605328,0.130882,0.483788,party_girl_augmented__Party_Girl_Fortnite_Montage [uXGC9gKcheI],3761,125.366666,1.0000,False,manual_box,original
party_girl_augmented_Party_Girl_Fortnite_Montage_[uXGC9gKcheI]_003761_56bcd4e4_a_4_d679cda4_aug_noise.png,0,enemy,1,0.613746,0.405156,0.091701,0.307816,party_girl_augmented__Party_Girl_Fortnite_Montage [uXGC9gKcheI],3761,125.366666,1.0000,False,manual_box,noise
party_girl_augmented_Party_Girl_Fortnite_Montage_[uXGC9gKcheI]_003761_56bcd4e4_a_4_d679cda4_aug_noise.png,1,player,1,0.429510,0.605328,0.130882,0.483788,party_girl_augmented__Party_Girl_Fortnite_Montage [uXGC9gKcheI],3761,125.366666,1.0000,False,manual_box,noise
party_girl_augmented_Party_Girl_Fortnite_Montage_[uXGC9gKcheI]_003761_56bcd4e4_a_5_d28840d1_aug_original.png,0,enemy,1,0.864192,0.631367,0.109290,0.366933,party_girl_augmented__Party_Girl_Fortnite_Montage [uXGC9gKcheI],3761,125.366666,1.0000,False,manual_box,original
party_girl_augmented_Party_Girl_Fortnite_Montage_[uXGC9gKcheI]_003761_56bcd4e4_a_5_d28840d1_aug_original.png,1,player,1,0.433681,0.711650,0.155986,0.576700,party_girl_augmented__Party_Girl_Fortnite_Montage [uXGC9gKcheI],3761,125.366666,1.0000,False,manual_box,original
party_girl_augmented_Party_Girl_Fortnite_Montage_[uXGC9gKcheI]_003761_56bcd4e4_a_5_d28840d1_aug_noise.png,0,enemy,1,0.864192,0.631367,0.109290,0.366933,party_girl_augmented__Party_Girl_Fortnite_Montage [uXGC9gKcheI],3761,125.366666,1.0000,False,manual_box,noise
party_girl_augmented_Party_Girl_Fortnite_Montage_[uXGC9gKcheI]_003761_56bcd4e4_a_5_d28840d1_aug_noise.png,1,player,1,0.433681,0.711650,0.155986,0.576700,party_girl_augmented__Party_Girl_Fortnite_Montage [uXGC9gKcheI],3761,125.366666,1.0000,False,manual_box,noise
party_girl_augmented_Party_Girl_Fortnite_Montage_[uXGC9gKcheI]_003761_56bcd4e4_a_5_d28840d1_aug_flip.png,0,enemy,1,0.135808,0.631367,0.109290,0.366933,party_girl_augmented__Party_Girl_Fortnite_Montage [uXGC9gKcheI],3761,125.366666,1.0000,False,manual_box,flip
party_girl_augmented_Party_Girl_Fortnite_Montage_[uXGC9gKcheI]_003761_56bcd4e4_a_5_d28840d1_aug_flip.png,1,player,1,0.566319,0.711650,0.155986,0.576700,party_girl_augmented__Party_Girl_Fortnite_Montage [uXGC9gKcheI],3761,125.366666,1.0000,False,manual_box,flip
party_girl_augmented_Party_Girl_Fortnite_Montage_[uXGC9gKcheI]_003761_56bcd4e4_a_5_d28840d1_aug_zoom.png,0,enemy,1,0.858901,0.617557,0.113548,0.380680,party_girl_augmented__Party_Girl_Fortnite_Montage [uXGC9gKcheI],3761,125.366666,1.0000,False,manual_box,zoom
party_girl_augmented_Party_Girl_Fortnite_Montage_[uXGC9gKcheI]_003761_56bcd4e4_a_5_d28840d1_aug_zoom.png,1,player,1,0.411617,0.700847,0.162063,0.598305,party_girl_augmented__Party_Girl_Fortnite_Montage [uXGC9gKcheI],3761,125.366666,1.0000,False,manual_box,zoom
party_girl_augmented_Party_Girl_Fortnite_Montage_[uXGC9gKcheI]_003761_56bcd4e4_a_5_d28840d1_aug_maskedpan.png,1,player,1,0.433681,0.711650,0.155986,0.576700,party_girl_augmented__Party_Girl_Fortnite_Montage [uXGC9gKcheI],3761,125.366666,1.0000,False,manual_box,maskedpan
party_girl_augmented_Party_Girl_Fortnite_Montage_[uXGC9gKcheI]_003761_56bcd4e4_a_eec95135_aug_original.png,0,enemy,1,0.653254,0.473034,0.109290,0.366933,party_girl_augmented__Party_Girl_Fortnite_Montage [uXGC9gKcheI],3761,125.366666,1.0000,False,manual_box,original
party_girl_augmented_Party_Girl_Fortnite_Montage_[uXGC9gKcheI]_003761_56bcd4e4_a_eec95135_aug_original.png,1,player,1,0.433681,0.711650,0.155986,0.576700,party_girl_augmented__Party_Girl_Fortnite_Montage [uXGC9gKcheI],3761,125.366666,1.0000,False,manual_box,original
party_girl_augmented_Party_Girl_Fortnite_Montage_[uXGC9gKcheI]_003761_56bcd4e4_a_eec95135_aug_brightness_0.7.png,0,enemy,1,0.653254,0.473034,0.109290,0.366933,party_girl_augmented__Party_Girl_Fortnite_Montage [uXGC9gKcheI],3761,125.366666,1.0000,False,manual_box,brightness_0.7
party_girl_augmented_Party_Girl_Fortnite_Montage_[uXGC9gKcheI]_003761_56bcd4e4_a_eec95135_aug_brightness_0.7.png,1,player,1,0.433681,0.711650,0.155986,0.576700,party_girl_augmented__Party_Girl_Fortnite_Montage [uXGC9gKcheI],3761,125.366666,1.0000,False,manual_box,brightness_0.7
party_girl_augmented_Party_Girl_Fortnite_Montage_[uXGC9gKcheI]_003761_56bcd4e4_a_eec95135_aug_brightness_1.3.png,0,enemy,1,0.653254,0.473034,0.109290,0.366933,party_girl_augmented__Party_Girl_Fortnite_Montage [uXGC9gKcheI],3761,125.366666,1.0000,False,manual_box,brightness_1.3
party_girl_augmented_Party_Girl_Fortnite_Montage_[uXGC9gKcheI]_003761_56bcd4e4_a_eec95135_aug_brightness_1.3.png,1,player,1,0.433681,0.711650,0.155986,0.576700,party_girl_augmented__Party_Girl_Fortnite_Montage [uXGC9gKcheI],3761,125.366666,1.0000,False,manual_box,brightness_1.3
party_girl_augmented_Party_Girl_Fortnite_Montage_[uXGC9gKcheI]_003761_56bcd4e4_a_eec95135_aug_noise.png,0,enemy,1,0.653254,0.473034,0.109290,0.366933,party_girl_augmented__Party_Girl_Fortnite_Montage [uXGC9gKcheI],3761,125.366666,1.0000,False,manual_box,noise
party_girl_augmented_Party_Girl_Fortnite_Montage_[uXGC9gKcheI]_003761_56bcd4e4_a_eec95135_aug_noise.png,1,player,1,0.433681,0.711650,0.155986,0.576700,party_girl_augmented__Party_Girl_Fortnite_Montage [uXGC9gKcheI],3761,125.366666,1.0000,False,manual_box,noise
party_girl_augmented_Party_Girl_Fortnite_Montage_[uXGC9gKcheI]_003761_56bcd4e4_a_eec95135_aug_shift.png,0,enemy,1,0.640435,0.584231,0.109290,0.366933,party_girl_augmented__Party_Girl_Fortnite_Montage [uXGC9gKcheI],3761,125.366666,1.0000,False,manual_box,shift
party_girl_augmented_Party_Girl_Fortnite_Montage_[uXGC9gKcheI]_003761_56bcd4e4_a_eec95135_aug_shift.png,1,player,1,0.420862,0.767249,0.155986,0.465503,party_girl_augmented__Party_Girl_Fortnite_Montage [uXGC9gKcheI],3761,125.366666,1.0000,False,manual_box,shift
party_girl_augmented_Party_Girl_Fortnite_Montage_[uXGC9gKcheI]_003762_2bfb4ede_a_3691830f_aug_original.png,1,player,1,0.422752,0.724360,0.153005,0.551280,party_girl_augmented__Party_Girl_Fortnite_Montage [uXGC9gKcheI],3762,125.400000,1.0000,False,manual_box,original
party_girl_augmented_Party_Girl_Fortnite_Montage_[uXGC9gKcheI]_003762_2bfb4ede_a_3691830f_aug_original.png,0,enemy,1,0.639841,0.487955,0.105315,0.354776,party_girl_augmented__Party_Girl_Fortnite_Montage [uXGC9gKcheI],3762,125.400000,1.0000,False,manual_box,original
party_girl_augmented_Party_Girl_Fortnite_Montage_[uXGC9gKcheI]_003762_2bfb4ede_a_3691830f_aug_brightness_0.7.png,1,player,1,0.422752,0.724360,0.153005,0.551280,party_girl_augmented__Party_Girl_Fortnite_Montage [uXGC9gKcheI],3762,125.400000,1.0000,False,manual_box,brightness_0.7
party_girl_augmented_Party_Girl_Fortnite_Montage_[uXGC9gKcheI]_003762_2bfb4ede_a_3691830f_aug_brightness_0.7.png,0,enemy,1,0.639841,0.487955,0.105315,0.354776,party_girl_augmented__Party_Girl_Fortnite_Montage [uXGC9gKcheI],3762,125.400000,1.0000,False,manual_box,brightness_0.7
party_girl_augmented_Party_Girl_Fortnite_Montage_[uXGC9gKcheI]_003762_2bfb4ede_a_3691830f_aug_brightness_1.3.png,1,player,1,0.422752,0.724360,0.153005,0.551280,party_girl_augmented__Party_Girl_Fortnite_Montage [uXGC9gKcheI],3762,125.400000,1.0000,False,manual_box,brightness_1.3
party_girl_augmented_Party_Girl_Fortnite_Montage_[uXGC9gKcheI]_003762_2bfb4ede_a_3691830f_aug_brightness_1.3.png,0,enemy,1,0.639841,0.487955,0.105315,0.354776,party_girl_augmented__Party_Girl_Fortnite_Montage [uXGC9gKcheI],3762,125.400000,1.0000,False,manual_box,brightness_1.3
party_girl_augmented_Party_Girl_Fortnite_Montage_[uXGC9gKcheI]_003768_35f9b5a7_a_2_6539d491_aug_original.png,1,player,1,0.423994,0.701703,0.130651,0.596595,party_girl_augmented__Party_Girl_Fortnite_Montage [uXGC9gKcheI],3768,125.600000,1.0000,False,manual_box,original
party_girl_augmented_Party_Girl_Fortnite_Montage_[uXGC9gKcheI]_003768_35f9b5a7_a_2_6539d491_aug_original.png,0,enemy,1,0.567561,0.579136,0.091903,0.322724,party_girl_augmented__Party_Girl_Fortnite_Montage [uXGC9gKcheI],3768,125.600000,1.0000,False,manual_box,original
party_girl_augmented_Party_Girl_Fortnite_Montage_[uXGC9gKcheI]_003768_35f9b5a7_a_2_6539d491_aug_brightness_0.7.png,1,player,1,0.423994,0.701703,0.130651,0.596595,party_girl_augmented__Party_Girl_Fortnite_Montage [uXGC9gKcheI],3768,125.600000,1.0000,False,manual_box,brightness_0.7
party_girl_augmented_Party_Girl_Fortnite_Montage_[uXGC9gKcheI]_003768_35f9b5a7_a_2_6539d491_aug_brightness_0.7.png,0,enemy,1,0.567561,0.579136,0.091903,0.322724,party_girl_augmented__Party_Girl_Fortnite_Montage [uXGC9gKcheI],3768,125.600000,1.0000,False,manual_box,brightness_0.7
party_girl_augmented_Party_Girl_Fortnite_Montage_[uXGC9gKcheI]_003768_35f9b5a7_a_2_6539d491_aug_brightness_1.3.png,1,player,1,0.423994,0.701703,0.130651,0.596595,party_girl_augmented__Party_Girl_Fortnite_Montage [uXGC9gKcheI],3768,125.600000,1.0000,False,manual_box,brightness_1.3
party_girl_augmented_Party_Girl_Fortnite_Montage_[uXGC9gKcheI]_003768_35f9b5a7_a_2_6539d491_aug_brightness_1.3.png,0,enemy,1,0.567561,0.579136,0.091903,0.322724,party_girl_augmented__Party_Girl_Fortnite_Montage [uXGC9gKcheI],3768,125.600000,1.0000,False,manual_box,brightness_1.3
party_girl_augmented_Party_Girl_Fortnite_Montage_[uXGC9gKcheI]_003768_35f9b5a7_a_3_8e329021_aug_original.png,1,player,1,0.423994,0.701703,0.130651,0.596595,party_girl_augmented__Party_Girl_Fortnite_Montage [uXGC9gKcheI],3768,125.600000,1.0000,False,manual_box,original
party_girl_augmented_Party_Girl_Fortnite_Montage_[uXGC9gKcheI]_003768_35f9b5a7_a_3_8e329021_aug_original.png,0,enemy,1,0.567561,0.579136,0.091903,0.322724,party_girl_augmented__Party_Girl_Fortnite_Montage [uXGC9gKcheI],3768,125.600000,1.0000,False,manual_box,original
party_girl_augmented_Party_Girl_Fortnite_Montage_[uXGC9gKcheI]_003768_35f9b5a7_a_3_8e329021_aug_brightness_0.7.png,1,player,1,0.423994,0.701703,0.130651,0.596595,party_girl_augmented__Party_Girl_Fortnite_Montage [uXGC9gKcheI],3768,125.600000,1.0000,False,manual_box,brightness_0.7
party_girl_augmented_Party_Girl_Fortnite_Montage_[uXGC9gKcheI]_003768_35f9b5a7_a_3_8e329021_aug_brightness_0.7.png,0,enemy,1,0.567561,0.579136,0.091903,0.322724,party_girl_augmented__Party_Girl_Fortnite_Montage [uXGC9gKcheI],3768,125.600000,1.0000,False,manual_box,brightness_0.7
party_girl_augmented_Party_Girl_Fortnite_Montage_[uXGC9gKcheI]_003768_35f9b5a7_a_3_8e329021_aug_brightness_1.3.png,1,player,1,0.423994,0.701703,0.130651,0.596595,party_girl_augmented__Party_Girl_Fortnite_Montage [uXGC9gKcheI],3768,125.600000,1.0000,False,manual_box,brightness_1.3
party_girl_augmented_Party_Girl_Fortnite_Montage_[uXGC9gKcheI]_003768_35f9b5a7_a_3_8e329021_aug_brightness_1.3.png,0,enemy,1,0.567561,0.579136,0.091903,0.322724,party_girl_augmented__Party_Girl_Fortnite_Montage [uXGC9gKcheI],3768,125.600000,1.0000,False,manual_box,brightness_1.3
party_girl_augmented_Party_Girl_Fortnite_Montage_[uXGC9gKcheI]_003768_35f9b5a7_a_a15db654_aug_original.png,1,player,1,0.423994,0.701703,0.130651,0.596595,party_girl_augmented__Party_Girl_Fortnite_Montage [uXGC9gKcheI],3768,125.600000,1.0000,False,manual_box,original
party_girl_augmented_Party_Girl_Fortnite_Montage_[uXGC9gKcheI]_003768_35f9b5a7_a_a15db654_aug_original.png,0,enemy,1,0.567561,0.579136,0.091903,0.322724,party_girl_augmented__Party_Girl_Fortnite_Montage [uXGC9gKcheI],3768,125.600000,1.0000,False,manual_box,original
party_girl_augmented_Party_Girl_Fortnite_Montage_[uXGC9gKcheI]_003768_35f9b5a7_a_a15db654_aug_brightness_0.7.png,1,player,1,0.423994,0.701703,0.130651,0.596595,party_girl_augmented__Party_Girl_Fortnite_Montage [uXGC9gKcheI],3768,125.600000,1.0000,False,manual_box,brightness_0.7
party_girl_augmented_Party_Girl_Fortnite_Montage_[uXGC9gKcheI]_003768_35f9b5a7_a_a15db654_aug_brightness_0.7.png,0,enemy,1,0.567561,0.579136,0.091903,0.322724,party_girl_augmented__Party_Girl_Fortnite_Montage [uXGC9gKcheI],3768,125.600000,1.0000,False,manual_box,brightness_0.7
party_girl_augmented_Party_Girl_Fortnite_Montage_[uXGC9gKcheI]_003768_35f9b5a7_a_a15db654_aug_brightness_1.3.png,1,player,1,0.423994,0.701703,0.130651,0.596595,party_girl_augmented__Party_Girl_Fortnite_Montage [uXGC9gKcheI],3768,125.600000,1.0000,False,manual_box,brightness_1.3
party_girl_augmented_Party_Girl_Fortnite_Montage_[uXGC9gKcheI]_003768_35f9b5a7_a_a15db654_aug_brightness_1.3.png,0,enemy,1,0.567561,0.579136,0.091903,0.322724,party_girl_augmented__Party_Girl_Fortnite_Montage [uXGC9gKcheI],3768,125.600000,1.0000,False,manual_box,brightness_1.3
party_girl_augmented_Party_Girl_Fortnite_Montage_[uXGC9gKcheI]_003792_ab3b6aa0_a_2_38ccbf5f_aug_original.png,1,player,1,0.426478,0.686342,0.136612,0.519454,party_girl_augmented__Party_Girl_Fortnite_Montage [uXGC9gKcheI],3792,126.400000,1.0000,False,manual_box,original
party_girl_augmented_Party_Girl_Fortnite_Montage_[uXGC9gKcheI]_003792_ab3b6aa0_a_2_38ccbf5f_aug_original.png,0,enemy,1,0.498013,0.396222,0.083954,0.246464,party_girl_augmented__Party_Girl_Fortnite_Montage [uXGC9gKcheI],3792,126.400000,1.0000,False,manual_box,original
party_girl_augmented_Party_Girl_Fortnite_Montage_[uXGC9gKcheI]_003792_ab3b6aa0_a_ddaabe73_aug_original.png,1,player,1,0.426478,0.686342,0.136612,0.519454,party_girl_augmented__Party_Girl_Fortnite_Montage [uXGC9gKcheI],3792,126.400000,1.0000,False,manual_box,original
party_girl_augmented_Party_Girl_Fortnite_Montage_[uXGC9gKcheI]_003792_ab3b6aa0_a_ddaabe73_aug_original.png,0,enemy,1,0.498013,0.396222,0.083954,0.246464,party_girl_augmented__Party_Girl_Fortnite_Montage [uXGC9gKcheI],3792,126.400000,1.0000,False,manual_box,original
party_girl_augmented_Party_Girl_Fortnite_Montage_[uXGC9gKcheI]_003792_ab3b6aa0_a_ddaabe73_aug_noise.png,1,player,1,0.426478,0.686342,0.136612,0.519454,party_girl_augmented__Party_Girl_Fortnite_Montage [uXGC9gKcheI],3792,126.400000,1.0000,False,manual_box,noise
party_girl_augmented_Party_Girl_Fortnite_Montage_[uXGC9gKcheI]_003792_ab3b6aa0_a_ddaabe73_aug_noise.png,0,enemy,1,0.498013,0.396222,0.083954,0.246464,party_girl_augmented__Party_Girl_Fortnite_Montage [uXGC9gKcheI],3792,126.400000,1.0000,False,manual_box,noise
party_girl_augmented_Party_Girl_Fortnite_Montage_[uXGC9gKcheI]_003858_667ae39c_a_4a60941f_aug_original.png,1,player,1,0.213115,0.655396,0.426230,0.674184,party_girl_augmented__Party_Girl_Fortnite_Montage [uXGC9gKcheI],3858,128.600000,1.0000,False,manual_box,original
party_girl_augmented_Party_Girl_Fortnite_Montage_[uXGC9gKcheI]_003858_667ae39c_a_4a60941f_aug_original.png,0,enemy,1,0.503229,0.496244,0.029806,0.097259,party_girl_augmented__Party_Girl_Fortnite_Montage [uXGC9gKcheI],3858,128.600000,1.0000,False,manual_box,original
party_girl_augmented_Party_Girl_Fortnite_Montage_[uXGC9gKcheI]_003859_fb46ea0d_a_c8241ac2_aug_original.png,0,enemy,1,0.507203,0.499560,0.026826,0.099470,party_girl_augmented__Party_Girl_Fortnite_Montage [uXGC9gKcheI],3859,128.633333,1.0000,False,manual_box,original
party_girl_augmented_Party_Girl_Fortnite_Montage_[uXGC9gKcheI]_003859_fb46ea0d_a_c8241ac2_aug_original.png,1,player,1,0.216592,0.648764,0.433184,0.700710,party_girl_augmented__Party_Girl_Fortnite_Montage [uXGC9gKcheI],3859,128.633333,1.0000,False,manual_box,original
party_girl_augmented_Party_Girl_Fortnite_Montage_[uXGC9gKcheI]_003859_fb46ea0d_a_c8241ac2_aug_brightness_0.7.png,0,enemy,1,0.507203,0.499560,0.026826,0.099470,party_girl_augmented__Party_Girl_Fortnite_Montage [uXGC9gKcheI],3859,128.633333,1.0000,False,manual_box,brightness_0.7
party_girl_augmented_Party_Girl_Fortnite_Montage_[uXGC9gKcheI]_003859_fb46ea0d_a_c8241ac2_aug_brightness_0.7.png,1,player,1,0.216592,0.648764,0.433184,0.700710,party_girl_augmented__Party_Girl_Fortnite_Montage [uXGC9gKcheI],3859,128.633333,1.0000,False,manual_box,brightness_0.7
party_girl_augmented_Party_Girl_Fortnite_Montage_[uXGC9gKcheI]_003859_fb46ea0d_a_c8241ac2_aug_brightness_1.3.png,0,enemy,1,0.507203,0.499560,0.026826,0.099470,party_girl_augmented__Party_Girl_Fortnite_Montage [uXGC9gKcheI],3859,128.633333,1.0000,False,manual_box,brightness_1.3
party_girl_augmented_Party_Girl_Fortnite_Montage_[uXGC9gKcheI]_003859_fb46ea0d_a_c8241ac2_aug_brightness_1.3.png,1,player,1,0.216592,0.648764,0.433184,0.700710,party_girl_augmented__Party_Girl_Fortnite_Montage [uXGC9gKcheI],3859,128.633333,1.0000,False,manual_box,brightness_1.3
party_girl_augmented_Party_Girl_Fortnite_Montage_[uXGC9gKcheI]_003860_3abfdbaa_a_2_d0706200_aug_original.png,0,enemy,1,0.502732,0.511717,0.024839,0.048630,party_girl_augmented__Party_Girl_Fortnite_Montage [uXGC9gKcheI],3860,128.666665,1.0000,False,manual_box,original
party_girl_augmented_Party_Girl_Fortnite_Montage_[uXGC9gKcheI]_003860_3abfdbaa_a_2_d0706200_aug_original.png,1,player,1,0.220070,0.647659,0.436165,0.700710,party_girl_augmented__Party_Girl_Fortnite_Montage [uXGC9gKcheI],3860,128.666665,1.0000,False,manual_box,original
party_girl_augmented_Party_Girl_Fortnite_Montage_[uXGC9gKcheI]_003860_3abfdbaa_a_3_99ced981_aug_original.png,0,enemy,1,0.502732,0.511717,0.024839,0.048630,party_girl_augmented__Party_Girl_Fortnite_Montage [uXGC9gKcheI],3860,128.666665,1.0000,False,manual_box,original
party_girl_augmented_Party_Girl_Fortnite_Montage_[uXGC9gKcheI]_003860_3abfdbaa_a_3_99ced981_aug_original.png,1,player,1,0.220070,0.647659,0.436165,0.700710,party_girl_augmented__Party_Girl_Fortnite_Montage [uXGC9gKcheI],3860,128.666665,1.0000,False,manual_box,original
party_girl_augmented_Party_Girl_Fortnite_Montage_[uXGC9gKcheI]_003860_3abfdbaa_a_3_99ced981_aug_brightness_0.7.png,0,enemy,1,0.502732,0.511717,0.024839,0.048630,party_girl_augmented__Party_Girl_Fortnite_Montage [uXGC9gKcheI],3860,128.666665,1.0000,False,manual_box,brightness_0.7
party_girl_augmented_Party_Girl_Fortnite_Montage_[uXGC9gKcheI]_003860_3abfdbaa_a_3_99ced981_aug_brightness_0.7.png,1,player,1,0.220070,0.647659,0.436165,0.700710,party_girl_augmented__Party_Girl_Fortnite_Montage [uXGC9gKcheI],3860,128.666665,1.0000,False,manual_box,brightness_0.7
party_girl_augmented_Party_Girl_Fortnite_Montage_[uXGC9gKcheI]_003860_3abfdbaa_a_3_99ced981_aug_brightness_1.3.png,0,enemy,1,0.502732,0.511717,0.024839,0.048630,party_girl_augmented__Party_Girl_Fortnite_Montage [uXGC9gKcheI],3860,128.666665,1.0000,False,manual_box,brightness_1.3
party_girl_augmented_Party_Girl_Fortnite_Montage_[uXGC9gKcheI]_003860_3abfdbaa_a_3_99ced981_aug_brightness_1.3.png,1,player,1,0.220070,0.647659,0.436165,0.700710,party_girl_augmented__Party_Girl_Fortnite_Montage [uXGC9gKcheI],3860,128.666665,1.0000,False,manual_box,brightness_1.3
party_girl_augmented_Party_Girl_Fortnite_Montage_[uXGC9gKcheI]_003860_3abfdbaa_a_9fb4f661_aug_original.png,0,enemy,1,0.502732,0.511717,0.024839,0.048630,party_girl_augmented__Party_Girl_Fortnite_Montage [uXGC9gKcheI],3860,128.666665,1.0000,False,manual_box,original
party_girl_augmented_Party_Girl_Fortnite_Montage_[uXGC9gKcheI]_003860_3abfdbaa_a_9fb4f661_aug_original.png,1,player,1,0.220070,0.647659,0.436165,0.700710,party_girl_augmented__Party_Girl_Fortnite_Montage [uXGC9gKcheI],3860,128.666665,1.0000,False,manual_box,original
party_girl_augmented_Party_Girl_Fortnite_Montage_[uXGC9gKcheI]_003879_23ad0409_a_2_addabf12_aug_original.png,1,player,1,0.215599,0.661474,0.431197,0.670869,party_girl_augmented__Party_Girl_Fortnite_Montage [uXGC9gKcheI],3879,129.300000,1.0000,False,manual_box,original
party_girl_augmented_Party_Girl_Fortnite_Montage_[uXGC9gKcheI]_003879_23ad0409_a_2_addabf12_aug_original.png,0,enemy,1,0.500248,0.499560,0.031793,0.075155,party_girl_augmented__Party_Girl_Fortnite_Montage [uXGC9gKcheI],3879,129.300000,1.0000,False,manual_box,original
party_girl_augmented_Party_Girl_Fortnite_Montage_[uXGC9gKcheI]_003879_23ad0409_a_2_addabf12_aug_original.png,0,enemy,1,0.824640,0.326593,0.030800,0.054156,party_girl_augmented__Party_Girl_Fortnite_Montage [uXGC9gKcheI],3879,129.300000,1.0000,False,manual_box,original
party_girl_augmented_Party_Girl_Fortnite_Montage_[uXGC9gKcheI]_003879_23ad0409_a_2_addabf12_aug_brightness_0.7.png,1,player,1,0.215599,0.661474,0.431197,0.670869,party_girl_augmented__Party_Girl_Fortnite_Montage [uXGC9gKcheI],3879,129.300000,1.0000,False,manual_box,brightness_0.7
party_girl_augmented_Party_Girl_Fortnite_Montage_[uXGC9gKcheI]_003879_23ad0409_a_2_addabf12_aug_brightness_0.7.png,0,enemy,1,0.500248,0.499560,0.031793,0.075155,party_girl_augmented__Party_Girl_Fortnite_Montage [uXGC9gKcheI],3879,129.300000,1.0000,False,manual_box,brightness_0.7
party_girl_augmented_Party_Girl_Fortnite_Montage_[uXGC9gKcheI]_003879_23ad0409_a_2_addabf12_aug_brightness_0.7.png,0,enemy,1,0.824640,0.326593,0.030800,0.054156,party_girl_augmented__Party_Girl_Fortnite_Montage [uXGC9gKcheI],3879,129.300000,1.0000,False,manual_box,brightness_0.7
party_girl_augmented_Party_Girl_Fortnite_Montage_[uXGC9gKcheI]_003879_23ad0409_a_2_addabf12_aug_brightness_1.3.png,1,player,1,0.215599,0.661474,0.431197,0.670869,party_girl_augmented__Party_Girl_Fortnite_Montage [uXGC9gKcheI],3879,129.300000,1.0000,False,manual_box,brightness_1.3
party_girl_augmented_Party_Girl_Fortnite_Montage_[uXGC9gKcheI]_003879_23ad0409_a_2_addabf12_aug_brightness_1.3.png,0,enemy,1,0.500248,0.499560,0.031793,0.075155,party_girl_augmented__Party_Girl_Fortnite_Montage [uXGC9gKcheI],3879,129.300000,1.0000,False,manual_box,brightness_1.3
party_girl_augmented_Party_Girl_Fortnite_Montage_[uXGC9gKcheI]_003879_23ad0409_a_2_addabf12_aug_brightness_1.3.png,0,enemy,1,0.824640,0.326593,0.030800,0.054156,party_girl_augmented__Party_Girl_Fortnite_Montage [uXGC9gKcheI],3879,129.300000,1.0000,False,manual_box,brightness_1.3
party_girl_augmented_Party_Girl_Fortnite_Montage_[uXGC9gKcheI]_003879_23ad0409_a_3_020d1027_aug_original.png,1,player,1,0.215599,0.661474,0.431197,0.670869,party_girl_augmented__Party_Girl_Fortnite_Montage [uXGC9gKcheI],3879,129.300000,1.0000,False,manual_box,original
party_girl_augmented_Party_Girl_Fortnite_Montage_[uXGC9gKcheI]_003879_23ad0409_a_3_020d1027_aug_original.png,0,enemy,1,0.500248,0.499560,0.031793,0.075155,party_girl_augmented__Party_Girl_Fortnite_Montage [uXGC9gKcheI],3879,129.300000,1.0000,False,manual_box,original
party_girl_augmented_Party_Girl_Fortnite_Montage_[uXGC9gKcheI]_003879_23ad0409_a_3_020d1027_aug_original.png,0,enemy,1,0.824640,0.326593,0.030800,0.054156,party_girl_augmented__Party_Girl_Fortnite_Montage [uXGC9gKcheI],3879,129.300000,1.0000,False,manual_box,original
party_girl_augmented_Party_Girl_Fortnite_Montage_[uXGC9gKcheI]_003879_23ad0409_a_4946aa17_aug_original.png,1,player,1,0.215599,0.661474,0.431197,0.670869,party_girl_augmented__Party_Girl_Fortnite_Montage [uXGC9gKcheI],3879,129.300000,1.0000,False,manual_box,original
party_girl_augmented_Party_Girl_Fortnite_Montage_[uXGC9gKcheI]_003879_23ad0409_a_4946aa17_aug_original.png,0,enemy,1,0.500248,0.499560,0.031793,0.075155,party_girl_augmented__Party_Girl_Fortnite_Montage [uXGC9gKcheI],3879,129.300000,1.0000,False,manual_box,original
party_girl_augmented_Party_Girl_Fortnite_Montage_[uXGC9gKcheI]_003879_23ad0409_a_4946aa17_aug_original.png,0,enemy,1,0.824640,0.326593,0.030800,0.054156,party_girl_augmented__Party_Girl_Fortnite_Montage [uXGC9gKcheI],3879,129.300000,1.0000,False,manual_box,original
party_girl_augmented_Party_Girl_Fortnite_Montage_[uXGC9gKcheI]_003928_d5f4efa0_a_2_1fb13c32_aug_original.png,1,player,1,0.205415,0.658047,0.404868,0.683906,party_girl_augmented__Party_Girl_Fortnite_Montage [uXGC9gKcheI],3928,130.933333,1.0000,False,manual_box,original
party_girl_augmented_Party_Girl_Fortnite_Montage_[uXGC9gKcheI]_003928_d5f4efa0_a_2_1fb13c32_aug_original.png,0,enemy,1,0.512419,0.538795,0.048187,0.089523,party_girl_augmented__Party_Girl_Fortnite_Montage [uXGC9gKcheI],3928,130.933333,1.0000,False,manual_box,original
party_girl_augmented_Party_Girl_Fortnite_Montage_[uXGC9gKcheI]_003928_d5f4efa0_a_d828a342_aug_original.png,1,player,1,0.205415,0.658047,0.404868,0.683906,party_girl_augmented__Party_Girl_Fortnite_Montage [uXGC9gKcheI],3928,130.933333,1.0000,False,manual_box,original
party_girl_augmented_Party_Girl_Fortnite_Montage_[uXGC9gKcheI]_003928_d5f4efa0_a_d828a342_aug_original.png,0,enemy,1,0.512419,0.538795,0.048187,0.089523,party_girl_augmented__Party_Girl_Fortnite_Montage [uXGC9gKcheI],3928,130.933333,1.0000,False,manual_box,original
